angulo,X,Y,Z,XP,XN,YP,YN,ZP,ZN,Xr,Yr,Zr,XPr,XNr,YPr,YNr,ZPr,ZNr,X1,X2,X3,X4,Y1,Y2,Y3,Y4,Z1,Z2,Z3,Z4,X1r,X2r,X3r,X4r,Y1r,Y2r,Y3r,Y4r,Z1r,Z2r,Z3r,Z4r,S1P,S1N,S2P,S2N,S3P,S3N,S4P,S4N,P_EXC,P_ESQ,P_LAY
0.0000,2.17814,2.5794,1.48635,7.59397e-09,4.95175,7.55851e-09,5,5,7.82861e-08,2.17483,2.57783,1.48437,8.20082e-05,4.94294,4.53427e-05,4.99996,4.99997,0.000166797,1.66832e-08,5,1.66832e-08,1.66832e-08,1.66832e-08,1.66832e-08,1.66832e-08,1.66832e-08,5,8.51387e-09,5,5,1.67901e-08,5,1.67901e-08,1.679e-08,1.67931e-08,1.67943e-08,1.67931e-08,1.67931e-08,5,8.56072e-09,5,5,2.46464,2.53536,2.53536,2.46464,2.46464,2.53536,2.53536,2.46464,-0.0001,-0.0751001,-0.074681
0.5000,2.17814,2.5794,1.48635,7.59397e-09,4.95175,7.55851e-09,5,5,7.82861e-08,2.17483,2.57783,1.48437,8.20082e-05,4.94294,4.53427e-05,4.99996,4.99997,0.000166797,1.66832e-08,5,1.66832e-08,1.66832e-08,1.66832e-08,1.66832e-08,1.66832e-08,1.66832e-08,5,8.49274e-09,5,5,1.67901e-08,5,1.67901e-08,1.679e-08,1.67931e-08,1.67943e-08,1.67931e-08,1.67931e-08,5,8.55095e-09,5,5,2.46495,2.53505,2.53566,2.46434,2.46434,2.53566,2.53505,2.46495,-0.0001,-0.0751032,-0.0746834
1.0000,2.17814,2.5794,1.48635,7.59397e-09,4.95175,7.55851e-09,5,5,7.82861e-08,2.17483,2.57783,1.48437,8.20082e-05,4.94294,4.53427e-05,4.99996,4.99997,0.000166797,1.66832e-08,5,1.66832e-08,1.66832e-08,1.66832e-08,1.66832e-08,1.66832e-08,1.66832e-08,5,8.4644e-09,5,5,1.67901e-08,5,1.67901e-08,1.679e-08,1.67931e-08,1.67943e-08,1.67931e-08,1.67932e-08,5,8.5325e-09,5,5,2.46527,2.53473,2.53597,2.46403,2.46403,2.53597,2.53473,2.46527,-0.0001,-0.0751078,-0.074688
1.5000,2.17814,2.5794,1.48635,7.59397e-09,4.95175,7.55851e-09,5,5,7.82861e-08,2.17483,2.57783,1.48437,8.20082e-05,4.94294,4.53427e-05,4.99996,4.99997,0.000166797,1.66832e-08,5,1.66832e-08,1.66832e-08,1.66832e-08,1.66832e-08,1.66832e-08,1.66832e-08,5,8.42747e-09,5,5,1.67901e-08,5,1.67901e-08,1.67901e-08,1.67931e-08,1.67943e-08,1.67931e-08,1.6794e-08,5,8.50851e-09,5,5,2.46558,2.53442,2.53627,2.46373,2.46373,2.53627,2.53442,2.46558,-0.0001,-0.075119,-0.0747037
2.0000,2.17814,2.5794,1.48635,7.59397e-09,4.95175,7.55851e-09,5,5,7.82861e-08,2.17483,2.57783,1.48437,8.20082e-05,4.94294,4.53427e-05,4.99996,4.99997,0.000166797,1.66832e-08,5,1.66832e-08,1.66832e-08,1.66832e-08,1.66832e-08,1.66832e-08,1.66832e-08,5,8.39227e-09,5,5,1.67901e-08,5,1.67901e-08,1.96969e-07,1.67931e-08,1.67943e-08,1.67931e-08,2.53363e-06,5,8.48431e-09,5,5,2.4659,2.5341,2.53657,2.46343,2.46343,2.53657,2.5341,2.4659,-0.0001,-0.0750027,-0.0746778
2.5000,2.17814,2.5794,1.48635,7.59397e-09,4.95175,7.55851e-09,5,5,7.82861e-08,2.17483,2.57783,1.48437,8.20082e-05,4.94294,4.53427e-05,4.99996,4.99997,0.000166797,1.66832e-08,5,1.66832e-08,1.66832e-08,1.66832e-08,1.66832e-08,1.66832e-08,1.66832e-08,5,8.36751e-09,5,5,1.67901e-08,5,1.67901e-08,1.67897e-08,1.67931e-08,1.67943e-08,1.67931e-08,1.6789e-08,5,8.46685e-09,5,5,2.46622,2.53378,2.53686,2.46314,2.46314,2.53686,2.53378,2.46622,-0.0001,-0.0746854,-0.074373
3.0000,2.17814,2.5794,1.48635,7.59397e-09,4.95175,7.55851e-09,5,5,7.82861e-08,2.17483,2.57783,1.48437,8.20082e-05,4.94294,4.53427e-05,4.99996,4.99997,0.000166797,1.66832e-08,5,1.66832e-08,1.66832e-08,1.66832e-08,1.66832e-08,1.66832e-08,1.66832e-08,5,8.35437e-09,5,5,1.67901e-08,5,1.67901e-08,1.67897e-08,1.67931e-08,1.67943e-08,1.67931e-08,1.67889e-08,5,8.45486e-09,5,5,2.46654,2.53346,2.53716,2.46284,2.46284,2.53716,2.53346,2.46654,-0.0001,-0.0744655,-0.074124
3.5000,2.17814,2.5794,1.48635,7.59397e-09,4.95175,7.55851e-09,5,5,7.82861e-08,2.17483,2.57783,1.48437,8.20082e-05,4.94294,4.53427e-05,4.99996,4.99997,0.000166797,1.66832e-08,5,1.66832e-08,1.66832e-08,1.66832e-08,1.66832e-08,1.66832e-08,1.66832e-08,5,8.34337e-09,5,5,1.67901e-08,5,1.67901e-08,1.67897e-08,1.67931e-08,1.67943e-08,1.67931e-08,1.67889e-08,5,8.44539e-09,5,5,2.46687,2.53313,2.53745,2.46255,2.46255,2.53745,2.53313,2.46687,-0.0001,-0.0741583,-0.0738309
4.0000,2.17814,2.5794,1.48635,7.59397e-09,4.95175,7.55851e-09,5,5,7.82861e-08,2.17483,2.57783,1.48437,8.20082e-05,4.94294,4.53427e-05,4.99996,4.99997,0.000166797,1.66832e-08,5,1.66832e-08,1.66832e-08,1.66832e-08,1.66832e-08,1.66832e-08,1.66832e-08,5,8.34181e-09,5,5,1.67901e-08,5,1.67901e-08,1.67897e-08,1.67931e-08,1.67943e-08,1.67931e-08,1.67889e-08,5,8.44415e-09,5,5,2.4672,2.5328,2.53774,2.46226,2.46226,2.53774,2.5328,2.4672,-0.0001,-0.0740198,-0.0737013
4.5000,2.17814,2.5794,1.48635,7.59397e-09,4.95175,7.55851e-09,5,5,7.82861e-08,2.17483,2.57783,1.48437,8.20082e-05,4.94294,4.53427e-05,4.99996,4.99997,0.000166797,1.66832e-08,5,1.66832e-08,1.66832e-08,1.66832e-08,1.66832e-08,1.66832e-08,1.66832e-08,5,8.34162e-09,5,5,1.67901e-08,5,1.67901e-08,1.67897e-08,1.67931e-08,1.67943e-08,1.67931e-08,1.67889e-08,5,8.44398e-09,5,5,2.46753,2.53247,2.53802,2.46198,2.46198,2.53802,2.53247,2.46753,-0.0001,-0.0739556,-0.0736384
5.0000,2.17814,2.5794,1.48635,7.59397e-09,4.95175,7.55851e-09,5,5,7.82861e-08,2.17483,2.57783,1.48437,8.20082e-05,4.94294,4.53427e-05,4.99996,4.99997,0.000166797,1.66832e-08,5,1.66832e-08,1.66832e-08,1.66832e-08,1.66832e-08,1.66832e-08,1.66832e-08,5,8.34161e-09,5,5,1.67901e-08,5,1.67901e-08,1.67897e-08,1.67931e-08,1.67943e-08,1.67931e-08,1.67889e-08,5,8.44396e-09,5,5,2.46786,2.53214,2.5383,2.4617,2.4617,2.5383,2.53214,2.46786,-0.0001,-0.0739301,-0.0736127
5.5000,2.17814,2.5794,1.48635,7.59397e-09,4.95175,7.55851e-09,5,5,7.82861e-08,2.17483,2.57783,1.48437,8.20082e-05,4.94294,4.53427e-05,4.99996,4.99997,0.000166797,1.66832e-08,5,1.66832e-08,1.66832e-08,1.66832e-08,1.66832e-08,1.66832e-08,1.66832e-08,5,8.34161e-09,5,5,1.67901e-08,5,1.67901e-08,1.67897e-08,1.67931e-08,1.67943e-08,1.67931e-08,1.67889e-08,5,8.44396e-09,5,5,2.4682,2.5318,2.53858,2.46142,2.46142,2.53858,2.5318,2.4682,-0.0001,-0.0739265,-0.0736083
6.0000,2.17814,2.5794,1.48635,7.59397e-09,4.95175,7.55851e-09,5,5,7.82861e-08,2.17483,2.57783,1.48437,8.20082e-05,4.94294,4.53427e-05,4.99996,4.99997,0.000166797,1.66832e-08,5,1.66832e-08,1.66832e-08,1.66832e-08,1.66832e-08,1.66832e-08,1.66832e-08,5,8.3416e-09,5,5,1.67901e-08,5,1.67901e-08,1.67897e-08,1.67931e-08,1.67943e-08,1.67931e-08,1.67889e-08,5,8.44396e-09,5,5,2.46853,2.53147,2.53886,2.46114,2.46114,2.53886,2.53147,2.46853,-0.0001,-0.0739333,-0.0736142
6.5000,2.17814,2.5794,1.48635,7.59397e-09,4.95175,7.55851e-09,5,5,7.82861e-08,2.17483,2.57783,1.48437,8.20082e-05,4.94294,4.53427e-05,4.99996,4.99997,0.000166797,1.66832e-08,5,1.66832e-08,1.66832e-08,1.66832e-08,1.66832e-08,1.66832e-08,1.66832e-08,5,8.34161e-09,5,5,1.67901e-08,5,1.67901e-08,1.67897e-08,1.67931e-08,1.67943e-08,1.67931e-08,1.67889e-08,5,8.44396e-09,5,5,2.46887,2.53113,2.53913,2.46087,2.46087,2.53913,2.53113,2.46887,-0.0001,-0.0739439,-0.0736241
7.0000,2.17814,2.5794,1.48635,7.59397e-09,4.95175,7.55851e-09,5,5,7.82861e-08,2.17483,2.57783,1.48437,8.20082e-05,4.94294,4.53427e-05,4.99996,4.99997,0.000166797,1.66832e-08,5,1.66832e-08,1.66832e-08,1.66832e-08,1.66832e-08,1.66832e-08,1.66832e-08,5,8.3416e-09,5,5,1.67901e-08,5,1.67901e-08,1.67897e-08,1.67931e-08,1.67943e-08,1.67931e-08,1.67889e-08,5,8.44396e-09,5,5,2.46922,2.53078,2.5394,2.4606,2.4606,2.5394,2.53078,2.46922,-0.0001,-0.0739552,-0.0736348
7.5000,2.17814,2.5794,1.48635,7.59397e-09,4.95175,7.55851e-09,5,5,7.82861e-08,2.17483,2.57783,1.48437,8.20082e-05,4.94294,4.53427e-05,4.99996,4.99997,0.000166797,1.66832e-08,5,1.66832e-08,1.66832e-08,1.66832e-08,1.66832e-08,1.66832e-08,1.66832e-08,5,8.34161e-09,5,5,1.67901e-08,5,1.67901e-08,1.67897e-08,1.67931e-08,1.67943e-08,1.67931e-08,1.67889e-08,5,8.44395e-09,5,5,2.46956,2.53044,2.53967,2.46033,2.46033,2.53967,2.53044,2.46956,-0.0001,-0.0739658,-0.0736448
8.0000,2.17814,2.5794,1.48635,7.59397e-09,4.95175,7.55851e-09,5,5,7.82861e-08,2.17483,2.57783,1.48437,8.20082e-05,4.94294,4.53427e-05,4.99996,4.99997,0.000166797,1.66832e-08,5,1.66832e-08,1.66832e-08,1.66832e-08,1.66832e-08,1.66832e-08,1.66832e-08,5,8.3416e-09,5,5,1.67901e-08,5,1.67901e-08,1.67897e-08,1.67931e-08,1.67943e-08,1.67931e-08,1.67889e-08,5,8.44396e-09,5,5,2.46991,2.53009,2.53993,2.46007,2.46007,2.53993,2.53009,2.46991,-0.0001,-0.0739741,-0.0736527
8.5000,2.17814,2.5794,1.48635,7.59397e-09,4.95175,7.55851e-09,5,5,7.82861e-08,2.17483,2.57783,1.48437,8.20082e-05,4.94294,4.53427e-05,4.99996,4.99997,0.000166797,1.66832e-08,5,1.66832e-08,1.66832e-08,1.66832e-08,1.66832e-08,1.66832e-08,1.66832e-08,5,8.34161e-09,5,5,1.67901e-08,5,1.67901e-08,1.67897e-08,1.67931e-08,1.67943e-08,1.67931e-08,1.67889e-08,5,8.44396e-09,5,5,2.47026,2.52974,2.54019,2.45981,2.45981,2.54019,2.52974,2.47026,-0.0001,-0.0739794,-0.0736575
9.0000,2.17814,2.5794,1.48635,7.59397e-09,4.95175,7.55851e-09,5,5,7.82861e-08,2.17483,2.57783,1.48437,8.20082e-05,4.94294,4.53427e-05,4.99996,4.99997,0.000166797,1.66832e-08,5,1.66832e-08,1.66832e-08,1.66832e-08,1.66832e-08,1.66832e-08,1.66832e-08,5,8.3416e-09,5,5,1.67901e-08,5,1.67901e-08,1.67897e-08,1.67931e-08,1.67943e-08,1.67931e-08,1.67889e-08,5,8.44395e-09,5,5,2.47061,2.52939,2.54045,2.45955,2.45955,2.54045,2.52939,2.47061,-0.0001,-0.0739807,-0.0736587
9.5000,2.17814,2.5794,1.48635,7.59397e-09,4.95175,7.55851e-09,5,5,7.82861e-08,2.17483,2.57783,1.48437,8.20082e-05,4.94294,4.53427e-05,4.99996,4.99997,0.000166797,1.66832e-08,5,1.66832e-08,1.66832e-08,1.66832e-08,1.66832e-08,1.66832e-08,1.66832e-08,5,8.34161e-09,5,5,1.67901e-08,5,1.67901e-08,1.67897e-08,1.67931e-08,1.67943e-08,1.67931e-08,1.67889e-08,5,8.44396e-09,5,5,2.47096,2.52904,2.54071,2.45929,2.45929,2.54071,2.52904,2.47096,-0.0001,-0.0739789,-0.0736567
10.0000,2.17814,2.5794,1.48635,7.59397e-09,4.95175,7.55851e-09,5,5,7.82861e-08,2.17483,2.57783,1.48437,8.20082e-05,4.94294,4.53427e-05,4.99996,4.99997,0.000166797,1.66832e-08,5,1.66832e-08,1.66832e-08,1.66832e-08,1.66832e-08,1.66832e-08,1.66832e-08,5,8.3416e-09,5,5,1.67901e-08,5,1.67901e-08,1.67897e-08,1.67931e-08,1.67943e-08,1.67931e-08,1.67889e-08,5,8.44396e-09,5,5,2.47132,2.52868,2.54096,2.45904,2.45904,2.54096,2.52868,2.47132,-0.0001,-0.073975,-0.0736529
10.5000,2.17814,2.5794,1.48635,7.59397e-09,4.95175,7.55851e-09,5,5,7.82861e-08,2.17483,2.57783,1.48437,8.20082e-05,4.94294,4.53427e-05,4.99996,4.99997,0.000166797,1.66832e-08,5,1.66832e-08,1.66832e-08,1.66832e-08,1.66832e-08,1.66832e-08,1.66832e-08,5,8.3416e-09,5,5,1.67901e-08,5,1.67901e-08,1.67897e-08,1.67931e-08,1.67943e-08,1.67931e-08,1.67889e-08,5,8.44396e-09,5,5,2.47168,2.52832,2.54121,2.45879,2.45879,2.54121,2.52832,2.47168,-0.0001,-0.0739697,-0.073648
11.0000,2.17814,2.5794,1.48635,7.59397e-09,4.95175,7.55851e-09,5,5,7.82861e-08,2.17483,2.57783,1.48437,8.20082e-05,4.94294,4.53427e-05,4.99996,4.99997,0.000166797,1.66832e-08,5,1.66832e-08,1.66832e-08,1.66832e-08,1.66832e-08,1.66832e-08,1.66832e-08,5,8.34162e-09,5,5,1.67901e-08,5,1.67901e-08,1.67897e-08,1.67931e-08,1.67943e-08,1.67931e-08,1.67889e-08,5,8.44395e-09,5,5,2.47204,2.52796,2.54145,2.45855,2.45855,2.54145,2.52796,2.47204,-0.0001,-0.0739633,-0.073642
11.5000,2.17814,2.5794,1.48635,7.59397e-09,4.95175,7.55851e-09,5,5,7.82861e-08,2.17483,2.57783,1.48437,8.20082e-05,4.94294,4.53427e-05,4.99996,4.99997,0.000166797,1.66832e-08,5,1.66832e-08,1.66832e-08,1.66832e-08,1.66832e-08,1.66832e-08,1.66832e-08,5,8.34161e-09,5,5,1.67901e-08,5,1.67901e-08,1.67897e-08,1.67931e-08,1.67943e-08,1.67931e-08,1.67889e-08,5,8.44395e-09,5,5,2.4724,2.5276,2.5417,2.4583,2.4583,2.5417,2.5276,2.4724,-0.0001,-0.0739558,-0.0736351
12.0000,2.17814,2.5794,1.48635,7.59397e-09,4.95175,7.55851e-09,5,5,7.82861e-08,2.17483,2.57783,1.48437,8.20082e-05,4.94294,4.53427e-05,4.99996,4.99997,0.000166797,1.66832e-08,5,1.66832e-08,1.66832e-08,1.66832e-08,1.66832e-08,1.66832e-08,1.66832e-08,5,8.34161e-09,5,5,1.67901e-08,5,1.67901e-08,1.67897e-08,1.67931e-08,1.67943e-08,1.67931e-08,1.67889e-08,5,8.44395e-09,5,5,2.47277,2.52723,2.54194,2.45806,2.45806,2.54194,2.52723,2.47277,-0.0001,-0.0739471,-0.0736273
12.5000,2.17814,2.5794,1.48635,7.59397e-09,4.95175,7.55851e-09,5,5,7.82861e-08,2.17483,2.57783,1.48437,8.20082e-05,4.94294,4.53427e-05,4.99996,4.99997,0.000166797,1.66832e-08,5,1.66832e-08,1.66832e-08,1.66832e-08,1.66832e-08,1.66832e-08,1.66832e-08,5,8.34161e-09,5,5,1.67901e-08,5,1.67901e-08,1.67897e-08,1.67931e-08,1.67943e-08,1.67931e-08,1.67889e-08,5,8.44395e-09,5,5,2.47313,2.52687,2.54217,2.45783,2.45783,2.54217,2.52687,2.47313,-0.0001,-0.0739371,-0.0736184
13.0000,2.17814,2.5794,1.48635,7.59397e-09,4.95175,7.55851e-09,5,5,7.82861e-08,2.17483,2.57783,1.48437,8.20082e-05,4.94294,4.53427e-05,4.99996,4.99997,0.000166797,1.66832e-08,5,1.66832e-08,1.66832e-08,1.66832e-08,1.66832e-08,1.66832e-08,1.66832e-08,5,8.3416e-09,5,5,1.67901e-08,5,1.67901e-08,1.67897e-08,1.67931e-08,1.67943e-08,1.67931e-08,1.67889e-08,5,8.44395e-09,5,5,2.4735,2.5265,2.5424,2.4576,2.4576,2.5424,2.5265,2.4735,-0.0001,-0.0739258,-0.0736085
13.5000,2.17814,2.5794,1.48635,7.59397e-09,4.95175,7.55851e-09,5,5,7.82861e-08,2.17483,2.57783,1.48437,8.20082e-05,4.94294,4.53427e-05,4.99996,4.99997,0.000166797,1.66832e-08,5,1.66832e-08,1.66832e-08,1.66832e-08,1.66832e-08,1.66832e-08,1.66832e-08,5,8.34161e-09,5,5,1.67901e-08,5,1.67901e-08,1.67897e-08,1.67931e-08,1.67943e-08,1.67931e-08,1.67889e-08,5,8.44395e-09,5,5,2.47387,2.52613,2.54263,2.45737,2.45737,2.54263,2.52613,2.47387,-0.0001,-0.0739131,-0.0735973
14.0000,2.17814,2.5794,1.48635,7.59397e-09,4.95175,7.55851e-09,5,5,7.82861e-08,2.17483,2.57783,1.48437,8.20082e-05,4.94294,4.53427e-05,4.99996,4.99997,0.000166797,1.66832e-08,5,1.66832e-08,1.66832e-08,1.66832e-08,1.66832e-08,1.66832e-08,1.66832e-08,5,8.3416e-09,5,5,1.67901e-08,5,1.67901e-08,1.67897e-08,1.67931e-08,1.67943e-08,1.67931e-08,1.67889e-08,5,8.44395e-09,5,5,2.47425,2.52575,2.54286,2.45714,2.45714,2.54286,2.52575,2.47425,-0.0001,-0.0738987,-0.0735849
14.5000,2.17814,2.5794,1.48635,7.59397e-09,4.95175,7.55851e-09,5,5,7.82861e-08,2.17483,2.57783,1.48437,8.20082e-05,4.94294,4.53427e-05,4.99996,4.99997,0.000166797,1.66832e-08,5,1.66832e-08,1.66832e-08,1.66832e-08,1.66832e-08,1.66832e-08,1.66832e-08,5,8.34161e-09,5,5,1.67901e-08,5,1.67901e-08,1.67897e-08,1.67931e-08,1.67943e-08,1.67931e-08,1.67889e-08,5,8.44396e-09,5,5,2.47462,2.52538,2.54308,2.45692,2.45692,2.54308,2.52538,2.47462,-0.0001,-0.0738826,-0.0735711
15.0000,2.17814,2.5794,1.48635,7.59397e-09,4.95175,7.55851e-09,5,5,7.82861e-08,2.17483,2.57783,1.48437,8.20082e-05,4.94294,4.53427e-05,4.99996,4.99997,0.000166797,1.66832e-08,5,1.66832e-08,1.66832e-08,1.66832e-08,1.66832e-08,1.66832e-08,1.66832e-08,5,8.34161e-09,5,5,1.67901e-08,5,1.67901e-08,1.67897e-08,1.67931e-08,1.67943e-08,1.67931e-08,1.67889e-08,5,8.44395e-09,5,5,2.475,2.525,2.5433,2.4567,2.4567,2.5433,2.525,2.475,-0.0001,-0.0738646,-0.0735558
15.5000,2.17814,2.5794,1.48635,7.59397e-09,4.95175,7.55851e-09,5,5,7.82861e-08,2.17483,2.57783,1.48437,8.20082e-05,4.94294,4.53427e-05,4.99996,4.99997,0.000166797,1.66832e-08,5,1.66832e-08,1.66832e-08,1.66832e-08,1.66832e-08,1.66832e-08,1.66832e-08,5,8.3416e-09,5,5,1.67901e-08,5,1.67901e-08,1.67897e-08,1.67931e-08,1.67943e-08,1.67931e-08,1.67889e-08,5,8.44395e-09,5,5,2.47538,2.52462,2.54352,2.45648,2.45648,2.54352,2.52462,2.47538,-0.0001,-0.0738445,-0.0735388
16.0000,2.17814,2.5794,1.48635,7.59397e-09,4.95175,7.55851e-09,5,5,7.82861e-08,2.17483,2.57783,1.48437,8.20082e-05,4.94294,4.53427e-05,4.99996,4.99997,0.000166797,1.66832e-08,5,1.66832e-08,1.66832e-08,1.66832e-08,1.66832e-08,1.66832e-08,1.66832e-08,5,8.3416e-09,5,5,1.67901e-08,5,1.67901e-08,1.67897e-08,1.67931e-08,1.67943e-08,1.67931e-08,1.67889e-08,5,8.44396e-09,5,5,2.47576,2.52424,2.54373,2.45627,2.45627,2.54373,2.52424,2.47576,-0.0001,-0.0738221,-0.0735199
16.5000,2.17814,2.5794,1.48635,7.59397e-09,4.95175,7.55851e-09,5,5,7.82861e-08,2.17483,2.57783,1.48437,8.20082e-05,4.94294,4.53427e-05,4.99996,4.99997,0.000166797,1.66832e-08,5,1.66832e-08,1.66832e-08,1.66832e-08,1.66832e-08,1.66832e-08,1.66832e-08,5,8.34162e-09,5,5,1.67901e-08,5,1.67901e-08,1.67897e-08,1.67931e-08,1.67943e-08,1.67931e-08,1.67889e-08,5,8.44395e-09,5,5,2.47614,2.52386,2.54394,2.45606,2.45606,2.54394,2.52386,2.47614,-0.0001,-0.0737971,-0.0734991
17.0000,2.17814,2.5794,1.48635,7.59397e-09,4.95175,7.55851e-09,5,5,7.82861e-08,2.17483,2.57783,1.48437,8.20082e-05,4.94294,4.53427e-05,4.99996,4.99997,0.000166797,1.66832e-08,5,1.66832e-08,1.66832e-08,1.66832e-08,1.66832e-08,1.66832e-08,1.66832e-08,5,8.3416e-09,5,5,1.67901e-08,5,1.67901e-08,1.67897e-08,1.67931e-08,1.67943e-08,1.67931e-08,1.67889e-08,5,8.44395e-09,5,5,2.47653,2.52347,2.54415,2.45585,2.45585,2.54415,2.52347,2.47653,-0.0001,-0.0737695,-0.0734761
17.5000,2.17814,2.5794,1.48635,7.59397e-09,4.95175,7.55851e-09,5,5,7.82861e-08,2.17483,2.57783,1.48437,8.20082e-05,4.94294,4.53427e-05,4.99996,4.99997,0.000166797,1.66832e-08,5,1.66832e-08,1.66832e-08,1.66832e-08,1.66832e-08,1.66832e-08,1.66832e-08,5,8.34161e-09,5,5,1.67901e-08,5,1.67901e-08,1.67897e-08,1.67931e-08,1.67943e-08,1.67931e-08,1.67889e-08,5,8.44395e-09,5,5,2.47691,2.52309,2.54435,2.45565,2.45565,2.54435,2.52309,2.47691,-0.0001,-0.0737388,-0.0734507
18.0000,2.17814,2.5794,1.48635,7.59397e-09,4.95175,7.55851e-09,5,5,7.82861e-08,2.17483,2.57783,1.48437,8.20082e-05,4.94294,4.53427e-05,4.99996,4.99997,0.000166797,1.66832e-08,5,1.66832e-08,1.66832e-08,1.66832e-08,1.66832e-08,1.66832e-08,1.66832e-08,5,8.3416e-09,5,5,1.67901e-08,5,1.67901e-08,1.67897e-08,1.67931e-08,1.67943e-08,1.67931e-08,1.67889e-08,5,8.44395e-09,5,5,2.4773,2.5227,2.54455,2.45545,2.45545,2.54455,2.5227,2.4773,-0.0001,-0.0737049,-0.0734228
18.5000,2.17814,2.5794,1.48635,7.59397e-09,4.95175,7.55851e-09,5,5,7.82861e-08,2.17483,2.57783,1.48437,8.20082e-05,4.94294,4.53427e-05,4.99996,4.99997,0.000166797,1.66832e-08,5,1.66832e-08,1.66832e-08,1.66832e-08,1.66832e-08,1.66832e-08,1.66832e-08,5,8.34161e-09,5,5,1.67901e-08,5,1.67901e-08,1.67897e-08,1.67931e-08,1.67943e-08,1.67931e-08,1.67889e-08,5,8.44395e-09,5,5,2.47769,2.52231,2.54475,2.45525,2.45525,2.54475,2.52231,2.47769,-0.0001,-0.0736678,-0.0733925
19.0000,2.17814,2.5794,1.48635,7.59397e-09,4.95175,7.55851e-09,5,5,7.82861e-08,2.17483,2.57783,1.48437,8.20082e-05,4.94294,4.53427e-05,4.99996,4.99997,0.000166797,1.66832e-08,5,1.66832e-08,1.66832e-08,1.66832e-08,1.66832e-08,1.66832e-08,1.66832e-08,5,8.3416e-09,5,5,1.67901e-08,5,1.67901e-08,1.67897e-08,1.67931e-08,1.67943e-08,1.67931e-08,1.67889e-08,5,8.44395e-09,5,5,2.47808,2.52192,2.54494,2.45506,2.45506,2.54494,2.52192,2.47808,-0.0001,-0.0736273,-0.0733594
19.5000,2.17814,2.5794,1.48635,7.59397e-09,4.95175,7.55851e-09,5,5,7.82861e-08,2.17483,2.57783,1.48437,8.20082e-05,4.94294,4.53427e-05,4.99996,4.99997,0.000166797,1.66832e-08,5,1.66832e-08,1.66832e-08,1.66832e-08,1.66832e-08,1.66832e-08,1.66832e-08,5,8.3416e-09,5,5,1.67901e-08,5,1.67901e-08,1.67897e-08,1.67931e-08,1.67943e-08,1.67931e-08,1.67889e-08,5,8.44395e-09,5,5,2.47847,2.52153,2.54513,2.45487,2.45487,2.54513,2.52153,2.47847,-0.0001,-0.0735826,-0.0733232
20.0000,2.17814,2.5794,1.48635,7.59397e-09,4.95175,7.55851e-09,5,5,7.82861e-08,2.17483,2.57783,1.48437,8.20082e-05,4.94294,4.53427e-05,4.99996,4.99997,0.000166797,1.66832e-08,5,1.66832e-08,1.66832e-08,1.66832e-08,1.66832e-08,1.66832e-08,1.66832e-08,5,8.34161e-09,5,5,1.67901e-08,5,1.67901e-08,1.67897e-08,1.67931e-08,1.67943e-08,1.67931e-08,1.67889e-08,5,8.44395e-09,5,5,2.47887,2.52113,2.54532,2.45468,2.45468,2.54532,2.52113,2.47887,-0.0001,-0.0735334,-0.0732833
20.5000,2.17814,2.5794,1.48635,7.59397e-09,4.95175,7.55851e-09,5,5,7.82861e-08,2.17483,2.57783,1.48437,8.20082e-05,4.94294,4.53427e-05,4.99996,4.99997,0.000166797,1.66832e-08,5,1.66832e-08,1.66832e-08,1.66832e-08,1.66832e-08,1.66832e-08,1.66832e-08,5,8.3416e-09,5,5,1.67901e-08,5,1.67901e-08,1.67897e-08,1.67931e-08,1.67943e-08,1.67931e-08,1.67889e-08,5,8.44395e-09,5,5,2.47926,2.52074,2.5455,2.4545,2.4545,2.5455,2.52074,2.47926,-0.0001,-0.0734797,-0.0732399
21.0000,2.17814,2.5794,1.48635,7.59397e-09,4.95175,7.55851e-09,5,5,7.82861e-08,2.17483,2.57783,1.48437,8.20082e-05,4.94294,4.53427e-05,4.99996,4.99997,0.000166797,1.66832e-08,5,1.66832e-08,1.66832e-08,1.66832e-08,1.66832e-08,1.66832e-08,1.66832e-08,5,8.34162e-09,5,5,1.67901e-08,5,1.67901e-08,1.67897e-08,1.67931e-08,1.67943e-08,1.67931e-08,1.67889e-08,5,8.44395e-09,5,5,2.47966,2.52034,2.54568,2.45432,2.45432,2.54568,2.52034,2.47966,-0.0001,-0.0734269,-0.0731974
21.5000,2.17814,2.5794,1.48635,7.59397e-09,4.95175,7.55851e-09,5,5,7.82861e-08,2.17483,2.57783,1.48437,8.20082e-05,4.94294,4.53427e-05,4.99996,4.99997,0.000166797,1.66832e-08,5,1.66832e-08,1.66832e-08,1.66832e-08,1.66832e-08,1.66832e-08,1.66832e-08,5,8.34162e-09,5,5,1.67901e-08,5,1.67901e-08,1.67897e-08,1.67931e-08,1.67943e-08,1.67931e-08,1.67889e-08,5,8.44395e-09,5,5,2.48006,2.51994,2.54585,2.45415,2.45415,2.54585,2.51994,2.48006,-0.0001,-0.0734023,-0.0731844
22.0000,2.17814,2.5794,1.48635,7.59397e-09,4.95175,7.55851e-09,5,5,7.82861e-08,2.17483,2.57783,1.48437,8.20082e-05,4.94294,4.53427e-05,4.99996,4.99997,0.000166797,1.66832e-08,5,1.66832e-08,1.66832e-08,1.66832e-08,1.66832e-08,1.66832e-08,1.66832e-08,5,8.34161e-09,5,5,1.67901e-08,5,1.679e-08,1.67897e-08,1.67931e-08,1.67943e-08,1.67931e-08,1.67889e-08,5,8.44395e-09,5,5,2.48046,2.51954,2.54603,2.45397,2.45397,2.54603,2.51954,2.48046,-0.0001,-0.0733759,-0.073171
22.5000,2.17814,2.5794,1.48635,7.59397e-09,4.95175,7.55851e-09,5,5,7.82861e-08,2.17483,2.57783,1.48437,8.20082e-05,4.94294,4.53427e-05,4.99996,4.99997,0.000166797,1.66832e-08,5,1.66832e-08,1.66832e-08,1.66832e-08,1.66832e-08,1.66832e-08,1.66832e-08,5,8.34161e-09,5,5,1.679e-08,5,1.679e-08,1.67897e-08,1.67931e-08,1.67943e-08,1.67931e-08,1.67889e-08,5,8.44395e-09,5,5,2.48087,2.51913,2.5462,2.4538,2.4538,2.5462,2.51913,2.48087,-0.0001,-0.0733481,-0.0731573
23.0000,2.17814,2.5794,1.48635,7.59397e-09,4.95175,7.55851e-09,5,5,7.82861e-08,2.17483,2.57783,1.48437,8.20082e-05,4.94294,4.53427e-05,4.99996,4.99997,0.000166797,1.66832e-08,5,1.66832e-08,1.66832e-08,1.66832e-08,1.66832e-08,1.66832e-08,1.66832e-08,5,8.3416e-09,5,5,1.679e-08,5,1.679e-08,1.67897e-08,1.67931e-08,1.67943e-08,1.67931e-08,1.67889e-08,5,8.44395e-09,5,5,2.48127,2.51873,2.54636,2.45364,2.45364,2.54636,2.51873,2.48127,-0.0001,-0.0733184,-0.0731437
23.5000,2.17814,2.5794,1.48635,7.59397e-09,4.95175,7.55851e-09,5,5,7.82861e-08,2.17483,2.57783,1.48437,8.20082e-05,4.94294,4.53427e-05,4.99996,4.99997,0.000166797,1.66832e-08,5,1.66832e-08,1.66832e-08,1.66832e-08,1.66832e-08,1.66832e-08,1.66832e-08,5,8.34161e-09,5,5,1.679e-08,5,1.679e-08,1.67897e-08,1.67931e-08,1.67943e-08,1.67931e-08,1.67889e-08,5,8.44395e-09,5,5,2.48167,2.51833,2.54652,2.45348,2.45348,2.54652,2.51833,2.48167,-0.0001,-0.0732864,-0.0731305
24.0000,2.17814,2.5794,1.48635,7.59397e-09,4.95175,7.55851e-09,5,5,7.82861e-08,2.17483,2.57783,1.48437,8.20082e-05,4.94294,4.53427e-05,4.99996,4.99997,0.000166797,1.66832e-08,5,1.66832e-08,1.66832e-08,1.66832e-08,1.66832e-08,1.66832e-08,1.66832e-08,5,8.3416e-09,5,5,1.679e-08,5,1.679e-08,1.67897e-08,1.67931e-08,1.67943e-08,1.67931e-08,1.67889e-08,5,8.44395e-09,5,5,2.48208,2.51792,2.54668,2.45332,2.45332,2.54668,2.51792,2.48208,-0.0001,-0.0732538,-0.0731203
24.5000,2.17814,2.5794,1.48635,7.59397e-09,4.95175,7.55851e-09,5,5,7.82861e-08,2.17483,2.57783,1.48437,8.20082e-05,4.94294,4.53427e-05,4.99996,4.99997,0.000166797,1.66832e-08,5,1.66832e-08,1.66832e-08,1.66832e-08,1.66832e-08,1.66832e-08,1.66832e-08,5,8.34161e-09,5,5,1.679e-08,5,1.679e-08,1.67897e-08,1.67931e-08,1.67943e-08,1.67931e-08,1.67889e-08,5,8.44395e-09,5,5,2.48249,2.51751,2.54684,2.45316,2.45316,2.54684,2.51751,2.48249,-0.0001,-0.0732241,-0.0731161
25.0000,2.17814,2.5794,1.48635,7.59397e-09,4.95175,7.55851e-09,5,5,7.82861e-08,2.17483,2.57783,1.48437,8.20082e-05,4.94294,4.53427e-05,4.99996,4.99997,0.000166797,1.66832e-08,5,1.66832e-08,1.66832e-08,1.66832e-08,1.66832e-08,1.66832e-08,1.66832e-08,5,8.3416e-09,5,5,1.679e-08,5,1.679e-08,1.67897e-08,1.67931e-08,1.67943e-08,1.67931e-08,1.67889e-08,5,8.44395e-09,5,5,2.4829,2.5171,2.54699,2.45301,2.45301,2.54699,2.5171,2.4829,-0.0001,-0.0732024,-0.0731173
25.5000,2.17814,2.5794,1.48635,7.59397e-09,4.95175,7.55851e-09,5,5,7.82861e-08,2.17483,2.57783,1.48437,8.20082e-05,4.94294,4.53427e-05,4.99996,4.99997,0.000166797,1.66832e-08,5,1.66832e-08,1.66832e-08,1.66832e-08,1.66832e-08,1.66832e-08,1.66832e-08,5,8.34161e-09,5,5,1.679e-08,5,1.679e-08,1.67897e-08,1.67931e-08,1.67943e-08,1.67931e-08,1.67889e-08,5,8.44395e-09,5,5,2.48331,2.51669,2.54713,2.45287,2.45287,2.54713,2.51669,2.48331,-0.0001,-0.0731959,-0.0731237
26.0000,2.17814,2.5794,1.48635,7.59397e-09,4.95175,7.55851e-09,5,5,7.82861e-08,2.17483,2.57783,1.48437,8.20082e-05,4.94294,4.53427e-05,4.99996,4.99997,0.000166797,1.66832e-08,5,1.66832e-08,1.66832e-08,1.66832e-08,1.66832e-08,1.66832e-08,1.66832e-08,5,8.3416e-09,5,5,1.679e-08,5,1.679e-08,1.67897e-08,1.67931e-08,1.67943e-08,1.67931e-08,1.67889e-08,5,8.44395e-09,5,5,2.48372,2.51628,2.54728,2.45272,2.45272,2.54728,2.51628,2.48372,-0.0001,-0.0732052,-0.0731353
26.5000,2.17814,2.5794,1.48635,7.59397e-09,4.95175,7.55851e-09,5,5,7.82861e-08,2.17483,2.57783,1.48437,8.20082e-05,4.94294,4.53427e-05,4.99996,4.99997,0.000166797,1.66832e-08,5,1.66832e-08,1.66832e-08,1.66832e-08,1.66832e-08,1.66832e-08,1.66832e-08,5,8.34161e-09,5,5,1.679e-08,5,1.679e-08,1.67897e-08,1.67931e-08,1.67943e-08,1.67931e-08,1.67889e-08,5,8.44395e-09,5,5,2.48413,2.51587,2.54742,2.45258,2.45258,2.54742,2.51587,2.48413,-0.0001,-0.073222,-0.0731507
27.0000,2.17814,2.5794,1.48635,7.59397e-09,4.95175,7.55851e-09,5,5,7.82861e-08,2.17483,2.57783,1.48437,8.20082e-05,4.94294,4.53427e-05,4.99996,4.99997,0.000166797,1.66832e-08,5,1.66832e-08,1.66832e-08,1.66832e-08,1.66832e-08,1.66832e-08,1.66832e-08,5,8.3416e-09,5,5,1.679e-08,5,1.679e-08,1.67897e-08,1.67931e-08,1.67943e-08,1.67931e-08,1.67889e-08,5,8.44395e-09,5,5,2.48455,2.51545,2.54755,2.45245,2.45245,2.54755,2.51545,2.48455,-0.0001,-0.0732415,-0.0731681
27.5000,2.17814,2.5794,1.48635,7.59397e-09,4.95175,7.55851e-09,5,5,7.82861e-08,2.17483,2.57783,1.48437,8.20082e-05,4.94294,4.53427e-05,4.99996,4.99997,0.000166797,1.66832e-08,5,1.66832e-08,1.66832e-08,1.66832e-08,1.66832e-08,1.66832e-08,1.66832e-08,5,8.34161e-09,5,5,1.679e-08,5,1.679e-08,1.67897e-08,1.67931e-08,1.67943e-08,1.67931e-08,1.67889e-08,5,8.44395e-09,5,5,2.48496,2.51504,2.54769,2.45231,2.45231,2.54769,2.51504,2.48496,-0.0001,-0.0732625,-0.0731861
28.0000,2.17814,2.5794,1.48635,7.59397e-09,4.95175,7.55851e-09,5,5,7.82861e-08,2.17483,2.57783,1.48437,8.20082e-05,4.94294,4.53427e-05,4.99996,4.99997,0.000166797,1.66832e-08,5,1.66832e-08,1.66832e-08,1.66832e-08,1.66832e-08,1.66832e-08,1.66832e-08,5,8.34161e-09,5,5,1.679e-08,5,1.679e-08,1.67897e-08,1.67931e-08,1.67943e-08,1.67931e-08,1.67889e-08,5,8.44395e-09,5,5,2.48538,2.51462,2.54782,2.45218,2.45218,2.54782,2.51462,2.48538,-0.0001,-0.0732864,-0.0732048
28.5000,2.17814,2.5794,1.48635,7.59397e-09,4.95175,7.55851e-09,5,5,7.82861e-08,2.17483,2.57783,1.48437,8.20082e-05,4.94294,4.53427e-05,4.99996,4.99997,0.000166797,1.66832e-08,5,1.66832e-08,1.66832e-08,1.66832e-08,1.66832e-08,1.66832e-08,1.66832e-08,5,8.3416e-09,5,5,1.679e-08,5,1.679e-08,1.67897e-08,1.67931e-08,1.67943e-08,1.67931e-08,1.67889e-08,5,8.44395e-09,5,5,2.4858,2.5142,2.54794,2.45206,2.45206,2.54794,2.5142,2.4858,-0.0001,-0.0733163,-0.0732244
29.0000,2.17814,2.5794,1.48635,7.59397e-09,4.95175,7.55851e-09,5,5,7.82861e-08,2.17483,2.57783,1.48437,8.20082e-05,4.94294,4.53427e-05,4.99996,4.99997,0.000166797,1.66832e-08,5,1.66832e-08,1.66832e-08,1.66832e-08,1.66832e-08,1.66832e-08,1.66832e-08,5,8.34161e-09,5,5,1.679e-08,5,1.679e-08,1.67897e-08,1.67931e-08,1.67943e-08,1.67931e-08,1.67889e-08,5,8.44395e-09,5,5,2.48622,2.51378,2.54806,2.45194,2.45194,2.54806,2.51378,2.48622,-0.0001,-0.0733503,-0.0732255
29.5000,2.17814,2.5794,1.48635,7.59397e-09,4.95175,7.55851e-09,5,5,7.82861e-08,2.17483,2.57783,1.48437,8.20082e-05,4.94294,4.53427e-05,4.99996,4.99997,0.000166797,1.66832e-08,5,1.66832e-08,1.66832e-08,1.66832e-08,1.66832e-08,1.66832e-08,1.66832e-08,5,8.34161e-09,5,5,1.679e-08,5,1.679e-08,1.67897e-08,1.67931e-08,1.67943e-08,1.67931e-08,1.67889e-08,5,8.44395e-09,5,5,2.48664,2.51336,2.54818,2.45182,2.45182,2.54818,2.51336,2.48664,-0.0001,-0.0733639,-0.0732038
30.0000,2.17814,2.5794,1.48635,7.59397e-09,4.95175,7.55851e-09,5,5,7.82861e-08,2.17483,2.57783,1.48437,8.20082e-05,4.94294,4.53427e-05,4.99996,4.99997,0.000166797,1.66832e-08,5,1.66832e-08,1.66832e-08,1.66832e-08,1.66832e-08,1.66832e-08,1.66832e-08,5,8.3416e-09,5,5,1.679e-08,5,1.679e-08,1.67897e-08,1.67931e-08,1.67943e-08,1.67931e-08,1.67889e-08,5,8.44395e-09,5,5,2.48706,2.51294,2.5483,2.4517,2.4517,2.5483,2.51294,2.48706,-0.0001,-0.0733385,-0.073187
30.5000,2.17814,2.5794,1.48635,7.59397e-09,4.95175,7.55851e-09,5,5,7.82861e-08,2.17483,2.57783,1.48437,8.20082e-05,4.94294,4.53427e-05,4.99996,4.99997,0.000166797,1.66832e-08,5,1.66832e-08,1.66832e-08,1.66832e-08,1.66832e-08,1.66832e-08,1.66832e-08,5,8.3416e-09,5,5,1.679e-08,5,1.679e-08,1.67897e-08,1.67931e-08,1.67943e-08,1.67931e-08,1.67889e-08,5,8.44395e-09,5,5,2.48748,2.51252,2.54841,2.45159,2.45159,2.54841,2.51252,2.48748,-0.0001,-0.0733146,-0.0731826
31.0000,2.17814,2.5794,1.48635,7.59397e-09,4.95175,7.55851e-09,5,5,7.82861e-08,2.17483,2.57783,1.48437,8.20082e-05,4.94294,4.53427e-05,4.99996,4.99997,0.000166797,1.66832e-08,5,1.66832e-08,1.66832e-08,1.66832e-08,1.66832e-08,1.66832e-08,1.66832e-08,5,8.3416e-09,5,5,1.679e-08,5,1.679e-08,1.67897e-08,1.67931e-08,1.67943e-08,1.67931e-08,1.67889e-08,5,8.44395e-09,5,5,2.4879,2.5121,2.54851,2.45149,2.45149,2.54851,2.5121,2.4879,-0.0001,-0.0733248,-0.0732086
31.5000,2.17814,2.5794,1.48635,7.59397e-09,4.95175,7.55851e-09,5,5,7.82861e-08,2.17483,2.57783,1.48437,8.20082e-05,4.94294,4.53427e-05,4.99996,4.99997,0.000166797,1.66832e-08,5,1.66832e-08,1.66832e-08,1.66832e-08,1.66832e-08,1.66832e-08,1.66832e-08,5,8.3416e-09,5,5,1.679e-08,5,1.679e-08,1.67897e-08,1.67931e-08,1.67943e-08,1.67931e-08,1.67889e-08,5,8.44395e-09,5,5,2.48833,2.51167,2.54862,2.45138,2.45138,2.54862,2.51167,2.48833,-0.0001,-0.0733447,-0.0732442
32.0000,2.17814,2.5794,1.48635,7.59397e-09,4.95175,7.55851e-09,5,5,7.82861e-08,2.17483,2.57783,1.48437,8.20082e-05,4.94294,4.53427e-05,4.99996,4.99997,0.000166797,1.66832e-08,5,1.66832e-08,1.66832e-08,1.66832e-08,1.66832e-08,1.66832e-08,1.66832e-08,5,8.34161e-09,5,5,1.679e-08,5,1.679e-08,1.67897e-08,1.67931e-08,1.67943e-08,1.67931e-08,1.67889e-08,5,8.44395e-09,5,5,2.48875,2.51125,2.54872,2.45128,2.45128,2.54872,2.51125,2.48875,-0.0001,-0.0733554,-0.0732681
32.5000,2.17814,2.5794,1.48635,7.59397e-09,4.95175,7.55851e-09,5,5,7.82861e-08,2.17483,2.57783,1.48437,8.20082e-05,4.94294,4.53427e-05,4.99996,4.99997,0.000166797,1.66832e-08,5,1.66832e-08,1.66832e-08,1.66832e-08,1.66832e-08,1.66832e-08,1.66832e-08,5,8.34161e-09,5,5,1.679e-08,5,1.679e-08,1.67897e-08,1.67931e-08,1.67943e-08,1.67931e-08,1.67889e-08,5,8.44395e-09,5,5,2.48918,2.51082,2.54881,2.45119,2.45119,2.54881,2.51082,2.48918,-0.0001,-0.0733699,-0.0732915
33.0000,2.17814,2.5794,1.48635,7.59397e-09,4.95175,7.55851e-09,5,5,7.82861e-08,2.17483,2.57783,1.48437,8.20082e-05,4.94294,4.53427e-05,4.99996,4.99997,0.000166797,1.66832e-08,5,1.66832e-08,1.66832e-08,1.66832e-08,1.66832e-08,1.66832e-08,1.66832e-08,5,8.3416e-09,5,5,1.679e-08,5,1.679e-08,1.67897e-08,1.67931e-08,1.67943e-08,1.67931e-08,1.67889e-08,5,8.44395e-09,5,5,2.4896,2.5104,2.54891,2.45109,2.45109,2.54891,2.5104,2.4896,-0.0001,-0.0733876,-0.0733157
33.5000,2.17814,2.5794,1.48635,7.59397e-09,4.95175,7.55851e-09,5,5,7.82861e-08,2.17483,2.57783,1.48437,8.20082e-05,4.94294,4.53427e-05,4.99996,4.99997,0.000166797,1.66832e-08,5,1.66832e-08,1.66832e-08,1.66832e-08,1.66832e-08,1.66832e-08,1.66832e-08,5,8.34161e-09,5,5,1.679e-08,5,1.679e-08,1.67897e-08,1.67931e-08,1.67943e-08,1.67931e-08,1.67889e-08,5,8.44395e-09,5,5,2.49003,2.50997,2.549,2.451,2.451,2.549,2.50997,2.49003,-0.0001,-0.0734066,-0.0733389
34.0000,2.17814,2.5794,1.48635,7.59397e-09,4.95175,7.55851e-09,5,5,7.82861e-08,2.17483,2.57783,1.48437,8.20082e-05,4.94294,4.53427e-05,4.99996,4.99997,0.000166797,1.66832e-08,5,1.66832e-08,1.66832e-08,1.66832e-08,1.66832e-08,1.66832e-08,1.66832e-08,5,8.3416e-09,5,5,1.679e-08,5,1.679e-08,1.67897e-08,1.67931e-08,1.67943e-08,1.67931e-08,1.67889e-08,5,8.44395e-09,5,5,2.49046,2.50954,2.54908,2.45092,2.45092,2.54908,2.50954,2.49046,-0.0001,-0.0734252,-0.0733602
34.5000,2.17814,2.5794,1.48635,7.59397e-09,4.95175,7.55851e-09,5,5,7.82861e-08,2.17483,2.57783,1.48437,8.20082e-05,4.94294,4.53427e-05,4.99996,4.99997,0.000166797,1.66832e-08,5,1.66832e-08,1.66832e-08,1.66832e-08,1.66832e-08,1.66832e-08,1.66832e-08,5,8.34161e-09,5,5,1.679e-08,5,1.679e-08,1.67897e-08,1.67931e-08,1.67943e-08,1.67931e-08,1.67889e-08,5,8.44395e-09,5,5,2.49089,2.50911,2.54916,2.45084,2.45084,2.54916,2.50911,2.49089,-0.0001,-0.0734422,-0.0733789
35.0000,2.17814,2.5794,1.48635,7.59397e-09,4.95175,7.55851e-09,5,5,7.82861e-08,2.17483,2.57783,1.48437,8.20082e-05,4.94294,4.53427e-05,4.99996,4.99997,0.000166797,1.66832e-08,5,1.66832e-08,1.66832e-08,1.66832e-08,1.66832e-08,1.66832e-08,1.66832e-08,5,8.3416e-09,5,5,1.679e-08,5,1.679e-08,1.67897e-08,1.67931e-08,1.67943e-08,1.67931e-08,1.67889e-08,5,8.44395e-09,5,5,2.49132,2.50868,2.54924,2.45076,2.45076,2.54924,2.50868,2.49132,-0.0001,-0.073457,-0.0733949
35.5000,2.17814,2.5794,1.48635,7.59397e-09,4.95175,7.55851e-09,5,5,7.82861e-08,2.17483,2.57783,1.48437,8.20082e-05,4.94294,4.53427e-05,4.99996,4.99997,0.000166797,1.66832e-08,5,1.66832e-08,1.66832e-08,1.66832e-08,1.66832e-08,1.66832e-08,1.66832e-08,5,8.34161e-09,5,5,1.679e-08,5,1.679e-08,1.67897e-08,1.67931e-08,1.67943e-08,1.67931e-08,1.67889e-08,5,8.44396e-09,5,5,2.49175,2.50825,2.54932,2.45068,2.45068,2.54932,2.50825,2.49175,-0.0001,-0.0734692,-0.0734081
36.0000,2.17814,2.5794,1.48635,7.59397e-09,4.95175,7.55851e-09,5,5,7.82861e-08,2.17483,2.57783,1.48437,8.20082e-05,4.94294,4.53427e-05,4.99996,4.99997,0.000166797,1.66832e-08,5,1.66832e-08,1.66832e-08,1.66832e-08,1.66832e-08,1.66832e-08,1.66832e-08,5,8.3416e-09,5,5,1.679e-08,5,1.679e-08,1.67897e-08,1.67931e-08,1.67943e-08,1.67931e-08,1.67889e-08,5,8.44395e-09,5,5,2.49218,2.50782,2.54939,2.45061,2.45061,2.54939,2.50782,2.49218,-0.0001,-0.0734788,-0.0734184
36.5000,2.17814,2.5794,1.48635,7.59397e-09,4.95175,7.55851e-09,5,5,7.82861e-08,2.17483,2.57783,1.48437,8.20082e-05,4.94294,4.53427e-05,4.99996,4.99997,0.000166797,1.66832e-08,5,1.66832e-08,1.66832e-08,1.66832e-08,1.66832e-08,1.66832e-08,1.66832e-08,5,8.34161e-09,5,5,1.679e-08,5,1.679e-08,1.67897e-08,1.67931e-08,1.67943e-08,1.67931e-08,1.67889e-08,5,8.44395e-09,5,5,2.49261,2.50739,2.54945,2.45055,2.45055,2.54945,2.50739,2.49261,-0.0001,-0.0734855,-0.0734259
37.0000,2.17814,2.5794,1.48635,7.59397e-09,4.95175,7.55851e-09,5,5,7.82861e-08,2.17483,2.57783,1.48437,8.20082e-05,4.94294,4.53427e-05,4.99996,4.99997,0.000166797,1.66832e-08,5,1.66832e-08,1.66832e-08,1.66832e-08,1.66832e-08,1.66832e-08,1.66832e-08,5,8.34162e-09,5,5,1.679e-08,5,1.679e-08,1.67897e-08,1.67931e-08,1.67943e-08,1.67931e-08,1.67889e-08,5,8.44395e-09,5,5,2.49304,2.50696,2.54952,2.45048,2.45048,2.54952,2.50696,2.49304,-0.0001,-0.0734896,-0.0734306
37.5000,2.17814,2.5794,1.48635,7.59397e-09,4.95175,7.55851e-09,5,5,7.82861e-08,2.17483,2.57783,1.48437,8.20082e-05,4.94294,4.53427e-05,4.99996,4.99997,0.000166797,1.66832e-08,5,1.66832e-08,1.66832e-08,1.66832e-08,1.66832e-08,1.66832e-08,1.66832e-08,5,8.3416e-09,5,5,1.679e-08,5,1.679e-08,1.67897e-08,1.67931e-08,1.67943e-08,1.67931e-08,1.67889e-08,5,8.44395e-09,5,5,2.49347,2.50653,2.54957,2.45043,2.45043,2.54957,2.50653,2.49347,-0.0001,-0.0734907,-0.0734326
38.0000,2.17814,2.5794,1.48635,7.59397e-09,4.95175,7.55851e-09,5,5,7.82861e-08,2.17483,2.57783,1.48437,8.20082e-05,4.94294,4.53427e-05,4.99996,4.99997,0.000166797,1.66832e-08,5,1.66832e-08,1.66832e-08,1.66832e-08,1.66832e-08,1.66832e-08,1.66832e-08,5,8.34161e-09,5,5,1.679e-08,5,1.679e-08,1.67897e-08,1.67931e-08,1.67943e-08,1.67931e-08,1.67889e-08,5,8.44395e-09,5,5,2.49391,2.50609,2.54963,2.45037,2.45037,2.54963,2.50609,2.49391,-0.0001,-0.0734883,-0.0734313
38.5000,2.17814,2.5794,1.48635,7.59397e-09,4.95175,7.55851e-09,5,5,7.82861e-08,2.17483,2.57783,1.48437,8.20082e-05,4.94294,4.53427e-05,4.99996,4.99997,0.000166797,1.66832e-08,5,1.66832e-08,1.66832e-08,1.66832e-08,1.66832e-08,1.66832e-08,1.66832e-08,5,8.3416e-09,5,5,1.679e-08,5,1.679e-08,1.67897e-08,1.67931e-08,1.67943e-08,1.67931e-08,1.67889e-08,5,8.44395e-09,5,5,2.49434,2.50566,2.54968,2.45032,2.45032,2.54968,2.50566,2.49434,-0.0001,-0.0734808,-0.0734253
39.0000,2.17814,2.5794,1.48635,7.59397e-09,4.95175,7.55851e-09,5,5,7.82861e-08,2.17483,2.57783,1.48437,8.20082e-05,4.94294,4.53427e-05,4.99996,4.99997,0.000166797,1.66832e-08,5,1.66832e-08,1.66832e-08,1.66832e-08,1.66832e-08,1.66832e-08,1.66832e-08,5,8.3416e-09,5,5,1.679e-08,5,1.679e-08,1.67897e-08,1.67931e-08,1.67943e-08,1.67931e-08,1.67889e-08,5,8.44395e-09,5,5,2.49477,2.50523,2.54973,2.45027,2.45027,2.54973,2.50523,2.49477,-0.0001,-0.0734654,-0.0734119
39.5000,2.17814,2.5794,1.48635,7.59397e-09,4.95175,7.55851e-09,5,5,7.82861e-08,2.17483,2.57783,1.48437,8.20082e-05,4.94294,4.53427e-05,4.99996,4.99997,0.000166797,1.66832e-08,5,1.66832e-08,1.66832e-08,1.66832e-08,1.66832e-08,1.66832e-08,1.66832e-08,5,8.34161e-09,5,5,1.679e-08,5,1.679e-08,1.67897e-08,1.67931e-08,1.67943e-08,1.67931e-08,1.67889e-08,5,8.44395e-09,5,5,2.49521,2.50479,2.54977,2.45023,2.45023,2.54977,2.50479,2.49521,-0.0001,-0.0734388,-0.0733875
40.0000,2.17814,2.5794,1.48635,7.59397e-09,4.95175,7.55851e-09,5,5,7.82861e-08,2.17483,2.57783,1.48437,8.20082e-05,4.94294,4.53427e-05,4.99996,4.99997,0.000166797,1.66832e-08,5,1.66832e-08,1.66832e-08,1.66832e-08,1.66832e-08,1.66832e-08,1.66832e-08,5,8.3416e-09,5,5,1.679e-08,5,1.679e-08,1.67897e-08,1.67931e-08,1.67943e-08,1.67931e-08,1.67889e-08,5,8.44395e-09,5,5,2.49564,2.50436,2.54981,2.45019,2.45019,2.54981,2.50436,2.49564,-0.0001,-0.0733984,-0.0733491
40.5000,2.17814,2.5794,1.48635,7.59397e-09,4.95175,7.55851e-09,5,5,7.82861e-08,2.17483,2.57783,1.48437,8.20082e-05,4.94294,4.53427e-05,4.99996,4.99997,0.000166797,1.66832e-08,5,1.66832e-08,1.66832e-08,1.66832e-08,1.66832e-08,1.66832e-08,1.66832e-08,5,8.3416e-09,5,5,1.679e-08,5,1.679e-08,1.67897e-08,1.67931e-08,1.67943e-08,1.67931e-08,1.67889e-08,5,8.44395e-09,5,5,2.49608,2.50392,2.54985,2.45015,2.45015,2.54985,2.50392,2.49608,-0.0001,-0.0733424,-0.0732948
41.0000,2.17814,2.5794,1.48635,7.59397e-09,4.95175,7.55851e-09,5,5,7.82861e-08,2.17483,2.57783,1.48437,8.20082e-05,4.94294,4.53427e-05,4.99996,4.99997,0.000166797,1.66832e-08,5,1.66832e-08,1.66832e-08,1.66832e-08,1.66832e-08,1.66832e-08,1.66832e-08,5,8.3416e-09,5,5,1.679e-08,5,1.679e-08,1.67897e-08,1.67931e-08,1.67943e-08,1.67931e-08,1.67889e-08,5,8.44395e-09,5,5,2.49651,2.50349,2.54988,2.45012,2.45012,2.54988,2.50349,2.49651,-0.0001,-0.0732689,-0.0732223
41.5000,2.17814,2.5794,1.48635,7.59397e-09,4.95175,7.55851e-09,5,5,7.82861e-08,2.17483,2.57783,1.48437,8.20082e-05,4.94294,4.53427e-05,4.99996,4.99997,0.000166797,1.66832e-08,5,1.66832e-08,1.66832e-08,1.66832e-08,1.66832e-08,1.66832e-08,1.66832e-08,5,8.34161e-09,5,5,1.679e-08,5,1.679e-08,1.67897e-08,1.67931e-08,1.67943e-08,1.67931e-08,1.67889e-08,5,8.44395e-09,5,5,2.49695,2.50305,2.54991,2.45009,2.45009,2.54991,2.50305,2.49695,-0.0001,-0.0731346,-0.0730867
42.0000,2.17814,2.5794,1.48635,7.59397e-09,4.95175,7.55851e-09,5,5,7.82861e-08,2.17483,2.57783,1.48437,8.20082e-05,4.94294,4.53427e-05,4.99996,4.99997,0.000166797,1.66832e-08,5,1.66832e-08,1.66832e-08,1.66832e-08,1.66832e-08,1.66832e-08,1.66832e-08,5,8.3416e-09,5,5,1.679e-08,5,1.679e-08,1.67897e-08,1.67931e-08,1.67943e-08,1.67931e-08,1.67889e-08,5,8.44395e-09,5,5,2.49738,2.50262,2.54993,2.45007,2.45007,2.54993,2.50262,2.49738,-0.0001,-0.0729396,-0.0728703
42.5000,2.17814,2.5794,1.48635,7.59397e-09,4.95175,7.55851e-09,5,5,7.82861e-08,2.17483,2.57783,1.48437,8.20082e-05,4.94294,4.53427e-05,4.99996,4.99997,0.000166797,1.66832e-08,5,1.66832e-08,1.66832e-08,1.66832e-08,1.66832e-08,1.66832e-08,1.66832e-08,5,8.34161e-09,5,5,1.679e-08,5,1.679e-08,1.67897e-08,1.67931e-08,1.67943e-08,1.67931e-08,1.67889e-08,5,8.44395e-09,5,5,2.49782,2.50218,2.54995,2.45005,2.45005,2.54995,2.50218,2.49782,-0.0001,-0.0727221,-0.0726534
43.0000,2.17814,2.5794,1.48635,7.59397e-09,4.95175,7.55851e-09,5,5,7.82861e-08,2.17483,2.57783,1.48437,8.20082e-05,4.94294,4.53427e-05,4.99996,4.99997,0.000166797,1.66832e-08,5,1.66832e-08,1.66832e-08,1.66832e-08,1.66832e-08,1.66832e-08,1.66832e-08,5,8.34161e-09,5,5,1.679e-08,5,1.679e-08,1.67897e-08,1.67931e-08,1.67943e-08,1.67931e-08,1.67889e-08,5,8.44395e-09,5,5,2.49826,2.50174,2.54997,2.45003,2.45003,2.54997,2.50174,2.49826,-0.0001,-0.0725122,-0.0724455
43.5000,2.17814,2.5794,1.48635,7.59397e-09,4.95175,7.55851e-09,5,5,7.82861e-08,2.17483,2.57783,1.48437,8.20082e-05,4.94294,4.53427e-05,4.99996,4.99997,0.000166797,1.66832e-08,5,1.66832e-08,1.66832e-08,1.66832e-08,1.66832e-08,1.66832e-08,1.66832e-08,5,8.3416e-09,5,5,1.679e-08,5,1.679e-08,1.67897e-08,1.67931e-08,1.67943e-08,1.67931e-08,1.67889e-08,5,8.44395e-09,5,5,2.49869,2.50131,2.54998,2.45002,2.45002,2.54998,2.50131,2.49869,-0.0001,-0.0723495,-0.0723059
44.0000,2.17814,2.5794,1.48635,7.59397e-09,4.95175,7.55851e-09,5,5,7.82861e-08,2.17483,2.57783,1.48437,8.20082e-05,4.94294,4.53427e-05,4.99996,4.99997,0.000166797,1.66832e-08,5,1.66832e-08,1.66832e-08,1.66832e-08,1.66832e-08,1.66832e-08,1.66832e-08,5,8.34161e-09,5,5,1.679e-08,5,1.679e-08,1.67897e-08,1.67931e-08,1.67943e-08,1.67931e-08,1.67889e-08,5,8.44395e-09,5,5,2.49913,2.50087,2.54999,2.45001,2.45001,2.54999,2.50087,2.49913,-0.0001,-0.0723157,-0.0722684
44.5000,2.17814,2.5794,1.48635,7.59397e-09,4.95175,7.55851e-09,5,5,7.82861e-08,2.17483,2.57783,1.48437,8.20082e-05,4.94294,4.53427e-05,4.99996,4.99997,0.000166797,1.66832e-08,5,1.66832e-08,1.66832e-08,1.66832e-08,1.66832e-08,1.66832e-08,1.66832e-08,5,8.3416e-09,5,5,1.679e-08,5,1.679e-08,1.67897e-08,1.67931e-08,1.67943e-08,1.67931e-08,1.67889e-08,5,8.44395e-09,5,5,2.49956,2.50044,2.55,2.45,2.45,2.55,2.50044,2.49956,-0.0001,-0.0723145,-0.0722655
45.0000,2.5794,2.17814,1.48635,7.55851e-09,5,7.59397e-09,4.95175,5,7.82861e-08,2.57783,2.17483,1.48437,4.53427e-05,4.99996,8.20082e-05,4.94294,4.99997,0.000166797,1.66832e-08,1.66832e-08,1.66832e-08,1.66832e-08,1.66832e-08,5,1.66832e-08,1.66832e-08,5,8.34161e-09,5,5,1.679e-08,1.67901e-08,1.67897e-08,1.67897e-08,1.67931e-08,5,1.67889e-08,1.67889e-08,5,8.44372e-09,5,5,2.5,2.5,2.55,2.45,2.45,2.55,2.5,2.5,-0.0001,-0.073521,-0.0732244
45.5000,2.5794,2.17814,1.48635,7.55851e-09,5,7.59397e-09,4.95175,5,7.82861e-08,2.57783,2.17483,1.48437,4.53427e-05,4.99996,8.20082e-05,4.94294,4.99997,0.000166797,1.66832e-08,1.66832e-08,1.66832e-08,1.66832e-08,1.66832e-08,5,1.66832e-08,1.66832e-08,5,8.34161e-09,5,5,1.679e-08,1.67901e-08,1.67897e-08,1.67897e-08,1.67931e-08,5,1.67889e-08,1.67889e-08,5,8.44371e-09,5,5,2.50044,2.49956,2.55,2.45,2.45,2.55,2.49956,2.50044,-0.0001,-0.0721425,-0.0721003
46.0000,2.5794,2.17814,1.48635,7.55851e-09,5,7.59397e-09,4.95175,5,7.82861e-08,2.57783,2.17483,1.48437,4.53427e-05,4.99996,8.20082e-05,4.94294,4.99997,0.000166797,1.66832e-08,1.66832e-08,1.66832e-08,1.66832e-08,1.66832e-08,5,1.66832e-08,1.66832e-08,5,8.34161e-09,5,5,1.679e-08,1.67901e-08,1.67897e-08,1.67897e-08,1.67931e-08,5,1.67889e-08,1.67889e-08,5,8.44371e-09,5,5,2.50087,2.49913,2.54999,2.45001,2.45001,2.54999,2.49913,2.50087,-0.0001,-0.0719874,-0.0719516
46.5000,2.5794,2.17814,1.48635,7.55851e-09,5,7.59397e-09,4.95175,5,7.82861e-08,2.57783,2.17483,1.48437,4.53427e-05,4.99996,8.20082e-05,4.94294,4.99997,0.000166797,1.66832e-08,1.66832e-08,1.66832e-08,1.66832e-08,1.66832e-08,5,1.66832e-08,1.66832e-08,5,8.34161e-09,5,5,1.679e-08,1.67901e-08,1.67897e-08,1.67897e-08,1.67931e-08,5,1.67889e-08,1.67889e-08,5,8.44371e-09,5,5,2.50131,2.49869,2.54998,2.45002,2.45002,2.54998,2.49869,2.50131,-0.0001,-0.0720642,-0.072036
47.0000,2.5794,2.17814,1.48635,7.55851e-09,5,7.59397e-09,4.95175,5,7.82861e-08,2.57783,2.17483,1.48437,4.53427e-05,4.99996,8.20082e-05,4.94294,4.99997,0.000166797,1.66832e-08,1.66832e-08,1.66832e-08,1.66832e-08,1.66832e-08,5,1.66832e-08,1.66832e-08,5,8.34161e-09,5,5,1.679e-08,1.67901e-08,1.67897e-08,1.67897e-08,1.67931e-08,5,1.67889e-08,1.67889e-08,5,8.44371e-09,5,5,2.50174,2.49826,2.54997,2.45003,2.45003,2.54997,2.49826,2.50174,-0.0001,-0.0723315,-0.0722825
47.5000,2.5794,2.17814,1.48635,7.55851e-09,5,7.59397e-09,4.95175,5,7.82861e-08,2.57783,2.17483,1.48437,4.53427e-05,4.99996,8.20082e-05,4.94294,4.99997,0.000166797,1.66832e-08,1.66832e-08,1.66832e-08,1.66832e-08,1.66832e-08,5,1.66832e-08,1.66832e-08,5,8.34161e-09,5,5,1.679e-08,1.67901e-08,1.67897e-08,1.67897e-08,1.67931e-08,5,1.67889e-08,1.67889e-08,5,8.44371e-09,5,5,2.50218,2.49782,2.54995,2.45005,2.45005,2.54995,2.49782,2.50218,-0.0001,-0.0726448,-0.0725942
48.0000,2.5794,2.17814,1.48635,7.55851e-09,5,7.59397e-09,4.95175,5,7.82861e-08,2.57783,2.17483,1.48437,4.53427e-05,4.99996,8.20082e-05,4.94294,4.99997,0.000166797,1.66832e-08,1.66832e-08,1.66832e-08,1.66832e-08,1.66832e-08,5,1.66832e-08,1.66832e-08,5,8.34161e-09,5,5,1.679e-08,1.67901e-08,1.67897e-08,1.67897e-08,1.67931e-08,5,1.67889e-08,1.67889e-08,5,8.44371e-09,5,5,2.50262,2.49738,2.54993,2.45007,2.45007,2.54993,2.49738,2.50262,-0.0001,-0.0729682,-0.0729159
48.5000,2.5794,2.17814,1.48635,7.55851e-09,5,7.59397e-09,4.95175,5,7.82861e-08,2.57783,2.17483,1.48437,4.53427e-05,4.99996,8.20082e-05,4.94294,4.99997,0.000166797,1.66832e-08,1.66832e-08,1.66832e-08,1.66832e-08,1.66832e-08,5,1.66832e-08,1.66832e-08,5,8.3416e-09,5,5,1.679e-08,1.67901e-08,1.67897e-08,1.67897e-08,1.67931e-08,5,1.67889e-08,1.67889e-08,5,8.44371e-09,5,5,2.50305,2.49695,2.54991,2.45009,2.45009,2.54991,2.49695,2.50305,-0.0001,-0.0732595,-0.0732172
49.0000,2.5794,2.17814,1.48635,7.55851e-09,5,7.59397e-09,4.95175,5,7.82861e-08,2.57783,2.17483,1.48437,4.53427e-05,4.99996,8.20082e-05,4.94294,4.99997,0.000166797,1.66832e-08,1.66832e-08,1.66832e-08,1.66832e-08,1.66832e-08,5,1.66832e-08,1.66832e-08,5,8.3416e-09,5,5,1.679e-08,1.67901e-08,1.67897e-08,1.67897e-08,1.67931e-08,5,1.67889e-08,1.67889e-08,5,8.44372e-09,5,5,2.50349,2.49651,2.54988,2.45012,2.45012,2.54988,2.49651,2.50349,-0.0001,-0.0734567,-0.0734235
49.5000,2.5794,2.17814,1.48635,7.55851e-09,5,7.59397e-09,4.95175,5,7.82861e-08,2.57783,2.17483,1.48437,4.53427e-05,4.99996,8.20082e-05,4.94294,4.99997,0.000166797,1.66832e-08,1.66832e-08,1.66832e-08,1.66832e-08,1.66832e-08,5,1.66832e-08,1.66832e-08,5,8.34161e-09,5,5,1.679e-08,1.67901e-08,1.67897e-08,1.67897e-08,1.67931e-08,5,1.67889e-08,1.67889e-08,5,8.44372e-09,5,5,2.50392,2.49608,2.54985,2.45015,2.45015,2.54985,2.49608,2.50392,-0.0001,-0.0736175,-0.0735813
50.0000,2.5794,2.17814,1.48635,7.55851e-09,5,7.59397e-09,4.95175,5,7.82861e-08,2.57783,2.17483,1.48437,4.53427e-05,4.99996,8.20082e-05,4.94294,4.99997,0.000166797,1.66832e-08,1.66832e-08,1.66832e-08,1.66832e-08,1.66832e-08,5,1.66832e-08,1.66832e-08,5,8.34161e-09,5,5,1.679e-08,1.67901e-08,1.67897e-08,1.67897e-08,1.67931e-08,5,1.67889e-08,1.67889e-08,5,8.44372e-09,5,5,2.50436,2.49564,2.54981,2.45019,2.45019,2.54981,2.49564,2.50436,-0.0001,-0.0737479,-0.0737077
50.5000,2.5794,2.17814,1.48635,7.55851e-09,5,7.59397e-09,4.95175,5,7.82861e-08,2.57783,2.17483,1.48437,4.53427e-05,4.99996,8.20082e-05,4.94294,4.99997,0.000166797,1.66832e-08,1.66832e-08,1.66832e-08,1.66832e-08,1.66832e-08,5,1.66832e-08,1.66832e-08,5,8.34161e-09,5,5,1.679e-08,1.67901e-08,1.67897e-08,1.67897e-08,1.67931e-08,5,1.67889e-08,1.67889e-08,5,8.44372e-09,5,5,2.50479,2.49521,2.54977,2.45023,2.45023,2.54977,2.49521,2.50479,-0.0001,-0.0738479,-0.0738036
51.0000,2.5794,2.17814,1.48635,7.55851e-09,5,7.59397e-09,4.95175,5,7.82861e-08,2.57783,2.17483,1.48437,4.53427e-05,4.99996,8.20082e-05,4.94294,4.99997,0.000166797,1.66832e-08,1.66832e-08,1.66832e-08,1.66832e-08,1.66832e-08,5,1.66832e-08,1.66832e-08,5,8.3416e-09,5,5,1.679e-08,1.67901e-08,1.67897e-08,1.67897e-08,1.67931e-08,5,1.67889e-08,1.67889e-08,5,8.44372e-09,5,5,2.50523,2.49477,2.54973,2.45027,2.45027,2.54973,2.49477,2.50523,-0.0001,-0.0739194,-0.0738711
51.5000,2.5794,2.17814,1.48635,7.55851e-09,5,7.59397e-09,4.95175,5,7.82861e-08,2.57783,2.17483,1.48437,4.53427e-05,4.99996,8.20082e-05,4.94294,4.99997,0.000166797,1.66832e-08,1.66832e-08,1.66832e-08,1.66832e-08,1.66832e-08,5,1.66832e-08,1.66832e-08,5,8.34161e-09,5,5,1.679e-08,1.67901e-08,1.67897e-08,1.67897e-08,1.67931e-08,5,1.67889e-08,1.67889e-08,5,8.44372e-09,5,5,2.50566,2.49434,2.54968,2.45032,2.45032,2.54968,2.49434,2.50566,-0.0001,-0.0739659,-0.0739142
52.0000,2.5794,2.17814,1.48635,7.55851e-09,5,7.59397e-09,4.95175,5,7.82861e-08,2.57783,2.17483,1.48437,4.53427e-05,4.99996,8.20082e-05,4.94294,4.99997,0.000166797,1.66832e-08,1.66832e-08,1.66832e-08,1.66832e-08,1.66832e-08,5,1.66832e-08,1.66832e-08,5,8.3416e-09,5,5,1.679e-08,1.67901e-08,1.67897e-08,1.67897e-08,1.67931e-08,5,1.67889e-08,1.67889e-08,5,8.44372e-09,5,5,2.50609,2.49391,2.54963,2.45037,2.45037,2.54963,2.49391,2.50609,-0.0001,-0.0739937,-0.0739395
52.5000,2.5794,2.17814,1.48635,7.55851e-09,5,7.59397e-09,4.95175,5,7.82861e-08,2.57783,2.17483,1.48437,4.53427e-05,4.99996,8.20082e-05,4.94294,4.99997,0.000166797,1.66832e-08,1.66832e-08,1.66832e-08,1.66832e-08,1.66832e-08,5,1.66832e-08,1.66832e-08,5,8.34161e-09,5,5,1.679e-08,1.67901e-08,1.67897e-08,1.67897e-08,1.67931e-08,5,1.67889e-08,1.67889e-08,5,8.44372e-09,5,5,2.50653,2.49347,2.54957,2.45043,2.45043,2.54957,2.49347,2.50653,-0.0001,-0.074009,-0.0739531
53.0000,2.5794,2.17814,1.48635,7.55851e-09,5,7.59397e-09,4.95175,5,7.82861e-08,2.57783,2.17483,1.48437,4.53427e-05,4.99996,8.20082e-05,4.94294,4.99997,0.000166797,1.66832e-08,1.66832e-08,1.66832e-08,1.66832e-08,1.66832e-08,5,1.66832e-08,1.66832e-08,5,8.34161e-09,5,5,1.679e-08,1.67901e-08,1.67897e-08,1.67897e-08,1.67931e-08,5,1.67889e-08,1.67889e-08,5,8.44372e-09,5,5,2.50696,2.49304,2.54952,2.45048,2.45048,2.54952,2.49304,2.50696,-0.0001,-0.0740155,-0.0739582
53.5000,2.5794,2.17814,1.48635,7.55851e-09,5,7.59397e-09,4.95175,5,7.82861e-08,2.57783,2.17483,1.48437,4.53427e-05,4.99996,8.20082e-05,4.94294,4.99997,0.000166797,1.66832e-08,1.66832e-08,1.66832e-08,1.66832e-08,1.66832e-08,5,1.66832e-08,1.66832e-08,5,8.3416e-09,5,5,1.679e-08,1.67901e-08,1.67897e-08,1.67897e-08,1.67931e-08,5,1.67889e-08,1.67889e-08,5,8.44372e-09,5,5,2.50739,2.49261,2.54945,2.45055,2.45055,2.54945,2.49261,2.50739,-0.0001,-0.074015,-0.0739566
54.0000,2.5794,2.17814,1.48635,7.55851e-09,5,7.59397e-09,4.95175,5,7.82861e-08,2.57783,2.17483,1.48437,4.53427e-05,4.99996,8.20082e-05,4.94294,4.99997,0.000166797,1.66832e-08,1.66832e-08,1.66832e-08,1.66832e-08,1.66832e-08,5,1.66832e-08,1.66832e-08,5,8.3416e-09,5,5,1.679e-08,1.67901e-08,1.67897e-08,1.67897e-08,1.67931e-08,5,1.67889e-08,1.67889e-08,5,8.44372e-09,5,5,2.50782,2.49218,2.54939,2.45061,2.45061,2.54939,2.49218,2.50782,-0.0001,-0.074008,-0.0739485
54.5000,2.5794,2.17814,1.48635,7.55851e-09,5,7.59397e-09,4.95175,5,7.82861e-08,2.57783,2.17483,1.48437,4.53427e-05,4.99996,8.20082e-05,4.94294,4.99997,0.000166797,1.66832e-08,1.66832e-08,1.66832e-08,1.66832e-08,1.66832e-08,5,1.66832e-08,1.66832e-08,5,8.34162e-09,5,5,1.679e-08,1.67901e-08,1.67897e-08,1.67897e-08,1.67931e-08,5,1.67889e-08,1.67889e-08,5,8.44372e-09,5,5,2.50825,2.49175,2.54932,2.45068,2.45068,2.54932,2.49175,2.50825,-0.0001,-0.0739946,-0.0739337
55.0000,2.5794,2.17814,1.48635,7.55851e-09,5,7.59397e-09,4.95175,5,7.82861e-08,2.57783,2.17483,1.48437,4.53427e-05,4.99996,8.20082e-05,4.94294,4.99997,0.000166797,1.66832e-08,1.66832e-08,1.66832e-08,1.66832e-08,1.66832e-08,5,1.66832e-08,1.66832e-08,5,8.3416e-09,5,5,1.679e-08,1.67901e-08,1.67897e-08,1.67897e-08,1.67931e-08,5,1.67889e-08,1.67889e-08,5,8.44372e-09,5,5,2.50868,2.49132,2.54924,2.45076,2.45076,2.54924,2.49132,2.50868,-0.0001,-0.0739747,-0.0739124
55.5000,2.5794,2.17814,1.48635,7.55851e-09,5,7.59397e-09,4.95175,5,7.82861e-08,2.57783,2.17483,1.48437,4.53427e-05,4.99996,8.20082e-05,4.94294,4.99997,0.000166797,1.66832e-08,1.66832e-08,1.66832e-08,1.66832e-08,1.66832e-08,5,1.66832e-08,1.66832e-08,5,8.34161e-09,5,5,1.679e-08,1.67901e-08,1.67897e-08,1.67897e-08,1.67931e-08,5,1.67889e-08,1.67889e-08,5,8.44372e-09,5,5,2.50911,2.49089,2.54916,2.45084,2.45084,2.54916,2.49089,2.50911,-0.0001,-0.0739485,-0.0738843
56.0000,2.5794,2.17814,1.48635,7.55851e-09,5,7.59397e-09,4.95175,5,7.82861e-08,2.57783,2.17483,1.48437,4.53427e-05,4.99996,8.20082e-05,4.94294,4.99997,0.000166797,1.66832e-08,1.66832e-08,1.66832e-08,1.66832e-08,1.66832e-08,5,1.66832e-08,1.66832e-08,5,8.3416e-09,5,5,1.679e-08,1.67901e-08,1.67897e-08,1.67897e-08,1.67931e-08,5,1.67889e-08,1.67889e-08,5,8.44372e-09,5,5,2.50954,2.49046,2.54908,2.45092,2.45092,2.54908,2.49046,2.50954,-0.0001,-0.0739158,-0.0738491
56.5000,2.5794,2.17814,1.48635,7.55851e-09,5,7.59397e-09,4.95175,5,7.82861e-08,2.57783,2.17483,1.48437,4.53427e-05,4.99996,8.20082e-05,4.94294,4.99997,0.000166797,1.66832e-08,1.66832e-08,1.66832e-08,1.66832e-08,1.66832e-08,5,1.66832e-08,1.66832e-08,5,8.3416e-09,5,5,1.679e-08,1.67901e-08,1.67897e-08,1.67897e-08,1.67931e-08,5,1.67889e-08,1.67889e-08,5,8.44372e-09,5,5,2.50997,2.49003,2.549,2.451,2.451,2.549,2.49003,2.50997,-0.0001,-0.0738768,-0.0738067
57.0000,2.5794,2.17814,1.48635,7.55851e-09,5,7.59397e-09,4.95175,5,7.82861e-08,2.57783,2.17483,1.48437,4.53427e-05,4.99996,8.20082e-05,4.94294,4.99997,0.000166797,1.66832e-08,1.66832e-08,1.66832e-08,1.66832e-08,1.66832e-08,5,1.66832e-08,1.66832e-08,5,8.34162e-09,5,5,1.679e-08,1.67901e-08,1.67897e-08,1.67897e-08,1.67931e-08,5,1.67889e-08,1.67889e-08,5,8.44372e-09,5,5,2.5104,2.4896,2.54891,2.45109,2.45109,2.54891,2.4896,2.5104,-0.0001,-0.0738319,-0.0737568
57.5000,2.5794,2.17814,1.48635,7.55851e-09,5,7.59397e-09,4.95175,5,7.82861e-08,2.57783,2.17483,1.48437,4.53427e-05,4.99996,8.20082e-05,4.94294,4.99997,0.000166797,1.66832e-08,1.66832e-08,1.66832e-08,1.66832e-08,1.66832e-08,5,1.66832e-08,1.66832e-08,5,8.34161e-09,5,5,1.679e-08,1.67901e-08,1.67897e-08,1.67897e-08,1.67931e-08,5,1.67889e-08,1.67889e-08,5,8.44372e-09,5,5,2.51082,2.48918,2.54882,2.45118,2.45118,2.54882,2.48918,2.51082,-0.0001,-0.0737822,-0.0736998
58.0000,2.5794,2.17814,1.48635,7.55851e-09,5,7.59397e-09,4.95175,5,7.82861e-08,2.57783,2.17483,1.48437,4.53427e-05,4.99996,8.20082e-05,4.94294,4.99997,0.000166797,1.66832e-08,1.66832e-08,1.66832e-08,1.66832e-08,1.66832e-08,5,1.66832e-08,1.66832e-08,5,8.34161e-09,5,5,1.679e-08,1.67901e-08,1.67897e-08,1.67897e-08,1.67931e-08,5,1.67889e-08,1.67889e-08,5,8.44372e-09,5,5,2.51125,2.48875,2.54872,2.45128,2.45128,2.54872,2.48875,2.51125,-0.0001,-0.0737296,-0.0736376
58.5000,2.5794,2.17814,1.48635,7.55851e-09,5,7.59397e-09,4.95175,5,7.82861e-08,2.57783,2.17483,1.48437,4.53427e-05,4.99996,8.20082e-05,4.94294,4.99997,0.000166797,1.66832e-08,1.66832e-08,1.66832e-08,1.66832e-08,1.66832e-08,5,1.66832e-08,1.66832e-08,5,8.34161e-09,5,5,1.679e-08,1.67901e-08,1.67897e-08,1.67897e-08,1.67931e-08,5,1.67889e-08,1.67889e-08,5,8.44372e-09,5,5,2.51167,2.48833,2.54862,2.45138,2.45138,2.54862,2.48833,2.51167,-0.0001,-0.073677,-0.0735727
59.0000,2.5794,2.17814,1.48635,7.55851e-09,5,7.59397e-09,4.95175,5,7.82861e-08,2.57783,2.17483,1.48437,4.53427e-05,4.99996,8.20082e-05,4.94294,4.99997,0.000166797,1.66832e-08,1.66832e-08,1.66832e-08,1.66832e-08,1.66832e-08,5,1.66832e-08,1.66832e-08,5,8.3416e-09,5,5,1.679e-08,1.67901e-08,1.67897e-08,1.67897e-08,1.67931e-08,5,1.67889e-08,1.67889e-08,5,8.44371e-09,5,5,2.5121,2.4879,2.54852,2.45148,2.45148,2.54852,2.4879,2.5121,-0.0001,-0.0736282,-0.0735086
59.5000,2.5794,2.17814,1.48635,7.55851e-09,5,7.59397e-09,4.95175,5,7.82861e-08,2.57783,2.17483,1.48437,4.53427e-05,4.99996,8.20082e-05,4.94294,4.99997,0.000166797,1.66832e-08,1.66832e-08,1.66832e-08,1.66832e-08,1.66832e-08,5,1.66832e-08,1.66832e-08,5,8.34161e-09,5,5,1.679e-08,1.67901e-08,1.67897e-08,1.67897e-08,1.67931e-08,5,1.67889e-08,1.67889e-08,5,8.44372e-09,5,5,2.51252,2.48748,2.54841,2.45159,2.45159,2.54841,2.48748,2.51252,-0.0001,-0.0735868,-0.073449
60.0000,2.5794,2.17814,1.48635,7.55851e-09,5,7.59397e-09,4.95175,5,7.82861e-08,2.57783,2.17483,1.48437,4.53427e-05,4.99996,8.20082e-05,4.94294,4.99997,0.000166797,1.66832e-08,1.66832e-08,1.66832e-08,1.66832e-08,1.66832e-08,5,1.66832e-08,1.66832e-08,5,8.3416e-09,5,5,1.679e-08,1.67901e-08,1.67897e-08,1.67897e-08,1.67931e-08,5,1.67889e-08,1.67889e-08,5,8.44372e-09,5,5,2.51294,2.48706,2.5483,2.4517,2.4517,2.5483,2.48706,2.51294,-0.0001,-0.0735555,-0.0733977
60.5000,2.5794,2.17814,1.48635,7.55851e-09,5,7.59397e-09,4.95175,5,7.82861e-08,2.57783,2.17483,1.48437,4.53427e-05,4.99996,8.20082e-05,4.94294,4.99997,0.000166797,1.66832e-08,1.66832e-08,1.66832e-08,1.66832e-08,1.66832e-08,5,1.66832e-08,1.66832e-08,5,8.34161e-09,5,5,1.679e-08,1.67901e-08,1.67897e-08,1.67897e-08,1.67931e-08,5,1.67889e-08,1.67889e-08,5,8.44371e-09,5,5,2.51336,2.48664,2.54818,2.45182,2.45182,2.54818,2.48664,2.51336,-0.0001,-0.0735235,-0.0733578
61.0000,2.5794,2.17814,1.48635,7.55851e-09,5,7.59397e-09,4.95175,5,7.82861e-08,2.57783,2.17483,1.48437,4.53427e-05,4.99996,8.20082e-05,4.94294,4.99997,0.000166797,1.66832e-08,1.66832e-08,1.66832e-08,1.66832e-08,1.66832e-08,5,1.66832e-08,1.66832e-08,5,8.34161e-09,5,5,1.679e-08,1.67901e-08,1.67897e-08,1.67897e-08,1.67931e-08,5,1.67889e-08,1.67889e-08,5,8.44372e-09,5,5,2.51378,2.48622,2.54806,2.45194,2.45194,2.54806,2.48622,2.51378,-0.0001,-0.073455,-0.0733252
61.5000,2.5794,2.17814,1.48635,7.55851e-09,5,7.59397e-09,4.95175,5,7.82861e-08,2.57783,2.17483,1.48437,4.53427e-05,4.99996,8.20082e-05,4.94294,4.99997,0.000166797,1.66832e-08,1.66832e-08,1.66832e-08,1.66832e-08,1.66832e-08,5,1.66832e-08,1.66832e-08,5,8.34161e-09,5,5,1.679e-08,1.67901e-08,1.67897e-08,1.67897e-08,1.67931e-08,5,1.67889e-08,1.67889e-08,5,8.44371e-09,5,5,2.5142,2.4858,2.54794,2.45206,2.45206,2.54794,2.4858,2.5142,-0.0001,-0.0733731,-0.073277
62.0000,2.5794,2.17814,1.48635,7.55851e-09,5,7.59397e-09,4.95175,5,7.82861e-08,2.57783,2.17483,1.48437,4.53427e-05,4.99996,8.20082e-05,4.94294,4.99997,0.000166797,1.66832e-08,1.66832e-08,1.66832e-08,1.66832e-08,1.66832e-08,5,1.66832e-08,1.66832e-08,5,8.34161e-09,5,5,1.679e-08,1.67901e-08,1.67897e-08,1.67897e-08,1.67931e-08,5,1.67889e-08,1.67889e-08,5,8.44371e-09,5,5,2.51462,2.48538,2.54782,2.45218,2.45218,2.54782,2.48538,2.51462,-0.0001,-0.073306,-0.0732216
62.5000,2.5794,2.17814,1.48635,7.55851e-09,5,7.59397e-09,4.95175,5,7.82861e-08,2.57783,2.17483,1.48437,4.53427e-05,4.99996,8.20082e-05,4.94294,4.99997,0.000166797,1.66832e-08,1.66832e-08,1.66832e-08,1.66832e-08,1.66832e-08,5,1.66832e-08,1.66832e-08,5,8.34161e-09,5,5,1.679e-08,1.67901e-08,1.67897e-08,1.67897e-08,1.67931e-08,5,1.67889e-08,1.67889e-08,5,8.44371e-09,5,5,2.51504,2.48496,2.54769,2.45231,2.45231,2.54769,2.48496,2.51504,-0.0001,-0.0732548,-0.0731762
63.0000,2.5794,2.17814,1.48635,7.55851e-09,5,7.59397e-09,4.95175,5,7.82861e-08,2.57783,2.17483,1.48437,4.53427e-05,4.99996,8.20082e-05,4.94294,4.99997,0.000166797,1.66832e-08,1.66832e-08,1.66832e-08,1.66832e-08,1.66832e-08,5,1.66832e-08,1.66832e-08,5,8.3416e-09,5,5,1.679e-08,1.67901e-08,1.67897e-08,1.67897e-08,1.67931e-08,5,1.67889e-08,1.67889e-08,5,8.44371e-09,5,5,2.51545,2.48455,2.54755,2.45245,2.45245,2.54755,2.48455,2.51545,-0.0001,-0.0732114,-0.0731363
63.5000,2.5794,2.17814,1.48635,7.55851e-09,5,7.59397e-09,4.95175,5,7.82861e-08,2.57783,2.17483,1.48437,4.53427e-05,4.99996,8.20082e-05,4.94294,4.99997,0.000166797,1.66832e-08,1.66832e-08,1.66832e-08,1.66832e-08,1.66832e-08,5,1.66832e-08,1.66832e-08,5,8.34161e-09,5,5,1.679e-08,1.67901e-08,1.67897e-08,1.67897e-08,1.67931e-08,5,1.67889e-08,1.67889e-08,5,8.44371e-09,5,5,2.51587,2.48413,2.54742,2.45258,2.45258,2.54742,2.48413,2.51587,-0.0001,-0.0731723,-0.0730997
64.0000,2.5794,2.17814,1.48635,7.55851e-09,5,7.59397e-09,4.95175,5,7.82861e-08,2.57783,2.17483,1.48437,4.53427e-05,4.99996,8.20082e-05,4.94294,4.99997,0.000166797,1.66832e-08,1.66832e-08,1.66832e-08,1.66832e-08,1.66832e-08,5,1.66832e-08,1.66832e-08,5,8.3416e-09,5,5,1.679e-08,1.67901e-08,1.67897e-08,1.67897e-08,1.67931e-08,5,1.67889e-08,1.67889e-08,5,8.44371e-09,5,5,2.51628,2.48372,2.54728,2.45272,2.45272,2.54728,2.48372,2.51628,-0.0001,-0.0731391,-0.0730682
64.5000,2.5794,2.17814,1.48635,7.55851e-09,5,7.59397e-09,4.95175,5,7.82861e-08,2.57783,2.17483,1.48437,4.53427e-05,4.99996,8.20082e-05,4.94294,4.99997,0.000166797,1.66832e-08,1.66832e-08,1.66832e-08,1.66832e-08,1.66832e-08,5,1.66832e-08,1.66832e-08,5,8.34161e-09,5,5,1.679e-08,1.67901e-08,1.67897e-08,1.67897e-08,1.67931e-08,5,1.67889e-08,1.67889e-08,5,8.44371e-09,5,5,2.51669,2.48331,2.54713,2.45287,2.45287,2.54713,2.48331,2.51669,-0.0001,-0.0731174,-0.0730447
65.0000,2.5794,2.17814,1.48635,7.55851e-09,5,7.59397e-09,4.95175,5,7.82861e-08,2.57783,2.17483,1.48437,4.53427e-05,4.99996,8.20082e-05,4.94294,4.99997,0.000166797,1.66832e-08,1.66832e-08,1.66832e-08,1.66832e-08,1.66832e-08,5,1.66832e-08,1.66832e-08,5,8.3416e-09,5,5,1.679e-08,1.67901e-08,1.67897e-08,1.67897e-08,1.67931e-08,5,1.67889e-08,1.67889e-08,5,8.44371e-09,5,5,2.5171,2.4829,2.54699,2.45301,2.45301,2.54699,2.4829,2.5171,-0.0001,-0.0731162,-0.0730317
65.5000,2.5794,2.17814,1.48635,7.55851e-09,5,7.59397e-09,4.95175,5,7.82861e-08,2.57783,2.17483,1.48437,4.53427e-05,4.99996,8.20082e-05,4.94294,4.99997,0.000166797,1.66832e-08,1.66832e-08,1.66832e-08,1.66832e-08,1.66832e-08,5,1.66832e-08,1.66832e-08,5,8.34161e-09,5,5,1.679e-08,1.67901e-08,1.67897e-08,1.67897e-08,1.67931e-08,5,1.67889e-08,1.67889e-08,5,8.44371e-09,5,5,2.51751,2.48249,2.54684,2.45316,2.45316,2.54684,2.48249,2.51751,-0.0001,-0.0731356,-0.0730282
66.0000,2.5794,2.17814,1.48635,7.55851e-09,5,7.59397e-09,4.95175,5,7.82861e-08,2.57783,2.17483,1.48437,4.53427e-05,4.99996,8.20082e-05,4.94294,4.99997,0.000166797,1.66832e-08,1.66832e-08,1.66832e-08,1.66832e-08,1.66832e-08,5,1.66832e-08,1.66832e-08,5,8.34161e-09,5,5,1.679e-08,1.67901e-08,1.67897e-08,1.67897e-08,1.67931e-08,5,1.67889e-08,1.67889e-08,5,8.44371e-09,5,5,2.51792,2.48208,2.54668,2.45332,2.45332,2.54668,2.48208,2.51792,-0.0001,-0.0731654,-0.0730318
66.5000,2.5794,2.17814,1.48635,7.55851e-09,5,7.59397e-09,4.95175,5,7.82861e-08,2.57783,2.17483,1.48437,4.53427e-05,4.99996,8.20082e-05,4.94294,4.99997,0.000166797,1.66832e-08,1.66832e-08,1.66832e-08,1.66832e-08,1.66832e-08,5,1.66832e-08,1.66832e-08,5,8.3416e-09,5,5,1.679e-08,1.67901e-08,1.67897e-08,1.67897e-08,1.67931e-08,5,1.67889e-08,1.67889e-08,5,8.44371e-09,5,5,2.51833,2.48167,2.54652,2.45348,2.45348,2.54652,2.48167,2.51833,-0.0001,-0.073198,-0.0730417
67.0000,2.5794,2.17814,1.48635,7.55851e-09,5,7.59397e-09,4.95175,5,7.82861e-08,2.57783,2.17483,1.48437,4.53427e-05,4.99996,8.20082e-05,4.94294,4.99997,0.000166797,1.66832e-08,1.66832e-08,1.66832e-08,1.66832e-08,1.66832e-08,5,1.66832e-08,1.66832e-08,5,8.34161e-09,5,5,1.679e-08,1.67901e-08,1.67897e-08,1.67897e-08,1.67931e-08,5,1.67889e-08,1.67889e-08,5,8.44371e-09,5,5,2.51873,2.48127,2.54636,2.45364,2.45364,2.54636,2.48127,2.51873,-0.0001,-0.0732295,-0.0730546
67.5000,2.5794,2.17814,1.48635,7.55851e-09,5,7.59397e-09,4.95175,5,7.82861e-08,2.57783,2.17483,1.48437,4.53427e-05,4.99996,8.20082e-05,4.94294,4.99997,0.000166797,1.66832e-08,1.66832e-08,1.66832e-08,1.66832e-08,1.66832e-08,5,1.66832e-08,1.66832e-08,5,8.34162e-09,5,5,1.679e-08,1.67901e-08,1.67897e-08,1.67897e-08,1.67931e-08,5,1.67889e-08,1.67889e-08,5,8.44371e-09,5,5,2.51913,2.48087,2.5462,2.4538,2.4538,2.5462,2.48087,2.51913,-0.0001,-0.0732578,-0.0730668
68.0000,2.5794,2.17814,1.48635,7.55851e-09,5,7.59397e-09,4.95175,5,7.82861e-08,2.57783,2.17483,1.48437,4.53427e-05,4.99996,8.20082e-05,4.94294,4.99997,0.000166797,1.66832e-08,1.66832e-08,1.66832e-08,1.66832e-08,1.66832e-08,5,1.66832e-08,1.66832e-08,5,8.34161e-09,5,5,1.679e-08,1.67901e-08,1.67897e-08,1.67897e-08,1.67931e-08,5,1.67889e-08,1.67889e-08,5,8.44371e-09,5,5,2.51954,2.48046,2.54603,2.45397,2.45397,2.54603,2.48046,2.51954,-0.0001,-0.0732822,-0.0730769
68.5000,2.5794,2.17814,1.48635,7.55851e-09,5,7.59397e-09,4.95175,5,7.82861e-08,2.57783,2.17483,1.48437,4.53427e-05,4.99996,8.20082e-05,4.94294,4.99997,0.000166797,1.66832e-08,1.66832e-08,1.66832e-08,1.66832e-08,1.66832e-08,5,1.66832e-08,1.66832e-08,5,8.34161e-09,5,5,1.679e-08,1.67901e-08,1.67897e-08,1.67897e-08,1.67931e-08,5,1.67889e-08,1.67889e-08,5,8.44371e-09,5,5,2.51994,2.48006,2.54585,2.45415,2.45415,2.54585,2.48006,2.51994,-0.0001,-0.0733034,-0.0730851
69.0000,2.5794,2.17814,1.48635,7.55851e-09,5,7.59397e-09,4.95175,5,7.82861e-08,2.57783,2.17483,1.48437,4.53427e-05,4.99996,8.20082e-05,4.94294,4.99997,0.000166797,1.66832e-08,1.66832e-08,1.66832e-08,1.66832e-08,1.66832e-08,5,1.66832e-08,1.66832e-08,5,8.3416e-09,5,5,1.679e-08,1.67901e-08,1.67897e-08,1.67897e-08,1.67931e-08,5,1.67889e-08,1.67889e-08,5,8.44371e-09,5,5,2.52034,2.47966,2.54568,2.45432,2.45432,2.54568,2.47966,2.52034,-0.0001,-0.0733217,-0.0730922
69.5000,2.5794,2.17814,1.48635,7.55851e-09,5,7.59397e-09,4.95175,5,7.82861e-08,2.57783,2.17483,1.48437,4.53427e-05,4.99996,8.20082e-05,4.94294,4.99997,0.000166797,1.66832e-08,1.66832e-08,1.66832e-08,1.66832e-08,1.66832e-08,5,1.66832e-08,1.66832e-08,5,8.3416e-09,5,5,1.679e-08,1.67901e-08,1.67897e-08,1.67897e-08,1.67931e-08,5,1.67889e-08,1.67889e-08,5,8.44371e-09,5,5,2.52073,2.47927,2.5455,2.4545,2.4545,2.5455,2.47927,2.52073,-0.0001,-0.0733978,-0.0731584
70.0000,2.5794,2.17814,1.48635,7.55851e-09,5,7.59397e-09,4.95175,5,7.82861e-08,2.57783,2.17483,1.48437,4.53427e-05,4.99996,8.20082e-05,4.94294,4.99997,0.000166797,1.66832e-08,1.66832e-08,1.66832e-08,1.66832e-08,1.66832e-08,5,1.66832e-08,1.66832e-08,5,8.3416e-09,5,5,1.679e-08,1.67901e-08,1.67897e-08,1.67897e-08,1.67931e-08,5,1.67889e-08,1.67889e-08,5,8.44371e-09,5,5,2.52113,2.47887,2.54532,2.45468,2.45468,2.54532,2.47887,2.52113,-0.0001,-0.0734768,-0.0732269
70.5000,2.5794,2.17814,1.48635,7.55851e-09,5,7.59397e-09,4.95175,5,7.82861e-08,2.57783,2.17483,1.48437,4.53427e-05,4.99996,8.20082e-05,4.94294,4.99997,0.000166797,1.66832e-08,1.66832e-08,1.66832e-08,1.66832e-08,1.66832e-08,5,1.66832e-08,1.66832e-08,5,8.3416e-09,5,5,1.679e-08,1.67901e-08,1.67897e-08,1.67897e-08,1.67931e-08,5,1.67889e-08,1.67889e-08,5,8.44372e-09,5,5,2.52153,2.47847,2.54513,2.45487,2.45487,2.54513,2.47847,2.52153,-0.0001,-0.0735481,-0.0732887
71.0000,2.5794,2.17814,1.48635,7.55851e-09,5,7.59397e-09,4.95175,5,7.82861e-08,2.57783,2.17483,1.48437,4.53427e-05,4.99996,8.20082e-05,4.94294,4.99997,0.000166797,1.66832e-08,1.66832e-08,1.66832e-08,1.66832e-08,1.66832e-08,5,1.66832e-08,1.66832e-08,5,8.34161e-09,5,5,1.679e-08,1.67901e-08,1.67897e-08,1.67897e-08,1.67931e-08,5,1.67889e-08,1.67889e-08,5,8.44372e-09,5,5,2.52192,2.47808,2.54494,2.45506,2.45506,2.54494,2.47808,2.52192,-0.0001,-0.0736109,-0.0733428
71.5000,2.5794,2.17814,1.48635,7.55851e-09,5,7.59397e-09,4.95175,5,7.82861e-08,2.57783,2.17483,1.48437,4.53427e-05,4.99996,8.20082e-05,4.94294,4.99997,0.000166797,1.66832e-08,1.66832e-08,1.66832e-08,1.66832e-08,1.66832e-08,5,1.66832e-08,1.66832e-08,5,8.3416e-09,5,5,1.679e-08,1.67901e-08,1.67897e-08,1.67897e-08,1.67931e-08,5,1.67889e-08,1.67889e-08,5,8.44372e-09,5,5,2.52231,2.47769,2.54475,2.45525,2.45525,2.54475,2.47769,2.52231,-0.0001,-0.0736654,-0.0733896
72.0000,2.5794,2.17814,1.48635,7.55851e-09,5,7.59397e-09,4.95175,5,7.82861e-08,2.57783,2.17483,1.48437,4.53427e-05,4.99996,8.20082e-05,4.94294,4.99997,0.000166797,1.66832e-08,1.66832e-08,1.66832e-08,1.66832e-08,1.66832e-08,5,1.66832e-08,1.66832e-08,5,8.3416e-09,5,5,1.679e-08,1.67901e-08,1.67897e-08,1.67897e-08,1.67931e-08,5,1.67889e-08,1.67889e-08,5,8.44372e-09,5,5,2.5227,2.4773,2.54455,2.45545,2.45545,2.54455,2.4773,2.5227,-0.0001,-0.0737129,-0.0734303
72.5000,2.5794,2.17814,1.48635,7.55851e-09,5,7.59397e-09,4.95175,5,7.82861e-08,2.57783,2.17483,1.48437,4.53427e-05,4.99996,8.20082e-05,4.94294,4.99997,0.000166797,1.66832e-08,1.66832e-08,1.66832e-08,1.66832e-08,1.66832e-08,5,1.66832e-08,1.66832e-08,5,8.34161e-09,5,5,1.679e-08,1.67901e-08,1.67897e-08,1.67897e-08,1.67931e-08,5,1.67889e-08,1.67889e-08,5,8.44372e-09,5,5,2.52309,2.47691,2.54435,2.45565,2.45565,2.54435,2.47691,2.52309,-0.0001,-0.073755,-0.0734663
73.0000,2.5794,2.17814,1.48635,7.55851e-09,5,7.59397e-09,4.95175,5,7.82861e-08,2.57783,2.17483,1.48437,4.53427e-05,4.99996,8.20082e-05,4.94294,4.99997,0.000166797,1.66832e-08,1.66832e-08,1.66832e-08,1.66832e-08,1.66832e-08,5,1.66832e-08,1.66832e-08,5,8.3416e-09,5,5,1.679e-08,1.67901e-08,1.67897e-08,1.67897e-08,1.67931e-08,5,1.67889e-08,1.67889e-08,5,8.44372e-09,5,5,2.52347,2.47653,2.54415,2.45585,2.45585,2.54415,2.47653,2.52347,-0.0001,-0.0737927,-0.0734987
73.5000,2.5794,2.17814,1.48635,7.55851e-09,5,7.59397e-09,4.95175,5,7.82861e-08,2.57783,2.17483,1.48437,4.53427e-05,4.99996,8.20082e-05,4.94294,4.99997,0.000166797,1.66832e-08,1.66832e-08,1.66832e-08,1.66832e-08,1.66832e-08,5,1.66832e-08,1.66832e-08,5,8.34161e-09,5,5,1.679e-08,1.67901e-08,1.67897e-08,1.67897e-08,1.67931e-08,5,1.67889e-08,1.67889e-08,5,8.44372e-09,5,5,2.52386,2.47614,2.54394,2.45606,2.45606,2.54394,2.47614,2.52386,-0.0001,-0.0738267,-0.0735279
74.0000,2.5794,2.17814,1.48635,7.55851e-09,5,7.59397e-09,4.95175,5,7.82861e-08,2.57783,2.17483,1.48437,4.53427e-05,4.99996,8.20082e-05,4.94294,4.99997,0.000166797,1.66832e-08,1.66832e-08,1.66832e-08,1.66832e-08,1.66832e-08,5,1.66832e-08,1.66832e-08,5,8.3416e-09,5,5,1.679e-08,1.67901e-08,1.67897e-08,1.67897e-08,1.67931e-08,5,1.67889e-08,1.67889e-08,5,8.44372e-09,5,5,2.52424,2.47576,2.54373,2.45627,2.45627,2.54373,2.47576,2.52424,-0.0001,-0.0738573,-0.0735543
74.5000,2.5794,2.17814,1.48635,7.55851e-09,5,7.59397e-09,4.95175,5,7.82861e-08,2.57783,2.17483,1.48437,4.53427e-05,4.99996,8.20082e-05,4.94294,4.99997,0.000166797,1.66832e-08,1.66832e-08,1.66832e-08,1.66832e-08,1.66832e-08,5,1.66832e-08,1.66832e-08,5,8.34161e-09,5,5,1.679e-08,1.67901e-08,1.67897e-08,1.67897e-08,1.67931e-08,5,1.67889e-08,1.67889e-08,5,8.44372e-09,5,5,2.52462,2.47538,2.54352,2.45648,2.45648,2.54352,2.47538,2.52462,-0.0001,-0.0738848,-0.0735782
75.0000,2.5794,2.17814,1.48635,7.55851e-09,5,7.59397e-09,4.95175,5,7.82861e-08,2.57783,2.17483,1.48437,4.53427e-05,4.99996,8.20082e-05,4.94294,4.99997,0.000166797,1.66832e-08,1.66832e-08,1.66832e-08,1.66832e-08,1.66832e-08,5,1.66832e-08,1.66832e-08,5,8.3416e-09,5,5,1.679e-08,1.67901e-08,1.67897e-08,1.67897e-08,1.67931e-08,5,1.67889e-08,1.67889e-08,5,8.44372e-09,5,5,2.525,2.475,2.5433,2.4567,2.4567,2.5433,2.475,2.525,-0.0001,-0.0739095,-0.0735998
75.5000,2.5794,2.17814,1.48635,7.55851e-09,5,7.59397e-09,4.95175,5,7.82861e-08,2.57783,2.17483,1.48437,4.53427e-05,4.99996,8.20082e-05,4.94294,4.99997,0.000166797,1.66832e-08,1.66832e-08,1.66832e-08,1.66832e-08,1.66832e-08,5,1.66832e-08,1.66832e-08,5,8.34161e-09,5,5,1.679e-08,1.67901e-08,1.67897e-08,1.67897e-08,1.67931e-08,5,1.67889e-08,1.67889e-08,5,8.44372e-09,5,5,2.52538,2.47462,2.54308,2.45692,2.45692,2.54308,2.47462,2.52538,-0.0001,-0.0739317,-0.0736193
76.0000,2.5794,2.17814,1.48635,7.55851e-09,5,7.59397e-09,4.95175,5,7.82861e-08,2.57783,2.17483,1.48437,4.53427e-05,4.99996,8.20082e-05,4.94294,4.99997,0.000166797,1.66832e-08,1.66832e-08,1.66832e-08,1.66832e-08,1.66832e-08,5,1.66832e-08,1.66832e-08,5,8.3416e-09,5,5,1.679e-08,1.67901e-08,1.67897e-08,1.67897e-08,1.67931e-08,5,1.67889e-08,1.67889e-08,5,8.44372e-09,5,5,2.52575,2.47425,2.54286,2.45714,2.45714,2.54286,2.47425,2.52575,-0.0001,-0.0739516,-0.0736369
76.5000,2.5794,2.17814,1.48635,7.55851e-09,5,7.59397e-09,4.95175,5,7.82861e-08,2.57783,2.17483,1.48437,4.53427e-05,4.99996,8.20082e-05,4.94294,4.99997,0.000166797,1.66832e-08,1.66832e-08,1.66832e-08,1.66832e-08,1.66832e-08,5,1.66832e-08,1.66832e-08,5,8.34161e-09,5,5,1.679e-08,1.67901e-08,1.67897e-08,1.67897e-08,1.67931e-08,5,1.67889e-08,1.67889e-08,5,8.44372e-09,5,5,2.52613,2.47387,2.54263,2.45737,2.45737,2.54263,2.47387,2.52613,-0.0001,-0.0739695,-0.0736528
77.0000,2.5794,2.17814,1.48635,7.55851e-09,5,7.59397e-09,4.95175,5,7.82861e-08,2.57783,2.17483,1.48437,4.53427e-05,4.99996,8.20082e-05,4.94294,4.99997,0.000166797,1.66832e-08,1.66832e-08,1.66832e-08,1.66832e-08,1.66832e-08,5,1.66832e-08,1.66832e-08,5,8.34161e-09,5,5,1.679e-08,1.67901e-08,1.67897e-08,1.67897e-08,1.67931e-08,5,1.67889e-08,1.67889e-08,5,8.44372e-09,5,5,2.5265,2.4735,2.5424,2.4576,2.4576,2.5424,2.4735,2.5265,-0.0001,-0.0739855,-0.0736671
77.5000,2.5794,2.17814,1.48635,7.55851e-09,5,7.59397e-09,4.95175,5,7.82861e-08,2.57783,2.17483,1.48437,4.53427e-05,4.99996,8.20082e-05,4.94294,4.99997,0.000166797,1.66832e-08,1.66832e-08,1.66832e-08,1.66832e-08,1.66832e-08,5,1.66832e-08,1.66832e-08,5,8.3416e-09,5,5,1.679e-08,1.67901e-08,1.67897e-08,1.67897e-08,1.67931e-08,5,1.67889e-08,1.67889e-08,5,8.44372e-09,5,5,2.52687,2.47313,2.54217,2.45783,2.45783,2.54217,2.47313,2.52687,-0.0001,-0.0739998,-0.0736801
78.0000,2.5794,2.17814,1.48635,7.55851e-09,5,7.59397e-09,4.95175,5,7.82861e-08,2.57783,2.17483,1.48437,4.53427e-05,4.99996,8.20082e-05,4.94294,4.99997,0.000166797,1.66832e-08,1.66832e-08,1.66832e-08,1.66832e-08,1.66832e-08,5,1.66832e-08,1.66832e-08,5,8.34161e-09,5,5,1.679e-08,1.67901e-08,1.67897e-08,1.67897e-08,1.67931e-08,5,1.67889e-08,1.67889e-08,5,8.44372e-09,5,5,2.52723,2.47277,2.54194,2.45806,2.45806,2.54194,2.47277,2.52723,-0.0001,-0.0740125,-0.0736917
78.5000,2.5794,2.17814,1.48635,7.55851e-09,5,7.59397e-09,4.95175,5,7.82861e-08,2.57783,2.17483,1.48437,4.53427e-05,4.99996,8.20082e-05,4.94294,4.99997,0.000166797,1.66832e-08,1.66832e-08,1.66832e-08,1.66832e-08,1.66832e-08,5,1.66832e-08,1.66832e-08,5,8.3416e-09,5,5,1.679e-08,1.67901e-08,1.67897e-08,1.67897e-08,1.67931e-08,5,1.67889e-08,1.67889e-08,5,8.44372e-09,5,5,2.5276,2.4724,2.5417,2.4583,2.4583,2.5417,2.4724,2.5276,-0.0001,-0.0740239,-0.0737022
79.0000,2.5794,2.17814,1.48635,7.55851e-09,5,7.59397e-09,4.95175,5,7.82861e-08,2.57783,2.17483,1.48437,4.53427e-05,4.99996,8.20082e-05,4.94294,4.99997,0.000166797,1.66832e-08,1.66832e-08,1.66832e-08,1.66832e-08,1.66832e-08,5,1.66832e-08,1.66832e-08,5,8.34161e-09,5,5,1.679e-08,1.67901e-08,1.67897e-08,1.67897e-08,1.67931e-08,5,1.67889e-08,1.67889e-08,5,8.44372e-09,5,5,2.52796,2.47204,2.54145,2.45855,2.45855,2.54145,2.47204,2.52796,-0.0001,-0.0740339,-0.0737115
79.5000,2.5794,2.17814,1.48635,7.55851e-09,5,7.59397e-09,4.95175,5,7.82861e-08,2.57783,2.17483,1.48437,4.53427e-05,4.99996,8.20082e-05,4.94294,4.99997,0.000166797,1.66832e-08,1.66832e-08,1.66832e-08,1.66832e-08,1.66832e-08,5,1.66832e-08,1.66832e-08,5,8.3416e-09,5,5,1.679e-08,1.67901e-08,1.67897e-08,1.67897e-08,1.67931e-08,5,1.67889e-08,1.67889e-08,5,8.44372e-09,5,5,2.52832,2.47168,2.54121,2.45879,2.45879,2.54121,2.47168,2.52832,-0.0001,-0.0740427,-0.0737198
80.0000,2.5794,2.17814,1.48635,7.55851e-09,5,7.59397e-09,4.95175,5,7.82861e-08,2.57783,2.17483,1.48437,4.53427e-05,4.99996,8.20082e-05,4.94294,4.99997,0.000166797,1.66832e-08,1.66832e-08,1.66832e-08,1.66832e-08,1.66832e-08,5,1.66832e-08,1.66832e-08,5,8.3416e-09,5,5,1.679e-08,1.67901e-08,1.67897e-08,1.67897e-08,1.67931e-08,5,1.67889e-08,1.67889e-08,5,8.44372e-09,5,5,2.52868,2.47132,2.54096,2.45904,2.45904,2.54096,2.47132,2.52868,-0.0001,-0.0740503,-0.0737272
80.5000,2.5794,2.17814,1.48635,7.55851e-09,5,7.59397e-09,4.95175,5,7.82861e-08,2.57783,2.17483,1.48437,4.53427e-05,4.99996,8.20082e-05,4.94294,4.99997,0.000166797,1.66832e-08,1.66832e-08,1.66832e-08,1.66832e-08,1.66832e-08,5,1.66832e-08,1.66832e-08,5,8.3416e-09,5,5,1.679e-08,1.67901e-08,1.67897e-08,1.67897e-08,1.67931e-08,5,1.67889e-08,1.67889e-08,5,8.44372e-09,5,5,2.52904,2.47096,2.54071,2.45929,2.45929,2.54071,2.47096,2.52904,-0.0001,-0.0740567,-0.0737335
81.0000,2.5794,2.17814,1.48635,7.55851e-09,5,7.59397e-09,4.95175,5,7.82861e-08,2.57783,2.17483,1.48437,4.53427e-05,4.99996,8.20082e-05,4.94294,4.99997,0.000166797,1.66832e-08,1.66832e-08,1.66832e-08,1.66832e-08,1.66832e-08,5,1.66832e-08,1.66832e-08,5,8.34161e-09,5,5,1.679e-08,1.67901e-08,1.67897e-08,1.67897e-08,1.67931e-08,5,1.67889e-08,1.67889e-08,5,8.44372e-09,5,5,2.52939,2.47061,2.54045,2.45955,2.45955,2.54045,2.47061,2.52939,-0.0001,-0.0740617,-0.0737384
81.5000,2.5794,2.17814,1.48635,7.55851e-09,5,7.59397e-09,4.95175,5,7.82861e-08,2.57783,2.17483,1.48437,4.53427e-05,4.99996,8.20082e-05,4.94294,4.99997,0.000166797,1.66832e-08,1.66832e-08,1.66832e-08,1.66832e-08,1.66832e-08,5,1.66832e-08,1.66832e-08,5,8.34162e-09,5,5,1.679e-08,1.67901e-08,1.67897e-08,1.67897e-08,1.67931e-08,5,1.67889e-08,1.67889e-08,5,8.44372e-09,5,5,2.52974,2.47026,2.54019,2.45981,2.45981,2.54019,2.47026,2.52974,-0.0001,-0.0740644,-0.0737413
82.0000,2.5794,2.17814,1.48635,7.55851e-09,5,7.59397e-09,4.95175,5,7.82861e-08,2.57783,2.17483,1.48437,4.53427e-05,4.99996,8.20082e-05,4.94294,4.99997,0.000166797,1.66832e-08,1.66832e-08,1.66832e-08,1.66832e-08,1.66832e-08,5,1.66832e-08,1.66832e-08,5,8.3416e-09,5,5,1.679e-08,1.67901e-08,1.67897e-08,1.67897e-08,1.67931e-08,5,1.67889e-08,1.67889e-08,5,8.44372e-09,5,5,2.53009,2.46991,2.53993,2.46007,2.46007,2.53993,2.46991,2.53009,-0.0001,-0.0740646,-0.0737418
82.5000,2.5794,2.17814,1.48635,7.55851e-09,5,7.59397e-09,4.95175,5,7.82861e-08,2.57783,2.17483,1.48437,4.53427e-05,4.99996,8.20082e-05,4.94294,4.99997,0.000166797,1.66832e-08,1.66832e-08,1.66832e-08,1.66832e-08,1.66832e-08,5,1.66832e-08,1.66832e-08,5,8.34161e-09,5,5,1.679e-08,1.67901e-08,1.67897e-08,1.67897e-08,1.67931e-08,5,1.67889e-08,1.67889e-08,5,8.44372e-09,5,5,2.53044,2.46956,2.53967,2.46033,2.46033,2.53967,2.46956,2.53044,-0.0001,-0.0740625,-0.07374
83.0000,2.5794,2.17814,1.48635,7.55851e-09,5,7.59397e-09,4.95175,5,7.82861e-08,2.57783,2.17483,1.48437,4.53427e-05,4.99996,8.20082e-05,4.94294,4.99997,0.000166797,1.66832e-08,1.66832e-08,1.66832e-08,1.66832e-08,1.66832e-08,5,1.66832e-08,1.66832e-08,5,8.3416e-09,5,5,1.679e-08,1.67901e-08,1.67897e-08,1.67897e-08,1.67931e-08,5,1.67889e-08,1.67889e-08,5,8.44372e-09,5,5,2.53078,2.46922,2.5394,2.4606,2.4606,2.5394,2.46922,2.53078,-0.0001,-0.0740585,-0.0737364
83.5000,2.5794,2.17814,1.48635,7.55851e-09,5,7.59397e-09,4.95175,5,7.82861e-08,2.57783,2.17483,1.48437,4.53427e-05,4.99996,8.20082e-05,4.94294,4.99997,0.000166797,1.66832e-08,1.66832e-08,1.66832e-08,1.66832e-08,1.66832e-08,5,1.66832e-08,1.66832e-08,5,8.3416e-09,5,5,1.679e-08,1.67901e-08,1.67897e-08,1.67897e-08,1.67931e-08,5,1.67889e-08,1.67889e-08,5,8.44372e-09,5,5,2.53113,2.46887,2.53913,2.46087,2.46087,2.53913,2.46887,2.53113,-0.0001,-0.0740531,-0.0737314
84.0000,2.5794,2.17814,1.48635,7.55851e-09,5,7.59397e-09,4.95175,5,7.82861e-08,2.57783,2.17483,1.48437,4.53427e-05,4.99996,8.20082e-05,4.94294,4.99997,0.000166797,1.66832e-08,1.66832e-08,1.66832e-08,1.66832e-08,1.66832e-08,5,1.66832e-08,1.66832e-08,5,8.34162e-09,5,5,1.679e-08,1.67901e-08,1.67897e-08,1.67897e-08,1.67931e-08,5,1.67889e-08,1.67889e-08,5,8.44373e-09,5,5,2.53147,2.46853,2.53886,2.46114,2.46114,2.53886,2.46853,2.53147,-0.0001,-0.0740466,-0.0737256
84.5000,2.5794,2.17814,1.48635,7.55851e-09,5,7.59397e-09,4.95175,5,7.82861e-08,2.57783,2.17483,1.48437,4.53427e-05,4.99996,8.20082e-05,4.94294,4.99997,0.000166797,1.66832e-08,1.66832e-08,1.66832e-08,1.66832e-08,1.66832e-08,5,1.66832e-08,1.66832e-08,5,8.34161e-09,5,5,1.679e-08,1.67901e-08,1.67897e-08,1.67897e-08,1.67931e-08,5,1.67889e-08,1.67889e-08,5,8.44373e-09,5,5,2.53181,2.46819,2.53858,2.46142,2.46142,2.53858,2.46819,2.53181,-0.0001,-0.0740397,-0.0737192
85.0000,2.5794,2.17814,1.48635,7.55851e-09,5,7.59397e-09,4.95175,5,7.82861e-08,2.57783,2.17483,1.48437,4.53427e-05,4.99996,8.20082e-05,4.94294,4.99997,0.000166797,1.66832e-08,1.66832e-08,1.66832e-08,1.66832e-08,1.66832e-08,5,1.66832e-08,1.66832e-08,5,8.34162e-09,5,5,1.679e-08,1.67901e-08,1.67897e-08,1.67897e-08,1.67931e-08,5,1.67889e-08,1.67889e-08,5,8.44373e-09,5,5,2.53214,2.46786,2.5383,2.4617,2.4617,2.5383,2.46786,2.53214,-0.0001,-0.0740329,-0.073713
85.5000,2.5794,2.17814,1.48635,7.55851e-09,5,7.59397e-09,4.95175,5,7.82861e-08,2.57783,2.17483,1.48437,4.53427e-05,4.99996,8.20082e-05,4.94294,4.99997,0.000166797,1.66832e-08,1.66832e-08,1.66832e-08,1.66832e-08,1.66832e-08,5,1.66832e-08,1.66832e-08,5,8.34165e-09,5,5,1.679e-08,1.67901e-08,1.67897e-08,1.67897e-08,1.67931e-08,5,1.67889e-08,1.67889e-08,5,8.44376e-09,5,5,2.53247,2.46753,2.53802,2.46198,2.46198,2.53802,2.46753,2.53247,-0.0001,-0.0740276,-0.0737082
86.0000,2.5794,2.17814,1.48635,7.55851e-09,5,7.59397e-09,4.95175,5,7.82861e-08,2.57783,2.17483,1.48437,4.53427e-05,4.99996,8.20082e-05,4.94294,4.99997,0.000166797,1.66832e-08,1.66832e-08,1.66832e-08,1.66832e-08,1.66832e-08,5,1.66832e-08,1.66832e-08,5,8.34188e-09,5,5,1.679e-08,1.67901e-08,1.67897e-08,1.67897e-08,1.67931e-08,5,1.67889e-08,1.67889e-08,5,8.44397e-09,5,5,2.5328,2.4672,2.53774,2.46226,2.46226,2.53774,2.4672,2.5328,-0.0001,-0.0740321,-0.0737115
86.5000,2.5794,2.17814,1.48635,7.55851e-09,5,7.59397e-09,4.95175,5,7.82861e-08,2.57783,2.17483,1.48437,4.53427e-05,4.99996,8.20082e-05,4.94294,4.99997,0.000166797,1.66832e-08,1.66832e-08,1.66832e-08,1.66832e-08,1.66832e-08,5,1.66832e-08,1.66832e-08,5,8.34399e-09,5,5,1.679e-08,1.67901e-08,1.67897e-08,1.67897e-08,1.67931e-08,5,1.67889e-08,1.67889e-08,5,8.44568e-09,5,5,2.53313,2.46687,2.53745,2.46255,2.46255,2.53745,2.46687,2.53313,-0.0001,-0.0741119,-0.0737726
87.0000,2.5794,2.17814,1.48635,7.55851e-09,5,7.59397e-09,4.95175,5,7.82861e-08,2.57783,2.17483,1.48437,4.53427e-05,4.99996,8.20082e-05,4.94294,4.99997,0.000166797,1.66832e-08,1.66832e-08,1.66832e-08,1.66832e-08,1.66832e-08,5,1.66832e-08,1.66832e-08,5,8.35869e-09,5,5,1.679e-08,1.67901e-08,1.67897e-08,1.67897e-08,1.67931e-08,5,1.67889e-08,1.67889e-08,5,8.45844e-09,5,5,2.53346,2.46654,2.53716,2.46284,2.46284,2.53716,2.46654,2.53346,-0.0001,-0.0745582,-0.0741853
87.5000,2.5794,2.17814,1.48635,7.55851e-09,5,7.59397e-09,4.95175,5,7.82861e-08,2.57783,2.17483,1.48437,4.53427e-05,4.99996,8.20082e-05,4.94294,4.99997,0.000166797,1.66832e-08,1.66832e-08,1.66832e-08,1.66832e-08,1.66832e-08,5,1.66832e-08,1.66832e-08,5,8.37494e-09,5,5,1.679e-08,1.67901e-08,1.67897e-08,1.67897e-08,1.67931e-08,5,1.67889e-08,1.67889e-08,5,8.47391e-09,5,5,2.53378,2.46622,2.53686,2.46314,2.46314,2.53686,2.46622,2.53378,-0.0001,-0.0746354,-0.0743014
88.0000,2.5794,2.17814,1.48635,7.55851e-09,5,7.59397e-09,4.95175,5,7.82861e-08,2.57783,2.17483,1.48437,4.53427e-05,4.99996,8.20082e-05,4.94294,4.99997,0.000166797,1.66832e-08,1.66832e-08,1.66832e-08,1.66832e-08,1.66832e-08,5,1.66832e-08,1.66832e-08,5,8.40368e-09,5,5,1.679e-08,1.67901e-08,1.67897e-08,1.67897e-08,1.67931e-08,5,1.67889e-08,1.67889e-08,5,8.49506e-09,5,5,2.5341,2.4659,2.53657,2.46343,2.46343,2.53657,2.4659,2.5341,-0.0001,-0.0748657,-0.0744512
88.5000,2.5794,2.17814,1.48635,7.55851e-09,5,7.59397e-09,4.95175,5,7.82861e-08,2.57783,2.17483,1.48437,4.53427e-05,4.99996,8.20082e-05,4.94294,4.99997,0.000166797,1.66832e-08,1.66832e-08,1.66832e-08,1.66832e-08,1.66832e-08,5,1.66832e-08,1.66832e-08,5,8.43226e-09,5,5,1.679e-08,1.67901e-08,1.67897e-08,1.67897e-08,1.67931e-08,5,1.67889e-08,1.67889e-08,5,8.51804e-09,5,5,2.53442,2.46558,2.53627,2.46373,2.46373,2.53627,2.46558,2.53442,-0.0001,-0.0750539,-0.0746256
89.0000,2.5794,2.17814,1.48635,7.55851e-09,5,7.59397e-09,4.95175,5,7.82861e-08,2.57783,2.17483,1.48437,4.53427e-05,4.99996,8.20082e-05,4.94294,4.99997,0.000166797,1.66832e-08,1.66832e-08,1.66832e-08,1.66832e-08,1.66832e-08,5,1.66832e-08,1.66832e-08,5,8.45379e-09,5,5,1.679e-08,1.67901e-08,1.67897e-08,1.67897e-08,1.67931e-08,5,1.67889e-08,1.67889e-08,5,8.53635e-09,5,5,2.53473,2.46527,2.53597,2.46403,2.46403,2.53597,2.46527,2.53473,-0.0001,-0.0751607,-0.074733
89.5000,2.5794,2.17814,1.48635,7.55851e-09,5,7.59397e-09,4.95175,5,7.82861e-08,2.57783,2.17483,1.48437,4.53427e-05,4.99996,8.20082e-05,4.94294,4.99997,0.000166797,1.66832e-08,1.66832e-08,1.66832e-08,1.66832e-08,1.66832e-08,5,1.66832e-08,1.66832e-08,5,8.46596e-09,5,5,1.679e-08,1.67901e-08,1.67897e-08,1.67897e-08,1.67931e-08,5,1.67889e-08,1.67889e-08,5,8.54665e-09,5,5,2.53505,2.46495,2.53566,2.46434,2.46434,2.53566,2.46495,2.53505,-0.0001,-0.0752125,-0.0747878
90.0000,2.5794,2.17814,1.48635,7.55851e-09,5,7.59397e-09,4.95175,5,7.82861e-08,2.57783,2.17483,1.48437,4.53427e-05,4.99996,8.20082e-05,4.94294,4.99997,0.000166797,1.66832e-08,1.66832e-08,1.66832e-08,1.66832e-08,1.66832e-08,5,1.66832e-08,1.66832e-08,5,8.47452e-09,5,5,1.679e-08,1.67901e-08,1.67897e-08,1.67897e-08,1.67931e-08,5,1.67889e-08,1.67889e-08,5,8.55409e-09,5,5,2.53536,2.46464,2.53536,2.46464,2.46464,2.53536,2.46464,2.53536,-0.0001,-0.0752407,-0.0748203
90.5000,2.5794,2.17814,1.48635,7.55851e-09,5,7.59397e-09,4.95175,5,7.82861e-08,2.57783,2.17483,1.48437,4.53427e-05,4.99996,8.20082e-05,4.94294,4.99997,0.000166797,1.66832e-08,1.66832e-08,1.66832e-08,1.66832e-08,1.66832e-08,5,1.66832e-08,1.66832e-08,5,8.48346e-09,5,5,1.679e-08,1.67901e-08,1.67897e-08,1.67897e-08,1.67931e-08,5,1.67889e-08,1.67889e-08,5,8.56184e-09,5,5,2.53566,2.46434,2.53505,2.46495,2.46495,2.53505,2.46434,2.53566,-0.0001,-0.0752688,-0.0748529
91.0000,2.5794,2.17814,1.48635,7.55851e-09,5,7.59397e-09,4.95175,5,7.82861e-08,2.57783,2.17483,1.48437,4.53427e-05,4.99996,8.20082e-05,4.94294,4.99997,0.000166797,1.66832e-08,1.66832e-08,1.66832e-08,1.66832e-08,1.66832e-08,5,1.66832e-08,1.66832e-08,5,8.50242e-09,5,5,1.679e-08,1.67901e-08,1.67897e-08,1.67897e-08,1.67932e-08,5,1.67889e-08,1.67889e-08,5,8.57728e-09,5,5,2.53597,2.46403,2.53473,2.46527,2.46527,2.53473,2.46403,2.53597,-0.0001,-0.0753244,-0.0749138
91.5000,2.5794,2.17814,1.48635,7.55851e-09,5,7.59397e-09,4.95175,5,7.82861e-08,2.57783,2.17483,1.48437,4.53427e-05,4.99996,8.20082e-05,4.94294,4.99997,0.000166797,1.66832e-08,1.66832e-08,1.66832e-08,1.66832e-08,1.66832e-08,5,1.66832e-08,1.66832e-08,5,8.57749e-09,5,5,1.67901e-08,1.67901e-08,1.67897e-08,1.67897e-08,1.6794e-08,5,1.67889e-08,1.67889e-08,5,8.62597e-09,5,5,2.53627,2.46373,2.53442,2.46558,2.46558,2.53442,2.46373,2.53627,-0.0001,-0.075448,-0.0750479
92.0000,2.5794,2.17814,1.48635,7.55851e-09,5,7.59397e-09,4.95175,5,7.82861e-08,2.57783,2.17483,1.48437,4.53427e-05,4.99996,8.20082e-05,4.94294,4.99997,0.000166797,1.66832e-08,1.66832e-08,1.66832e-08,1.66832e-08,1.66832e-08,5,1.66832e-08,1.66832e-08,5,1.66831e-08,5,5,1.9697e-07,1.67899e-08,1.67897e-08,1.67897e-08,2.53364e-06,5,1.67889e-08,1.67889e-08,5,1.5589e-08,5,5,2.53657,2.46343,2.5341,2.4659,2.4659,2.5341,2.46343,2.53657,-0.0001,-0.0753983,-0.0751511
92.5000,2.5794,2.17814,1.48635,7.55851e-09,5,7.59397e-09,4.95175,5,7.82861e-08,2.57783,2.17483,1.48437,4.53427e-05,4.99996,8.20082e-05,4.94294,4.99997,0.000166797,1.66832e-08,1.66832e-08,1.66832e-08,1.66832e-08,1.66832e-08,5,1.66832e-08,1.66832e-08,5,1.66832e-08,5,5,1.67897e-08,1.67899e-08,1.67897e-08,1.67897e-08,1.6789e-08,5,1.67889e-08,1.67889e-08,5,1.68006e-08,5,5,2.53686,2.46314,2.53378,2.46622,2.46622,2.53378,2.46314,2.53686,-0.0001,-0.0749841,-0.0747029
93.0000,2.5794,2.17814,1.48635,7.55851e-09,5,7.59397e-09,4.95175,5,7.82861e-08,2.57783,2.17483,1.48437,4.53427e-05,4.99996,8.20082e-05,4.94294,4.99997,0.000166797,1.66832e-08,1.66832e-08,1.66832e-08,1.66832e-08,1.66832e-08,5,1.66832e-08,1.66832e-08,5,1.66832e-08,5,5,1.67897e-08,1.67899e-08,1.67897e-08,1.67897e-08,1.67889e-08,5,1.67889e-08,1.67889e-08,5,1.68006e-08,5,5,2.53716,2.46284,2.53346,2.46654,2.46654,2.53346,2.46284,2.53716,-0.0001,-0.0746201,-0.0743191
93.5000,2.5794,2.17814,1.48635,7.55851e-09,5,7.59397e-09,4.95175,5,7.82861e-08,2.57783,2.17483,1.48437,4.53427e-05,4.99996,8.20082e-05,4.94294,4.99997,0.000166797,1.66832e-08,1.66832e-08,1.66832e-08,1.66832e-08,1.66832e-08,5,1.66832e-08,1.66832e-08,5,1.66832e-08,5,5,1.67897e-08,1.67899e-08,1.67897e-08,1.67897e-08,1.67889e-08,5,1.67889e-08,1.67889e-08,5,1.68006e-08,5,5,2.53745,2.46255,2.53313,2.46687,2.46687,2.53313,2.46255,2.53745,-0.0001,-0.0744475,-0.074142
94.0000,2.5794,2.17814,1.48635,7.55851e-09,5,7.59397e-09,4.95175,5,7.82861e-08,2.57783,2.17483,1.48437,4.53427e-05,4.99996,8.20082e-05,4.94294,4.99997,0.000166797,1.66832e-08,1.66832e-08,1.66832e-08,1.66832e-08,1.66832e-08,5,1.66832e-08,1.66832e-08,5,1.66832e-08,5,5,1.67897e-08,1.67899e-08,1.67897e-08,1.67897e-08,1.67889e-08,5,1.67889e-08,1.67889e-08,5,1.68006e-08,5,5,2.53774,2.46226,2.5328,2.4672,2.4672,2.5328,2.46226,2.53774,-0.0001,-0.0742447,-0.0739402
94.5000,2.5794,2.17814,1.48635,7.55851e-09,5,7.59397e-09,4.95175,5,7.82861e-08,2.57783,2.17483,1.48437,4.53427e-05,4.99996,8.20082e-05,4.94294,4.99997,0.000166797,1.66832e-08,1.66832e-08,1.66832e-08,1.66832e-08,1.66832e-08,5,1.66832e-08,1.66832e-08,5,1.66832e-08,5,5,1.67897e-08,1.67899e-08,1.67897e-08,1.67897e-08,1.67889e-08,5,1.67889e-08,1.67889e-08,5,1.68006e-08,5,5,2.53802,2.46198,2.53247,2.46753,2.46753,2.53247,2.46198,2.53802,-0.0001,-0.0741169,-0.0738154
95.0000,2.5794,2.17814,1.48635,7.55851e-09,5,7.59397e-09,4.95175,5,7.82861e-08,2.57783,2.17483,1.48437,4.53427e-05,4.99996,8.20082e-05,4.94294,4.99997,0.000166797,1.66832e-08,1.66832e-08,1.66832e-08,1.66832e-08,1.66832e-08,5,1.66832e-08,1.66832e-08,5,1.66832e-08,5,5,1.67897e-08,1.67899e-08,1.67897e-08,1.67897e-08,1.67889e-08,5,1.67889e-08,1.67889e-08,5,1.68006e-08,5,5,2.5383,2.4617,2.53214,2.46786,2.46786,2.53214,2.4617,2.5383,-0.0001,-0.0740564,-0.0737564
95.5000,2.5794,2.17814,1.48635,7.55851e-09,5,7.59397e-09,4.95175,5,7.82861e-08,2.57783,2.17483,1.48437,4.53427e-05,4.99996,8.20082e-05,4.94294,4.99997,0.000166797,1.66832e-08,1.66832e-08,1.66832e-08,1.66832e-08,1.66832e-08,5,1.66832e-08,1.66832e-08,5,1.66832e-08,5,5,1.67897e-08,1.67899e-08,1.67897e-08,1.67897e-08,1.67889e-08,5,1.67889e-08,1.67889e-08,5,1.68006e-08,5,5,2.53858,2.46142,2.5318,2.4682,2.4682,2.5318,2.46142,2.53858,-0.0001,-0.0740386,-0.073739
96.0000,2.5794,2.17814,1.48635,7.55851e-09,5,7.59397e-09,4.95175,5,7.82861e-08,2.57783,2.17483,1.48437,4.53427e-05,4.99996,8.20082e-05,4.94294,4.99997,0.000166797,1.66832e-08,1.66832e-08,1.66832e-08,1.66832e-08,1.66832e-08,5,1.66832e-08,1.66832e-08,5,1.66832e-08,5,5,1.67897e-08,1.67899e-08,1.67897e-08,1.67897e-08,1.67889e-08,5,1.67889e-08,1.67889e-08,5,1.68006e-08,5,5,2.53886,2.46114,2.53147,2.46853,2.46853,2.53147,2.46114,2.53886,-0.0001,-0.0740419,-0.0737424
96.5000,2.5794,2.17814,1.48635,7.55851e-09,5,7.59397e-09,4.95175,5,7.82861e-08,2.57783,2.17483,1.48437,4.53427e-05,4.99996,8.20082e-05,4.94294,4.99997,0.000166797,1.66832e-08,1.66832e-08,1.66832e-08,1.66832e-08,1.66832e-08,5,1.66832e-08,1.66832e-08,5,1.66832e-08,5,5,1.67897e-08,1.67899e-08,1.67897e-08,1.67897e-08,1.67889e-08,5,1.67889e-08,1.67889e-08,5,1.68006e-08,5,5,2.53913,2.46087,2.53113,2.46887,2.46887,2.53113,2.46087,2.53913,-0.0001,-0.0740538,-0.0737546
97.0000,2.5794,2.17814,1.48635,7.55851e-09,5,7.59397e-09,4.95175,5,7.82861e-08,2.57783,2.17483,1.48437,4.53427e-05,4.99996,8.20082e-05,4.94294,4.99997,0.000166797,1.66832e-08,1.66832e-08,1.66832e-08,1.66832e-08,1.66832e-08,5,1.66832e-08,1.66832e-08,5,1.66832e-08,5,5,1.67897e-08,1.67899e-08,1.67897e-08,1.67897e-08,1.67889e-08,5,1.67889e-08,1.67889e-08,5,1.68006e-08,5,5,2.5394,2.4606,2.53078,2.46922,2.46922,2.53078,2.4606,2.5394,-0.0001,-0.0740688,-0.0737698
97.5000,2.5794,2.17814,1.48635,7.55851e-09,5,7.59397e-09,4.95175,5,7.82861e-08,2.57783,2.17483,1.48437,4.53427e-05,4.99996,8.20082e-05,4.94294,4.99997,0.000166797,1.66832e-08,1.66832e-08,1.66832e-08,1.66832e-08,1.66832e-08,5,1.66832e-08,1.66832e-08,5,1.66832e-08,5,5,1.67897e-08,1.67899e-08,1.67897e-08,1.67897e-08,1.67889e-08,5,1.67889e-08,1.67889e-08,5,1.68006e-08,5,5,2.53967,2.46033,2.53044,2.46956,2.46956,2.53044,2.46033,2.53967,-0.0001,-0.0740842,-0.0737853
98.0000,2.5794,2.17814,1.48635,7.55851e-09,5,7.59397e-09,4.95175,5,7.82861e-08,2.57783,2.17483,1.48437,4.53427e-05,4.99996,8.20082e-05,4.94294,4.99997,0.000166797,1.66832e-08,1.66832e-08,1.66832e-08,1.66832e-08,1.66832e-08,5,1.66832e-08,1.66832e-08,5,1.66832e-08,5,5,1.67897e-08,1.67899e-08,1.67897e-08,1.67897e-08,1.67889e-08,5,1.67889e-08,1.67889e-08,5,1.68006e-08,5,5,2.53993,2.46007,2.53009,2.46991,2.46991,2.53009,2.46007,2.53993,-0.0001,-0.0740979,-0.0737992
98.5000,2.5794,2.17814,1.48635,7.55851e-09,5,7.59397e-09,4.95175,5,7.82861e-08,2.57783,2.17483,1.48437,4.53427e-05,4.99996,8.20082e-05,4.94294,4.99997,0.000166797,1.66832e-08,1.66832e-08,1.66832e-08,1.66832e-08,1.66832e-08,5,1.66832e-08,1.66832e-08,5,1.66832e-08,5,5,1.67897e-08,1.67899e-08,1.67897e-08,1.67897e-08,1.67889e-08,5,1.67889e-08,1.67889e-08,5,1.68006e-08,5,5,2.54019,2.45981,2.52974,2.47026,2.47026,2.52974,2.45981,2.54019,-0.0001,-0.0741084,-0.0738097
99.0000,2.5794,2.17814,1.48635,7.55851e-09,5,7.59397e-09,4.95175,5,7.82861e-08,2.57783,2.17483,1.48437,4.53427e-05,4.99996,8.20082e-05,4.94294,4.99997,0.000166797,1.66832e-08,1.66832e-08,1.66832e-08,1.66832e-08,1.66832e-08,5,1.66832e-08,1.66832e-08,5,1.66832e-08,5,5,1.67897e-08,1.67899e-08,1.67897e-08,1.67897e-08,1.67889e-08,5,1.67889e-08,1.67889e-08,5,1.68006e-08,5,5,2.54045,2.45955,2.52939,2.47061,2.47061,2.52939,2.45955,2.54045,-0.0001,-0.0741147,-0.0738159
99.5000,2.5794,2.17814,1.48635,7.55851e-09,5,7.59397e-09,4.95175,5,7.82861e-08,2.57783,2.17483,1.48437,4.53427e-05,4.99996,8.20082e-05,4.94294,4.99997,0.000166797,1.66832e-08,1.66832e-08,1.66832e-08,1.66832e-08,1.66832e-08,5,1.66832e-08,1.66832e-08,5,1.66832e-08,5,5,1.67897e-08,1.67899e-08,1.67897e-08,1.67897e-08,1.67889e-08,5,1.67889e-08,1.67889e-08,5,1.68006e-08,5,5,2.54071,2.45929,2.52904,2.47096,2.47096,2.52904,2.45929,2.54071,-0.0001,-0.0741175,-0.0738186
100.0000,2.5794,2.17814,1.48635,7.55851e-09,5,7.59397e-09,4.95175,5,7.82861e-08,2.57783,2.17483,1.48437,4.53427e-05,4.99996,8.20082e-05,4.94294,4.99997,0.000166797,1.66832e-08,1.66832e-08,1.66832e-08,1.66832e-08,1.66832e-08,5,1.66832e-08,1.66832e-08,5,1.66832e-08,5,5,1.67897e-08,1.67899e-08,1.67897e-08,1.67897e-08,1.67889e-08,5,1.67889e-08,1.67889e-08,5,1.68006e-08,5,5,2.54096,2.45904,2.52868,2.47132,2.47132,2.52868,2.45904,2.54096,-0.0001,-0.0741189,-0.0738198
100.5000,2.5794,2.17814,1.48635,7.55851e-09,5,7.59397e-09,4.95175,5,7.82861e-08,2.57783,2.17483,1.48437,4.53427e-05,4.99996,8.20082e-05,4.94294,4.99997,0.000166797,1.66832e-08,1.66832e-08,1.66832e-08,1.66832e-08,1.66832e-08,5,1.66832e-08,1.66832e-08,5,1.66832e-08,5,5,1.67897e-08,1.67899e-08,1.67897e-08,1.67897e-08,1.67889e-08,5,1.67889e-08,1.67889e-08,5,1.68006e-08,5,5,2.54121,2.45879,2.52832,2.47168,2.47168,2.52832,2.45879,2.54121,-0.0001,-0.07412,-0.0738207
101.0000,2.5794,2.17814,1.48635,7.55851e-09,5,7.59397e-09,4.95175,5,7.82861e-08,2.57783,2.17483,1.48437,4.53427e-05,4.99996,8.20082e-05,4.94294,4.99997,0.000166797,1.66832e-08,1.66832e-08,1.66832e-08,1.66832e-08,1.66832e-08,5,1.66832e-08,1.66832e-08,5,1.66832e-08,5,5,1.67897e-08,1.67899e-08,1.67897e-08,1.67897e-08,1.67889e-08,5,1.67889e-08,1.67889e-08,5,1.68006e-08,5,5,2.54145,2.45855,2.52796,2.47204,2.47204,2.52796,2.45855,2.54145,-0.0001,-0.0741213,-0.0738215
101.5000,2.5794,2.17814,1.48635,7.55851e-09,5,7.59397e-09,4.95175,5,7.82861e-08,2.57783,2.17483,1.48437,4.53427e-05,4.99996,8.20082e-05,4.94294,4.99997,0.000166797,1.66832e-08,1.66832e-08,1.66832e-08,1.66832e-08,1.66832e-08,5,1.66832e-08,1.66832e-08,5,1.66832e-08,5,5,1.67897e-08,1.67899e-08,1.67897e-08,1.67897e-08,1.67889e-08,5,1.67889e-08,1.67889e-08,5,1.68006e-08,5,5,2.5417,2.4583,2.5276,2.4724,2.4724,2.5276,2.4583,2.5417,-0.0001,-0.074123,-0.0738226
102.0000,2.5794,2.17814,1.48635,7.55851e-09,5,7.59397e-09,4.95175,5,7.82861e-08,2.57783,2.17483,1.48437,4.53427e-05,4.99996,8.20082e-05,4.94294,4.99997,0.000166797,1.66832e-08,1.66832e-08,1.66832e-08,1.66832e-08,1.66832e-08,5,1.66832e-08,1.66832e-08,5,1.66832e-08,5,5,1.67897e-08,1.67899e-08,1.67897e-08,1.67897e-08,1.67889e-08,5,1.67889e-08,1.67889e-08,5,1.68006e-08,5,5,2.54194,2.45806,2.52723,2.47277,2.47277,2.52723,2.45806,2.54194,-0.0001,-0.0741252,-0.0738241
102.5000,2.5794,2.17814,1.48635,7.55851e-09,5,7.59397e-09,4.95175,5,7.82861e-08,2.57783,2.17483,1.48437,4.53427e-05,4.99996,8.20082e-05,4.94294,4.99997,0.000166797,1.66832e-08,1.66832e-08,1.66832e-08,1.66832e-08,1.66832e-08,5,1.66832e-08,1.66832e-08,5,1.66832e-08,5,5,1.67897e-08,1.67899e-08,1.67897e-08,1.67897e-08,1.67889e-08,5,1.67889e-08,1.67889e-08,5,1.68006e-08,5,5,2.54217,2.45783,2.52687,2.47313,2.47313,2.52687,2.45783,2.54217,-0.0001,-0.0741282,-0.0738261
103.0000,2.5794,2.17814,1.48635,7.55851e-09,5,7.59397e-09,4.95175,5,7.82861e-08,2.57783,2.17483,1.48437,4.53427e-05,4.99996,8.20082e-05,4.94294,4.99997,0.000166797,1.66832e-08,1.66832e-08,1.66832e-08,1.66832e-08,1.66832e-08,5,1.66832e-08,1.66832e-08,5,1.66832e-08,5,5,1.67897e-08,1.67899e-08,1.67897e-08,1.67897e-08,1.67889e-08,5,1.67889e-08,1.67889e-08,5,1.68006e-08,5,5,2.5424,2.4576,2.5265,2.4735,2.4735,2.5265,2.4576,2.5424,-0.0001,-0.074132,-0.0738286
103.5000,2.5794,2.17814,1.48635,7.55851e-09,5,7.59397e-09,4.95175,5,7.82861e-08,2.57783,2.17483,1.48437,4.53427e-05,4.99996,8.20082e-05,4.94294,4.99997,0.000166797,1.66832e-08,1.66832e-08,1.66832e-08,1.66832e-08,1.66832e-08,5,1.66832e-08,1.66832e-08,5,1.66832e-08,5,5,1.67897e-08,1.67899e-08,1.67897e-08,1.67897e-08,1.67889e-08,5,1.67889e-08,1.67889e-08,5,1.68006e-08,5,5,2.54263,2.45737,2.52613,2.47387,2.47387,2.52613,2.45737,2.54263,-0.0001,-0.0741367,-0.0738319
104.0000,2.5794,2.17814,1.48635,7.55851e-09,5,7.59397e-09,4.95175,5,7.82861e-08,2.57783,2.17483,1.48437,4.53427e-05,4.99996,8.20082e-05,4.94294,4.99997,0.000166797,1.66832e-08,1.66832e-08,1.66832e-08,1.66832e-08,1.66832e-08,5,1.66832e-08,1.66832e-08,5,1.66832e-08,5,5,1.67897e-08,1.67899e-08,1.67897e-08,1.67897e-08,1.67889e-08,5,1.67889e-08,1.67889e-08,5,1.68006e-08,5,5,2.54286,2.45714,2.52575,2.47425,2.47425,2.52575,2.45714,2.54286,-0.0001,-0.0741425,-0.0738359
104.5000,2.5794,2.17814,1.48635,7.55851e-09,5,7.59397e-09,4.95175,5,7.82861e-08,2.57783,2.17483,1.48437,4.53427e-05,4.99996,8.20082e-05,4.94294,4.99997,0.000166797,1.66832e-08,1.66832e-08,1.66832e-08,1.66832e-08,1.66832e-08,5,1.66832e-08,1.66832e-08,5,1.66832e-08,5,5,1.67897e-08,1.67899e-08,1.67897e-08,1.67897e-08,1.67889e-08,5,1.67889e-08,1.67889e-08,5,1.68006e-08,5,5,2.54308,2.45692,2.52538,2.47462,2.47462,2.52538,2.45692,2.54308,-0.0001,-0.0741496,-0.0738409
105.0000,2.5794,2.17814,1.48635,7.55851e-09,5,7.59397e-09,4.95175,5,7.82861e-08,2.57783,2.17483,1.48437,4.53427e-05,4.99996,8.20082e-05,4.94294,4.99997,0.000166797,1.66832e-08,1.66832e-08,1.66832e-08,1.66832e-08,1.66832e-08,5,1.66832e-08,1.66832e-08,5,1.66832e-08,5,5,1.67897e-08,1.67899e-08,1.67897e-08,1.67897e-08,1.67889e-08,5,1.67889e-08,1.67889e-08,5,1.68006e-08,5,5,2.5433,2.4567,2.525,2.475,2.475,2.525,2.4567,2.5433,-0.0001,-0.074158,-0.0738469
105.5000,2.5794,2.17814,1.48635,7.55851e-09,5,7.59397e-09,4.95175,5,7.82861e-08,2.57783,2.17483,1.48437,4.53427e-05,4.99996,8.20082e-05,4.94294,4.99997,0.000166797,1.66832e-08,1.66832e-08,1.66832e-08,1.66832e-08,1.66832e-08,5,1.66832e-08,1.66832e-08,5,1.66832e-08,5,5,1.67897e-08,1.67899e-08,1.67897e-08,1.67897e-08,1.67889e-08,5,1.67889e-08,1.67889e-08,5,1.68006e-08,5,5,2.54352,2.45648,2.52462,2.47538,2.47538,2.52462,2.45648,2.54352,-0.0001,-0.0741681,-0.0738541
106.0000,2.5794,2.17814,1.48635,7.55851e-09,5,7.59397e-09,4.95175,5,7.82861e-08,2.57783,2.17483,1.48437,4.53427e-05,4.99996,8.20082e-05,4.94294,4.99997,0.000166797,1.66832e-08,1.66832e-08,1.66832e-08,1.66832e-08,1.66832e-08,5,1.66832e-08,1.66832e-08,5,1.66832e-08,5,5,1.67897e-08,1.67899e-08,1.67897e-08,1.67897e-08,1.67889e-08,5,1.67889e-08,1.67889e-08,5,1.68006e-08,5,5,2.54373,2.45627,2.52424,2.47576,2.47576,2.52424,2.45627,2.54373,-0.0001,-0.07418,-0.0738627
106.5000,2.5794,2.17814,1.48635,7.55851e-09,5,7.59397e-09,4.95175,5,7.82861e-08,2.57783,2.17483,1.48437,4.53427e-05,4.99996,8.20082e-05,4.94294,4.99997,0.000166797,1.66832e-08,1.66832e-08,1.66832e-08,1.66832e-08,1.66832e-08,5,1.66832e-08,1.66832e-08,5,1.66832e-08,5,5,1.67897e-08,1.67899e-08,1.67897e-08,1.67897e-08,1.67889e-08,5,1.67889e-08,1.67889e-08,5,1.68006e-08,5,5,2.54394,2.45606,2.52386,2.47614,2.47614,2.52386,2.45606,2.54394,-0.0001,-0.074194,-0.0738729
107.0000,2.5794,2.17814,1.48635,7.55851e-09,5,7.59397e-09,4.95175,5,7.82861e-08,2.57783,2.17483,1.48437,4.53427e-05,4.99996,8.20082e-05,4.94294,4.99997,0.000166797,1.66832e-08,1.66832e-08,1.66832e-08,1.66832e-08,1.66832e-08,5,1.66832e-08,1.66832e-08,5,1.66832e-08,5,5,1.67897e-08,1.67899e-08,1.67897e-08,1.67897e-08,1.67889e-08,5,1.67889e-08,1.67889e-08,5,1.68006e-08,5,5,2.54415,2.45585,2.52347,2.47653,2.47653,2.52347,2.45585,2.54415,-0.0001,-0.0742103,-0.0738849
107.5000,2.5794,2.17814,1.48635,7.55851e-09,5,7.59397e-09,4.95175,5,7.82861e-08,2.57783,2.17483,1.48437,4.53427e-05,4.99996,8.20082e-05,4.94294,4.99997,0.000166797,1.66832e-08,1.66832e-08,1.66832e-08,1.66832e-08,1.66832e-08,5,1.66832e-08,1.66832e-08,5,1.66832e-08,5,5,1.67897e-08,1.67899e-08,1.67897e-08,1.67897e-08,1.67889e-08,5,1.67889e-08,1.67889e-08,5,1.68006e-08,5,5,2.54435,2.45565,2.52309,2.47691,2.47691,2.52309,2.45565,2.54435,-0.0001,-0.0742294,-0.0738991
108.0000,2.5794,2.17814,1.48635,7.55851e-09,5,7.59397e-09,4.95175,5,7.82861e-08,2.57783,2.17483,1.48437,4.53427e-05,4.99996,8.20082e-05,4.94294,4.99997,0.000166797,1.66832e-08,1.66832e-08,1.66832e-08,1.66832e-08,1.66832e-08,5,1.66832e-08,1.66832e-08,5,1.66832e-08,5,5,1.67897e-08,1.67899e-08,1.67897e-08,1.67897e-08,1.67889e-08,5,1.67889e-08,1.67889e-08,5,1.68006e-08,5,5,2.54455,2.45545,2.5227,2.4773,2.4773,2.5227,2.45545,2.54455,-0.0001,-0.0742519,-0.073916
108.5000,2.5794,2.17814,1.48635,7.55851e-09,5,7.59397e-09,4.95175,5,7.82861e-08,2.57783,2.17483,1.48437,4.53427e-05,4.99996,8.20082e-05,4.94294,4.99997,0.000166797,1.66832e-08,1.66832e-08,1.66832e-08,1.66832e-08,1.66832e-08,5,1.66832e-08,1.66832e-08,5,1.66832e-08,5,5,1.67897e-08,1.67899e-08,1.67897e-08,1.67897e-08,1.67889e-08,5,1.6789e-08,1.6789e-08,5,1.68006e-08,5,5,2.54475,2.45525,2.52231,2.47769,2.47769,2.52231,2.45525,2.54475,-0.0001,-0.0742794,-0.0739371
109.0000,2.5794,2.17814,1.48635,7.55851e-09,5,7.59397e-09,4.95175,5,7.82861e-08,2.57783,2.17483,1.48437,4.53427e-05,4.99996,8.20082e-05,4.94294,4.99997,0.000166797,1.66832e-08,1.66832e-08,1.66832e-08,1.66832e-08,1.66832e-08,5,1.66832e-08,1.66832e-08,5,1.66832e-08,5,5,1.67897e-08,1.67899e-08,1.67897e-08,1.67897e-08,1.67889e-08,5,1.6789e-08,1.6789e-08,5,1.68006e-08,5,5,2.54494,2.45506,2.52192,2.47808,2.47808,2.52192,2.45506,2.54494,-0.0001,-0.0743139,-0.0739644
109.5000,2.5794,2.17814,1.48635,7.55851e-09,5,7.59397e-09,4.95175,5,7.82861e-08,2.57783,2.17483,1.48437,4.53427e-05,4.99996,8.20082e-05,4.94294,4.99997,0.000166797,1.66832e-08,1.66832e-08,1.66832e-08,1.66832e-08,1.66832e-08,5,1.66832e-08,1.66832e-08,5,1.66832e-08,5,5,1.67897e-08,1.67899e-08,1.67897e-08,1.67897e-08,1.67889e-08,5,1.6789e-08,1.6789e-08,5,1.68006e-08,5,5,2.54513,2.45487,2.52153,2.47847,2.47847,2.52153,2.45487,2.54513,-0.0001,-0.0743555,-0.0739981
110.0000,2.5794,2.17814,1.48635,7.55851e-09,5,7.59397e-09,4.95175,5,7.82861e-08,2.57783,2.17483,1.48437,4.53427e-05,4.99996,8.20082e-05,4.94294,4.99997,0.000166797,1.66832e-08,1.66832e-08,1.66832e-08,1.66832e-08,1.66832e-08,5,1.66832e-08,1.66832e-08,5,1.66832e-08,5,5,1.67897e-08,1.67899e-08,1.67898e-08,1.67898e-08,1.67889e-08,5,1.67891e-08,1.67891e-08,5,1.68006e-08,5,5,2.54532,2.45468,2.52113,2.47887,2.47887,2.52113,2.45468,2.54532,-0.0001,-0.0744037,-0.0740385
110.5000,2.5794,2.17814,1.48637,7.55851e-09,5,7.59397e-09,4.95175,5,7.83172e-08,2.57783,2.17483,1.48437,4.53427e-05,4.99996,8.20082e-05,4.94294,4.99997,0.000166797,1.66832e-08,1.66832e-08,1.66832e-08,1.66832e-08,1.66832e-08,5,1.66875e-08,1.66875e-08,5,1.66832e-08,4.99419,4.99419,1.67897e-08,1.67899e-08,1.67898e-08,1.67898e-08,1.67889e-08,5,1.67892e-08,1.67892e-08,5,1.68006e-08,5,5,2.5455,2.4545,2.52073,2.47927,2.47927,2.52073,2.4545,2.5455,-0.0001,-0.0744654,-0.0740858
111.0000,2.5794,2.17814,1.49075,7.55851e-09,5,7.59397e-09,4.95175,5,8.60909e-08,2.57783,2.17483,1.48437,4.53427e-05,4.99996,8.20082e-05,4.94294,4.99997,0.000166797,1.66832e-08,1.66832e-08,1.66832e-08,1.66832e-08,1.66832e-08,5,4.00987e-08,4.0099e-08,5,1.66832e-08,4.17021,4.17021,1.67897e-08,1.67899e-08,1.67898e-08,1.67898e-08,1.67889e-08,5,1.67894e-08,1.67894e-08,5,1.68006e-08,5,5,2.54568,2.45432,2.52034,2.47966,2.47966,2.52034,2.45432,2.54568,-0.0001,-0.0756032,-0.0741406
111.5000,2.5794,1.48635,2.17814,7.55851e-09,5,5,7.82861e-08,3.87675e-07,4.95175,2.57783,2.17483,1.48437,4.53427e-05,4.99996,8.20082e-05,4.94294,4.99997,0.000166797,1.66832e-08,1.66832e-08,1.66832e-08,1.66832e-08,1.66832e-08,5,5,5,5,1.66832e-08,0.0328611,0.032861,1.67897e-08,1.67899e-08,1.67898e-08,1.67898e-08,1.67889e-08,5,1.67899e-08,1.67899e-08,5,1.68006e-08,5,5,2.54585,2.45415,2.51994,2.48006,2.48006,2.51994,2.45415,2.54585,-0.0001,-0.0746975,-0.0742039
112.0000,2.5794,1.48635,2.17814,7.55851e-09,5,5,7.82861e-08,7.59334e-09,4.95227,2.57783,2.17483,1.48437,4.53427e-05,4.99996,8.20082e-05,4.94294,4.99997,0.000166797,1.66832e-08,1.66832e-08,1.66832e-08,1.66832e-08,1.66832e-08,5,5,5,5,1.66832e-08,1.88811e-07,1.88811e-07,1.67897e-08,1.67899e-08,1.679e-08,1.679e-08,1.67889e-08,5,1.67923e-08,1.67923e-08,5,1.68006e-08,5,5,2.54603,2.45397,2.51954,2.48046,2.48046,2.51954,2.45397,2.54603,-0.0001,-0.0744902,-0.0742772
112.5000,2.5794,1.48635,2.17814,7.55851e-09,5,5,7.82861e-08,7.59397e-09,4.95175,2.57783,2.17483,1.48437,4.53427e-05,4.99996,8.20082e-05,4.94294,4.99997,0.000166797,1.66832e-08,1.66832e-08,1.66832e-08,1.66832e-08,1.66832e-08,5,5,5,5,1.66832e-08,2.34804e-08,2.34804e-08,1.67897e-08,1.67899e-08,1.68021e-08,1.68021e-08,1.67889e-08,5,1.69346e-08,1.69346e-08,5,1.68006e-08,5,5,2.54619,2.45381,2.51913,2.48087,2.48087,2.51913,2.45381,2.54619,-0.0001,-0.0744273,-0.0743609
113.0000,2.5794,1.48635,2.17814,7.55851e-09,5,5,7.82861e-08,7.59397e-09,4.95175,2.57783,2.17483,1.48611,4.53427e-05,4.99996,8.20082e-05,4.94294,4.99997,0.000166812,1.66832e-08,1.66832e-08,1.66832e-08,1.66832e-08,1.66832e-08,5,5,5,5,1.66832e-08,1.86584e-08,1.86584e-08,1.67897e-08,1.67899e-08,1.74494e-06,1.74495e-06,1.67889e-08,5,2.04781e-05,2.04782e-05,5,1.68006e-08,4.58086,4.58086,2.54636,2.45364,2.51873,2.48127,2.48127,2.51873,2.45364,2.54636,-0.0001,-0.0743549,-0.0751337
113.5000,2.5794,1.48635,2.17814,7.55851e-09,5,5,7.82861e-08,7.59397e-09,4.95175,2.57783,1.48377,2.17551,4.53427e-05,4.99996,4.99999,7.97282e-05,0.000216012,4.94333,1.66832e-08,1.66832e-08,1.66832e-08,1.66832e-08,1.66832e-08,5,5,5,5,1.66832e-08,1.75555e-08,1.75555e-08,1.67897e-08,1.67899e-08,2.27434e-08,2.27434e-08,1.67889e-08,5,5,5,5,1.68006e-08,0.000414125,0.000414126,2.54652,2.45348,2.51833,2.48167,2.48167,2.51833,2.45348,2.54652,-0.0001,-0.0742754,-0.0744572
114.0000,2.5794,1.48635,2.17814,7.55851e-09,5,5,7.82861e-08,7.59397e-09,4.95175,2.57783,1.48377,2.17551,4.53427e-05,4.99996,4.99997,7.97282e-05,0.000215946,4.94396,1.66832e-08,1.66832e-08,1.66832e-08,1.66832e-08,1.66832e-08,5,5,5,5,1.66832e-08,1.72204e-08,1.72204e-08,1.67897e-08,1.67899e-08,1.679e-08,1.679e-08,1.67889e-08,5,5,5,5,1.68006e-08,2.53487e-08,2.53487e-08,2.54668,2.45332,2.51792,2.48208,2.48208,2.51792,2.45332,2.54668,-0.0001,-0.0741896,-0.0743654
114.5000,2.5794,1.48635,2.17814,7.55851e-09,5,5,7.82861e-08,7.59397e-09,4.95175,2.57783,1.48377,2.17551,4.53427e-05,4.99996,4.99997,7.97282e-05,0.000216014,4.94333,1.66832e-08,1.66832e-08,1.66832e-08,1.66832e-08,1.66832e-08,5,5,5,5,1.66832e-08,1.7072e-08,1.7072e-08,1.67897e-08,1.67899e-08,1.67899e-08,1.67899e-08,1.67889e-08,5,5,5,5,1.68006e-08,1.77701e-08,1.77701e-08,2.54683,2.45317,2.51751,2.48249,2.48249,2.51751,2.45317,2.54683,-0.0001,-0.0740998,-0.074249
115.0000,2.5794,1.48635,2.17814,7.55851e-09,5,5,7.82861e-08,7.59397e-09,4.95175,2.57783,1.48377,2.17551,4.53427e-05,4.99996,4.99997,7.97282e-05,0.000216014,4.94333,1.66832e-08,1.66832e-08,1.66832e-08,1.66832e-08,1.66832e-08,5,5,5,5,1.66832e-08,1.69849e-08,1.69849e-08,1.67897e-08,1.67899e-08,1.67899e-08,1.67899e-08,1.67889e-08,5,5,5,5,1.68006e-08,1.73079e-08,1.73079e-08,2.54699,2.45301,2.5171,2.4829,2.4829,2.5171,2.45301,2.54699,-0.0001,-0.0740081,-0.074129
115.5000,2.5794,1.48635,2.17814,7.55851e-09,5,5,7.82861e-08,7.59397e-09,4.95175,2.57783,1.48377,2.17551,4.53427e-05,4.99996,4.99997,7.97282e-05,0.000216014,4.94333,1.66832e-08,1.66832e-08,1.66832e-08,1.66832e-08,1.66832e-08,5,5,5,5,1.66832e-08,1.69237e-08,1.69237e-08,1.67897e-08,1.67899e-08,1.67899e-08,1.67899e-08,1.67889e-08,5,5,5,5,1.68006e-08,1.71667e-08,1.71667e-08,2.54713,2.45287,2.51669,2.48331,2.48331,2.51669,2.45287,2.54713,-0.0001,-0.0739162,-0.0740092
116.0000,2.5794,1.48635,2.17814,7.55851e-09,5,5,7.82861e-08,7.59397e-09,4.95175,2.57783,1.48377,2.17551,4.53427e-05,4.99996,4.99997,7.97282e-05,0.000216014,4.94333,1.66832e-08,1.66832e-08,1.66832e-08,1.66832e-08,1.66832e-08,5,5,5,5,1.66832e-08,1.68759e-08,1.68759e-08,1.67897e-08,1.67899e-08,1.67899e-08,1.67899e-08,1.67889e-08,5,5,5,5,1.68006e-08,1.70716e-08,1.70716e-08,2.54728,2.45272,2.51628,2.48372,2.48372,2.51628,2.45272,2.54728,-0.0001,-0.0738263,-0.0738926
116.5000,2.5794,1.48635,2.17814,7.55851e-09,5,5,7.82861e-08,7.59397e-09,4.95175,2.57783,1.48377,2.17551,4.53427e-05,4.99996,4.99997,7.97282e-05,0.000216014,4.94333,1.66832e-08,1.66832e-08,1.66832e-08,1.66832e-08,1.66832e-08,5,5,5,5,1.66832e-08,1.68364e-08,1.68364e-08,1.67897e-08,1.67899e-08,1.67899e-08,1.67899e-08,1.67889e-08,5,5,5,5,1.68006e-08,1.70068e-08,1.70068e-08,2.54742,2.45258,2.51587,2.48413,2.48413,2.51587,2.45258,2.54742,-0.0001,-0.0737407,-0.0737814
117.0000,2.5794,1.48635,2.17814,7.55851e-09,5,5,7.82861e-08,7.59397e-09,4.95175,2.57783,1.48377,2.17551,4.53427e-05,4.99996,4.99997,7.97282e-05,0.000216014,4.94333,1.66832e-08,1.66832e-08,1.66832e-08,1.66832e-08,1.66832e-08,5,5,5,5,1.66832e-08,1.67994e-08,1.67994e-08,1.67897e-08,1.67899e-08,1.67899e-08,1.67899e-08,1.67889e-08,5,5,5,5,1.68006e-08,1.69575e-08,1.69575e-08,2.54755,2.45245,2.51545,2.48455,2.48455,2.51545,2.45245,2.54755,-0.0001,-0.073669,-0.073679
117.5000,2.5794,1.48635,2.17814,7.55851e-09,5,5,7.82861e-08,7.59397e-09,4.95175,2.57783,1.48377,2.17551,4.53427e-05,4.99996,4.99997,7.97282e-05,0.000216014,4.94333,1.66832e-08,1.66832e-08,1.66832e-08,1.66832e-08,1.66832e-08,5,5,5,5,1.66832e-08,1.67602e-08,1.67602e-08,1.67897e-08,1.67899e-08,1.67899e-08,1.67899e-08,1.67889e-08,5,5,5,5,1.68006e-08,1.6913e-08,1.6913e-08,2.54769,2.45231,2.51504,2.48496,2.48496,2.51504,2.45231,2.54769,-0.0001,-0.073637,-0.0736016
118.0000,2.5794,1.48635,2.17814,7.55851e-09,5,5,7.82861e-08,7.59397e-09,4.95175,2.57783,1.48377,2.17551,4.53427e-05,4.99996,4.99997,7.97282e-05,0.000216014,4.94333,1.66832e-08,1.66832e-08,1.66832e-08,1.66832e-08,1.66832e-08,5,5,5,5,1.66832e-08,1.67386e-08,1.67386e-08,1.67897e-08,1.67899e-08,1.67899e-08,1.67899e-08,1.67889e-08,5,5,5,5,1.68006e-08,1.68727e-08,1.68727e-08,2.54782,2.45218,2.51462,2.48538,2.48538,2.51462,2.45218,2.54782,-0.0001,-0.0735858,-0.0735657
118.5000,2.5794,1.48635,2.17814,7.55851e-09,5,5,7.82861e-08,7.59397e-09,4.95175,2.57783,1.48377,2.17551,4.53427e-05,4.99996,4.99997,7.97282e-05,0.000216014,4.94333,1.66832e-08,1.66832e-08,1.66832e-08,1.66832e-08,1.66832e-08,5,5,5,5,1.66832e-08,1.67262e-08,1.67262e-08,1.67897e-08,1.67899e-08,1.67899e-08,1.67899e-08,1.67889e-08,5,5,5,5,1.68006e-08,1.68526e-08,1.68526e-08,2.54794,2.45206,2.5142,2.4858,2.4858,2.5142,2.45206,2.54794,-0.0001,-0.0735267,-0.0735096
119.0000,2.5794,1.48635,2.17814,7.55851e-09,5,5,7.82861e-08,7.59397e-09,4.95175,2.57783,1.48377,2.17551,4.53427e-05,4.99996,4.99997,7.97282e-05,0.000216014,4.94333,1.66832e-08,1.66832e-08,1.66832e-08,1.66832e-08,1.66832e-08,5,5,5,5,1.66832e-08,1.67173e-08,1.67173e-08,1.67897e-08,1.67899e-08,1.67899e-08,1.67899e-08,1.67889e-08,5,5,5,5,1.68006e-08,1.68407e-08,1.68407e-08,2.54806,2.45194,2.51378,2.48622,2.48622,2.51378,2.45194,2.54806,-0.0001,-0.0734859,-0.0734566
119.5000,2.5794,1.48635,2.17814,7.55851e-09,5,5,7.82861e-08,7.59397e-09,4.95175,2.57783,1.48377,2.17551,4.53427e-05,4.99996,4.99997,7.97282e-05,0.000216014,4.94333,1.66832e-08,1.66832e-08,1.66832e-08,1.66832e-08,1.66832e-08,5,5,5,5,1.66832e-08,1.67103e-08,1.67103e-08,1.67897e-08,1.67899e-08,1.67899e-08,1.67899e-08,1.67889e-08,5,5,5,5,1.68006e-08,1.68319e-08,1.68319e-08,2.54818,2.45182,2.51336,2.48664,2.48664,2.51336,2.45182,2.54818,-0.0001,-0.0734665,-0.0734257
120.0000,2.5794,1.48635,2.17814,7.55851e-09,5,5,7.82861e-08,7.59397e-09,4.95175,2.57783,1.48377,2.17551,4.53427e-05,4.99996,4.99997,7.97282e-05,0.000216014,4.94333,1.66832e-08,1.66832e-08,1.66832e-08,1.66832e-08,1.66832e-08,5,5,5,5,1.66832e-08,1.67047e-08,1.67047e-08,1.67897e-08,1.67899e-08,1.67899e-08,1.67899e-08,1.67889e-08,5,5,5,5,1.68006e-08,1.68251e-08,1.68251e-08,2.5483,2.4517,2.51294,2.48706,2.48706,2.51294,2.4517,2.5483,-0.0001,-0.0734632,-0.0734141
120.5000,2.5794,1.48635,2.17814,7.55851e-09,5,5,7.82861e-08,7.59397e-09,4.95175,2.57783,1.48377,2.17551,4.53427e-05,4.99996,4.99997,7.97282e-05,0.000216014,4.94333,1.66832e-08,1.66832e-08,1.66832e-08,1.66832e-08,1.66832e-08,5,5,5,5,1.66832e-08,1.67003e-08,1.67003e-08,1.67897e-08,1.67899e-08,1.67899e-08,1.67899e-08,1.67889e-08,5,5,5,5,1.68006e-08,1.68199e-08,1.68199e-08,2.54841,2.45159,2.51252,2.48748,2.48748,2.51252,2.45159,2.54841,-0.0001,-0.0734727,-0.0734174
121.0000,2.5794,1.48635,2.17814,7.55851e-09,5,5,7.82861e-08,7.59397e-09,4.95175,2.57783,1.48377,2.17551,4.53427e-05,4.99996,4.99997,7.97282e-05,0.000216014,4.94333,1.66832e-08,1.66832e-08,1.66832e-08,1.66832e-08,1.66832e-08,5,5,5,5,1.66832e-08,1.66967e-08,1.66967e-08,1.67897e-08,1.67899e-08,1.67899e-08,1.67899e-08,1.67889e-08,5,5,5,5,1.68006e-08,1.68157e-08,1.68157e-08,2.54851,2.45149,2.5121,2.4879,2.4879,2.5121,2.45149,2.54851,-0.0001,-0.0735315,-0.073468
121.5000,2.5794,1.48635,2.17814,7.55851e-09,5,5,7.82861e-08,7.59397e-09,4.95175,2.57783,1.48377,2.17551,4.53427e-05,4.99996,4.99997,7.97282e-05,0.000216014,4.94333,1.66832e-08,1.66832e-08,1.66832e-08,1.66832e-08,1.66832e-08,5,5,5,5,1.66832e-08,1.66939e-08,1.66939e-08,1.67897e-08,1.67899e-08,1.67899e-08,1.67899e-08,1.67889e-08,5,5,5,5,1.68006e-08,1.68125e-08,1.68125e-08,2.54862,2.45138,2.51167,2.48833,2.48833,2.51167,2.45138,2.54862,-0.0001,-0.0735884,-0.0735247
122.0000,2.5794,1.48635,2.17814,7.55851e-09,5,5,7.82861e-08,7.59397e-09,4.95175,2.57783,1.48377,2.17551,4.53427e-05,4.99996,4.99997,7.97282e-05,0.000216014,4.94333,1.66832e-08,1.66832e-08,1.66832e-08,1.66832e-08,1.66832e-08,5,5,5,5,1.66832e-08,1.66916e-08,1.66916e-08,1.67897e-08,1.67899e-08,1.67899e-08,1.67899e-08,1.67889e-08,5,5,5,5,1.68006e-08,1.68099e-08,1.68099e-08,2.54872,2.45128,2.51125,2.48875,2.48875,2.51125,2.45128,2.54872,-0.0001,-0.0736086,-0.0735467
122.5000,2.5794,1.48635,2.17814,7.55851e-09,5,5,7.82861e-08,7.59397e-09,4.95175,2.57783,1.48377,2.17551,4.53427e-05,4.99996,4.99997,7.97282e-05,0.000216014,4.94333,1.66832e-08,1.66832e-08,1.66832e-08,1.66832e-08,1.66832e-08,5,5,5,5,1.66832e-08,1.66898e-08,1.66898e-08,1.67897e-08,1.67899e-08,1.67899e-08,1.67899e-08,1.67889e-08,5,5,5,5,1.68006e-08,1.68078e-08,1.68078e-08,2.54881,2.45119,2.51082,2.48918,2.48918,2.51082,2.45119,2.54881,-0.0001,-0.0736214,-0.0735594
123.0000,2.5794,1.48635,2.17814,7.55851e-09,5,5,7.82861e-08,7.59397e-09,4.95175,2.57783,1.48377,2.17551,4.53427e-05,4.99996,4.99997,7.97282e-05,0.000216014,4.94333,1.66832e-08,1.66832e-08,1.66832e-08,1.66832e-08,1.66832e-08,5,5,5,5,1.66832e-08,1.66883e-08,1.66883e-08,1.67897e-08,1.67899e-08,1.67899e-08,1.67899e-08,1.67889e-08,5,5,5,5,1.68006e-08,1.68062e-08,1.68062e-08,2.54891,2.45109,2.5104,2.4896,2.4896,2.5104,2.45109,2.54891,-0.0001,-0.0736305,-0.0735687
123.5000,2.5794,1.48635,2.17814,7.55851e-09,5,5,7.82861e-08,7.59397e-09,4.95175,2.57783,1.48377,2.17551,4.53427e-05,4.99996,4.99997,7.97282e-05,0.000216014,4.94333,1.66832e-08,1.66832e-08,1.66832e-08,1.66832e-08,1.66832e-08,5,5,5,5,1.66832e-08,1.66872e-08,1.66872e-08,1.67897e-08,1.67899e-08,1.67899e-08,1.67899e-08,1.67889e-08,5,5,5,5,1.68006e-08,1.68049e-08,1.68049e-08,2.549,2.451,2.50997,2.49003,2.49003,2.50997,2.451,2.549,-0.0001,-0.0736368,-0.0735752
124.0000,2.5794,1.48635,2.17814,7.55851e-09,5,5,7.82861e-08,7.59397e-09,4.95175,2.57783,1.48377,2.17551,4.53427e-05,4.99996,4.99997,7.97282e-05,0.000216014,4.94333,1.66832e-08,1.66832e-08,1.66832e-08,1.66832e-08,1.66832e-08,5,5,5,5,1.66832e-08,1.66862e-08,1.66862e-08,1.67897e-08,1.67899e-08,1.67899e-08,1.67899e-08,1.67889e-08,5,5,5,5,1.68006e-08,1.68038e-08,1.68038e-08,2.54908,2.45092,2.50954,2.49046,2.49046,2.50954,2.45092,2.54908,-0.0001,-0.0736413,-0.07358
124.5000,2.5794,1.48635,2.17814,7.55851e-09,5,5,7.82861e-08,7.59397e-09,4.95175,2.57783,1.48377,2.17551,4.53427e-05,4.99996,4.99997,7.97282e-05,0.000216014,4.94333,1.66832e-08,1.66832e-08,1.66832e-08,1.66832e-08,1.66832e-08,5,5,5,5,1.66832e-08,1.66855e-08,1.66855e-08,1.67897e-08,1.67899e-08,1.67899e-08,1.67899e-08,1.67889e-08,5,5,5,5,1.68006e-08,1.6803e-08,1.6803e-08,2.54916,2.45084,2.50911,2.49089,2.49089,2.50911,2.45084,2.54916,-0.0001,-0.0736453,-0.0735841
125.0000,2.5794,1.48635,2.17814,7.55851e-09,5,5,7.82861e-08,7.59397e-09,4.95175,2.57783,1.48377,2.17551,4.53427e-05,4.99996,4.99997,7.97282e-05,0.000216014,4.94333,1.66832e-08,1.66832e-08,1.66832e-08,1.66832e-08,1.66832e-08,5,5,5,5,1.66832e-08,1.66849e-08,1.66849e-08,1.67897e-08,1.67899e-08,1.67899e-08,1.67899e-08,1.67889e-08,5,5,5,5,1.68006e-08,1.68024e-08,1.68024e-08,2.54924,2.45076,2.50868,2.49132,2.49132,2.50868,2.45076,2.54924,-0.0001,-0.0736492,-0.0735883
125.5000,2.5794,1.48635,2.17814,7.55851e-09,5,5,7.82861e-08,7.59397e-09,4.95175,2.57783,1.48377,2.17551,4.53427e-05,4.99996,4.99997,7.97282e-05,0.000216014,4.94333,1.66832e-08,1.66832e-08,1.66832e-08,1.66832e-08,1.66832e-08,5,5,5,5,1.66832e-08,1.66844e-08,1.66844e-08,1.67897e-08,1.67899e-08,1.67899e-08,1.67899e-08,1.67889e-08,5,5,5,5,1.68006e-08,1.68019e-08,1.68019e-08,2.54932,2.45068,2.50825,2.49175,2.49175,2.50825,2.45068,2.54932,-0.0001,-0.0736534,-0.0735927
126.0000,2.5794,1.48635,2.17814,7.55851e-09,5,5,7.82861e-08,7.59397e-09,4.95175,2.57783,1.48377,2.17551,4.53427e-05,4.99996,4.99997,7.97282e-05,0.000216014,4.94333,1.66832e-08,1.66832e-08,1.66832e-08,1.66832e-08,1.66832e-08,5,5,5,5,1.66832e-08,1.66841e-08,1.66841e-08,1.67897e-08,1.67899e-08,1.67899e-08,1.67899e-08,1.67889e-08,5,5,5,5,1.68006e-08,1.68015e-08,1.68015e-08,2.54939,2.45061,2.50782,2.49218,2.49218,2.50782,2.45061,2.54939,-0.0001,-0.0736572,-0.0735969
126.5000,2.5794,1.48635,2.17814,7.55851e-09,5,5,7.82861e-08,7.59397e-09,4.95175,2.57783,1.48377,2.17551,4.53427e-05,4.99996,4.99997,7.97282e-05,0.000216014,4.94333,1.66832e-08,1.66832e-08,1.66832e-08,1.66832e-08,1.66832e-08,5,5,5,5,1.66832e-08,1.66838e-08,1.66838e-08,1.67897e-08,1.67899e-08,1.67899e-08,1.67899e-08,1.67889e-08,5,5,5,5,1.68006e-08,1.68012e-08,1.68012e-08,2.54945,2.45055,2.50739,2.49261,2.49261,2.50739,2.45055,2.54945,-0.0001,-0.0736598,-0.0736001
127.0000,2.5794,1.48635,2.17814,7.55851e-09,5,5,7.82861e-08,7.59397e-09,4.95175,2.57783,1.48377,2.17551,4.53427e-05,4.99996,4.99997,7.97282e-05,0.000216014,4.94333,1.66832e-08,1.66832e-08,1.66832e-08,1.66832e-08,1.66832e-08,5,5,5,5,1.66832e-08,1.66836e-08,1.66836e-08,1.67897e-08,1.67899e-08,1.67899e-08,1.67899e-08,1.67889e-08,5,5,5,5,1.68006e-08,1.6801e-08,1.6801e-08,2.54952,2.45048,2.50696,2.49304,2.49304,2.50696,2.45048,2.54952,-0.0001,-0.0736609,-0.0736019
127.5000,2.5794,1.48635,2.17814,7.55851e-09,5,5,7.82861e-08,7.59397e-09,4.95175,2.57783,1.48377,2.17551,4.53427e-05,4.99996,4.99997,7.97282e-05,0.000216014,4.94333,1.66832e-08,1.66832e-08,1.66832e-08,1.66832e-08,1.66832e-08,5,5,5,5,1.66832e-08,1.66835e-08,1.66835e-08,1.67897e-08,1.67899e-08,1.67899e-08,1.67899e-08,1.67889e-08,5,5,5,5,1.68006e-08,1.68009e-08,1.68009e-08,2.54957,2.45043,2.50653,2.49347,2.49347,2.50653,2.45043,2.54957,-0.0001,-0.07366,-0.0736021
128.0000,2.5794,1.48635,2.17814,7.55851e-09,5,5,7.82861e-08,7.59397e-09,4.95175,2.57783,1.48377,2.17551,4.53427e-05,4.99996,4.99997,7.97282e-05,0.000216014,4.94333,1.66832e-08,1.66832e-08,1.66832e-08,1.66832e-08,1.66832e-08,5,5,5,5,1.66832e-08,1.66834e-08,1.66834e-08,1.67897e-08,1.67899e-08,1.67899e-08,1.67899e-08,1.67889e-08,5,5,5,5,1.68006e-08,1.68007e-08,1.68007e-08,2.54963,2.45037,2.50609,2.49391,2.49391,2.50609,2.45037,2.54963,-0.0001,-0.0736566,-0.0736002
128.5000,2.5794,1.48635,2.17814,7.55851e-09,5,5,7.82861e-08,7.59397e-09,4.95175,2.57783,1.48377,2.17551,4.53427e-05,4.99996,4.99997,7.97282e-05,0.000216014,4.94333,1.66832e-08,1.66832e-08,1.66832e-08,1.66832e-08,1.66832e-08,5,5,5,5,1.66832e-08,1.66833e-08,1.66833e-08,1.67897e-08,1.67899e-08,1.67899e-08,1.67899e-08,1.67889e-08,5,5,5,5,1.68006e-08,1.68007e-08,1.68007e-08,2.54968,2.45032,2.50566,2.49434,2.49434,2.50566,2.45032,2.54968,-0.0001,-0.0736487,-0.0735947
129.0000,2.5794,1.48635,2.17814,7.55851e-09,5,5,7.82861e-08,7.59397e-09,4.95175,2.57783,1.48377,2.17551,4.53427e-05,4.99996,4.99997,7.97282e-05,0.000216014,4.94333,1.66832e-08,1.66832e-08,1.66832e-08,1.66832e-08,1.66832e-08,5,5,5,5,1.66832e-08,1.66833e-08,1.66833e-08,1.67897e-08,1.67899e-08,1.67899e-08,1.67899e-08,1.67889e-08,5,5,5,5,1.68006e-08,1.68006e-08,1.68006e-08,2.54973,2.45027,2.50523,2.49477,2.49477,2.50523,2.45027,2.54973,-0.0001,-0.0736332,-0.0735822
129.5000,2.5794,1.48635,2.17814,7.55851e-09,5,5,7.82861e-08,7.59397e-09,4.95175,2.57783,1.48377,2.17551,4.53427e-05,4.99996,4.99997,7.97282e-05,0.000216014,4.94333,1.66832e-08,1.66832e-08,1.66832e-08,1.66832e-08,1.66832e-08,5,5,5,5,1.66832e-08,1.66832e-08,1.66832e-08,1.67897e-08,1.67899e-08,1.67899e-08,1.67899e-08,1.67889e-08,5,5,5,5,1.68006e-08,1.68006e-08,1.68006e-08,2.54977,2.45023,2.50479,2.49521,2.49521,2.50479,2.45023,2.54977,-0.0001,-0.0736063,-0.0735585
130.0000,2.5794,1.48635,2.17814,7.55851e-09,5,5,7.82861e-08,7.59397e-09,4.95175,2.57783,1.48377,2.17551,4.53427e-05,4.99996,4.99997,7.97282e-05,0.000216014,4.94333,1.66832e-08,1.66832e-08,1.66832e-08,1.66832e-08,1.66832e-08,5,5,5,5,1.66832e-08,1.66832e-08,1.66832e-08,1.67897e-08,1.67899e-08,1.67899e-08,1.67899e-08,1.67889e-08,5,5,5,5,1.68006e-08,1.68006e-08,1.68006e-08,2.54981,2.45019,2.50436,2.49564,2.49564,2.50436,2.45019,2.54981,-0.0001,-0.073566,-0.0735212
130.5000,2.5794,1.48635,2.17814,7.55851e-09,5,5,7.82861e-08,7.59397e-09,4.95175,2.57783,1.48377,2.17551,4.53427e-05,4.99996,4.99997,7.97282e-05,0.000216014,4.94333,1.66832e-08,1.66832e-08,1.66832e-08,1.66832e-08,1.66832e-08,5,5,5,5,1.66832e-08,1.66832e-08,1.66832e-08,1.67897e-08,1.67899e-08,1.67899e-08,1.67899e-08,1.67889e-08,5,5,5,5,1.68006e-08,1.68006e-08,1.68006e-08,2.54985,2.45015,2.50392,2.49608,2.49608,2.50392,2.45015,2.54985,-0.0001,-0.0735126,-0.0734704
131.0000,2.5794,1.48635,2.17814,7.55851e-09,5,5,7.82861e-08,7.59397e-09,4.95175,2.57783,1.48377,2.17551,4.53427e-05,4.99996,4.99997,7.97282e-05,0.000216014,4.94333,1.66832e-08,1.66832e-08,1.66832e-08,1.66832e-08,1.66832e-08,5,5,5,5,1.66832e-08,1.66832e-08,1.66832e-08,1.67897e-08,1.67899e-08,1.67899e-08,1.67899e-08,1.67889e-08,5,5,5,5,1.68006e-08,1.68006e-08,1.68006e-08,2.54988,2.45012,2.50349,2.49651,2.49651,2.50349,2.45012,2.54988,-0.0001,-0.0734473,-0.073407
131.5000,2.5794,1.48635,2.17814,7.55851e-09,5,5,7.82861e-08,7.59397e-09,4.95175,2.57783,1.48377,2.17551,4.53427e-05,4.99996,4.99997,7.97282e-05,0.000216014,4.94333,1.66832e-08,1.66832e-08,1.66832e-08,1.66832e-08,1.66832e-08,5,5,5,5,1.66832e-08,1.66832e-08,1.66832e-08,1.67897e-08,1.67899e-08,1.67899e-08,1.67899e-08,1.67889e-08,5,5,5,5,1.68006e-08,1.68006e-08,1.68006e-08,2.54991,2.45009,2.50305,2.49695,2.49695,2.50305,2.45009,2.54991,-0.0001,-0.0733498,-0.0733097
132.0000,2.5794,1.48635,2.17814,7.55851e-09,5,5,7.82861e-08,7.59397e-09,4.95175,2.57783,1.48377,2.17551,4.53427e-05,4.99996,4.99997,7.97282e-05,0.000216014,4.94333,1.66832e-08,1.66832e-08,1.66832e-08,1.66832e-08,1.66832e-08,5,5,5,5,1.66832e-08,1.66832e-08,1.66832e-08,1.67897e-08,1.67899e-08,1.67899e-08,1.67899e-08,1.67889e-08,5,5,5,5,1.68006e-08,1.68006e-08,1.68006e-08,2.54993,2.45007,2.50262,2.49738,2.49738,2.50262,2.45007,2.54993,-0.0001,-0.0732196,-0.0731697
132.5000,2.5794,1.48635,2.17814,7.55851e-09,5,5,7.82861e-08,7.59397e-09,4.95175,2.57783,1.48377,2.17551,4.53427e-05,4.99996,4.99997,7.97282e-05,0.000216014,4.94333,1.66832e-08,1.66832e-08,1.66832e-08,1.66832e-08,1.66832e-08,5,5,5,5,1.66832e-08,1.66832e-08,1.66832e-08,1.67897e-08,1.67899e-08,1.67899e-08,1.67899e-08,1.67889e-08,5,5,5,5,1.68006e-08,1.68006e-08,1.68006e-08,2.54995,2.45005,2.50218,2.49782,2.49782,2.50218,2.45005,2.54995,-0.0001,-0.0730776,-0.0730286
133.0000,2.5794,1.48635,2.17814,7.55851e-09,5,5,7.82861e-08,7.59397e-09,4.95175,2.57783,1.48377,2.17551,4.53427e-05,4.99996,4.99997,7.97282e-05,0.000216014,4.94333,1.66832e-08,1.66832e-08,1.66832e-08,1.66832e-08,1.66832e-08,5,5,5,5,1.66832e-08,1.66832e-08,1.66832e-08,1.67897e-08,1.67899e-08,1.67899e-08,1.67899e-08,1.67889e-08,5,5,5,5,1.68006e-08,1.68006e-08,1.68006e-08,2.54997,2.45003,2.50174,2.49826,2.49826,2.50174,2.45003,2.54997,-0.0001,-0.0729362,-0.0728884
133.5000,2.5794,1.48635,2.17814,7.55851e-09,5,5,7.82861e-08,7.59397e-09,4.95175,2.57783,1.48377,2.17551,4.53427e-05,4.99996,4.99997,7.97282e-05,0.000216014,4.94333,1.66832e-08,1.66832e-08,1.66832e-08,1.66832e-08,1.66832e-08,5,5,5,5,1.66832e-08,1.66832e-08,1.66832e-08,1.67897e-08,1.67899e-08,1.67899e-08,1.67899e-08,1.67889e-08,5,5,5,5,1.68006e-08,1.68006e-08,1.68006e-08,2.54998,2.45002,2.50131,2.49869,2.49869,2.50131,2.45002,2.54998,-0.0001,-0.0728025,-0.0727551
134.0000,2.5794,1.48635,2.17814,7.55851e-09,5,5,7.82861e-08,7.59397e-09,4.95175,2.57783,1.48377,2.17551,4.53427e-05,4.99996,4.99997,7.97282e-05,0.000216014,4.94333,1.66832e-08,1.66832e-08,1.66832e-08,1.66832e-08,1.66832e-08,5,5,5,5,1.66832e-08,1.66832e-08,1.66832e-08,1.67897e-08,1.67899e-08,1.67899e-08,1.67899e-08,1.67889e-08,5,5,5,5,1.68006e-08,1.68006e-08,1.68006e-08,2.54999,2.45001,2.50087,2.49913,2.49913,2.50087,2.45001,2.54999,-0.0001,-0.0727472,-0.0726975
134.5000,2.5794,1.48635,2.17814,7.55851e-09,5,5,7.82861e-08,7.59397e-09,4.95175,2.57783,1.48377,2.17551,4.53427e-05,4.99996,4.99997,7.97282e-05,0.000216014,4.94333,1.66832e-08,1.66832e-08,1.66832e-08,1.66832e-08,1.66832e-08,5,5,5,5,1.66832e-08,1.66832e-08,1.66832e-08,1.67897e-08,1.67899e-08,1.67899e-08,1.67899e-08,1.67889e-08,5,5,5,5,1.68006e-08,1.68006e-08,1.68006e-08,2.55,2.45,2.50044,2.49956,2.49956,2.50044,2.45,2.55,-0.0001,-0.0729164,-0.0728626
135.0000,2.5794,1.48635,2.17814,7.55851e-09,5,5,7.82861e-08,7.59397e-09,4.95175,2.57783,1.48377,2.17551,4.53427e-05,4.99996,4.99997,7.97282e-05,0.000216014,4.94333,1.66832e-08,1.66832e-08,1.66832e-08,1.66832e-08,1.66832e-08,5,5,5,5,1.66832e-08,1.66832e-08,1.66832e-08,1.67897e-08,1.67899e-08,1.67899e-08,1.67899e-08,1.67889e-08,5,5,5,5,1.68006e-08,1.68006e-08,1.68006e-08,2.55,2.45,2.5,2.5,2.5,2.5,2.45,2.55,-0.0001,-0.0742946,-0.0739861
135.5000,2.5794,1.21974,2.5794,7.55851e-09,5,5,8.10796e-09,7.55851e-09,5,2.57783,1.21894,2.57783,4.53427e-05,4.99996,4.99997,0.000161058,4.53427e-05,4.99996,1.66832e-08,1.66832e-08,1.66832e-08,1.66832e-08,5,5,5,5,1.66832e-08,1.66832e-08,1.66832e-08,8.3416e-09,1.67899e-08,1.67899e-08,1.67899e-08,1.67901e-08,5,5,5,5,1.68006e-08,1.68006e-08,1.68006e-08,8.44371e-09,2.55,2.45,2.49956,2.50044,2.50044,2.49956,2.45,2.55,-0.0001,-0.0725679,-0.0724897
136.0000,2.5794,1.21974,2.5794,7.55851e-09,5,5,8.10796e-09,7.55851e-09,5,2.57783,1.21894,2.57783,4.53427e-05,4.99996,4.99997,0.000161058,4.53427e-05,4.99996,1.66832e-08,1.66832e-08,1.66832e-08,1.66832e-08,5,5,5,5,1.66832e-08,1.66832e-08,1.66832e-08,8.34162e-09,1.67899e-08,1.67899e-08,1.67899e-08,1.67901e-08,5,5,5,5,1.68006e-08,1.68006e-08,1.68006e-08,8.44371e-09,2.54999,2.45001,2.49913,2.50087,2.50087,2.49913,2.45001,2.54999,-0.0001,-0.072523,-0.0724433
136.5000,2.5794,1.21974,2.5794,7.55851e-09,5,5,8.10796e-09,7.55851e-09,5,2.57783,1.21894,2.57783,4.53427e-05,4.99996,4.99997,0.000161058,4.53427e-05,4.99996,1.66832e-08,1.66832e-08,1.66832e-08,1.66832e-08,5,5,5,5,1.66832e-08,1.66832e-08,1.66832e-08,8.34161e-09,1.67899e-08,1.67899e-08,1.67899e-08,1.67901e-08,5,5,5,5,1.68006e-08,1.68006e-08,1.68006e-08,8.44371e-09,2.54998,2.45002,2.49869,2.50131,2.50131,2.49869,2.45002,2.54998,-0.0001,-0.0724963,-0.0724169
137.0000,2.5794,1.21974,2.5794,7.55851e-09,5,5,8.10796e-09,7.55851e-09,5,2.57783,1.21894,2.57783,4.53427e-05,4.99996,4.99997,0.000161058,4.53427e-05,4.99996,1.66832e-08,1.66832e-08,1.66832e-08,1.66832e-08,5,5,5,5,1.66832e-08,1.66832e-08,1.66832e-08,8.34161e-09,1.67899e-08,1.67899e-08,1.67899e-08,1.67901e-08,5,5,5,5,1.68006e-08,1.68006e-08,1.68006e-08,8.44371e-09,2.54997,2.45003,2.49826,2.50174,2.50174,2.49826,2.45003,2.54997,-0.0001,-0.0725365,-0.0724442
137.5000,2.5794,1.21974,2.5794,7.55851e-09,5,5,8.10796e-09,7.55851e-09,5,2.57783,1.21894,2.57783,4.53427e-05,4.99996,4.99997,0.000161058,4.53427e-05,4.99996,1.66832e-08,1.66832e-08,1.66832e-08,1.66832e-08,5,5,5,5,1.66832e-08,1.66832e-08,1.66832e-08,8.3416e-09,1.67899e-08,1.67899e-08,1.67899e-08,1.67901e-08,5,5,5,5,1.68006e-08,1.68006e-08,1.68006e-08,8.44371e-09,2.54995,2.45005,2.49782,2.50218,2.50218,2.49782,2.45005,2.54995,-0.0001,-0.0726018,-0.0725081
138.0000,2.5794,1.21974,2.5794,7.55851e-09,5,5,8.10796e-09,7.55851e-09,5,2.57783,1.21894,2.57783,4.53427e-05,4.99996,4.99997,0.000161058,4.53427e-05,4.99996,1.66832e-08,1.66832e-08,1.66832e-08,1.66832e-08,5,5,5,5,1.66832e-08,1.66832e-08,1.66832e-08,8.3416e-09,1.67899e-08,1.67899e-08,1.67899e-08,1.67901e-08,5,5,5,5,1.68006e-08,1.68006e-08,1.68006e-08,8.44371e-09,2.54993,2.45007,2.49738,2.50262,2.50262,2.49738,2.45007,2.54993,-0.0001,-0.0726696,-0.0725765
138.5000,2.5794,1.21974,2.5794,7.55851e-09,5,5,8.10796e-09,7.55851e-09,5,2.57783,1.21894,2.57783,4.53427e-05,4.99996,4.99997,0.000161058,4.53427e-05,4.99996,1.66832e-08,1.66832e-08,1.66832e-08,1.66832e-08,5,5,5,5,1.66832e-08,1.66832e-08,1.66832e-08,8.3416e-09,1.67899e-08,1.67899e-08,1.67899e-08,1.67901e-08,5,5,5,5,1.68006e-08,1.68006e-08,1.68006e-08,8.44371e-09,2.54991,2.45009,2.49695,2.50305,2.50305,2.49695,2.45009,2.54991,-0.0001,-0.0727317,-0.0726684
139.0000,2.5794,1.21974,2.5794,7.55851e-09,5,5,8.10796e-09,7.55851e-09,5,2.57783,1.21894,2.57783,4.53427e-05,4.99996,4.99997,0.000161058,4.53427e-05,4.99996,1.66832e-08,1.66832e-08,1.66832e-08,1.66832e-08,5,5,5,5,1.66832e-08,1.66832e-08,1.66832e-08,8.34161e-09,1.67899e-08,1.67899e-08,1.67899e-08,1.67901e-08,5,5,5,5,1.68006e-08,1.68006e-08,1.68006e-08,8.44371e-09,2.54988,2.45012,2.49651,2.50349,2.50349,2.49651,2.45012,2.54988,-0.0001,-0.0727866,-0.0727133
139.5000,2.5794,1.21974,2.5794,7.55851e-09,5,5,8.10796e-09,7.55851e-09,5,2.57783,1.21894,2.57783,4.53427e-05,4.99996,4.99997,0.000161058,4.53427e-05,4.99996,1.66832e-08,1.66832e-08,1.66832e-08,1.66832e-08,5,5,5,5,1.66832e-08,1.66832e-08,1.66832e-08,8.34161e-09,1.67899e-08,1.67899e-08,1.67899e-08,1.67901e-08,5,5,5,5,1.68006e-08,1.68006e-08,1.68006e-08,8.44371e-09,2.54985,2.45015,2.49608,2.50392,2.50392,2.49608,2.45015,2.54985,-0.0001,-0.0727609,-0.0726882
140.0000,2.5794,1.21974,2.5794,7.55851e-09,5,5,8.10796e-09,7.55851e-09,5,2.57783,1.21894,2.57783,4.53427e-05,4.99996,4.99997,0.000161058,4.53427e-05,4.99996,1.66832e-08,1.66832e-08,1.66832e-08,1.66832e-08,5,5,5,5,1.66832e-08,1.66832e-08,1.66832e-08,8.34161e-09,1.67899e-08,1.67899e-08,1.67899e-08,1.67901e-08,5,5,5,5,1.68006e-08,1.68006e-08,1.68006e-08,8.44371e-09,2.54981,2.45019,2.49564,2.50436,2.50436,2.49564,2.45019,2.54981,-0.0001,-0.0727324,-0.0726599
140.5000,2.5794,1.21974,2.5794,7.55851e-09,5,5,8.10796e-09,7.55851e-09,5,2.57783,1.21894,2.57783,4.53427e-05,4.99996,4.99997,0.000161058,4.53427e-05,4.99996,1.66832e-08,1.66832e-08,1.66832e-08,1.66832e-08,5,5,5,5,1.66832e-08,1.66832e-08,1.66832e-08,8.34161e-09,1.67899e-08,1.67899e-08,1.67899e-08,1.67901e-08,5,5,5,5,1.68006e-08,1.68006e-08,1.68006e-08,8.44371e-09,2.54977,2.45023,2.49521,2.50479,2.50479,2.49521,2.45023,2.54977,-0.0001,-0.0727048,-0.0726321
141.0000,2.5794,1.21974,2.5794,7.55851e-09,5,5,8.10796e-09,7.55851e-09,5,2.57783,1.21894,2.57783,4.53427e-05,4.99996,4.99997,0.000161058,4.53427e-05,4.99996,1.66832e-08,1.66832e-08,1.66832e-08,1.66832e-08,5,5,5,5,1.66832e-08,1.66833e-08,1.66832e-08,8.3416e-09,1.67899e-08,1.67899e-08,1.67899e-08,1.67901e-08,5,5,5,5,1.68006e-08,1.68006e-08,1.68006e-08,8.44371e-09,2.54973,2.45027,2.49477,2.50523,2.50523,2.49477,2.45027,2.54973,-0.0001,-0.0726799,-0.0726066
141.5000,2.5794,1.21974,2.5794,7.55851e-09,5,5,8.10796e-09,7.55851e-09,5,2.57783,1.21894,2.57783,4.53427e-05,4.99996,4.99997,0.000161058,4.53427e-05,4.99996,1.66832e-08,1.66832e-08,1.66832e-08,1.66832e-08,5,5,5,5,1.66832e-08,1.66833e-08,1.66832e-08,8.34161e-09,1.67899e-08,1.67899e-08,1.67899e-08,1.67901e-08,5,5,5,5,1.68006e-08,1.68007e-08,1.68006e-08,8.44371e-09,2.54968,2.45032,2.49434,2.50566,2.50566,2.49434,2.45032,2.54968,-0.0001,-0.0726592,-0.0725849
142.0000,2.5794,1.21974,2.5794,7.55851e-09,5,5,8.10796e-09,7.55851e-09,5,2.57783,1.21894,2.57783,4.53427e-05,4.99996,4.99997,0.000161058,4.53427e-05,4.99996,1.66832e-08,1.66832e-08,1.66832e-08,1.66832e-08,5,5,5,5,1.66832e-08,1.66834e-08,1.66832e-08,8.34161e-09,1.67899e-08,1.67899e-08,1.67899e-08,1.67901e-08,5,5,5,5,1.68006e-08,1.68007e-08,1.68006e-08,8.44371e-09,2.54963,2.45037,2.49391,2.50609,2.50609,2.49391,2.45037,2.54963,-0.0001,-0.072643,-0.0725677
142.5000,2.5794,1.21974,2.5794,7.55851e-09,5,5,8.10796e-09,7.55851e-09,5,2.57783,1.21894,2.57783,4.53427e-05,4.99996,4.99997,0.000161058,4.53427e-05,4.99996,1.66832e-08,1.66832e-08,1.66832e-08,1.66832e-08,5,5,5,5,1.66832e-08,1.66835e-08,1.66832e-08,8.34161e-09,1.67899e-08,1.67899e-08,1.67899e-08,1.67901e-08,5,5,5,5,1.68006e-08,1.68009e-08,1.68006e-08,8.44371e-09,2.54957,2.45043,2.49347,2.50653,2.50653,2.49347,2.45043,2.54957,-0.0001,-0.0726303,-0.0725544
143.0000,2.5794,1.21974,2.5794,7.55851e-09,5,5,8.10796e-09,7.55851e-09,5,2.57783,1.21894,2.57783,4.53427e-05,4.99996,4.99997,0.000161058,4.53427e-05,4.99996,1.66832e-08,1.66832e-08,1.66832e-08,1.66832e-08,5,5,5,5,1.66832e-08,1.66836e-08,1.66832e-08,8.3416e-09,1.67899e-08,1.67899e-08,1.67899e-08,1.67901e-08,5,5,5,5,1.68006e-08,1.6801e-08,1.68006e-08,8.44371e-09,2.54952,2.45048,2.49304,2.50696,2.50696,2.49304,2.45048,2.54952,-0.0001,-0.0726202,-0.0725439
143.5000,2.5794,1.21974,2.5794,7.55851e-09,5,5,8.10796e-09,7.55851e-09,5,2.57783,1.21894,2.57783,4.53427e-05,4.99996,4.99997,0.000161058,4.53427e-05,4.99996,1.66832e-08,1.66832e-08,1.66832e-08,1.66832e-08,5,5,5,5,1.66832e-08,1.66838e-08,1.66832e-08,8.3416e-09,1.67899e-08,1.67899e-08,1.67899e-08,1.67901e-08,5,5,5,5,1.68006e-08,1.68012e-08,1.68006e-08,8.44371e-09,2.54945,2.45055,2.49261,2.50739,2.50739,2.49261,2.45055,2.54945,-0.0001,-0.0726121,-0.0725354
144.0000,2.5794,1.21974,2.5794,7.55851e-09,5,5,8.10796e-09,7.55851e-09,5,2.57783,1.21894,2.57783,4.53427e-05,4.99996,4.99997,0.000161058,4.53427e-05,4.99996,1.66832e-08,1.66832e-08,1.66832e-08,1.66832e-08,5,5,5,5,1.66832e-08,1.66841e-08,1.66832e-08,8.34161e-09,1.67899e-08,1.67899e-08,1.67899e-08,1.67901e-08,5,5,5,5,1.68006e-08,1.68015e-08,1.68006e-08,8.44371e-09,2.54939,2.45061,2.49218,2.50782,2.50782,2.49218,2.45061,2.54939,-0.0001,-0.0726055,-0.0725287
144.5000,2.5794,1.21974,2.5794,7.55851e-09,5,5,8.10796e-09,7.55851e-09,5,2.57783,1.21894,2.57783,4.53427e-05,4.99996,4.99997,0.000161058,4.53427e-05,4.99996,1.66832e-08,1.66832e-08,1.66832e-08,1.66832e-08,5,5,5,5,1.66832e-08,1.66844e-08,1.66832e-08,8.3416e-09,1.67899e-08,1.67899e-08,1.67899e-08,1.67901e-08,5,5,5,5,1.68006e-08,1.68019e-08,1.68006e-08,8.44371e-09,2.54932,2.45068,2.49175,2.50825,2.50825,2.49175,2.45068,2.54932,-0.0001,-0.0726005,-0.0725235
145.0000,2.5794,1.21974,2.5794,7.55851e-09,5,5,8.10796e-09,7.55851e-09,5,2.57783,1.21894,2.57783,4.53427e-05,4.99996,4.99997,0.000161058,4.53427e-05,4.99996,1.66832e-08,1.66832e-08,1.66832e-08,1.66832e-08,5,5,5,5,1.66832e-08,1.66849e-08,1.66832e-08,8.34161e-09,1.67899e-08,1.67899e-08,1.67899e-08,1.67901e-08,5,5,5,5,1.68006e-08,1.68024e-08,1.68006e-08,8.44371e-09,2.54924,2.45076,2.49132,2.50868,2.50868,2.49132,2.45076,2.54924,-0.0001,-0.072597,-0.0725198
145.5000,2.5794,1.21974,2.5794,7.55851e-09,5,5,8.10796e-09,7.55851e-09,5,2.57783,1.21894,2.57783,4.53427e-05,4.99996,4.99997,0.000161058,4.53427e-05,4.99996,1.66832e-08,1.66832e-08,1.66832e-08,1.66832e-08,5,5,5,5,1.66832e-08,1.66855e-08,1.66832e-08,8.3416e-09,1.67899e-08,1.67899e-08,1.67899e-08,1.67901e-08,5,5,5,5,1.68006e-08,1.6803e-08,1.68006e-08,8.44371e-09,2.54916,2.45084,2.49089,2.50911,2.50911,2.49089,2.45084,2.54916,-0.0001,-0.0725953,-0.0725178
146.0000,2.5794,1.21974,2.5794,7.55851e-09,5,5,8.10796e-09,7.55851e-09,5,2.57783,1.21894,2.57783,4.53427e-05,4.99996,4.99997,0.000161058,4.53427e-05,4.99996,1.66832e-08,1.66832e-08,1.66832e-08,1.66832e-08,5,5,5,5,1.66832e-08,1.66862e-08,1.66832e-08,8.34161e-09,1.67899e-08,1.67899e-08,1.67899e-08,1.67901e-08,5,5,5,5,1.68006e-08,1.68038e-08,1.68006e-08,8.44371e-09,2.54908,2.45092,2.49046,2.50954,2.50954,2.49046,2.45092,2.54908,-0.0001,-0.0725957,-0.0725178
146.5000,2.5794,1.21974,2.5794,7.55851e-09,5,5,8.10796e-09,7.55851e-09,5,2.57783,1.21894,2.57783,4.53427e-05,4.99996,4.99997,0.000161058,4.53427e-05,4.99996,1.66832e-08,1.66832e-08,1.66832e-08,1.66832e-08,5,5,5,5,1.66832e-08,1.66872e-08,1.66832e-08,8.3416e-09,1.67899e-08,1.67899e-08,1.67899e-08,1.67901e-08,5,5,5,5,1.68006e-08,1.68049e-08,1.68006e-08,8.44371e-09,2.549,2.451,2.49003,2.50997,2.50997,2.49003,2.451,2.549,-0.0001,-0.072599,-0.0725203
147.0000,2.5794,1.21974,2.5794,7.55851e-09,5,5,8.10796e-09,7.55851e-09,5,2.57783,1.21894,2.57783,4.53427e-05,4.99996,4.99997,0.000161058,4.53427e-05,4.99996,1.66832e-08,1.66832e-08,1.66832e-08,1.66832e-08,5,5,5,5,1.66832e-08,1.66883e-08,1.66832e-08,8.3416e-09,1.67899e-08,1.67899e-08,1.67899e-08,1.67901e-08,5,5,5,5,1.68006e-08,1.68062e-08,1.68006e-08,8.44371e-09,2.54891,2.45109,2.4896,2.5104,2.5104,2.4896,2.45109,2.54891,-0.0001,-0.0726063,-0.0725261
147.5000,2.5794,1.21974,2.5794,7.55851e-09,5,5,8.10796e-09,7.55851e-09,5,2.57783,1.21894,2.57783,4.53427e-05,4.99996,4.99997,0.000161058,4.53427e-05,4.99996,1.66832e-08,1.66832e-08,1.66832e-08,1.66832e-08,5,5,5,5,1.66832e-08,1.66898e-08,1.66832e-08,8.34161e-09,1.67899e-08,1.67899e-08,1.67899e-08,1.67901e-08,5,5,5,5,1.68006e-08,1.68078e-08,1.68006e-08,8.44371e-09,2.54882,2.45118,2.48918,2.51082,2.51082,2.48918,2.45118,2.54882,-0.0001,-0.0726188,-0.0725363
148.0000,2.5794,1.21974,2.5794,7.55851e-09,5,5,8.10796e-09,7.55851e-09,5,2.57783,1.21894,2.57783,4.53427e-05,4.99996,4.99997,0.000161058,4.53427e-05,4.99996,1.66832e-08,1.66832e-08,1.66832e-08,1.66832e-08,5,5,5,5,1.66832e-08,1.66916e-08,1.66832e-08,8.3416e-09,1.67899e-08,1.67899e-08,1.67899e-08,1.67901e-08,5,5,5,5,1.68006e-08,1.68099e-08,1.68006e-08,8.44371e-09,2.54872,2.45128,2.48875,2.51125,2.51125,2.48875,2.45128,2.54872,-0.0001,-0.0726378,-0.0725517
148.5000,2.5794,1.21974,2.5794,7.55851e-09,5,5,8.10796e-09,7.55851e-09,5,2.57783,1.21894,2.57783,4.53427e-05,4.99996,4.99997,0.000161058,4.53427e-05,4.99996,1.66832e-08,1.66832e-08,1.66832e-08,1.66832e-08,5,5,5,5,1.66832e-08,1.66939e-08,1.66832e-08,8.34161e-09,1.67899e-08,1.67899e-08,1.67899e-08,1.67901e-08,5,5,5,5,1.68006e-08,1.68125e-08,1.68006e-08,8.44371e-09,2.54862,2.45138,2.48833,2.51167,2.51167,2.48833,2.45138,2.54862,-0.0001,-0.0726602,-0.0725667
149.0000,2.5794,1.21974,2.5794,7.55851e-09,5,5,8.10796e-09,7.55851e-09,5,2.57783,1.21894,2.57783,4.53427e-05,4.99996,4.99997,0.000161058,4.53427e-05,4.99996,1.66832e-08,1.66832e-08,1.66832e-08,1.66832e-08,5,5,5,5,1.66832e-08,1.66967e-08,1.66832e-08,8.34161e-09,1.67899e-08,1.67899e-08,1.67899e-08,1.67901e-08,5,5,5,5,1.68006e-08,1.68157e-08,1.68006e-08,8.44371e-09,2.54851,2.45149,2.4879,2.5121,2.5121,2.4879,2.45149,2.54851,-0.0001,-0.0726566,-0.0725553
149.5000,2.5794,1.21974,2.5794,7.55851e-09,5,5,8.10796e-09,7.55851e-09,5,2.57783,1.21894,2.57783,4.53427e-05,4.99996,4.99997,0.000161058,4.53427e-05,4.99996,1.66832e-08,1.66832e-08,1.66832e-08,1.66832e-08,5,5,5,5,1.66832e-08,1.67003e-08,1.66832e-08,8.34161e-09,1.67899e-08,1.67899e-08,1.67899e-08,1.67901e-08,5,5,5,5,1.68006e-08,1.68199e-08,1.68006e-08,8.44371e-09,2.54841,2.45159,2.48748,2.51252,2.51252,2.48748,2.45159,2.54841,-0.0001,-0.0726603,-0.0725567
150.0000,2.5794,1.21974,2.5794,7.55851e-09,5,5,8.10796e-09,7.55851e-09,5,2.57783,1.21894,2.57783,4.53427e-05,4.99996,4.99997,0.000161058,4.53427e-05,4.99996,1.66832e-08,1.66832e-08,1.66832e-08,1.66832e-08,5,5,5,5,1.66832e-08,1.67047e-08,1.66832e-08,8.34161e-09,1.67899e-08,1.67899e-08,1.67899e-08,1.67901e-08,5,5,5,5,1.68006e-08,1.68251e-08,1.68006e-08,8.44371e-09,2.5483,2.4517,2.48706,2.51294,2.51294,2.48706,2.4517,2.5483,-0.0001,-0.0727195,-0.0726093
150.5000,2.5794,1.21974,2.5794,7.55851e-09,5,5,8.10796e-09,7.55851e-09,5,2.57783,1.21894,2.57783,4.53427e-05,4.99996,4.99997,0.000161058,4.53427e-05,4.99996,1.66832e-08,1.66832e-08,1.66832e-08,1.66832e-08,5,5,5,5,1.66832e-08,1.67103e-08,1.66832e-08,8.34161e-09,1.67899e-08,1.67899e-08,1.67899e-08,1.67901e-08,5,5,5,5,1.68006e-08,1.68319e-08,1.68006e-08,8.44371e-09,2.54818,2.45182,2.48664,2.51336,2.51336,2.48664,2.45182,2.54818,-0.0001,-0.0727867,-0.0726762
151.0000,2.5794,1.21974,2.5794,7.55851e-09,5,5,8.10796e-09,7.55851e-09,5,2.57783,1.21894,2.57783,4.53427e-05,4.99996,4.99997,0.000161058,4.53427e-05,4.99996,1.66832e-08,1.66832e-08,1.66832e-08,1.66832e-08,5,5,5,5,1.66832e-08,1.67173e-08,1.66832e-08,8.34161e-09,1.67899e-08,1.67899e-08,1.67899e-08,1.67901e-08,5,5,5,5,1.68006e-08,1.68407e-08,1.68006e-08,8.44371e-09,2.54806,2.45194,2.48622,2.51378,2.51378,2.48622,2.45194,2.54806,-0.0001,-0.0728395,-0.0727517
151.5000,2.5794,1.21974,2.5794,7.55851e-09,5,5,8.10796e-09,7.55851e-09,5,2.57783,1.21894,2.57783,4.53427e-05,4.99996,4.99997,0.000161058,4.53427e-05,4.99996,1.66832e-08,1.66832e-08,1.66832e-08,1.66832e-08,5,5,5,5,1.66832e-08,1.67262e-08,1.66832e-08,8.3416e-09,1.67899e-08,1.67899e-08,1.67899e-08,1.67901e-08,5,5,5,5,1.68006e-08,1.68526e-08,1.68006e-08,8.44371e-09,2.54794,2.45206,2.4858,2.5142,2.5142,2.4858,2.45206,2.54794,-0.0001,-0.0728846,-0.0728181
152.0000,2.5794,1.21974,2.5794,7.55851e-09,5,5,8.10796e-09,7.55851e-09,5,2.57783,1.21894,2.57783,4.53427e-05,4.99996,4.99997,0.000161058,4.53427e-05,4.99996,1.66832e-08,1.66832e-08,1.66832e-08,1.66832e-08,5,5,5,5,1.66832e-08,1.67386e-08,1.66832e-08,8.34161e-09,1.67899e-08,1.67899e-08,1.67899e-08,1.67901e-08,5,5,5,5,1.68006e-08,1.68726e-08,1.68006e-08,8.44371e-09,2.54782,2.45218,2.48538,2.51462,2.51462,2.48538,2.45218,2.54782,-0.0001,-0.0729273,-0.0728634
152.5000,2.5794,1.21974,2.5794,7.55851e-09,5,5,8.10796e-09,7.55851e-09,5,2.57783,1.21894,2.57783,4.53427e-05,4.99996,4.99997,0.000161058,4.53427e-05,4.99996,1.66832e-08,1.66832e-08,1.66832e-08,1.66832e-08,5,5,5,5,1.66832e-08,1.67602e-08,1.66832e-08,8.3416e-09,1.67899e-08,1.67899e-08,1.67899e-08,1.67901e-08,5,5,5,5,1.68006e-08,1.6913e-08,1.68006e-08,8.44371e-09,2.54769,2.45231,2.48496,2.51504,2.51504,2.48496,2.45231,2.54769,-0.0001,-0.0729575,-0.0728879
153.0000,2.5794,1.21974,2.5794,7.55851e-09,5,5,8.10796e-09,7.55851e-09,5,2.57783,1.21894,2.57783,4.53427e-05,4.99996,4.99997,0.000161058,4.53427e-05,4.99996,1.66832e-08,1.66832e-08,1.66832e-08,1.66832e-08,5,5,5,5,1.66832e-08,1.67993e-08,1.66832e-08,8.3416e-09,1.67899e-08,1.67899e-08,1.67899e-08,1.67901e-08,5,5,5,5,1.68006e-08,1.69576e-08,1.68006e-08,8.44371e-09,2.54755,2.45245,2.48455,2.51545,2.51545,2.48455,2.45245,2.54755,-0.0001,-0.0729749,-0.072929
153.5000,2.5794,1.21974,2.5794,7.55851e-09,5,5,8.10796e-09,7.55851e-09,5,2.57783,1.21894,2.57783,4.53427e-05,4.99996,4.99997,0.000161058,4.53427e-05,4.99996,1.66832e-08,1.66832e-08,1.66832e-08,1.66832e-08,5,5,5,5,1.66832e-08,1.68362e-08,1.66832e-08,8.3416e-09,1.67899e-08,1.67899e-08,1.67899e-08,1.67901e-08,5,5,5,5,1.68006e-08,1.70067e-08,1.68006e-08,8.44371e-09,2.54742,2.45258,2.48413,2.51587,2.51587,2.48413,2.45258,2.54742,-0.0001,-0.0730107,-0.0729812
154.0000,2.5794,1.21974,2.5794,7.55851e-09,5,5,8.10796e-09,7.55851e-09,5,2.57783,1.21894,2.57783,4.53427e-05,4.99996,4.99997,0.000161058,4.53427e-05,4.99996,1.66832e-08,1.66832e-08,1.66832e-08,1.66832e-08,5,5,5,5,1.66832e-08,1.68758e-08,1.66832e-08,8.34162e-09,1.67899e-08,1.67899e-08,1.67899e-08,1.67901e-08,5,5,5,5,1.68006e-08,1.70718e-08,1.68006e-08,8.44371e-09,2.54728,2.45272,2.48372,2.51628,2.51628,2.48372,2.45272,2.54728,-0.0001,-0.0730534,-0.0730371
154.5000,2.5794,1.21974,2.5794,7.55851e-09,5,5,8.10796e-09,7.55851e-09,5,2.57783,1.21894,2.57783,4.53427e-05,4.99996,4.99997,0.000161058,4.53427e-05,4.99996,1.66832e-08,1.66832e-08,1.66832e-08,1.66832e-08,5,5,5,5,1.66832e-08,1.69239e-08,1.66832e-08,8.34161e-09,1.67899e-08,1.67899e-08,1.67899e-08,1.67901e-08,5,5,5,5,1.68006e-08,1.71704e-08,1.68006e-08,8.44371e-09,2.54713,2.45287,2.48331,2.51669,2.51669,2.48331,2.45287,2.54713,-0.0001,-0.0730996,-0.0730955
155.0000,2.5794,1.21974,2.5794,7.55851e-09,5,5,8.10796e-09,7.55851e-09,5,2.57783,1.21894,2.57783,4.53427e-05,4.99996,4.99997,0.000161058,4.53427e-05,4.99996,1.66832e-08,1.66832e-08,1.66832e-08,1.66832e-08,5,5,5,5,1.66832e-08,1.69852e-08,1.66832e-08,8.34161e-09,1.67899e-08,1.67899e-08,1.67899e-08,1.67901e-08,5,5,5,5,1.68006e-08,1.73682e-08,1.68006e-08,8.44371e-09,2.54699,2.45301,2.4829,2.5171,2.5171,2.4829,2.45301,2.54699,-0.0001,-0.0731518,-0.0731554
155.5000,2.5794,1.21974,2.5794,7.55851e-09,5,5,8.10796e-09,7.55851e-09,5,2.57783,1.21894,2.57783,4.53427e-05,4.99996,4.99997,0.000161058,4.53427e-05,4.99996,1.66832e-08,1.66832e-08,1.66832e-08,1.66832e-08,5,5,5,5,1.66832e-08,1.70721e-08,1.66832e-08,8.34161e-09,1.67899e-08,1.67899e-08,1.67899e-08,1.67901e-08,5,5,5,5,1.68006e-08,1.80513e-08,1.68006e-08,8.44371e-09,2.54684,2.45316,2.48249,2.51751,2.51751,2.48249,2.45316,2.54684,-0.0001,-0.0732098,-0.0732159
156.0000,2.5794,1.21974,2.5794,7.55851e-09,5,5,8.10796e-09,7.55851e-09,5,2.57783,1.21894,2.57783,4.53427e-05,4.99996,4.99997,0.000161058,4.53427e-05,4.99996,1.66832e-08,1.66832e-08,1.66832e-08,1.66832e-08,5,5,5,5,1.66832e-08,1.72201e-08,1.66832e-08,8.3416e-09,1.67899e-08,1.679e-08,1.67899e-08,1.67901e-08,5,5,5,5,1.68006e-08,2.3735e-08,1.68006e-08,8.44371e-09,2.54668,2.45332,2.48208,2.51792,2.51792,2.48208,2.45332,2.54668,-0.0001,-0.0732701,-0.0732768
156.5000,2.5794,1.21974,2.5794,7.55851e-09,5,5,8.10796e-09,7.55851e-09,5,2.57783,1.21894,2.57783,4.53427e-05,4.99996,4.99997,0.000161058,4.53427e-05,4.99996,1.66832e-08,1.66832e-08,1.66832e-08,1.66832e-08,5,5,5,5,1.66832e-08,1.75555e-08,1.66832e-08,8.3416e-09,1.67899e-08,2.27434e-08,1.67899e-08,1.67901e-08,5,5,5,5,1.68006e-08,0.000414125,1.68006e-08,8.44371e-09,2.54652,2.45348,2.48167,2.51833,2.51833,2.48167,2.45348,2.54652,-0.0001,-0.0733293,-0.0733275
157.0000,2.5794,1.21974,2.5794,7.55851e-09,5,5,8.10796e-09,7.55851e-09,5,2.57783,1.48437,2.17566,4.53427e-05,4.99996,4.99997,0.000166797,8.20283e-05,4.94488,1.66832e-08,1.66832e-08,1.66832e-08,1.66832e-08,5,5,5,5,1.66832e-08,1.86584e-08,1.66832e-08,8.34161e-09,1.67899e-08,1.74495e-06,1.67899e-08,1.67901e-08,5,2.04782e-05,5,5,1.68006e-08,4.58081,1.68006e-08,8.44371e-09,2.54636,2.45364,2.48127,2.51873,2.51873,2.48127,2.45364,2.54636,-0.0001,-0.0733852,-0.0741808
157.5000,2.5794,1.21974,2.5794,7.55851e-09,5,5,8.10796e-09,7.55851e-09,5,2.57783,1.48437,2.17483,4.53427e-05,4.99996,4.99997,0.000166797,8.20082e-05,4.94294,1.66832e-08,1.66832e-08,1.66832e-08,1.66832e-08,5,5,5,5,1.66832e-08,2.49565e-08,1.66832e-08,8.3416e-09,1.67899e-08,1.68021e-08,1.67899e-08,1.67901e-08,5,1.69346e-08,5,5,1.68006e-08,5,1.68006e-08,8.44371e-09,2.54619,2.45381,2.48087,2.51913,2.51913,2.48087,2.45381,2.54619,-0.0001,-0.073437,-0.0738047
158.0000,2.5794,1.21974,2.5794,7.55851e-09,5,5,8.10796e-09,7.55851e-09,5,2.57783,1.48437,2.17483,4.53427e-05,4.99996,4.99997,0.000166797,8.20082e-05,4.94294,1.66832e-08,1.66832e-08,1.66832e-08,1.66832e-08,5,5,5,5,1.66832e-08,2.06378e-07,1.66832e-08,8.34161e-09,1.67899e-08,1.679e-08,1.67899e-08,1.67901e-08,5,1.67923e-08,5,5,1.68006e-08,5,1.68006e-08,8.44371e-09,2.54603,2.45397,2.48046,2.51954,2.51954,2.48046,2.45397,2.54603,-0.0001,-0.0734842,-0.0737714
158.5000,2.5794,1.21974,2.5794,7.55851e-09,5,5,8.10796e-09,7.55851e-09,5,2.57783,1.48437,2.17483,4.53427e-05,4.99996,4.99997,0.000166797,8.20082e-05,4.94294,1.66832e-08,1.66832e-08,1.66832e-08,1.66832e-08,5,5,5,5,1.66832e-08,0.0328611,1.66832e-08,8.34161e-09,1.67899e-08,1.67898e-08,1.67899e-08,1.67901e-08,5,1.67899e-08,5,5,1.68006e-08,5,1.68006e-08,8.44371e-09,2.54585,2.45415,2.48006,2.51994,2.51994,2.48006,2.45415,2.54585,-0.0001,-0.0736034,-0.073744
159.0000,2.5794,1.48635,2.18055,7.55851e-09,5,5,7.82861e-08,1.51564e-08,4.95708,2.57783,1.48437,2.17483,4.53427e-05,4.99996,4.99997,0.000166797,8.20082e-05,4.94294,1.66832e-08,1.66832e-08,1.66832e-08,1.66832e-08,5,4.01004e-08,5,5,1.66832e-08,4.1702,1.66832e-08,8.3416e-09,1.67899e-08,1.67898e-08,1.67899e-08,1.67901e-08,5,1.67894e-08,5,5,1.68006e-08,5,1.68006e-08,8.44372e-09,2.54568,2.45432,2.47966,2.52034,2.52034,2.47966,2.45432,2.54568,-0.0001,-0.0745598,-0.0737218
159.5000,2.5794,1.48635,2.17815,7.55851e-09,5,5,7.82861e-08,7.59396e-09,4.95177,2.57783,1.48437,2.17483,4.53427e-05,4.99996,4.99997,0.000166797,8.20082e-05,4.94294,1.66832e-08,1.66832e-08,1.66832e-08,1.66832e-08,5,1.66875e-08,5,5,1.66832e-08,4.99419,1.66832e-08,8.3416e-09,1.67899e-08,1.67898e-08,1.67899e-08,1.67901e-08,5,1.67892e-08,5,5,1.68006e-08,5,1.68006e-08,8.44371e-09,2.5455,2.4545,2.47927,2.52073,2.52073,2.47927,2.4545,2.5455,-0.0001,-0.0740136,-0.0737037
160.0000,2.5794,1.48635,2.17814,7.55851e-09,5,5,7.82861e-08,7.59397e-09,4.95175,2.57783,1.48437,2.17483,4.53427e-05,4.99996,4.99997,0.000166797,8.20082e-05,4.94294,1.66832e-08,1.66832e-08,1.66832e-08,1.66832e-08,5,1.66832e-08,5,5,1.66832e-08,5,1.66832e-08,8.34161e-09,1.67899e-08,1.67898e-08,1.67899e-08,1.67901e-08,5,1.67891e-08,5,5,1.68006e-08,5,1.68006e-08,8.44372e-09,2.54532,2.45468,2.47887,2.52113,2.52113,2.47887,2.45468,2.54532,-0.0001,-0.0739969,-0.0736892
160.5000,2.5794,1.48635,2.17814,7.55851e-09,5,5,7.82861e-08,7.59397e-09,4.95175,2.57783,1.48437,2.17483,4.53427e-05,4.99996,4.99997,0.000166797,8.20082e-05,4.94294,1.66832e-08,1.66832e-08,1.66832e-08,1.66832e-08,5,1.66832e-08,5,5,1.66832e-08,5,1.66832e-08,8.34161e-09,1.67899e-08,1.67897e-08,1.67899e-08,1.67901e-08,5,1.6789e-08,5,5,1.68006e-08,5,1.68006e-08,8.44372e-09,2.54513,2.45487,2.47847,2.52153,2.52153,2.47847,2.45487,2.54513,-0.0001,-0.0739864,-0.073678
161.0000,2.5794,1.48635,2.17814,7.55851e-09,5,5,7.82861e-08,7.59397e-09,4.95175,2.57783,1.48437,2.17483,4.53427e-05,4.99996,4.99997,0.000166797,8.20082e-05,4.94294,1.66832e-08,1.66832e-08,1.66832e-08,1.66832e-08,5,1.66832e-08,5,5,1.66832e-08,5,1.66832e-08,8.34161e-09,1.67899e-08,1.67897e-08,1.67899e-08,1.67901e-08,5,1.6789e-08,5,5,1.68006e-08,5,1.68006e-08,8.44372e-09,2.54494,2.45506,2.47808,2.52192,2.52192,2.47808,2.45506,2.54494,-0.0001,-0.0739788,-0.0736703
161.5000,2.5794,1.48635,2.17814,7.55851e-09,5,5,7.82861e-08,7.59397e-09,4.95175,2.57783,1.48437,2.17483,4.53427e-05,4.99996,4.99997,0.000166797,8.20082e-05,4.94294,1.66832e-08,1.66832e-08,1.66832e-08,1.66832e-08,5,1.66832e-08,5,5,1.66832e-08,5,1.66832e-08,8.34161e-09,1.67899e-08,1.67897e-08,1.67899e-08,1.67901e-08,5,1.6789e-08,5,5,1.68006e-08,5,1.68006e-08,8.44372e-09,2.54475,2.45525,2.47769,2.52231,2.52231,2.47769,2.45525,2.54475,-0.0001,-0.073975,-0.0736663
162.0000,2.5794,1.48635,2.17814,7.55851e-09,5,5,7.82861e-08,7.59397e-09,4.95175,2.57783,1.48437,2.17483,4.53427e-05,4.99996,4.99997,0.000166797,8.20082e-05,4.94294,1.66832e-08,1.66832e-08,1.66832e-08,1.66832e-08,5,1.66832e-08,5,5,1.66832e-08,5,1.66832e-08,8.3416e-09,1.67899e-08,1.67897e-08,1.67899e-08,1.67901e-08,5,1.67889e-08,5,5,1.68006e-08,5,1.68006e-08,8.44372e-09,2.54455,2.45545,2.4773,2.5227,2.5227,2.4773,2.45545,2.54455,-0.0001,-0.0739745,-0.0736658
162.5000,2.5794,1.48635,2.17814,7.55851e-09,5,5,7.82861e-08,7.59397e-09,4.95175,2.57783,1.48437,2.17483,4.53427e-05,4.99996,4.99997,0.000166797,8.20082e-05,4.94294,1.66832e-08,1.66832e-08,1.66832e-08,1.66832e-08,5,1.66832e-08,5,5,1.66832e-08,5,1.66832e-08,8.34161e-09,1.67899e-08,1.67897e-08,1.67899e-08,1.67901e-08,5,1.67889e-08,5,5,1.68006e-08,5,1.68006e-08,8.44372e-09,2.54435,2.45565,2.47691,2.52309,2.52309,2.47691,2.45565,2.54435,-0.0001,-0.0739761,-0.0736672
163.0000,2.5794,1.48635,2.17814,7.55851e-09,5,5,7.82861e-08,7.59397e-09,4.95175,2.57783,1.48437,2.17483,4.53427e-05,4.99996,4.99997,0.000166797,8.20082e-05,4.94294,1.66832e-08,1.66832e-08,1.66832e-08,1.66832e-08,5,1.66832e-08,5,5,1.66832e-08,5,1.66832e-08,8.34161e-09,1.67899e-08,1.67897e-08,1.67899e-08,1.67901e-08,5,1.67889e-08,5,5,1.68006e-08,5,1.68006e-08,8.44372e-09,2.54415,2.45585,2.47653,2.52347,2.52347,2.47653,2.45585,2.54415,-0.0001,-0.0739783,-0.0736693
163.5000,2.5794,1.48635,2.17814,7.55851e-09,5,5,7.82861e-08,7.59397e-09,4.95175,2.57783,1.48437,2.17483,4.53427e-05,4.99996,4.99997,0.000166797,8.20082e-05,4.94294,1.66832e-08,1.66832e-08,1.66832e-08,1.66832e-08,5,1.66832e-08,5,5,1.66832e-08,5,1.66832e-08,8.34161e-09,1.67899e-08,1.67897e-08,1.67899e-08,1.67901e-08,5,1.67889e-08,5,5,1.68006e-08,5,1.68006e-08,8.44372e-09,2.54394,2.45606,2.47614,2.52386,2.52386,2.47614,2.45606,2.54394,-0.0001,-0.0739808,-0.0736716
164.0000,2.5794,1.48635,2.17814,7.55851e-09,5,5,7.82861e-08,7.59397e-09,4.95175,2.57783,1.48437,2.17483,4.53427e-05,4.99996,4.99997,0.000166797,8.20082e-05,4.94294,1.66832e-08,1.66832e-08,1.66832e-08,1.66832e-08,5,1.66832e-08,5,5,1.66832e-08,5,1.66832e-08,8.3416e-09,1.67899e-08,1.67897e-08,1.67899e-08,1.67901e-08,5,1.67889e-08,5,5,1.68006e-08,5,1.68006e-08,8.44372e-09,2.54373,2.45627,2.47576,2.52424,2.52424,2.47576,2.45627,2.54373,-0.0001,-0.0739835,-0.0736742
164.5000,2.5794,1.48635,2.17814,7.55851e-09,5,5,7.82861e-08,7.59397e-09,4.95175,2.57783,1.48437,2.17483,4.53427e-05,4.99996,4.99997,0.000166797,8.20082e-05,4.94294,1.66832e-08,1.66832e-08,1.66832e-08,1.66832e-08,5,1.66832e-08,5,5,1.66832e-08,5,1.66832e-08,8.34161e-09,1.67899e-08,1.67897e-08,1.67899e-08,1.67901e-08,5,1.67889e-08,5,5,1.68006e-08,5,1.68006e-08,8.44372e-09,2.54352,2.45648,2.47538,2.52462,2.52462,2.47538,2.45648,2.54352,-0.0001,-0.0739862,-0.0736768
165.0000,2.5794,1.48635,2.17814,7.55851e-09,5,5,7.82861e-08,7.59397e-09,4.95175,2.57783,1.48437,2.17483,4.53427e-05,4.99996,4.99997,0.000166797,8.20082e-05,4.94294,1.66832e-08,1.66832e-08,1.66832e-08,1.66832e-08,5,1.66832e-08,5,5,1.66832e-08,5,1.66832e-08,8.3416e-09,1.67899e-08,1.67897e-08,1.67899e-08,1.67901e-08,5,1.67889e-08,5,5,1.68006e-08,5,1.68006e-08,8.44372e-09,2.5433,2.4567,2.475,2.525,2.525,2.475,2.4567,2.5433,-0.0001,-0.0739889,-0.0736794
165.5000,2.5794,1.48635,2.17814,7.55851e-09,5,5,7.82861e-08,7.59397e-09,4.95175,2.57783,1.48437,2.17483,4.53427e-05,4.99996,4.99997,0.000166797,8.20082e-05,4.94294,1.66832e-08,1.66832e-08,1.66832e-08,1.66832e-08,5,1.66832e-08,5,5,1.66832e-08,5,1.66832e-08,8.34161e-09,1.67899e-08,1.67897e-08,1.67899e-08,1.67901e-08,5,1.67889e-08,5,5,1.68006e-08,5,1.68006e-08,8.44372e-09,2.54308,2.45692,2.47462,2.52538,2.52538,2.47462,2.45692,2.54308,-0.0001,-0.0739916,-0.073682
166.0000,2.5794,1.48635,2.17814,7.55851e-09,5,5,7.82861e-08,7.59397e-09,4.95175,2.57783,1.48437,2.17483,4.53427e-05,4.99996,4.99997,0.000166797,8.20082e-05,4.94294,1.66832e-08,1.66832e-08,1.66832e-08,1.66832e-08,5,1.66832e-08,5,5,1.66832e-08,5,1.66832e-08,8.3416e-09,1.67899e-08,1.67897e-08,1.67899e-08,1.67901e-08,5,1.67889e-08,5,5,1.68006e-08,5,1.68006e-08,8.44372e-09,2.54286,2.45714,2.47425,2.52575,2.52575,2.47425,2.45714,2.54286,-0.0001,-0.0739942,-0.0736845
166.5000,2.5794,1.48635,2.17814,7.55851e-09,5,5,7.82861e-08,7.59397e-09,4.95175,2.57783,1.48437,2.17483,4.53427e-05,4.99996,4.99997,0.000166797,8.20082e-05,4.94294,1.66832e-08,1.66832e-08,1.66832e-08,1.66832e-08,5,1.66832e-08,5,5,1.66832e-08,5,1.66832e-08,8.34161e-09,1.67899e-08,1.67897e-08,1.67899e-08,1.67901e-08,5,1.67889e-08,5,5,1.68006e-08,5,1.68006e-08,8.44372e-09,2.54263,2.45737,2.47387,2.52613,2.52613,2.47387,2.45737,2.54263,-0.0001,-0.0739967,-0.0736869
167.0000,2.5794,1.48635,2.17814,7.55851e-09,5,5,7.82861e-08,7.59397e-09,4.95175,2.57783,1.48437,2.17483,4.53427e-05,4.99996,4.99997,0.000166797,8.20082e-05,4.94294,1.66832e-08,1.66832e-08,1.66832e-08,1.66832e-08,5,1.66832e-08,5,5,1.66832e-08,5,1.66832e-08,8.3416e-09,1.67899e-08,1.67897e-08,1.67899e-08,1.67901e-08,5,1.67889e-08,5,5,1.68006e-08,5,1.68006e-08,8.44373e-09,2.5424,2.4576,2.4735,2.5265,2.5265,2.4735,2.4576,2.5424,-0.0001,-0.0739991,-0.0736893
167.5000,2.5794,1.48635,2.17814,7.55851e-09,5,5,7.82861e-08,7.59397e-09,4.95175,2.57783,1.48437,2.17483,4.53427e-05,4.99996,4.99997,0.000166797,8.20082e-05,4.94294,1.66832e-08,1.66832e-08,1.66832e-08,1.66832e-08,5,1.66832e-08,5,5,1.66832e-08,5,1.66832e-08,8.34161e-09,1.67899e-08,1.67897e-08,1.67899e-08,1.67901e-08,5,1.67889e-08,5,5,1.68006e-08,5,1.68006e-08,8.44372e-09,2.54217,2.45783,2.47313,2.52687,2.52687,2.47313,2.45783,2.54217,-0.0001,-0.0740014,-0.0736915
168.0000,2.5794,1.48635,2.17814,7.55851e-09,5,5,7.82861e-08,7.59397e-09,4.95175,2.57783,1.48437,2.17483,4.53427e-05,4.99996,4.99997,0.000166797,8.20082e-05,4.94294,1.66832e-08,1.66832e-08,1.66832e-08,1.66832e-08,5,1.66832e-08,5,5,1.66832e-08,5,1.66832e-08,8.3416e-09,1.67899e-08,1.67897e-08,1.67899e-08,1.67901e-08,5,1.67889e-08,5,5,1.68006e-08,5,1.68006e-08,8.44372e-09,2.54194,2.45806,2.47277,2.52723,2.52723,2.47277,2.45806,2.54194,-0.0001,-0.0740035,-0.0736935
168.5000,2.5794,1.48635,2.17814,7.55851e-09,5,5,7.82861e-08,7.59397e-09,4.95175,2.57783,1.48437,2.17483,4.53427e-05,4.99996,4.99997,0.000166797,8.20082e-05,4.94294,1.66832e-08,1.66832e-08,1.66832e-08,1.66832e-08,5,1.66832e-08,5,5,1.66832e-08,5,1.66832e-08,8.34161e-09,1.67899e-08,1.67897e-08,1.67899e-08,1.67901e-08,5,1.67889e-08,5,5,1.68006e-08,5,1.68006e-08,8.44372e-09,2.5417,2.4583,2.4724,2.5276,2.5276,2.4724,2.4583,2.5417,-0.0001,-0.0740054,-0.0736954
169.0000,2.5794,1.48635,2.17814,7.55851e-09,5,5,7.82861e-08,7.59397e-09,4.95175,2.57783,1.48437,2.17483,4.53427e-05,4.99996,4.99997,0.000166797,8.20082e-05,4.94294,1.66832e-08,1.66832e-08,1.66832e-08,1.66832e-08,5,1.66832e-08,5,5,1.66832e-08,5,1.66832e-08,8.3416e-09,1.67899e-08,1.67897e-08,1.67899e-08,1.67901e-08,5,1.67889e-08,5,5,1.68006e-08,5,1.68006e-08,8.44372e-09,2.54145,2.45855,2.47204,2.52796,2.52796,2.47204,2.45855,2.54145,-0.0001,-0.0740071,-0.0736971
169.5000,2.5794,1.48635,2.17814,7.55851e-09,5,5,7.82861e-08,7.59397e-09,4.95175,2.57783,1.48437,2.17483,4.53427e-05,4.99996,4.99997,0.000166797,8.20082e-05,4.94294,1.66832e-08,1.66832e-08,1.66832e-08,1.66832e-08,5,1.66832e-08,5,5,1.66832e-08,5,1.66832e-08,8.3416e-09,1.67899e-08,1.67897e-08,1.67899e-08,1.67901e-08,5,1.67889e-08,5,5,1.68006e-08,5,1.68006e-08,8.44372e-09,2.54121,2.45879,2.47168,2.52832,2.52832,2.47168,2.45879,2.54121,-0.0001,-0.0740084,-0.0736984
170.0000,2.5794,1.48635,2.17814,7.55851e-09,5,5,7.82861e-08,7.59397e-09,4.95175,2.57783,1.48437,2.17483,4.53427e-05,4.99996,4.99997,0.000166797,8.20082e-05,4.94294,1.66832e-08,1.66832e-08,1.66832e-08,1.66832e-08,5,1.66832e-08,5,5,1.66832e-08,5,1.66832e-08,8.3416e-09,1.67899e-08,1.67897e-08,1.67899e-08,1.67901e-08,5,1.67889e-08,5,5,1.68006e-08,5,1.68006e-08,8.44373e-09,2.54096,2.45904,2.47132,2.52868,2.52868,2.47132,2.45904,2.54096,-0.0001,-0.0740093,-0.0736993
170.5000,2.5794,1.48635,2.17814,7.55851e-09,5,5,7.82861e-08,7.59397e-09,4.95175,2.57783,1.48437,2.17483,4.53427e-05,4.99996,4.99997,0.000166797,8.20082e-05,4.94294,1.66832e-08,1.66832e-08,1.66832e-08,1.66832e-08,5,1.66832e-08,5,5,1.66832e-08,5,1.66832e-08,8.34161e-09,1.67899e-08,1.67897e-08,1.67899e-08,1.67901e-08,5,1.67889e-08,5,5,1.68006e-08,5,1.68006e-08,8.44373e-09,2.54071,2.45929,2.47096,2.52904,2.52904,2.47096,2.45929,2.54071,-0.0001,-0.0740093,-0.0736994
171.0000,2.5794,1.48635,2.17814,7.55851e-09,5,5,7.82861e-08,7.59397e-09,4.95175,2.57783,1.48437,2.17483,4.53427e-05,4.99996,4.99997,0.000166797,8.20082e-05,4.94294,1.66832e-08,1.66832e-08,1.66832e-08,1.66832e-08,5,1.66832e-08,5,5,1.66832e-08,5,1.66832e-08,8.34162e-09,1.67899e-08,1.67897e-08,1.67899e-08,1.67901e-08,5,1.67889e-08,5,5,1.68006e-08,5,1.68006e-08,8.44373e-09,2.54045,2.45955,2.47061,2.52939,2.52939,2.47061,2.45955,2.54045,-0.0001,-0.0740074,-0.0736975
171.5000,2.5794,1.48635,2.17814,7.55851e-09,5,5,7.82861e-08,7.59397e-09,4.95175,2.57783,1.48437,2.17483,4.53427e-05,4.99996,4.99997,0.000166797,8.20082e-05,4.94294,1.66832e-08,1.66832e-08,1.66832e-08,1.66832e-08,5,1.66832e-08,5,5,1.66832e-08,5,1.66832e-08,8.3416e-09,1.67899e-08,1.67897e-08,1.67899e-08,1.67901e-08,5,1.67889e-08,5,5,1.68006e-08,5,1.68006e-08,8.44373e-09,2.54019,2.45981,2.47026,2.52974,2.52974,2.47026,2.45981,2.54019,-0.0001,-0.0740014,-0.0736918
172.0000,2.5794,1.48635,2.17814,7.55851e-09,5,5,7.82861e-08,7.59397e-09,4.95175,2.57783,1.48437,2.17483,4.53427e-05,4.99996,4.99997,0.000166797,8.20082e-05,4.94294,1.66832e-08,1.66832e-08,1.66832e-08,1.66832e-08,5,1.66832e-08,5,5,1.66832e-08,5,1.66832e-08,8.34161e-09,1.67899e-08,1.67897e-08,1.67899e-08,1.67901e-08,5,1.67889e-08,5,5,1.68006e-08,5,1.68006e-08,8.44373e-09,2.53993,2.46007,2.46991,2.53009,2.53009,2.46991,2.46007,2.53993,-0.0001,-0.0739908,-0.0736814
172.5000,2.5794,1.48635,2.17814,7.55851e-09,5,5,7.82861e-08,7.59397e-09,4.95175,2.57783,1.48437,2.17483,4.53427e-05,4.99996,4.99997,0.000166797,8.20082e-05,4.94294,1.66832e-08,1.66832e-08,1.66832e-08,1.66832e-08,5,1.66832e-08,5,5,1.66832e-08,5,1.66832e-08,8.3416e-09,1.67899e-08,1.67897e-08,1.67899e-08,1.67901e-08,5,1.67889e-08,5,5,1.68006e-08,5,1.68006e-08,8.44372e-09,2.53967,2.46033,2.46956,2.53044,2.53044,2.46956,2.46033,2.53967,-0.0001,-0.0739766,-0.0736675
173.0000,2.5794,1.48635,2.17814,7.55851e-09,5,5,7.82861e-08,7.59397e-09,4.95175,2.57783,1.48437,2.17483,4.53427e-05,4.99996,4.99997,0.000166797,8.20082e-05,4.94294,1.66832e-08,1.66832e-08,1.66832e-08,1.66832e-08,5,1.66832e-08,5,5,1.66832e-08,5,1.66832e-08,8.3416e-09,1.67899e-08,1.67897e-08,1.67899e-08,1.67901e-08,5,1.67889e-08,5,5,1.68006e-08,5,1.68006e-08,8.44372e-09,2.5394,2.4606,2.46922,2.53078,2.53078,2.46922,2.4606,2.5394,-0.0001,-0.0739604,-0.0736515
173.5000,2.5794,1.48635,2.17814,7.55851e-09,5,5,7.82861e-08,7.59397e-09,4.95175,2.57783,1.48437,2.17483,4.53427e-05,4.99996,4.99997,0.000166797,8.20082e-05,4.94294,1.66832e-08,1.66832e-08,1.66832e-08,1.66832e-08,5,1.66832e-08,5,5,1.66832e-08,5,1.66832e-08,8.34161e-09,1.67899e-08,1.67897e-08,1.67899e-08,1.67901e-08,5,1.67889e-08,5,5,1.68006e-08,5,1.68006e-08,8.44373e-09,2.53913,2.46087,2.46887,2.53113,2.53113,2.46887,2.46087,2.53913,-0.0001,-0.0739442,-0.0736356
174.0000,2.5794,1.48635,2.17814,7.55851e-09,5,5,7.82861e-08,7.59397e-09,4.95175,2.57783,1.48437,2.17483,4.53427e-05,4.99996,4.99997,0.000166797,8.20082e-05,4.94294,1.66832e-08,1.66832e-08,1.66832e-08,1.66832e-08,5,1.66832e-08,5,5,1.66832e-08,5,1.66832e-08,8.3416e-09,1.67899e-08,1.67897e-08,1.67899e-08,1.67901e-08,5,1.67889e-08,5,5,1.68006e-08,5,1.68006e-08,8.44372e-09,2.53886,2.46114,2.46853,2.53147,2.53147,2.46853,2.46114,2.53886,-0.0001,-0.0739308,-0.0736225
174.5000,2.5794,1.48635,2.17814,7.55851e-09,5,5,7.82861e-08,7.59397e-09,4.95175,2.57783,1.48437,2.17483,4.53427e-05,4.99996,4.99997,0.000166797,8.20082e-05,4.94294,1.66832e-08,1.66832e-08,1.66832e-08,1.66832e-08,5,1.66832e-08,5,5,1.66832e-08,5,1.66832e-08,8.34162e-09,1.67899e-08,1.67897e-08,1.67899e-08,1.67901e-08,5,1.67889e-08,5,5,1.68006e-08,5,1.68006e-08,8.44372e-09,2.53858,2.46142,2.4682,2.5318,2.5318,2.4682,2.46142,2.53858,-0.0001,-0.073926,-0.0736182
175.0000,2.5794,1.48635,2.17814,7.55851e-09,5,5,7.82861e-08,7.59397e-09,4.95175,2.57783,1.48437,2.17483,4.53427e-05,4.99996,4.99997,0.000166797,8.20082e-05,4.94294,1.66832e-08,1.66832e-08,1.66832e-08,1.66832e-08,5,1.66832e-08,5,5,1.66832e-08,5,1.66832e-08,8.34162e-09,1.67899e-08,1.67897e-08,1.67899e-08,1.67901e-08,5,1.67889e-08,5,5,1.68006e-08,5,1.68006e-08,8.44372e-09,2.5383,2.4617,2.46786,2.53214,2.53214,2.46786,2.4617,2.5383,-0.0001,-0.0739419,-0.0736345
175.5000,2.5794,1.48635,2.17814,7.55851e-09,5,5,7.82861e-08,7.59397e-09,4.95175,2.57783,1.48437,2.17483,4.53427e-05,4.99996,4.99997,0.000166797,8.20082e-05,4.94294,1.66832e-08,1.66832e-08,1.66832e-08,1.66832e-08,5,1.66832e-08,5,5,1.66832e-08,5,1.66832e-08,8.3416e-09,1.67899e-08,1.67897e-08,1.67899e-08,1.67901e-08,5,1.67889e-08,5,5,1.68006e-08,5,1.68006e-08,8.44373e-09,2.53802,2.46198,2.46753,2.53247,2.53247,2.46753,2.46198,2.53802,-0.0001,-0.0740003,-0.0736921
176.0000,2.5794,1.48635,2.17814,7.55851e-09,5,5,7.82861e-08,7.59397e-09,4.95175,2.57783,1.48437,2.17483,4.53427e-05,4.99996,4.99997,0.000166797,8.20082e-05,4.94294,1.66832e-08,1.66832e-08,1.66832e-08,1.66832e-08,5,1.66832e-08,5,5,1.66832e-08,5,1.66832e-08,8.34162e-09,1.67899e-08,1.67897e-08,1.67899e-08,1.67901e-08,5,1.67889e-08,5,5,1.68006e-08,5,1.68006e-08,8.44372e-09,2.53774,2.46226,2.4672,2.5328,2.5328,2.4672,2.46226,2.53774,-0.0001,-0.0741258,-0.0738154
176.5000,2.5794,1.48635,2.17814,7.55851e-09,5,5,7.82861e-08,7.59397e-09,4.95175,2.57783,1.48437,2.17483,4.53427e-05,4.99996,4.99997,0.000166797,8.20082e-05,4.94294,1.66832e-08,1.66832e-08,1.66832e-08,1.66832e-08,5,1.66832e-08,5,5,1.66832e-08,5,1.66832e-08,8.34161e-09,1.67899e-08,1.67897e-08,1.67899e-08,1.67901e-08,5,1.67889e-08,5,5,1.68006e-08,5,1.68006e-08,8.44373e-09,2.53745,2.46255,2.46687,2.53313,2.53313,2.46687,2.46255,2.53745,-0.0001,-0.0743262,-0.0740156
177.0000,2.5794,1.48635,2.17814,7.55851e-09,5,5,7.82861e-08,7.59397e-09,4.95175,2.57783,1.48437,2.17483,4.53427e-05,4.99996,4.99997,0.000166797,8.20082e-05,4.94294,1.66832e-08,1.66832e-08,1.66832e-08,1.66832e-08,5,1.66832e-08,5,5,1.66832e-08,5,1.66832e-08,8.34161e-09,1.67899e-08,1.67897e-08,1.67899e-08,1.67901e-08,5,1.67889e-08,5,5,1.68006e-08,5,1.68006e-08,8.44372e-09,2.53716,2.46284,2.46654,2.53346,2.53346,2.46654,2.46284,2.53716,-0.0001,-0.0744962,-0.0741911
177.5000,2.5794,1.48635,2.17814,7.55851e-09,5,5,7.82861e-08,7.59397e-09,4.95175,2.57783,1.48437,2.17483,4.53427e-05,4.99996,4.99997,0.000166797,8.20082e-05,4.94294,1.66832e-08,1.66832e-08,1.66832e-08,1.66832e-08,5,1.66832e-08,5,5,1.66832e-08,5,1.66832e-08,8.3416e-09,1.67899e-08,1.67897e-08,1.67899e-08,1.67901e-08,5,1.67889e-08,5,5,1.68006e-08,5,1.68006e-08,8.44372e-09,2.53686,2.46314,2.46622,2.53378,2.53378,2.46622,2.46314,2.53686,-0.0001,-0.0748576,-0.0745731
178.0000,2.5794,1.48635,2.17814,7.55851e-09,5,5,7.82861e-08,7.59397e-09,4.95175,2.57783,1.48437,2.17483,4.53427e-05,4.99996,4.99997,0.000166797,8.20082e-05,4.94294,1.66832e-08,1.66832e-08,1.66832e-08,1.66832e-08,5,1.66832e-08,5,5,1.66831e-08,5,1.66831e-08,8.34161e-09,1.67899e-08,1.67897e-08,1.67899e-08,1.67901e-08,5,1.67889e-08,5,5,1.5589e-08,5,1.5589e-08,8.44372e-09,2.53657,2.46343,2.4659,2.5341,2.5341,2.4659,2.46343,2.53657,-0.0001,-0.075269,-0.0750027
178.5000,2.5794,1.48635,2.17814,7.55851e-09,5,5,7.82861e-08,7.59397e-09,4.95175,2.57783,1.48437,2.17483,4.53427e-05,4.99996,4.99997,0.000166797,8.20082e-05,4.94294,1.66832e-08,1.66832e-08,1.66832e-08,1.66832e-08,5,1.66832e-08,5,5,8.57931e-09,5,8.57931e-09,8.34161e-09,1.67901e-08,1.67897e-08,1.67901e-08,1.67901e-08,5,1.67889e-08,5,5,8.62613e-09,5,8.62613e-09,8.44372e-09,2.53627,2.46373,2.46558,2.53442,2.53442,2.46558,2.46373,2.53627,-0.0001,-0.0753157,-0.0749143
179.0000,2.5794,1.48635,2.17814,7.55851e-09,5,5,7.82861e-08,7.59397e-09,4.95175,2.57783,1.48437,2.17483,4.53427e-05,4.99996,4.99997,0.000166797,8.20082e-05,4.94294,1.66832e-08,1.66832e-08,1.66832e-08,1.66832e-08,5,1.66832e-08,5,5,8.50333e-09,5,8.50333e-09,8.34161e-09,1.67901e-08,1.67897e-08,1.67901e-08,1.67901e-08,5,1.67889e-08,5,5,8.57785e-09,5,8.57784e-09,8.44373e-09,2.53597,2.46403,2.46527,2.53473,2.53473,2.46527,2.46403,2.53597,-0.0001,-0.0751902,-0.0747791
179.5000,2.5794,1.48635,2.17814,7.55851e-09,5,5,7.82861e-08,7.59397e-09,4.95175,2.57783,1.48437,2.17483,4.53427e-05,4.99996,4.99997,0.000166797,8.20082e-05,4.94294,1.66832e-08,1.66832e-08,1.66832e-08,1.66832e-08,5,1.66832e-08,5,5,8.48331e-09,5,8.48332e-09,8.34161e-09,1.67901e-08,1.67897e-08,1.67901e-08,1.67901e-08,5,1.67889e-08,5,5,8.56186e-09,5,8.56187e-09,8.44372e-09,2.53566,2.46434,2.46495,2.53505,2.53505,2.46495,2.46434,2.53566,-0.0001,-0.0751312,-0.0747157
180.0000,2.5794,1.48635,2.17814,7.55851e-09,5,5,7.82861e-08,7.59397e-09,4.95175,2.57783,1.48437,2.17483,4.53427e-05,4.99996,4.99997,0.000166797,8.20082e-05,4.94294,1.66832e-08,1.66832e-08,1.66832e-08,1.66832e-08,5,1.66832e-08,5,5,8.47407e-09,5,8.47407e-09,8.34161e-09,1.67901e-08,1.67897e-08,1.67901e-08,1.67901e-08,5,1.67889e-08,5,5,8.55384e-09,5,8.55384e-09,8.44372e-09,2.53536,2.46464,2.46464,2.53536,2.53536,2.46464,2.46464,2.53536,-0.0001,-0.0750998,-0.0746807
180.5000,2.5794,1.48635,2.17814,7.55851e-09,5,5,7.82861e-08,7.59397e-09,4.95175,2.57783,1.48437,2.17483,4.53427e-05,4.99996,4.99997,0.000166797,8.20082e-05,4.94294,1.66832e-08,1.66832e-08,1.66832e-08,1.66832e-08,5,1.66832e-08,5,5,8.46674e-09,5,8.46674e-09,8.3416e-09,1.67901e-08,1.67897e-08,1.67901e-08,1.67901e-08,5,1.67889e-08,5,5,8.54725e-09,5,8.54726e-09,8.44372e-09,2.53505,2.46495,2.46434,2.53566,2.53566,2.46434,2.46495,2.53505,-0.0001,-0.0750697,-0.0746475
181.0000,2.5794,1.48635,2.17814,7.55851e-09,5,5,7.82861e-08,7.59397e-09,4.95175,2.57783,1.48437,2.17483,4.53427e-05,4.99996,4.99997,0.000166797,8.20082e-05,4.94294,1.66832e-08,1.66832e-08,1.66832e-08,1.66832e-08,5,1.66832e-08,5,5,8.4537e-09,5,8.4537e-09,8.3416e-09,1.67901e-08,1.67897e-08,1.67901e-08,1.67901e-08,5,1.67889e-08,5,5,8.53631e-09,5,8.53631e-09,8.44372e-09,2.53473,2.46527,2.46403,2.53597,2.53597,2.46403,2.46527,2.53473,-0.0001,-0.0750145,-0.0745899
181.5000,2.5794,1.48635,2.17814,7.55851e-09,5,5,7.82861e-08,7.59397e-09,4.95175,2.57783,1.48437,2.17483,4.53427e-05,4.99996,4.99997,0.000166797,8.20082e-05,4.94294,1.66832e-08,1.66832e-08,1.66832e-08,1.66832e-08,5,1.66832e-08,5,5,8.43205e-09,5,8.43206e-09,8.34161e-09,1.67901e-08,1.67897e-08,1.67901e-08,1.67901e-08,5,1.67889e-08,5,5,8.51839e-09,5,8.51839e-09,8.44372e-09,2.53442,2.46558,2.46373,2.53627,2.53627,2.46373,2.46558,2.53442,-0.0001,-0.0749045,-0.0744809
182.0000,2.5794,1.48635,2.17814,7.55851e-09,5,5,7.82861e-08,7.59397e-09,4.95175,2.57783,1.48437,2.17483,4.53427e-05,4.99996,4.99997,0.000166797,8.20082e-05,4.94294,1.66832e-08,1.66832e-08,1.66832e-08,1.66832e-08,5,1.66832e-08,5,5,8.40369e-09,5,8.40369e-09,8.34161e-09,1.67901e-08,1.67897e-08,1.67901e-08,1.67901e-08,5,1.67889e-08,5,5,8.49506e-09,5,8.49506e-09,8.44372e-09,2.5341,2.4659,2.46343,2.53657,2.53657,2.46343,2.4659,2.5341,-0.0001,-0.0747134,-0.0743039
182.5000,2.5794,1.48635,2.17814,7.55851e-09,5,5,7.82861e-08,7.59397e-09,4.95175,2.57783,1.48437,2.17483,4.53427e-05,4.99996,4.99997,0.000166797,8.20082e-05,4.94294,1.66832e-08,1.66832e-08,1.66832e-08,1.66832e-08,5,1.66832e-08,5,5,8.37571e-09,5,8.37571e-09,8.34161e-09,1.67901e-08,1.67897e-08,1.67901e-08,1.67901e-08,5,1.67889e-08,5,5,8.47404e-09,5,8.47404e-09,8.44372e-09,2.53378,2.46622,2.46314,2.53686,2.53686,2.46314,2.46622,2.53378,-0.0001,-0.0744847,-0.0741538
183.0000,2.5794,1.48635,2.17814,7.55851e-09,5,5,7.82861e-08,7.59397e-09,4.95175,2.57783,1.48437,2.17483,4.53427e-05,4.99996,4.99997,0.000166797,8.20082e-05,4.94294,1.66832e-08,1.66832e-08,1.66832e-08,1.66832e-08,5,1.66832e-08,5,5,8.35871e-09,5,8.3587e-09,8.3416e-09,1.67901e-08,1.67897e-08,1.67901e-08,1.67901e-08,5,1.67889e-08,5,5,8.45843e-09,5,8.45843e-09,8.44372e-09,2.53346,2.46654,2.46284,2.53716,2.53716,2.46284,2.46654,2.53346,-0.0001,-0.0744009,-0.0740342
183.5000,2.5794,1.48635,2.17814,7.55851e-09,5,5,7.82861e-08,7.59397e-09,4.95175,2.57783,1.48437,2.17483,4.53427e-05,4.99996,4.99997,0.000166797,8.20082e-05,4.94294,1.66832e-08,1.66832e-08,1.66832e-08,1.66832e-08,5,1.66832e-08,5,5,8.34399e-09,5,8.34399e-09,8.34162e-09,1.67901e-08,1.67897e-08,1.67901e-08,1.67901e-08,5,1.67889e-08,5,5,8.44568e-09,5,8.44568e-09,8.44373e-09,2.53313,2.46687,2.46255,2.53745,2.53745,2.46255,2.46687,2.53313,-0.0001,-0.0739515,-0.0736201
184.0000,2.5794,1.48635,2.17814,7.55851e-09,5,5,7.82861e-08,7.59397e-09,4.95175,2.57783,1.48437,2.17483,4.53427e-05,4.99996,4.99997,0.000166797,8.20082e-05,4.94294,1.66832e-08,1.66832e-08,1.66832e-08,1.66832e-08,5,1.66832e-08,5,5,8.3419e-09,5,8.34191e-09,8.3416e-09,1.67901e-08,1.67897e-08,1.67901e-08,1.67901e-08,5,1.67889e-08,5,5,8.44399e-09,5,8.44398e-09,8.44372e-09,2.5328,2.4672,2.46226,2.53774,2.53774,2.46226,2.4672,2.5328,-0.0001,-0.0738701,-0.0735579
184.5000,2.5794,1.48635,2.17814,7.55851e-09,5,5,7.82861e-08,7.59397e-09,4.95175,2.57783,1.48437,2.17483,4.53427e-05,4.99996,4.99997,0.000166797,8.20082e-05,4.94294,1.66832e-08,1.66832e-08,1.66832e-08,1.66832e-08,5,1.66832e-08,5,5,8.34165e-09,5,8.34165e-09,8.3416e-09,1.67901e-08,1.67897e-08,1.67901e-08,1.67901e-08,5,1.67889e-08,5,5,8.44376e-09,5,8.44376e-09,8.44372e-09,2.53247,2.46753,2.46198,2.53802,2.53802,2.46198,2.46753,2.53247,-0.0001,-0.0738627,-0.0735526
185.0000,2.5794,1.48635,2.17814,7.55851e-09,5,5,7.82861e-08,7.59397e-09,4.95175,2.57783,1.48437,2.17483,4.53427e-05,4.99996,4.99997,0.000166797,8.20082e-05,4.94294,1.66832e-08,1.66832e-08,1.66832e-08,1.66832e-08,5,1.66832e-08,5,5,8.3416e-09,5,8.34162e-09,8.3416e-09,1.67901e-08,1.67897e-08,1.67901e-08,1.67901e-08,5,1.67889e-08,5,5,8.44373e-09,5,8.44373e-09,8.44372e-09,2.53214,2.46786,2.4617,2.5383,2.5383,2.4617,2.46786,2.53214,-0.0001,-0.0738658,-0.073556
185.5000,2.5794,1.48635,2.17814,7.55851e-09,5,5,7.82861e-08,7.59397e-09,4.95175,2.57783,1.48437,2.17483,4.53427e-05,4.99996,4.99997,0.000166797,8.20082e-05,4.94294,1.66832e-08,1.66832e-08,1.66832e-08,1.66832e-08,5,1.66832e-08,5,5,8.34161e-09,5,8.34161e-09,8.34161e-09,1.67901e-08,1.67897e-08,1.67901e-08,1.67901e-08,5,1.67889e-08,5,5,8.44372e-09,5,8.44372e-09,8.44372e-09,2.5318,2.4682,2.46142,2.53858,2.53858,2.46142,2.4682,2.5318,-0.0001,-0.0738708,-0.0735611
186.0000,2.5794,1.48635,2.17814,7.55851e-09,5,5,7.82861e-08,7.59397e-09,4.95175,2.57783,1.48437,2.17483,4.53427e-05,4.99996,4.99997,0.000166797,8.20082e-05,4.94294,1.66832e-08,1.66832e-08,1.66832e-08,1.66832e-08,5,1.66832e-08,5,5,8.34161e-09,5,8.34161e-09,8.34161e-09,1.67901e-08,1.67897e-08,1.67901e-08,1.67901e-08,5,1.67889e-08,5,5,8.44372e-09,5,8.44372e-09,8.44372e-09,2.53147,2.46853,2.46114,2.53886,2.53886,2.46114,2.46853,2.53147,-0.0001,-0.0738761,-0.0735664
186.5000,2.5794,1.48635,2.17814,7.55851e-09,5,5,7.82861e-08,7.59397e-09,4.95175,2.57783,1.48437,2.17483,4.53427e-05,4.99996,4.99997,0.000166797,8.20082e-05,4.94294,1.66832e-08,1.66832e-08,1.66832e-08,1.66832e-08,5,1.66832e-08,5,5,8.34161e-09,5,8.34161e-09,8.3416e-09,1.67901e-08,1.67897e-08,1.67901e-08,1.67901e-08,5,1.67889e-08,5,5,8.44372e-09,5,8.44372e-09,8.44372e-09,2.53113,2.46887,2.46087,2.53913,2.53913,2.46087,2.46887,2.53113,-0.0001,-0.0738811,-0.0735715
187.0000,2.5794,1.48635,2.17814,7.55851e-09,5,5,7.82861e-08,7.59397e-09,4.95175,2.57783,1.48437,2.17483,4.53427e-05,4.99996,4.99997,0.000166797,8.20082e-05,4.94294,1.66832e-08,1.66832e-08,1.66832e-08,1.66832e-08,5,1.66832e-08,5,5,8.34161e-09,5,8.34161e-09,8.34161e-09,1.67901e-08,1.67897e-08,1.67901e-08,1.67901e-08,5,1.67889e-08,5,5,8.44372e-09,5,8.44372e-09,8.44372e-09,2.53078,2.46922,2.4606,2.5394,2.5394,2.4606,2.46922,2.53078,-0.0001,-0.0738854,-0.0735758
187.5000,2.5794,1.48635,2.17814,7.55851e-09,5,5,7.82861e-08,7.59397e-09,4.95175,2.57783,1.48437,2.17483,4.53427e-05,4.99996,4.99997,0.000166797,8.20082e-05,4.94294,1.66832e-08,1.66832e-08,1.66832e-08,1.66832e-08,5,1.66832e-08,5,5,8.34161e-09,5,8.34161e-09,8.3416e-09,1.67901e-08,1.67897e-08,1.67901e-08,1.67901e-08,5,1.67889e-08,5,5,8.44372e-09,5,8.44372e-09,8.44372e-09,2.53044,2.46956,2.46033,2.53967,2.53967,2.46033,2.46956,2.53044,-0.0001,-0.0738886,-0.073579
188.0000,2.5794,1.48635,2.17814,7.55851e-09,5,5,7.82861e-08,7.59397e-09,4.95175,2.57783,1.48437,2.17483,4.53427e-05,4.99996,4.99997,0.000166797,8.20082e-05,4.94294,1.66832e-08,1.66832e-08,1.66832e-08,1.66832e-08,5,1.66832e-08,5,5,8.34161e-09,5,8.34161e-09,8.34161e-09,1.67901e-08,1.67897e-08,1.67901e-08,1.67901e-08,5,1.67889e-08,5,5,8.44372e-09,5,8.44372e-09,8.44372e-09,2.53009,2.46991,2.46007,2.53993,2.53993,2.46007,2.46991,2.53009,-0.0001,-0.0738902,-0.0735806
188.5000,2.5794,1.48635,2.17814,7.55851e-09,5,5,7.82861e-08,7.59397e-09,4.95175,2.57783,1.48437,2.17483,4.53427e-05,4.99996,4.99997,0.000166797,8.20082e-05,4.94294,1.66832e-08,1.66832e-08,1.66832e-08,1.66832e-08,5,1.66832e-08,5,5,8.3416e-09,5,8.3416e-09,8.3416e-09,1.67901e-08,1.67897e-08,1.67901e-08,1.67901e-08,5,1.67889e-08,5,5,8.44372e-09,5,8.44372e-09,8.44372e-09,2.52974,2.47026,2.45981,2.54019,2.54019,2.45981,2.47026,2.52974,-0.0001,-0.0738899,-0.0735803
189.0000,2.5794,1.48635,2.17814,7.55851e-09,5,5,7.82861e-08,7.59397e-09,4.95175,2.57783,1.48437,2.17483,4.53427e-05,4.99996,4.99997,0.000166797,8.20082e-05,4.94294,1.66832e-08,1.66832e-08,1.66832e-08,1.66832e-08,5,1.66832e-08,5,5,8.34161e-09,5,8.34161e-09,8.34161e-09,1.67901e-08,1.67897e-08,1.67901e-08,1.67901e-08,5,1.67889e-08,5,5,8.44372e-09,5,8.44372e-09,8.44372e-09,2.52939,2.47061,2.45955,2.54045,2.54045,2.45955,2.47061,2.52939,-0.0001,-0.0738875,-0.0735779
189.5000,2.5794,1.48635,2.17814,7.55851e-09,5,5,7.82861e-08,7.59397e-09,4.95175,2.57783,1.48437,2.17483,4.53427e-05,4.99996,4.99997,0.000166797,8.20082e-05,4.94294,1.66832e-08,1.66832e-08,1.66832e-08,1.66832e-08,5,1.66832e-08,5,5,8.3416e-09,5,8.34161e-09,8.3416e-09,1.67901e-08,1.67897e-08,1.67901e-08,1.67901e-08,5,1.67889e-08,5,5,8.44372e-09,5,8.44372e-09,8.44372e-09,2.52904,2.47096,2.45929,2.54071,2.54071,2.45929,2.47096,2.52904,-0.0001,-0.0738835,-0.0735739
190.0000,2.5794,1.48635,2.17814,7.55851e-09,5,5,7.82861e-08,7.59397e-09,4.95175,2.57783,1.48437,2.17483,4.53427e-05,4.99996,4.99997,0.000166797,8.20082e-05,4.94294,1.66832e-08,1.66832e-08,1.66832e-08,1.66832e-08,5,1.66832e-08,5,5,8.34161e-09,5,8.34161e-09,8.34161e-09,1.67901e-08,1.67897e-08,1.67901e-08,1.67901e-08,5,1.67889e-08,5,5,8.44372e-09,5,8.44372e-09,8.44372e-09,2.52868,2.47132,2.45904,2.54096,2.54096,2.45904,2.47132,2.52868,-0.0001,-0.0738784,-0.0735689
190.5000,2.5794,1.48635,2.17814,7.55851e-09,5,5,7.82861e-08,7.59397e-09,4.95175,2.57783,1.48437,2.17483,4.53427e-05,4.99996,4.99997,0.000166797,8.20082e-05,4.94294,1.66832e-08,1.66832e-08,1.66832e-08,1.66832e-08,5,1.66832e-08,5,5,8.34161e-09,5,8.3416e-09,8.3416e-09,1.67901e-08,1.67897e-08,1.67901e-08,1.67901e-08,5,1.67889e-08,5,5,8.44372e-09,5,8.44372e-09,8.44372e-09,2.52832,2.47168,2.45879,2.54121,2.54121,2.45879,2.47168,2.52832,-0.0001,-0.0738728,-0.0735632
191.0000,2.5794,1.48635,2.17814,7.55851e-09,5,5,7.82861e-08,7.59397e-09,4.95175,2.57783,1.48437,2.17483,4.53427e-05,4.99996,4.99997,0.000166797,8.20082e-05,4.94294,1.66832e-08,1.66832e-08,1.66832e-08,1.66832e-08,5,1.66832e-08,5,5,8.3416e-09,5,8.34161e-09,8.34161e-09,1.67901e-08,1.67897e-08,1.67901e-08,1.67901e-08,5,1.67889e-08,5,5,8.44372e-09,5,8.44372e-09,8.44372e-09,2.52796,2.47204,2.45855,2.54145,2.54145,2.45855,2.47204,2.52796,-0.0001,-0.0738666,-0.0735571
191.5000,2.5794,1.48635,2.17814,7.55851e-09,5,5,7.82861e-08,7.59397e-09,4.95175,2.57783,1.48437,2.17483,4.53427e-05,4.99996,4.99997,0.000166797,8.20082e-05,4.94294,1.66832e-08,1.66832e-08,1.66832e-08,1.66832e-08,5,1.66832e-08,5,5,8.34161e-09,5,8.34161e-09,8.3416e-09,1.67901e-08,1.67897e-08,1.67901e-08,1.67901e-08,5,1.67889e-08,5,5,8.44372e-09,5,8.44372e-09,8.44372e-09,2.5276,2.4724,2.4583,2.5417,2.5417,2.4583,2.4724,2.5276,-0.0001,-0.07386,-0.0735505
192.0000,2.5794,1.48635,2.17814,7.55851e-09,5,5,7.82861e-08,7.59397e-09,4.95175,2.57783,1.48437,2.17483,4.53427e-05,4.99996,4.99997,0.000166797,8.20082e-05,4.94294,1.66832e-08,1.66832e-08,1.66832e-08,1.66832e-08,5,1.66832e-08,5,5,8.3416e-09,5,8.3416e-09,8.3416e-09,1.67901e-08,1.67897e-08,1.67901e-08,1.67901e-08,5,1.67889e-08,5,5,8.44372e-09,5,8.44372e-09,8.44372e-09,2.52723,2.47277,2.45806,2.54194,2.54194,2.45806,2.47277,2.52723,-0.0001,-0.0738528,-0.0735434
192.5000,2.5794,1.48635,2.17814,7.55851e-09,5,5,7.82861e-08,7.59397e-09,4.95175,2.57783,1.48437,2.17483,4.53427e-05,4.99996,4.99997,0.000166797,8.20082e-05,4.94294,1.66832e-08,1.66832e-08,1.66832e-08,1.66832e-08,5,1.66832e-08,5,5,8.3416e-09,5,8.34161e-09,8.3416e-09,1.67901e-08,1.67897e-08,1.67901e-08,1.67901e-08,5,1.67889e-08,5,5,8.44372e-09,5,8.44372e-09,8.44372e-09,2.52687,2.47313,2.45783,2.54217,2.54217,2.45783,2.47313,2.52687,-0.0001,-0.0738451,-0.0735358
193.0000,2.5794,1.48635,2.17814,7.55851e-09,5,5,7.82861e-08,7.59397e-09,4.95175,2.57783,1.48437,2.17483,4.53427e-05,4.99996,4.99997,0.000166797,8.20082e-05,4.94294,1.66832e-08,1.66832e-08,1.66832e-08,1.66832e-08,5,1.66832e-08,5,5,8.34161e-09,5,8.3416e-09,8.34161e-09,1.67901e-08,1.67897e-08,1.67901e-08,1.67901e-08,5,1.67889e-08,5,5,8.44372e-09,5,8.44372e-09,8.44372e-09,2.5265,2.4735,2.4576,2.5424,2.5424,2.4576,2.4735,2.5265,-0.0001,-0.0738369,-0.0735277
193.5000,2.5794,1.48635,2.17814,7.55851e-09,5,5,7.82861e-08,7.59397e-09,4.95175,2.57783,1.48437,2.17483,4.53427e-05,4.99996,4.99997,0.000166797,8.20082e-05,4.94294,1.66832e-08,1.66832e-08,1.66832e-08,1.66832e-08,5,1.66832e-08,5,5,8.3416e-09,5,8.34161e-09,8.3416e-09,1.67901e-08,1.67897e-08,1.67901e-08,1.67901e-08,5,1.67889e-08,5,5,8.44372e-09,5,8.44372e-09,8.44372e-09,2.52613,2.47387,2.45737,2.54263,2.54263,2.45737,2.47387,2.52613,-0.0001,-0.073828,-0.0735189
194.0000,2.5794,1.48635,2.17814,7.55851e-09,5,5,7.82861e-08,7.59397e-09,4.95175,2.57783,1.48437,2.17483,4.53427e-05,4.99996,4.99997,0.000166797,8.20082e-05,4.94294,1.66832e-08,1.66832e-08,1.66832e-08,1.66832e-08,5,1.66832e-08,5,5,8.34161e-09,5,8.3416e-09,8.34161e-09,1.67901e-08,1.67897e-08,1.67901e-08,1.67901e-08,5,1.67889e-08,5,5,8.44372e-09,5,8.44372e-09,8.44373e-09,2.52575,2.47425,2.45714,2.54286,2.54286,2.45714,2.47425,2.52575,-0.0001,-0.0738185,-0.0735095
194.5000,2.5794,1.48635,2.17814,7.55851e-09,5,5,7.82861e-08,7.59397e-09,4.95175,2.57783,1.48437,2.17483,4.53427e-05,4.99996,4.99997,0.000166797,8.20082e-05,4.94294,1.66832e-08,1.66832e-08,1.66832e-08,1.66832e-08,5,1.66832e-08,5,5,8.3416e-09,5,8.34161e-09,8.3416e-09,1.67901e-08,1.67897e-08,1.67901e-08,1.67901e-08,5,1.67889e-08,5,5,8.44372e-09,5,8.44372e-09,8.44373e-09,2.52538,2.47462,2.45692,2.54308,2.54308,2.45692,2.47462,2.52538,-0.0001,-0.0738082,-0.0734994
195.0000,2.5794,1.48635,2.17814,7.55851e-09,5,5,7.82861e-08,7.59397e-09,4.95175,2.57783,1.48437,2.17483,4.53427e-05,4.99996,4.99997,0.000166797,8.20082e-05,4.94294,1.66832e-08,1.66832e-08,1.66832e-08,1.66832e-08,5,1.66832e-08,5,5,8.34161e-09,5,8.3416e-09,8.34161e-09,1.67901e-08,1.67897e-08,1.67901e-08,1.67901e-08,5,1.67889e-08,5,5,8.44372e-09,5,8.44372e-09,8.44372e-09,2.525,2.475,2.4567,2.5433,2.5433,2.4567,2.475,2.525,-0.0001,-0.0737972,-0.0734885
195.5000,2.5794,1.48635,2.17814,7.55851e-09,5,5,7.82861e-08,7.59397e-09,4.95175,2.57783,1.48437,2.17483,4.53427e-05,4.99996,4.99997,0.000166797,8.20082e-05,4.94294,1.66832e-08,1.66832e-08,1.66832e-08,1.66832e-08,5,1.66832e-08,5,5,8.3416e-09,5,8.34161e-09,8.3416e-09,1.67901e-08,1.67897e-08,1.67901e-08,1.67901e-08,5,1.67889e-08,5,5,8.44372e-09,5,8.44372e-09,8.44373e-09,2.52462,2.47538,2.45648,2.54352,2.54352,2.45648,2.47538,2.52462,-0.0001,-0.0737852,-0.0734768
196.0000,2.5794,1.48635,2.17814,7.55851e-09,5,5,7.82861e-08,7.59397e-09,4.95175,2.57783,1.48437,2.17483,4.53427e-05,4.99996,4.99997,0.000166797,8.20082e-05,4.94294,1.66832e-08,1.66832e-08,1.66832e-08,1.66832e-08,5,1.66832e-08,5,5,8.34161e-09,5,8.34161e-09,8.34161e-09,1.67901e-08,1.67897e-08,1.67901e-08,1.67901e-08,5,1.67889e-08,5,5,8.44372e-09,5,8.44372e-09,8.44373e-09,2.52424,2.47576,2.45627,2.54373,2.54373,2.45627,2.47576,2.52424,-0.0001,-0.0737724,-0.0734641
196.5000,2.5794,1.48635,2.17814,7.55851e-09,5,5,7.82861e-08,7.59397e-09,4.95175,2.57783,1.48437,2.17483,4.53427e-05,4.99996,4.99997,0.000166797,8.20082e-05,4.94294,1.66832e-08,1.66832e-08,1.66832e-08,1.66832e-08,5,1.66832e-08,5,5,8.3416e-09,5,8.3416e-09,8.3416e-09,1.67901e-08,1.67897e-08,1.67901e-08,1.67901e-08,5,1.67889e-08,5,5,8.44372e-09,5,8.44372e-09,8.44373e-09,2.52386,2.47614,2.45606,2.54394,2.54394,2.45606,2.47614,2.52386,-0.0001,-0.0737584,-0.0734504
197.0000,2.5794,1.48635,2.17814,7.55851e-09,5,5,7.82861e-08,7.59397e-09,4.95175,2.57783,1.48437,2.17483,4.53427e-05,4.99996,4.99997,0.000166797,8.20082e-05,4.94294,1.66832e-08,1.66832e-08,1.66832e-08,1.66832e-08,5,1.66832e-08,5,5,8.34161e-09,5,8.34161e-09,8.34161e-09,1.67901e-08,1.67897e-08,1.67901e-08,1.67901e-08,5,1.67889e-08,5,5,8.44372e-09,5,8.44372e-09,8.44373e-09,2.52347,2.47653,2.45585,2.54415,2.54415,2.45585,2.47653,2.52347,-0.0001,-0.0737433,-0.0734355
197.5000,2.5794,1.48635,2.17814,7.55851e-09,5,5,7.82861e-08,7.59397e-09,4.95175,2.57783,1.48437,2.17483,4.53427e-05,4.99996,4.99997,0.000166797,8.20082e-05,4.94294,1.66832e-08,1.66832e-08,1.66832e-08,1.66832e-08,5,1.66832e-08,5,5,8.34161e-09,5,8.3416e-09,8.3416e-09,1.67901e-08,1.67897e-08,1.67901e-08,1.67901e-08,5,1.67889e-08,5,5,8.44372e-09,5,8.44372e-09,8.44373e-09,2.52309,2.47691,2.45565,2.54435,2.54435,2.45565,2.47691,2.52309,-0.0001,-0.0737269,-0.0734194
198.0000,2.5794,1.48635,2.17814,7.55851e-09,5,5,7.82861e-08,7.59397e-09,4.95175,2.57783,1.48437,2.17483,4.53427e-05,4.99996,4.99997,0.000166797,8.20082e-05,4.94294,1.66832e-08,1.66832e-08,1.66832e-08,1.66832e-08,5,1.66832e-08,5,5,8.34161e-09,5,8.34161e-09,8.3416e-09,1.67901e-08,1.67897e-08,1.67901e-08,1.67901e-08,5,1.67889e-08,5,5,8.44372e-09,5,8.44372e-09,8.44374e-09,2.5227,2.4773,2.45545,2.54455,2.54455,2.45545,2.4773,2.5227,-0.0001,-0.0737089,-0.0734017
198.5000,2.5794,1.48635,2.17814,7.55851e-09,5,5,7.82861e-08,7.59397e-09,4.95175,2.57783,1.48437,2.17483,4.53427e-05,4.99996,4.99997,0.000166797,8.20082e-05,4.94294,1.66832e-08,1.66832e-08,1.66832e-08,1.66832e-08,5,1.66832e-08,5,5,8.34161e-09,5,8.3416e-09,8.34162e-09,1.67901e-08,1.67897e-08,1.67901e-08,1.67901e-08,5,1.67889e-08,5,5,8.44372e-09,5,8.44372e-09,8.44374e-09,2.52231,2.47769,2.45525,2.54475,2.54475,2.45525,2.47769,2.52231,-0.0001,-0.0736886,-0.0733817
199.0000,2.5794,1.48635,2.17814,7.55851e-09,5,5,7.82861e-08,7.59397e-09,4.95175,2.57783,1.48437,2.17483,4.53427e-05,4.99996,4.99997,0.000166797,8.20082e-05,4.94294,1.66832e-08,1.66832e-08,1.66832e-08,1.66832e-08,5,1.66832e-08,5,5,8.34161e-09,5,8.34161e-09,8.34161e-09,1.67901e-08,1.67897e-08,1.67901e-08,1.67902e-08,5,1.67889e-08,5,5,8.44372e-09,5,8.44372e-09,8.44375e-09,2.52192,2.47808,2.45506,2.54494,2.54494,2.45506,2.47808,2.52192,-0.0001,-0.0736645,-0.0733581
199.5000,2.5794,1.48635,2.17814,7.55851e-09,5,5,7.82861e-08,7.59397e-09,4.95175,2.57783,1.48437,2.17483,4.53427e-05,4.99996,4.99997,0.000166797,8.20082e-05,4.94294,1.66832e-08,1.66832e-08,1.66832e-08,1.66832e-08,5,1.66832e-08,5,5,8.34161e-09,5,8.34161e-09,8.34161e-09,1.67901e-08,1.67897e-08,1.67901e-08,1.67902e-08,5,1.67889e-08,5,5,8.44371e-09,5,8.44372e-09,8.44376e-09,2.52153,2.47847,2.45487,2.54513,2.54513,2.45487,2.47847,2.52153,-0.0001,-0.0736359,-0.0733301
200.0000,2.5794,1.48635,2.17814,7.55851e-09,5,5,7.82861e-08,7.59397e-09,4.95175,2.57783,1.48437,2.17483,4.53427e-05,4.99996,4.99997,0.000166797,8.20082e-05,4.94294,1.66832e-08,1.66832e-08,1.66832e-08,1.66832e-08,5,1.66832e-08,5,5,8.3416e-09,5,8.34161e-09,8.34161e-09,1.67901e-08,1.67897e-08,1.67901e-08,1.67902e-08,5,1.67889e-08,5,5,8.44371e-09,5,8.44371e-09,8.44377e-09,2.52113,2.47887,2.45468,2.54532,2.54532,2.45468,2.47887,2.52113,-0.0001,-0.0736024,-0.0732976
200.5000,2.5794,1.48635,2.17814,7.55851e-09,5,5,7.82861e-08,7.59397e-09,4.95175,2.57783,1.48437,2.17483,4.53427e-05,4.99996,4.99997,0.000166797,8.20082e-05,4.94294,1.66832e-08,1.66832e-08,1.66832e-08,1.66875e-08,5,1.66832e-08,5,5,8.34161e-09,5,8.34162e-09,8.34162e-09,1.67901e-08,1.67897e-08,1.67901e-08,1.67903e-08,5,1.67889e-08,5,5,8.44371e-09,5,8.44371e-09,8.4438e-09,2.52073,2.47927,2.4545,2.5455,2.5455,2.4545,2.47927,2.52073,-0.0001,-0.0735683,-0.0732619
201.0000,2.5794,1.48635,2.17814,7.55851e-09,5,5,7.82861e-08,7.59397e-09,4.95175,2.57783,1.48437,2.17483,4.53427e-05,4.99996,4.99997,0.000166797,8.20082e-05,4.94294,1.66832e-08,1.66832e-08,1.66832e-08,4.00986e-08,5,1.66832e-08,5,5,8.34161e-09,5,8.3416e-09,8.34161e-09,1.67901e-08,1.67897e-08,1.67901e-08,1.67904e-08,5,1.67889e-08,5,5,8.44371e-09,5,8.44371e-09,8.44386e-09,2.52034,2.47966,2.45432,2.54568,2.54568,2.45432,2.47966,2.52034,-0.0001,-0.0740816,-0.0732324
201.5000,2.17814,1.81384,2.17814,7.59397e-09,4.95176,5,0.00123953,7.59397e-09,4.95175,2.57783,1.48437,2.17483,4.53427e-05,4.99996,4.99997,0.000166797,8.20082e-05,4.94294,1.66832e-08,1.66832e-08,1.66832e-08,5,5,1.66832e-08,5,1.66832e-08,8.34161e-09,5,8.34161e-09,8.3416e-09,1.67901e-08,1.67897e-08,1.67901e-08,1.67908e-08,5,1.67889e-08,5,5,8.44371e-09,5,8.44371e-09,8.44402e-09,2.51994,2.48006,2.45415,2.54585,2.54585,2.45415,2.48006,2.51994,-0.0001,-0.0740952,-0.0732665
202.0000,2.17814,1.81384,2.17814,7.59397e-09,4.95175,5,0.00123953,7.59397e-09,4.95175,2.57783,1.48437,2.17483,4.53427e-05,4.99996,4.99997,0.000166797,8.20082e-05,4.94294,1.66832e-08,1.66832e-08,1.66832e-08,5,5,1.66832e-08,5,1.66832e-08,8.34162e-09,5,8.34161e-09,8.3416e-09,1.67901e-08,1.67897e-08,1.67901e-08,1.67926e-08,5,1.67889e-08,5,5,8.44371e-09,5,8.44371e-09,8.44471e-09,2.51954,2.48046,2.45397,2.54603,2.54603,2.45397,2.48046,2.51954,-0.0001,-0.0739773,-0.0733043
202.5000,2.17814,1.81384,2.17814,7.59397e-09,4.95175,5,0.00123953,7.59397e-09,4.95175,2.57783,1.48437,2.17483,4.53427e-05,4.99996,4.99997,0.000166797,8.20082e-05,4.94294,1.66832e-08,1.66832e-08,1.66832e-08,5,5,1.66832e-08,5,1.66832e-08,8.3416e-09,5,8.34162e-09,8.34161e-09,1.67901e-08,1.67897e-08,1.67901e-08,1.68944e-08,5,1.67889e-08,5,5,8.44371e-09,5,8.44371e-09,8.4858e-09,2.51913,2.48087,2.45381,2.54619,2.54619,2.45381,2.48087,2.51913,-0.0001,-0.0739368,-0.0733448
203.0000,2.17814,1.81384,2.17814,7.59397e-09,4.95175,5,0.00123953,7.59397e-09,4.95175,2.57783,1.48437,2.17483,4.53427e-05,4.99996,4.99997,0.000166797,8.20082e-05,4.94294,1.66832e-08,1.66832e-08,1.66832e-08,5,5,1.66832e-08,5,1.66832e-08,8.3416e-09,5,8.34161e-09,8.34161e-09,1.67901e-08,1.67897e-08,1.67901e-08,1.5072e-05,5,1.67889e-08,5,4.99997,8.44371e-09,5,8.44371e-09,5.71223e-06,2.51873,2.48127,2.45364,2.54636,2.54636,2.45364,2.48127,2.51873,-0.0001,-0.073888,-0.0737293
203.5000,2.17814,1.81384,2.17814,7.59397e-09,4.95175,5,0.00123953,7.59397e-09,4.95175,2.17665,1.81068,2.17483,8.55922e-05,4.94632,4.99997,0.00128,8.20082e-05,4.94294,1.66832e-08,1.66832e-08,1.66832e-08,5,5,1.66832e-08,5,1.66832e-08,8.34161e-09,5,8.3416e-09,8.3416e-09,1.67901e-08,1.67897e-08,1.67901e-08,5,5,1.67889e-08,5,1.20986e-07,8.44371e-09,5,8.44371e-09,2.79756e-08,2.51833,2.48167,2.45348,2.54652,2.54652,2.45348,2.48167,2.51833,-0.0001,-0.0738329,-0.0738556
204.0000,2.17814,1.81384,2.17814,7.59397e-09,4.95175,5,0.00123953,7.59397e-09,4.95175,2.17665,1.81068,2.17483,8.55923e-05,4.94632,4.99997,0.00128,8.20082e-05,4.94294,1.66832e-08,1.66832e-08,1.66832e-08,5,5,1.66832e-08,5,1.66832e-08,8.34161e-09,5,8.34162e-09,8.34161e-09,1.67901e-08,1.67897e-08,1.67901e-08,5,5,1.67889e-08,5,1.67964e-08,8.44371e-09,5,8.44371e-09,8.44433e-09,2.51792,2.48208,2.45332,2.54668,2.54668,2.45332,2.48208,2.51792,-0.0001,-0.073774,-0.0738052
204.5000,2.17814,1.81384,2.17814,7.59397e-09,4.95175,5,0.00123953,7.59397e-09,4.95175,2.17665,1.81068,2.17483,8.55923e-05,4.94632,4.99997,0.00128,8.20082e-05,4.94294,1.66832e-08,1.66832e-08,1.66832e-08,5,5,1.66832e-08,5,1.66832e-08,8.34161e-09,5,8.3416e-09,8.3416e-09,1.67901e-08,1.67897e-08,1.67901e-08,5,5,1.67889e-08,5,1.67945e-08,8.44371e-09,5,8.44371e-09,8.44398e-09,2.51751,2.48249,2.45317,2.54683,2.54683,2.45317,2.48249,2.51751,-0.0001,-0.0737152,-0.0737454
205.0000,2.17814,1.81384,2.17814,7.59397e-09,4.95175,5,0.00123953,7.59397e-09,4.95175,2.17665,1.81068,2.17483,8.55923e-05,4.94632,4.99997,0.00128,8.20082e-05,4.94294,1.66832e-08,1.66832e-08,1.66832e-08,5,5,1.66832e-08,5,1.66832e-08,8.3416e-09,5,8.34161e-09,8.34161e-09,1.67901e-08,1.67897e-08,1.67901e-08,5,5,1.67889e-08,5,1.67943e-08,8.44371e-09,5,8.44371e-09,8.44395e-09,2.5171,2.4829,2.45301,2.54699,2.54699,2.45301,2.4829,2.5171,-0.0001,-0.0736622,-0.0736895
205.5000,2.17814,1.81384,2.17814,7.59397e-09,4.95175,5,0.00123953,7.59397e-09,4.95175,2.17665,1.81068,2.17483,8.55923e-05,4.94632,4.99997,0.00128,8.20082e-05,4.94294,1.66832e-08,1.66832e-08,1.66832e-08,5,5,1.66832e-08,5,1.66832e-08,8.3416e-09,5,8.34162e-09,8.3416e-09,1.67901e-08,1.67897e-08,1.67901e-08,5,5,1.67889e-08,5,1.67943e-08,8.44371e-09,5,8.44371e-09,8.44395e-09,2.51669,2.48331,2.45287,2.54713,2.54713,2.45287,2.48331,2.51669,-0.0001,-0.0736234,-0.0736426
206.0000,2.17814,1.81384,2.17814,7.59397e-09,4.95175,5,0.00123953,7.59397e-09,4.95175,2.17665,1.81068,2.17483,8.55923e-05,4.94632,4.99997,0.00128,8.20082e-05,4.94294,1.66832e-08,1.66832e-08,1.66832e-08,5,5,1.66832e-08,5,1.66832e-08,8.34161e-09,5,8.34161e-09,8.34161e-09,1.67901e-08,1.67897e-08,1.67901e-08,5,5,1.67889e-08,5,1.67943e-08,8.44371e-09,5,8.44371e-09,8.44394e-09,2.51628,2.48372,2.45272,2.54728,2.54728,2.45272,2.48372,2.51628,-0.0001,-0.0736014,-0.0736078
206.5000,2.17814,1.81384,2.17814,7.59397e-09,4.95175,5,0.00123953,7.59397e-09,4.95175,2.17665,1.81068,2.17483,8.55923e-05,4.94632,4.99997,0.00128,8.20082e-05,4.94294,1.66832e-08,1.66832e-08,1.66832e-08,5,5,1.66832e-08,5,1.66832e-08,8.3416e-09,5,8.34161e-09,8.3416e-09,1.67901e-08,1.67897e-08,1.67901e-08,5,5,1.67889e-08,5,1.67943e-08,8.44371e-09,5,8.44372e-09,8.44395e-09,2.51587,2.48413,2.45258,2.54742,2.54742,2.45258,2.48413,2.51587,-0.0001,-0.0735918,-0.0735842
207.0000,2.17814,1.81384,2.17814,7.59397e-09,4.95175,5,0.00123953,7.59397e-09,4.95175,2.17665,1.81068,2.17483,8.55923e-05,4.94632,4.99997,0.00128,8.20082e-05,4.94294,1.66832e-08,1.66832e-08,1.66832e-08,5,5,1.66832e-08,5,1.66832e-08,8.34162e-09,5,8.34161e-09,8.34162e-09,1.67901e-08,1.67897e-08,1.67901e-08,5,5,1.67889e-08,5,1.67943e-08,8.44371e-09,5,8.44371e-09,8.44395e-09,2.51545,2.48455,2.45245,2.54755,2.54755,2.45245,2.48455,2.51545,-0.0001,-0.0735952,-0.0735706
207.5000,2.17814,1.81384,2.17814,7.59397e-09,4.95175,5,0.00123953,7.59397e-09,4.95175,2.17665,1.81068,2.17483,8.55923e-05,4.94632,4.99997,0.00128,8.20082e-05,4.94294,1.66832e-08,1.66832e-08,1.66832e-08,5,5,1.66832e-08,5,1.66832e-08,8.34161e-09,5,8.3416e-09,8.3416e-09,1.67901e-08,1.67897e-08,1.67901e-08,5,5,1.67889e-08,5,1.67943e-08,8.44372e-09,5,8.44372e-09,8.44395e-09,2.51504,2.48496,2.45231,2.54769,2.54769,2.45231,2.48496,2.51504,-0.0001,-0.0736228,-0.0735734
208.0000,2.17814,1.81384,2.17814,7.59397e-09,4.95175,5,0.00123953,7.59397e-09,4.95175,2.17665,1.81068,2.17483,8.55923e-05,4.94632,4.99997,0.00128,8.20082e-05,4.94294,1.66832e-08,1.66832e-08,1.66832e-08,5,5,1.66832e-08,5,1.66832e-08,8.34161e-09,5,8.34161e-09,8.3416e-09,1.67901e-08,1.67897e-08,1.67901e-08,5,5,1.67889e-08,5,1.67943e-08,8.44371e-09,5,8.44371e-09,8.44395e-09,2.51462,2.48538,2.45218,2.54782,2.54782,2.45218,2.48538,2.51462,-0.0001,-0.0736469,-0.0736019
208.5000,2.17814,1.81384,2.17814,7.59397e-09,4.95175,5,0.00123953,7.59397e-09,4.95175,2.17665,1.81068,2.17483,8.55923e-05,4.94632,4.99997,0.00128,8.20082e-05,4.94294,1.66832e-08,1.66832e-08,1.66832e-08,5,5,1.66832e-08,5,1.66832e-08,8.3416e-09,5,8.3416e-09,8.34161e-09,1.67901e-08,1.67897e-08,1.67901e-08,5,5,1.67889e-08,5,1.67943e-08,8.44371e-09,5,8.44371e-09,8.44395e-09,2.5142,2.4858,2.45206,2.54794,2.54794,2.45206,2.4858,2.5142,-0.0001,-0.0736783,-0.0736285
209.0000,2.17814,1.81384,2.17814,7.59397e-09,4.95175,5,0.00123953,7.59397e-09,4.95175,2.17665,1.81068,2.17483,8.55923e-05,4.94632,4.99997,0.00128,8.20082e-05,4.94294,1.66832e-08,1.66832e-08,1.66832e-08,5,5,1.66832e-08,5,1.66832e-08,8.3416e-09,5,8.34161e-09,8.34161e-09,1.67901e-08,1.67897e-08,1.67901e-08,5,5,1.67889e-08,5,1.67943e-08,8.44371e-09,5,8.44371e-09,8.44395e-09,2.51378,2.48622,2.45194,2.54806,2.54806,2.45194,2.48622,2.51378,-0.0001,-0.0737295,-0.0736562
209.5000,2.17814,1.81384,2.17814,7.59397e-09,4.95175,5,0.00123953,7.59397e-09,4.95175,2.17665,1.81068,2.17483,8.55923e-05,4.94632,4.99997,0.00128,8.20082e-05,4.94294,1.66832e-08,1.66832e-08,1.66832e-08,5,5,1.66832e-08,5,1.66832e-08,8.3416e-09,5,8.34161e-09,8.34161e-09,1.67901e-08,1.67897e-08,1.67901e-08,5,5,1.67889e-08,5,1.67943e-08,8.44372e-09,5,8.44371e-09,8.44395e-09,2.51336,2.48664,2.45182,2.54818,2.54818,2.45182,2.48664,2.51336,-0.0001,-0.0737865,-0.0736892
210.0000,2.17814,1.81384,2.17814,7.59397e-09,4.95175,5,0.00123953,7.59397e-09,4.95175,2.17665,1.81068,2.17483,8.55923e-05,4.94632,4.99997,0.00128,8.20082e-05,4.94294,1.66832e-08,1.66832e-08,1.66832e-08,5,5,1.66832e-08,5,1.66832e-08,8.34161e-09,5,8.34161e-09,8.34161e-09,1.67901e-08,1.67897e-08,1.67901e-08,5,5,1.67889e-08,5,1.67943e-08,8.44372e-09,5,8.44371e-09,8.44394e-09,2.51294,2.48706,2.4517,2.5483,2.5483,2.4517,2.48706,2.51294,-0.0001,-0.0738337,-0.073736
210.5000,2.17814,1.81384,2.17814,7.59397e-09,4.95175,5,0.00123953,7.59397e-09,4.95175,2.17665,1.81068,2.17483,8.55923e-05,4.94632,4.99997,0.00128,8.20082e-05,4.94294,1.66832e-08,1.66832e-08,1.66832e-08,5,5,1.66832e-08,5,1.66832e-08,8.3416e-09,5,8.34161e-09,8.34161e-09,1.67901e-08,1.67897e-08,1.67901e-08,5,5,1.67889e-08,5,1.67943e-08,8.44371e-09,5,8.44371e-09,8.44395e-09,2.51252,2.48748,2.45159,2.54841,2.54841,2.45159,2.48748,2.51252,-0.0001,-0.0738855,-0.0737946
211.0000,2.17814,1.81384,2.17814,7.59397e-09,4.95175,5,0.00123953,7.59397e-09,4.95175,2.17665,1.81068,2.17483,8.55923e-05,4.94632,4.99997,0.00128,8.20082e-05,4.94294,1.66832e-08,1.66832e-08,1.66832e-08,5,5,1.66832e-08,5,1.66832e-08,8.34161e-09,5,8.3416e-09,8.34162e-09,1.67901e-08,1.67897e-08,1.67901e-08,5,5,1.67889e-08,5,1.67943e-08,8.44372e-09,5,8.44372e-09,8.44395e-09,2.5121,2.4879,2.45148,2.54852,2.54852,2.45148,2.4879,2.5121,-0.0001,-0.0739439,-0.0738605
211.5000,2.17814,1.81384,2.17814,7.59397e-09,4.95175,5,0.00123953,7.59397e-09,4.95175,2.17665,1.81068,2.17483,8.55923e-05,4.94632,4.99997,0.00128,8.20082e-05,4.94294,1.66832e-08,1.66832e-08,1.66832e-08,5,5,1.66832e-08,5,1.66832e-08,8.3416e-09,5,8.3416e-09,8.3416e-09,1.67901e-08,1.67897e-08,1.67901e-08,5,5,1.67889e-08,5,1.67943e-08,8.44372e-09,5,8.44372e-09,8.44395e-09,2.51167,2.48833,2.45138,2.54862,2.54862,2.45138,2.48833,2.51167,-0.0001,-0.0740055,-0.0739288
212.0000,2.17814,1.81384,2.17814,7.59397e-09,4.95175,5,0.00123953,7.59397e-09,4.95175,2.17665,1.81068,2.17483,8.55923e-05,4.94632,4.99997,0.00128,8.20082e-05,4.94294,1.66832e-08,1.66832e-08,1.66832e-08,5,5,1.66832e-08,5,1.66832e-08,8.3416e-09,5,8.34161e-09,8.3416e-09,1.67901e-08,1.67897e-08,1.67901e-08,5,5,1.67889e-08,5,1.67943e-08,8.44372e-09,5,8.44372e-09,8.44395e-09,2.51125,2.48875,2.45128,2.54872,2.54872,2.45128,2.48875,2.51125,-0.0001,-0.0740666,-0.0739958
212.5000,2.17814,1.81384,2.17814,7.59397e-09,4.95175,5,0.00123953,7.59397e-09,4.95175,2.17665,1.81068,2.17483,8.55923e-05,4.94632,4.99997,0.00128,8.20082e-05,4.94294,1.66832e-08,1.66832e-08,1.66832e-08,5,5,1.66832e-08,5,1.66832e-08,8.34161e-09,5,8.3416e-09,8.34161e-09,1.67901e-08,1.67897e-08,1.67901e-08,5,5,1.67889e-08,5,1.67943e-08,8.44372e-09,5,8.44372e-09,8.44395e-09,2.51082,2.48918,2.45118,2.54882,2.54882,2.45118,2.48918,2.51082,-0.0001,-0.0741239,-0.074058
213.0000,2.17814,1.81384,2.17814,7.59397e-09,4.95175,5,0.00123953,7.59397e-09,4.95175,2.17665,1.81068,2.17483,8.55923e-05,4.94632,4.99997,0.00128,8.20082e-05,4.94294,1.66832e-08,1.66832e-08,1.66832e-08,5,5,1.66832e-08,5,1.66832e-08,8.3416e-09,5,8.34161e-09,8.3416e-09,1.67901e-08,1.67897e-08,1.67901e-08,5,5,1.67889e-08,5,1.67943e-08,8.44372e-09,5,8.44372e-09,8.44395e-09,2.5104,2.4896,2.45109,2.54891,2.54891,2.45109,2.4896,2.5104,-0.0001,-0.0741753,-0.0741134
213.5000,2.17814,1.81384,2.17814,7.59397e-09,4.95175,5,0.00123953,7.59397e-09,4.95175,2.17665,1.81068,2.17483,8.55923e-05,4.94632,4.99997,0.00128,8.20082e-05,4.94294,1.66832e-08,1.66832e-08,1.66832e-08,5,5,1.66832e-08,5,1.66832e-08,8.34161e-09,5,8.34161e-09,8.34161e-09,1.67901e-08,1.67897e-08,1.67901e-08,5,5,1.67889e-08,5,1.67943e-08,8.44372e-09,5,8.44372e-09,8.44395e-09,2.50997,2.49003,2.451,2.549,2.549,2.451,2.49003,2.50997,-0.0001,-0.0742198,-0.074161
214.0000,2.17814,1.81384,2.17814,7.59397e-09,4.95175,5,0.00123953,7.59397e-09,4.95175,2.17665,1.81068,2.17483,8.55923e-05,4.94632,4.99997,0.00128,8.20082e-05,4.94294,1.66832e-08,1.66832e-08,1.66832e-08,5,5,1.66832e-08,5,1.66832e-08,8.3416e-09,5,8.34161e-09,8.3416e-09,1.67901e-08,1.67897e-08,1.67901e-08,5,5,1.67889e-08,5,1.67943e-08,8.44372e-09,5,8.44372e-09,8.44395e-09,2.50954,2.49046,2.45092,2.54908,2.54908,2.45092,2.49046,2.50954,-0.0001,-0.0742574,-0.0742008
214.5000,2.17814,1.81384,2.17814,7.59397e-09,4.95175,5,0.00123953,7.59397e-09,4.95175,2.17665,1.81068,2.17483,8.55923e-05,4.94632,4.99997,0.00128,8.20082e-05,4.94294,1.66832e-08,1.66832e-08,1.66832e-08,5,5,1.66832e-08,5,1.66832e-08,8.34161e-09,5,8.3416e-09,8.34161e-09,1.67901e-08,1.67897e-08,1.67901e-08,5,5,1.67889e-08,5,1.67943e-08,8.44372e-09,5,8.44372e-09,8.44395e-09,2.50911,2.49089,2.45084,2.54916,2.54916,2.45084,2.49089,2.50911,-0.0001,-0.0742883,-0.0742335
215.0000,2.17814,1.81384,2.17814,7.59397e-09,4.95175,5,0.00123953,7.59397e-09,4.95175,2.17665,1.81068,2.17483,8.55923e-05,4.94632,4.99997,0.00128,8.20082e-05,4.94294,1.66832e-08,1.66832e-08,1.66832e-08,5,5,1.66832e-08,5,1.66832e-08,8.3416e-09,5,8.3416e-09,8.3416e-09,1.67901e-08,1.67897e-08,1.67901e-08,5,5,1.67889e-08,5,1.67943e-08,8.44372e-09,5,8.44372e-09,8.44395e-09,2.50868,2.49132,2.45076,2.54924,2.54924,2.45076,2.49132,2.50868,-0.0001,-0.074313,-0.0742597
215.5000,2.17814,1.81384,2.17814,7.59397e-09,4.95175,5,0.00123953,7.59397e-09,4.95175,2.17665,1.81068,2.17483,8.55923e-05,4.94632,4.99997,0.00128,8.20082e-05,4.94294,1.66832e-08,1.66832e-08,1.66832e-08,5,5,1.66832e-08,5,1.66832e-08,8.34161e-09,5,8.34161e-09,8.34161e-09,1.67901e-08,1.67897e-08,1.67901e-08,5,5,1.67889e-08,5,1.67943e-08,8.44372e-09,5,8.44372e-09,8.44395e-09,2.50825,2.49175,2.45068,2.54932,2.54932,2.45068,2.49175,2.50825,-0.0001,-0.0743317,-0.0742798
216.0000,2.17814,1.81384,2.17814,7.59397e-09,4.95175,5,0.00123953,7.59397e-09,4.95175,2.17665,1.81068,2.17483,8.55923e-05,4.94632,4.99997,0.00128,8.20082e-05,4.94294,1.66832e-08,1.66832e-08,1.66832e-08,5,5,1.66832e-08,5,1.66832e-08,8.3416e-09,5,8.3416e-09,8.3416e-09,1.67901e-08,1.67897e-08,1.67901e-08,5,5,1.67889e-08,5,1.67943e-08,8.44372e-09,5,8.44372e-09,8.44395e-09,2.50782,2.49218,2.45061,2.54939,2.54939,2.45061,2.49218,2.50782,-0.0001,-0.0743446,-0.0742938
216.5000,2.17814,1.81384,2.17814,7.59397e-09,4.95175,5,0.00123953,7.59397e-09,4.95175,2.17665,1.81068,2.17483,8.55923e-05,4.94632,4.99997,0.00128,8.20082e-05,4.94294,1.66832e-08,1.66832e-08,1.66832e-08,5,5,1.66832e-08,5,1.66832e-08,8.3416e-09,5,8.34161e-09,8.3416e-09,1.67901e-08,1.67897e-08,1.67901e-08,5,5,1.67889e-08,5,1.67943e-08,8.44372e-09,5,8.44372e-09,8.44395e-09,2.50739,2.49261,2.45055,2.54945,2.54945,2.45055,2.49261,2.50739,-0.0001,-0.0743515,-0.074302
217.0000,2.17814,1.81384,2.17814,7.59397e-09,4.95175,5,0.00123953,7.59397e-09,4.95175,2.17665,1.81068,2.17483,8.55923e-05,4.94632,4.99997,0.00128,8.20082e-05,4.94294,1.66832e-08,1.66832e-08,1.66832e-08,5,5,1.66832e-08,5,1.66832e-08,8.34162e-09,5,8.3416e-09,8.34162e-09,1.67901e-08,1.67897e-08,1.67901e-08,5,5,1.67889e-08,5,1.67943e-08,8.44372e-09,5,8.44372e-09,8.44395e-09,2.50696,2.49304,2.45048,2.54952,2.54952,2.45048,2.49304,2.50696,-0.0001,-0.0743526,-0.0743043
217.5000,2.17814,1.81384,2.17814,7.59397e-09,4.95175,5,0.00123953,7.59397e-09,4.95175,2.17665,1.81068,2.17483,8.55923e-05,4.94632,4.99997,0.00128,8.20082e-05,4.94294,1.66832e-08,1.66832e-08,1.66832e-08,5,5,1.66832e-08,5,1.66832e-08,8.34161e-09,5,8.34161e-09,8.34161e-09,1.67901e-08,1.67897e-08,1.67901e-08,5,5,1.67889e-08,5,1.67943e-08,8.44372e-09,5,8.44372e-09,8.44395e-09,2.50653,2.49347,2.45043,2.54957,2.54957,2.45043,2.49347,2.50653,-0.0001,-0.0743475,-0.0743006
218.0000,2.17814,1.81384,2.17814,7.59397e-09,4.95175,5,0.00123953,7.59397e-09,4.95175,2.17665,1.81068,2.17483,8.55923e-05,4.94632,4.99997,0.00128,8.20082e-05,4.94294,1.66832e-08,1.66832e-08,1.66832e-08,5,5,1.66832e-08,5,1.66832e-08,8.34161e-09,5,8.3416e-09,8.34161e-09,1.67901e-08,1.67897e-08,1.67901e-08,5,5,1.67889e-08,5,1.67943e-08,8.44372e-09,5,8.44372e-09,8.44395e-09,2.50609,2.49391,2.45037,2.54963,2.54963,2.45037,2.49391,2.50609,-0.0001,-0.0743345,-0.0742895
218.5000,2.17814,1.81384,2.17814,7.59397e-09,4.95175,5,0.00123953,7.59397e-09,4.95175,2.17665,1.81068,2.17483,8.55923e-05,4.94632,4.99997,0.00128,8.20082e-05,4.94294,1.66832e-08,1.66832e-08,1.66832e-08,5,5,1.66832e-08,5,1.66832e-08,8.34162e-09,5,8.34161e-09,8.34161e-09,1.67901e-08,1.67897e-08,1.67901e-08,5,5,1.67889e-08,5,1.67943e-08,8.44372e-09,5,8.44372e-09,8.44395e-09,2.50566,2.49434,2.45032,2.54968,2.54968,2.45032,2.49434,2.50566,-0.0001,-0.0743099,-0.0742677
219.0000,2.17814,1.81384,2.17814,7.59397e-09,4.95175,5,0.00123953,7.59397e-09,4.95175,2.17665,1.81068,2.17483,8.55923e-05,4.94632,4.99997,0.00128,8.20082e-05,4.94294,1.66832e-08,1.66832e-08,1.66832e-08,5,5,1.66832e-08,5,1.66832e-08,8.3416e-09,5,8.34161e-09,8.3416e-09,1.67901e-08,1.67897e-08,1.67901e-08,5,5,1.67889e-08,5,1.67943e-08,8.44372e-09,5,8.44372e-09,8.44395e-09,2.50523,2.49477,2.45027,2.54973,2.54973,2.45027,2.49477,2.50523,-0.0001,-0.0742683,-0.0742299
219.5000,2.17814,1.81384,2.17814,7.59397e-09,4.95175,5,0.00123953,7.59397e-09,4.95175,2.17665,1.81068,2.17483,8.55923e-05,4.94632,4.99997,0.00128,8.20082e-05,4.94294,1.66832e-08,1.66832e-08,1.66832e-08,5,5,1.66832e-08,5,1.66832e-08,8.34161e-09,5,8.3416e-09,8.34161e-09,1.67901e-08,1.67897e-08,1.67901e-08,5,5,1.67889e-08,5,1.67943e-08,8.44372e-09,5,8.44372e-09,8.44395e-09,2.50479,2.49521,2.45023,2.54977,2.54977,2.45023,2.49521,2.50479,-0.0001,-0.0742036,-0.0741694
220.0000,2.17814,1.81384,2.17814,7.59397e-09,4.95175,5,0.00123953,7.59397e-09,4.95175,2.17665,1.81068,2.17483,8.55923e-05,4.94632,4.99997,0.00128,8.20082e-05,4.94294,1.66832e-08,1.66832e-08,1.66832e-08,5,5,1.66832e-08,5,1.66832e-08,8.34161e-09,5,8.34161e-09,8.3416e-09,1.67901e-08,1.67897e-08,1.67901e-08,5,5,1.67889e-08,5,1.67943e-08,8.44372e-09,5,8.44372e-09,8.44395e-09,2.50436,2.49564,2.45019,2.54981,2.54981,2.45019,2.49564,2.50436,-0.0001,-0.0741118,-0.0740821
220.5000,2.17814,1.81384,2.17814,7.59397e-09,4.95175,5,0.00123953,7.59397e-09,4.95175,2.17665,1.81068,2.17483,8.55923e-05,4.94632,4.99997,0.00128,8.20082e-05,4.94294,1.66832e-08,1.66832e-08,1.66832e-08,5,5,1.66832e-08,5,1.66832e-08,8.34161e-09,5,8.3416e-09,8.3416e-09,1.67901e-08,1.67897e-08,1.67901e-08,5,5,1.67889e-08,5,1.67943e-08,8.44372e-09,5,8.44372e-09,8.44395e-09,2.50392,2.49608,2.45015,2.54985,2.54985,2.45015,2.49608,2.50392,-0.0001,-0.0739915,-0.0739662
221.0000,2.17814,1.81384,2.17814,7.59397e-09,4.95175,5,0.00123953,7.59397e-09,4.95175,2.17665,1.81068,2.17483,8.55923e-05,4.94632,4.99997,0.00128,8.20082e-05,4.94294,1.66832e-08,1.66832e-08,1.66832e-08,5,5,1.66832e-08,5,1.66832e-08,8.3416e-09,5,8.34161e-09,8.34161e-09,1.67901e-08,1.67897e-08,1.67901e-08,5,5,1.67889e-08,5,1.67943e-08,8.44372e-09,5,8.44372e-09,8.44395e-09,2.50349,2.49651,2.45012,2.54988,2.54988,2.45012,2.49651,2.50349,-0.0001,-0.0738428,-0.0738212
221.5000,2.17814,1.81384,2.17814,7.59397e-09,4.95175,5,0.00123953,7.59397e-09,4.95175,2.17665,1.81068,2.17483,8.55923e-05,4.94632,4.99997,0.00128,8.20082e-05,4.94294,1.66832e-08,1.66832e-08,1.66832e-08,5,5,1.66832e-08,5,1.66832e-08,8.34161e-09,5,8.34162e-09,8.34162e-09,1.67901e-08,1.67897e-08,1.67901e-08,5,5,1.67889e-08,5,1.67943e-08,8.44371e-09,5,8.44372e-09,8.44395e-09,2.50305,2.49695,2.45009,2.54991,2.54991,2.45009,2.49695,2.50305,-0.0001,-0.073662,-0.0736344
222.0000,2.17814,1.81384,2.17814,7.59397e-09,4.95175,5,0.00123953,7.59397e-09,4.95175,2.17665,1.81068,2.17483,8.55923e-05,4.94632,4.99997,0.00128,8.20082e-05,4.94294,1.66832e-08,1.66832e-08,1.66832e-08,5,5,1.66832e-08,5,1.66832e-08,8.34161e-09,5,8.34161e-09,8.34161e-09,1.67901e-08,1.67897e-08,1.67901e-08,5,5,1.67889e-08,5,1.67943e-08,8.44371e-09,5,8.44371e-09,8.44395e-09,2.50262,2.49738,2.45007,2.54993,2.54993,2.45007,2.49738,2.50262,-0.0001,-0.0734072,-0.0733729
222.5000,2.17814,1.81384,2.17814,7.59397e-09,4.95175,5,0.00123953,7.59397e-09,4.95175,2.17665,1.81068,2.17483,8.55923e-05,4.94632,4.99997,0.00128,8.20082e-05,4.94294,1.66832e-08,1.66832e-08,1.66832e-08,5,5,1.66832e-08,5,1.66832e-08,8.34161e-09,5,8.3416e-09,8.34161e-09,1.67901e-08,1.67897e-08,1.67901e-08,5,5,1.67889e-08,5,1.67943e-08,8.44371e-09,5,8.44371e-09,8.44395e-09,2.50218,2.49782,2.45005,2.54995,2.54995,2.45005,2.49782,2.50218,-0.0001,-0.0731278,-0.073095
223.0000,2.17814,1.81384,2.17814,7.59397e-09,4.95175,5,0.00123953,7.59397e-09,4.95175,2.17665,1.81068,2.17483,8.55923e-05,4.94632,4.99997,0.00128,8.20082e-05,4.94294,1.66832e-08,1.66832e-08,1.66832e-08,5,5,1.66832e-08,5,1.66832e-08,8.34161e-09,5,8.34162e-09,8.34161e-09,1.67901e-08,1.67897e-08,1.67901e-08,5,5,1.67889e-08,5,1.67943e-08,8.44371e-09,5,8.44371e-09,8.44395e-09,2.50174,2.49826,2.45003,2.54997,2.54997,2.45003,2.49826,2.50174,-0.0001,-0.0728582,-0.0728259
223.5000,2.17814,1.81384,2.17814,7.59397e-09,4.95175,5,0.00123953,7.59397e-09,4.95175,2.17665,1.81068,2.17483,8.55923e-05,4.94632,4.99997,0.00128,8.20082e-05,4.94294,1.66832e-08,1.66832e-08,1.66832e-08,5,5,1.66832e-08,5,1.66832e-08,8.3416e-09,5,8.34161e-09,8.34161e-09,1.67901e-08,1.67897e-08,1.67901e-08,5,5,1.67889e-08,5,1.67943e-08,8.44371e-09,5,8.44371e-09,8.44395e-09,2.50131,2.49869,2.45002,2.54998,2.54998,2.45002,2.49869,2.50131,-0.0001,-0.0726256,-0.0726022
224.0000,2.17814,1.81384,2.17814,7.59397e-09,4.95175,5,0.00123953,7.59397e-09,4.95175,2.17665,1.81068,2.17483,8.55923e-05,4.94632,4.99997,0.00128,8.20082e-05,4.94294,1.66832e-08,1.66832e-08,1.66832e-08,5,5,1.66832e-08,5,1.66832e-08,8.34161e-09,5,8.3416e-09,8.34161e-09,1.67901e-08,1.67897e-08,1.67901e-08,5,5,1.67889e-08,5,1.67943e-08,8.44371e-09,5,8.44371e-09,8.44395e-09,2.50087,2.49913,2.45001,2.54999,2.54999,2.45001,2.49913,2.50087,-0.0001,-0.0725386,-0.0725086
224.5000,2.17814,1.81384,2.17814,7.59397e-09,4.95175,5,0.00123953,7.59397e-09,4.95175,2.17665,1.81068,2.17483,8.55923e-05,4.94632,4.99997,0.00128,8.20082e-05,4.94294,1.66832e-08,1.66832e-08,1.66832e-08,5,5,1.66832e-08,5,1.66832e-08,8.34161e-09,5,8.3416e-09,8.34161e-09,1.67901e-08,1.67897e-08,1.67901e-08,5,5,1.67889e-08,5,1.67943e-08,8.44371e-09,5,8.44371e-09,8.44395e-09,2.50044,2.49956,2.45,2.55,2.55,2.45,2.49956,2.50044,-0.0001,-0.0726869,-0.0726507
225.0000,2.17814,1.81384,2.17814,7.59397e-09,4.95175,5,0.00123953,7.59397e-09,4.95175,2.17665,1.81068,2.17483,8.55923e-05,4.94632,4.99997,0.00128,8.20082e-05,4.94294,1.66832e-08,1.66832e-08,1.66832e-08,5,5,1.66832e-08,5,1.66832e-08,8.34161e-09,5,8.34161e-09,8.3416e-09,1.67901e-08,1.67897e-08,1.67901e-08,5,5,1.67889e-08,5,1.67943e-08,8.44371e-09,5,8.44372e-09,8.44395e-09,2.5,2.5,2.45,2.55,2.55,2.45,2.5,2.5,-0.0001,-0.0740571,-0.0737653
225.5000,1.81384,2.17814,2.17814,5.00003,0.001239,3.22481e-07,4.95175,7.59397e-09,4.95175,1.81193,2.17551,2.17483,5,0.00124281,0.000216333,4.94333,8.20082e-05,4.94294,1.66832e-08,1.66832e-08,5,5,5,1.66832e-08,1.66832e-08,1.66832e-08,8.34161e-09,5,8.3416e-09,8.3416e-09,1.67901e-08,1.679e-08,5,5,5,1.67931e-08,1.67943e-08,1.67943e-08,8.44371e-09,5,8.44395e-09,8.44395e-09,2.49956,2.50044,2.45,2.55,2.55,2.45,2.50044,2.49956,-0.0001,-0.0728346,-0.0727932
226.0000,1.81384,2.17814,2.17814,5,0.00123953,7.59397e-09,4.95175,7.59397e-09,4.95175,1.81193,2.17551,2.17483,4.99997,0.00124332,0.000216014,4.94333,8.20082e-05,4.94294,1.66832e-08,1.66832e-08,5,5,5,1.66832e-08,1.66832e-08,1.66832e-08,8.34161e-09,5,8.3416e-09,8.3416e-09,1.67901e-08,1.679e-08,5,5,5,1.67931e-08,1.67943e-08,1.67943e-08,8.44371e-09,5,8.44394e-09,8.44395e-09,2.49913,2.50087,2.45001,2.54999,2.54999,2.45001,2.50087,2.49913,-0.0001,-0.0728106,-0.0727699
226.5000,1.81384,2.17814,2.17814,5,0.00123953,7.59397e-09,4.95175,7.59397e-09,4.95175,1.81193,2.17551,2.17483,4.99997,0.00124332,0.000216014,4.94333,8.20082e-05,4.94294,1.66832e-08,1.66832e-08,5,5,5,1.66832e-08,1.66832e-08,1.66832e-08,8.34161e-09,5,8.34161e-09,8.34161e-09,1.67901e-08,1.679e-08,5,5,5,1.67931e-08,1.67943e-08,1.67943e-08,8.44371e-09,5,8.44395e-09,8.44395e-09,2.49869,2.50131,2.45002,2.54998,2.54998,2.45002,2.50131,2.49869,-0.0001,-0.0728157,-0.0727794
227.0000,1.81384,2.17814,2.17814,5,0.00123953,7.59397e-09,4.95175,7.59397e-09,4.95175,1.81193,2.17551,2.17483,4.99997,0.00124332,0.000216014,4.94333,8.20082e-05,4.94294,1.66832e-08,1.66832e-08,5,5,5,1.66832e-08,1.66832e-08,1.66832e-08,8.3416e-09,5,8.34162e-09,8.34162e-09,1.67901e-08,1.679e-08,5,5,5,1.67931e-08,1.67943e-08,1.67943e-08,8.44371e-09,5,8.44395e-09,8.44395e-09,2.49826,2.50174,2.45003,2.54997,2.54997,2.45003,2.50174,2.49826,-0.0001,-0.0729546,-0.0728972
227.5000,1.81384,2.17814,2.17814,5,0.00123953,7.59397e-09,4.95175,7.59397e-09,4.95175,1.81193,2.17551,2.17483,4.99997,0.00124332,0.000216014,4.94333,8.20082e-05,4.94294,1.66832e-08,1.66832e-08,5,5,5,1.66832e-08,1.66832e-08,1.66832e-08,8.34161e-09,5,8.3416e-09,8.3416e-09,1.67901e-08,1.679e-08,5,5,5,1.67931e-08,1.67943e-08,1.67943e-08,8.44371e-09,5,8.44395e-09,8.44395e-09,2.49782,2.50218,2.45005,2.54995,2.54995,2.45005,2.50218,2.49782,-0.0001,-0.0731482,-0.07309
228.0000,1.81384,2.17814,2.17814,5,0.00123953,7.59397e-09,4.95175,7.59397e-09,4.95175,1.81193,2.17551,2.17483,4.99997,0.00124332,0.000216014,4.94333,8.20082e-05,4.94294,1.66832e-08,1.66832e-08,5,5,5,1.66832e-08,1.66832e-08,1.66832e-08,8.3416e-09,5,8.3416e-09,8.34161e-09,1.67901e-08,1.679e-08,5,5,5,1.67931e-08,1.67943e-08,1.67943e-08,8.44371e-09,5,8.44395e-09,8.44395e-09,2.49738,2.50262,2.45007,2.54993,2.54993,2.45007,2.50262,2.49738,-0.0001,-0.0733533,-0.0732952
228.5000,1.81384,2.17814,2.17814,5,0.00123953,7.59397e-09,4.95175,7.59397e-09,4.95175,1.81193,2.17551,2.17483,4.99997,0.00124332,0.000216014,4.94333,8.20082e-05,4.94294,1.66832e-08,1.66832e-08,5,5,5,1.66832e-08,1.66832e-08,1.66832e-08,8.34161e-09,5,8.3416e-09,8.34161e-09,1.67901e-08,1.679e-08,5,5,5,1.67931e-08,1.67943e-08,1.67943e-08,8.44371e-09,5,8.44395e-09,8.44395e-09,2.49695,2.50305,2.45009,2.54991,2.54991,2.45009,2.50305,2.49695,-0.0001,-0.0735401,-0.0735086
229.0000,1.81384,2.17814,2.17814,5,0.00123953,7.59397e-09,4.95175,7.59397e-09,4.95175,1.81193,2.17551,2.17483,4.99997,0.00124332,0.000216014,4.94333,8.20082e-05,4.94294,1.66832e-08,1.66832e-08,5,5,5,1.66832e-08,1.66832e-08,1.66832e-08,8.34161e-09,5,8.34161e-09,8.34161e-09,1.67901e-08,1.679e-08,5,5,5,1.67931e-08,1.67943e-08,1.67943e-08,8.44371e-09,5,8.44395e-09,8.44395e-09,2.49651,2.50349,2.45012,2.54988,2.54988,2.45012,2.50349,2.49651,-0.0001,-0.0736782,-0.0736428
229.5000,1.81384,2.17814,2.17814,5,0.00123953,7.59397e-09,4.95175,7.59397e-09,4.95175,1.81193,2.17551,2.17483,4.99997,0.00124332,0.000216014,4.94333,8.20082e-05,4.94294,1.66832e-08,1.66832e-08,5,5,5,1.66832e-08,1.66832e-08,1.66832e-08,8.34162e-09,5,8.34161e-09,8.34161e-09,1.67901e-08,1.679e-08,5,5,5,1.67931e-08,1.67943e-08,1.67943e-08,8.44371e-09,5,8.44395e-09,8.44395e-09,2.49608,2.50392,2.45015,2.54985,2.54985,2.45015,2.50392,2.49608,-0.0001,-0.0737358,-0.0736993
230.0000,1.81384,2.17814,2.17814,5,0.00123953,7.59397e-09,4.95175,7.59397e-09,4.95175,1.81193,2.17551,2.17483,4.99997,0.00124332,0.000216014,4.94333,8.20082e-05,4.94294,1.66832e-08,1.66832e-08,5,5,5,1.66832e-08,1.66832e-08,1.66832e-08,8.34161e-09,5,8.3416e-09,8.34161e-09,1.67901e-08,1.679e-08,5,5,5,1.67931e-08,1.67943e-08,1.67943e-08,8.44371e-09,5,8.44395e-09,8.44395e-09,2.49564,2.50436,2.45019,2.54981,2.54981,2.45019,2.50436,2.49564,-0.0001,-0.0737744,-0.0737363
230.5000,1.81384,2.17814,2.17814,5,0.00123953,7.59397e-09,4.95175,7.59397e-09,4.95175,1.81193,2.17551,2.17483,4.99997,0.00124332,0.000216014,4.94333,8.20082e-05,4.94294,1.66832e-08,1.66832e-08,5,5,5,1.66832e-08,1.66832e-08,1.66832e-08,8.34161e-09,5,8.3416e-09,8.34161e-09,1.67901e-08,1.679e-08,5,5,5,1.67931e-08,1.67943e-08,1.67943e-08,8.44371e-09,5,8.44395e-09,8.44395e-09,2.49521,2.50479,2.45023,2.54977,2.54977,2.45023,2.50479,2.49521,-0.0001,-0.0737983,-0.0737585
231.0000,1.81384,2.17814,2.17814,5,0.00123953,7.59397e-09,4.95175,7.59397e-09,4.95175,1.81193,2.17551,2.17483,4.99997,0.00124332,0.000216014,4.94333,8.20082e-05,4.94294,1.66832e-08,1.66832e-08,5,5,5,1.66832e-08,1.66832e-08,1.66832e-08,8.3416e-09,5,8.34161e-09,8.3416e-09,1.67901e-08,1.679e-08,5,5,5,1.67931e-08,1.67943e-08,1.67943e-08,8.44371e-09,5,8.44395e-09,8.44395e-09,2.49477,2.50523,2.45027,2.54973,2.54973,2.45027,2.50523,2.49477,-0.0001,-0.0738112,-0.0737697
231.5000,1.81384,2.17814,2.17814,5,0.00123953,7.59397e-09,4.95175,7.59397e-09,4.95175,1.81193,2.17551,2.17483,4.99997,0.00124332,0.000216014,4.94333,8.20082e-05,4.94294,1.66832e-08,1.66832e-08,5,5,5,1.66832e-08,1.66832e-08,1.66832e-08,8.34161e-09,5,8.3416e-09,8.34161e-09,1.67901e-08,1.679e-08,5,5,5,1.67931e-08,1.67943e-08,1.67943e-08,8.44371e-09,5,8.44395e-09,8.44395e-09,2.49434,2.50566,2.45032,2.54968,2.54968,2.45032,2.50566,2.49434,-0.0001,-0.0738166,-0.0737734
232.0000,1.81384,2.17814,2.17814,5,0.00123953,7.59397e-09,4.95175,7.59397e-09,4.95175,1.81193,2.17551,2.17483,4.99997,0.00124332,0.000216014,4.94333,8.20082e-05,4.94294,1.66832e-08,1.66832e-08,5,5,5,1.66832e-08,1.66832e-08,1.66832e-08,8.3416e-09,5,8.34161e-09,8.3416e-09,1.67901e-08,1.679e-08,5,5,5,1.67931e-08,1.67943e-08,1.67943e-08,8.44371e-09,5,8.44395e-09,8.44395e-09,2.49391,2.50609,2.45037,2.54963,2.54963,2.45037,2.50609,2.49391,-0.0001,-0.073817,-0.0737725
232.5000,1.81384,2.17814,2.17814,5,0.00123953,7.59397e-09,4.95175,7.59397e-09,4.95175,1.81193,2.17551,2.17483,4.99997,0.00124332,0.000216014,4.94333,8.20082e-05,4.94294,1.66832e-08,1.66832e-08,5,5,5,1.66832e-08,1.66832e-08,1.66832e-08,8.34161e-09,5,8.3416e-09,8.34161e-09,1.67901e-08,1.679e-08,5,5,5,1.67931e-08,1.67943e-08,1.67943e-08,8.44371e-09,5,8.44395e-09,8.44395e-09,2.49347,2.50653,2.45043,2.54957,2.54957,2.45043,2.50653,2.49347,-0.0001,-0.073814,-0.0737684
233.0000,1.81384,2.17814,2.17814,5,0.00123953,7.59397e-09,4.95175,7.59397e-09,4.95175,1.81193,2.17551,2.17483,4.99997,0.00124332,0.000216014,4.94333,8.20082e-05,4.94294,1.66832e-08,1.66832e-08,5,5,5,1.66832e-08,1.66832e-08,1.66832e-08,8.3416e-09,5,8.34161e-09,8.3416e-09,1.67901e-08,1.679e-08,5,5,5,1.67931e-08,1.67943e-08,1.67943e-08,8.44371e-09,5,8.44395e-09,8.44395e-09,2.49304,2.50696,2.45048,2.54952,2.54952,2.45048,2.50696,2.49304,-0.0001,-0.0738082,-0.0737618
233.5000,1.81384,2.17814,2.17814,5,0.00123953,7.59397e-09,4.95175,7.59397e-09,4.95175,1.81193,2.17551,2.17483,4.99997,0.00124332,0.000216014,4.94333,8.20082e-05,4.94294,1.66832e-08,1.66832e-08,5,5,5,1.66832e-08,1.66832e-08,1.66832e-08,8.3416e-09,5,8.3416e-09,8.3416e-09,1.67901e-08,1.679e-08,5,5,5,1.67931e-08,1.67943e-08,1.67943e-08,8.44371e-09,5,8.44395e-09,8.44395e-09,2.49261,2.50739,2.45055,2.54945,2.54945,2.45055,2.50739,2.49261,-0.0001,-0.0738,-0.0737528
234.0000,1.81384,2.17814,2.17814,5,0.00123953,7.59397e-09,4.95175,7.59397e-09,4.95175,1.81193,2.17551,2.17483,4.99997,0.00124332,0.000216014,4.94333,8.20082e-05,4.94294,1.66832e-08,1.66832e-08,5,5,5,1.66832e-08,1.66832e-08,1.66832e-08,8.34162e-09,5,8.3416e-09,8.34162e-09,1.67901e-08,1.679e-08,5,5,5,1.67931e-08,1.67943e-08,1.67943e-08,8.44371e-09,5,8.44395e-09,8.44395e-09,2.49218,2.50782,2.45061,2.54939,2.54939,2.45061,2.50782,2.49218,-0.0001,-0.0737891,-0.0737411
234.5000,1.81384,2.17814,2.17814,5,0.00123953,7.59397e-09,4.95175,7.59397e-09,4.95175,1.81193,2.17551,2.17483,4.99997,0.00124332,0.000216014,4.94333,8.20082e-05,4.94294,1.66832e-08,1.66832e-08,5,5,5,1.66832e-08,1.66832e-08,1.66832e-08,8.34161e-09,5,8.34161e-09,8.34161e-09,1.67901e-08,1.679e-08,5,5,5,1.67931e-08,1.67943e-08,1.67943e-08,8.44371e-09,5,8.44395e-09,8.44395e-09,2.49175,2.50825,2.45068,2.54932,2.54932,2.45068,2.50825,2.49175,-0.0001,-0.073775,-0.073726
235.0000,1.81384,2.17814,2.17814,5,0.00123953,7.59397e-09,4.95175,7.59397e-09,4.95175,1.81193,2.17551,2.17483,4.99997,0.00124332,0.000216014,4.94333,8.20082e-05,4.94294,1.66832e-08,1.66832e-08,5,5,5,1.66832e-08,1.66832e-08,1.66832e-08,8.34161e-09,5,8.3416e-09,8.3416e-09,1.67901e-08,1.679e-08,5,5,5,1.67931e-08,1.67943e-08,1.67943e-08,8.44371e-09,5,8.44395e-09,8.44395e-09,2.49132,2.50868,2.45076,2.54924,2.54924,2.45076,2.50868,2.49132,-0.0001,-0.073757,-0.0737067
235.5000,1.81384,2.17814,2.17814,5,0.00123953,7.59397e-09,4.95175,7.59397e-09,4.95175,1.81193,2.17551,2.17483,4.99997,0.00124332,0.000216014,4.94333,8.20082e-05,4.94294,1.66832e-08,1.66832e-08,5,5,5,1.66832e-08,1.66832e-08,1.66832e-08,8.3416e-09,5,8.34161e-09,8.34161e-09,1.67901e-08,1.679e-08,5,5,5,1.67931e-08,1.67943e-08,1.67943e-08,8.44371e-09,5,8.44395e-09,8.44395e-09,2.49089,2.50911,2.45084,2.54916,2.54916,2.45084,2.50911,2.49089,-0.0001,-0.0737345,-0.0736827
236.0000,1.81384,2.17814,2.17814,5,0.00123953,7.59397e-09,4.95175,7.59397e-09,4.95175,1.81193,2.17551,2.17483,4.99997,0.00124332,0.000216014,4.94333,8.20082e-05,4.94294,1.66832e-08,1.66832e-08,5,5,5,1.66832e-08,1.66832e-08,1.66832e-08,8.34161e-09,5,8.3416e-09,8.3416e-09,1.67901e-08,1.679e-08,5,5,5,1.67931e-08,1.67943e-08,1.67943e-08,8.44371e-09,5,8.44395e-09,8.44395e-09,2.49046,2.50954,2.45092,2.54908,2.54908,2.45092,2.50954,2.49046,-0.0001,-0.0737079,-0.0736541
236.5000,1.81384,2.17814,2.17814,5,0.00123953,7.59397e-09,4.95175,7.59397e-09,4.95175,1.81193,2.17551,2.17483,4.99997,0.00124332,0.000216014,4.94333,8.20082e-05,4.94294,1.66832e-08,1.66832e-08,5,5,5,1.66832e-08,1.66832e-08,1.66832e-08,8.3416e-09,5,8.3416e-09,8.34161e-09,1.67901e-08,1.679e-08,5,5,5,1.67931e-08,1.67943e-08,1.67943e-08,8.44371e-09,5,8.44395e-09,8.44395e-09,2.49003,2.50997,2.451,2.549,2.549,2.451,2.50997,2.49003,-0.0001,-0.0736782,-0.0736215
237.0000,1.81384,2.17814,2.17814,5,0.00123953,7.59397e-09,4.95175,7.59397e-09,4.95175,1.81193,2.17551,2.17483,4.99997,0.00124332,0.000216014,4.94333,8.20082e-05,4.94294,1.66832e-08,1.66832e-08,5,5,5,1.66832e-08,1.66832e-08,1.66832e-08,8.34161e-09,5,8.3416e-09,8.3416e-09,1.67901e-08,1.679e-08,5,5,5,1.67931e-08,1.67943e-08,1.67943e-08,8.44371e-09,5,8.44395e-09,8.44395e-09,2.4896,2.5104,2.45109,2.54891,2.54891,2.45109,2.5104,2.4896,-0.0001,-0.0736472,-0.0735863
237.5000,1.81384,2.17814,2.17814,5,0.00123953,7.59397e-09,4.95175,7.59397e-09,4.95175,1.81193,2.17551,2.17483,4.99997,0.00124332,0.000216014,4.94333,8.20082e-05,4.94294,1.66832e-08,1.66832e-08,5,5,5,1.66832e-08,1.66832e-08,1.66832e-08,8.3416e-09,5,8.34161e-09,8.34161e-09,1.67901e-08,1.679e-08,5,5,5,1.67931e-08,1.67943e-08,1.67943e-08,8.44371e-09,5,8.44395e-09,8.44395e-09,2.48918,2.51082,2.45118,2.54882,2.54882,2.45118,2.51082,2.48918,-0.0001,-0.0736175,-0.0735504
238.0000,1.81384,2.17814,2.17814,5,0.00123953,7.59397e-09,4.95175,7.59397e-09,4.95175,1.81193,2.17551,2.17483,4.99997,0.00124332,0.000216014,4.94333,8.20082e-05,4.94294,1.66832e-08,1.66832e-08,5,5,5,1.66832e-08,1.66832e-08,1.66832e-08,8.34161e-09,5,8.34162e-09,8.3416e-09,1.67901e-08,1.679e-08,5,5,5,1.67931e-08,1.67943e-08,1.67943e-08,8.44371e-09,5,8.44395e-09,8.44395e-09,2.48875,2.51125,2.45128,2.54872,2.54872,2.45128,2.51125,2.48875,-0.0001,-0.073592,-0.0735162
238.5000,1.81384,2.17814,2.17814,5,0.00123953,7.59397e-09,4.95175,7.59397e-09,4.95175,1.81193,2.17551,2.17483,4.99997,0.00124332,0.000216014,4.94333,8.20082e-05,4.94294,1.66832e-08,1.66832e-08,5,5,5,1.66832e-08,1.66832e-08,1.66832e-08,8.34162e-09,5,8.3416e-09,8.34161e-09,1.67901e-08,1.679e-08,5,5,5,1.67931e-08,1.67943e-08,1.67943e-08,8.44371e-09,5,8.44395e-09,8.44395e-09,2.48833,2.51167,2.45138,2.54862,2.54862,2.45138,2.51167,2.48833,-0.0001,-0.0735736,-0.0734863
239.0000,1.81384,2.17814,2.17814,5,0.00123953,7.59397e-09,4.95175,7.59397e-09,4.95175,1.81193,2.17551,2.17483,4.99997,0.00124332,0.000216014,4.94333,8.20082e-05,4.94294,1.66832e-08,1.66832e-08,5,5,5,1.66832e-08,1.66832e-08,1.66832e-08,8.3416e-09,5,8.34161e-09,8.3416e-09,1.67901e-08,1.679e-08,5,5,5,1.67931e-08,1.67943e-08,1.67943e-08,8.44371e-09,5,8.44395e-09,8.44395e-09,2.4879,2.5121,2.45148,2.54852,2.54852,2.45148,2.5121,2.4879,-0.0001,-0.0735652,-0.0734633
239.5000,1.81384,2.17814,2.17814,5,0.00123953,7.59397e-09,4.95175,7.59397e-09,4.95175,1.81193,2.17551,2.17483,4.99997,0.00124332,0.000216014,4.94333,8.20082e-05,4.94294,1.66832e-08,1.66832e-08,5,5,5,1.66832e-08,1.66832e-08,1.66832e-08,8.34161e-09,5,8.3416e-09,8.34161e-09,1.67901e-08,1.679e-08,5,5,5,1.67931e-08,1.67943e-08,1.67943e-08,8.44371e-09,5,8.44395e-09,8.44395e-09,2.48748,2.51252,2.45159,2.54841,2.54841,2.45159,2.51252,2.48748,-0.0001,-0.0735693,-0.0734495
240.0000,1.81384,2.17814,2.17814,5,0.00123953,7.59397e-09,4.95175,7.59397e-09,4.95175,1.81193,2.17551,2.17483,4.99997,0.00124332,0.000216014,4.94333,8.20082e-05,4.94294,1.66832e-08,1.66832e-08,5,5,5,1.66832e-08,1.66832e-08,1.66832e-08,8.3416e-09,5,8.3416e-09,8.3416e-09,1.67901e-08,1.679e-08,5,5,5,1.67931e-08,1.67943e-08,1.67943e-08,8.44371e-09,5,8.44395e-09,8.44395e-09,2.48706,2.51294,2.4517,2.5483,2.5483,2.4517,2.51294,2.48706,-0.0001,-0.0735864,-0.0734467
240.5000,1.81384,2.17814,2.17814,5,0.00123953,7.59397e-09,4.95175,7.59397e-09,4.95175,1.81193,2.17551,2.17483,4.99997,0.00124332,0.000216014,4.94333,8.20082e-05,4.94294,1.66832e-08,1.66832e-08,5,5,5,1.66832e-08,1.66832e-08,1.66832e-08,8.34161e-09,5,8.3416e-09,8.34161e-09,1.67901e-08,1.679e-08,5,5,5,1.67931e-08,1.67943e-08,1.67943e-08,8.44371e-09,5,8.44395e-09,8.44395e-09,2.48664,2.51336,2.45182,2.54818,2.54818,2.45182,2.51336,2.48664,-0.0001,-0.073603,-0.0734551
241.0000,1.81384,2.17814,2.17814,5,0.00123953,7.59397e-09,4.95175,7.59397e-09,4.95175,1.81193,2.17551,2.17483,4.99997,0.00124332,0.000216014,4.94333,8.20082e-05,4.94294,1.66832e-08,1.66832e-08,5,5,5,1.66832e-08,1.66832e-08,1.66832e-08,8.34161e-09,5,8.3416e-09,8.34161e-09,1.67901e-08,1.679e-08,5,5,5,1.67931e-08,1.67943e-08,1.67943e-08,8.44371e-09,5,8.44395e-09,8.44395e-09,2.48622,2.51378,2.45194,2.54806,2.54806,2.45194,2.51378,2.48622,-0.0001,-0.0735794,-0.0734667
241.5000,1.81384,2.17814,2.17814,5,0.00123953,7.59397e-09,4.95175,7.59397e-09,4.95175,1.81193,2.17551,2.17483,4.99997,0.00124332,0.000216014,4.94333,8.20082e-05,4.94294,1.66832e-08,1.66832e-08,5,5,5,1.66832e-08,1.66832e-08,1.66832e-08,8.3416e-09,5,8.34162e-09,8.34162e-09,1.67901e-08,1.679e-08,5,5,5,1.67931e-08,1.67943e-08,1.67943e-08,8.44371e-09,5,8.44395e-09,8.44395e-09,2.4858,2.5142,2.45206,2.54794,2.54794,2.45206,2.5142,2.4858,-0.0001,-0.0735324,-0.0734525
242.0000,1.81384,2.17814,2.17814,5,0.00123953,7.59397e-09,4.95175,7.59397e-09,4.95175,1.81193,2.17551,2.17483,4.99997,0.00124332,0.000216014,4.94333,8.20082e-05,4.94294,1.66832e-08,1.66832e-08,5,5,5,1.66832e-08,1.66832e-08,1.66832e-08,8.3416e-09,5,8.34161e-09,8.34161e-09,1.67901e-08,1.679e-08,5,5,5,1.67931e-08,1.67943e-08,1.67943e-08,8.44371e-09,5,8.44395e-09,8.44395e-09,2.48538,2.51462,2.45218,2.54782,2.54782,2.45218,2.51462,2.48538,-0.0001,-0.0734845,-0.073415
242.5000,1.81384,2.17814,2.17814,5,0.00123953,7.59397e-09,4.95175,7.59397e-09,4.95175,1.81193,2.17551,2.17483,4.99997,0.00124332,0.000216014,4.94333,8.20082e-05,4.94294,1.66832e-08,1.66832e-08,5,5,5,1.66832e-08,1.66832e-08,1.66832e-08,8.34161e-09,5,8.34162e-09,8.34161e-09,1.67901e-08,1.679e-08,5,5,5,1.67931e-08,1.67943e-08,1.67943e-08,8.44371e-09,5,8.44395e-09,8.44395e-09,2.48496,2.51504,2.45231,2.54769,2.54769,2.45231,2.51504,2.48496,-0.0001,-0.0734395,-0.0733751
243.0000,1.81384,2.17814,2.17814,5,0.00123953,7.59397e-09,4.95175,7.59397e-09,4.95175,1.81193,2.17551,2.17483,4.99997,0.00124332,0.000216014,4.94333,8.20082e-05,4.94294,1.66832e-08,1.66832e-08,5,5,5,1.66832e-08,1.66832e-08,1.66832e-08,8.3416e-09,5,8.3416e-09,8.34161e-09,1.67901e-08,1.679e-08,5,5,5,1.67931e-08,1.67943e-08,1.67943e-08,8.44371e-09,5,8.44395e-09,8.44395e-09,2.48455,2.51545,2.45245,2.54755,2.54755,2.45245,2.51545,2.48455,-0.0001,-0.0733971,-0.0733361
243.5000,1.81384,2.17814,2.17814,5,0.00123953,7.59397e-09,4.95175,7.59397e-09,4.95175,1.81193,2.17551,2.17483,4.99997,0.00124332,0.000216014,4.94333,8.20082e-05,4.94294,1.66832e-08,1.66832e-08,5,5,5,1.66832e-08,1.66832e-08,1.66832e-08,8.34161e-09,5,8.3416e-09,8.3416e-09,1.67901e-08,1.679e-08,5,5,5,1.67931e-08,1.67943e-08,1.67943e-08,8.44371e-09,5,8.44395e-09,8.44395e-09,2.48413,2.51587,2.45258,2.54742,2.54742,2.45258,2.51587,2.48413,-0.0001,-0.073358,-0.0732996
244.0000,1.81384,2.17814,2.17814,5,0.00123953,7.59397e-09,4.95175,7.59397e-09,4.95175,1.81193,2.17551,2.17483,4.99997,0.00124332,0.000216014,4.94333,8.20082e-05,4.94294,1.66832e-08,1.66832e-08,5,5,5,1.66832e-08,1.66832e-08,1.66832e-08,8.34161e-09,5,8.34161e-09,8.34161e-09,1.67901e-08,1.679e-08,5,5,5,1.67931e-08,1.67943e-08,1.67943e-08,8.44371e-09,5,8.44395e-09,8.44395e-09,2.48372,2.51628,2.45272,2.54728,2.54728,2.45272,2.51628,2.48372,-0.0001,-0.0733247,-0.073268
244.5000,1.81384,2.17814,2.17814,5,0.00123953,7.59397e-09,4.95175,7.59397e-09,4.95175,1.81193,2.17551,2.17483,4.99997,0.00124332,0.000216014,4.94333,8.20082e-05,4.94294,1.66832e-08,1.66832e-08,5,5,5,1.66832e-08,1.66832e-08,1.66832e-08,8.34161e-09,5,8.3416e-09,8.34161e-09,1.67901e-08,1.679e-08,5,5,5,1.67931e-08,1.67943e-08,1.67943e-08,8.44371e-09,5,8.44395e-09,8.44395e-09,2.48331,2.51669,2.45287,2.54713,2.54713,2.45287,2.51669,2.48331,-0.0001,-0.0733029,-0.0732444
245.0000,1.81384,2.17814,2.17814,5,0.00123953,7.59397e-09,4.95175,7.59397e-09,4.95175,1.81193,2.17551,2.17483,4.99997,0.00124332,0.000216014,4.94333,8.20082e-05,4.94294,1.66832e-08,1.66832e-08,5,5,5,1.66832e-08,1.66832e-08,1.66832e-08,8.34161e-09,5,8.34161e-09,8.34161e-09,1.67901e-08,1.679e-08,5,5,5,1.67931e-08,1.67943e-08,1.67943e-08,8.44371e-09,5,8.44395e-09,8.44395e-09,2.4829,2.5171,2.45301,2.54699,2.54699,2.45301,2.5171,2.4829,-0.0001,-0.0733016,-0.0732313
245.5000,1.81384,2.17814,2.17814,5,0.00123953,7.59397e-09,4.95175,7.59397e-09,4.95175,1.81193,2.17551,2.17483,4.99997,0.00124332,0.000216014,4.94333,8.20082e-05,4.94294,1.66832e-08,1.66832e-08,5,5,5,1.66832e-08,1.66832e-08,1.66832e-08,8.34161e-09,5,8.34162e-09,8.3416e-09,1.67901e-08,1.679e-08,5,5,5,1.67931e-08,1.67943e-08,1.67943e-08,8.44371e-09,5,8.44395e-09,8.44395e-09,2.48249,2.51751,2.45316,2.54684,2.54684,2.45316,2.51751,2.48249,-0.0001,-0.0733209,-0.0732276
246.0000,1.81384,2.17814,2.17814,5,0.00123953,7.59397e-09,4.95175,7.59397e-09,4.95175,1.81193,2.17551,2.17483,4.99997,0.00124332,0.000216014,4.94333,8.20082e-05,4.94294,1.66832e-08,1.66832e-08,5,5,5,1.66832e-08,1.66832e-08,1.66832e-08,8.34161e-09,5,8.34161e-09,8.34161e-09,1.67901e-08,1.679e-08,5,5,5,1.67931e-08,1.67943e-08,1.67943e-08,8.44371e-09,5,8.44395e-09,8.44395e-09,2.48208,2.51792,2.45332,2.54668,2.54668,2.45332,2.51792,2.48208,-0.0001,-0.0733505,-0.0732312
246.5000,1.81384,2.17814,2.17814,5,0.00123953,7.59397e-09,4.95175,7.59397e-09,4.95175,1.81193,2.17551,2.17483,4.99997,0.00124332,0.000216014,4.94333,8.20082e-05,4.94294,1.66832e-08,1.66832e-08,5,5,5,1.66832e-08,1.66832e-08,1.66832e-08,8.3416e-09,5,8.34161e-09,8.3416e-09,1.67901e-08,1.679e-08,5,5,5,1.67931e-08,1.67943e-08,1.67943e-08,8.44371e-09,5,8.44395e-09,8.44395e-09,2.48167,2.51833,2.45348,2.54652,2.54652,2.45348,2.51833,2.48167,-0.0001,-0.073383,-0.0732409
247.0000,1.81384,2.17814,2.17814,5,0.00123953,7.59397e-09,4.95175,7.59397e-09,4.95175,1.81193,2.17551,2.17483,4.99997,0.00124332,0.000216014,4.94333,8.20082e-05,4.94294,1.66832e-08,1.66832e-08,5,5,5,1.66832e-08,1.66832e-08,1.66832e-08,8.3416e-09,5,8.34161e-09,8.34161e-09,1.67901e-08,1.679e-08,5,5,5,1.67931e-08,1.67943e-08,1.67943e-08,8.44371e-09,5,8.44395e-09,8.44395e-09,2.48127,2.51873,2.45364,2.54636,2.54636,2.45364,2.51873,2.48127,-0.0001,-0.0734145,-0.0732537
247.5000,1.81384,2.17814,2.17814,5,0.00123953,7.59397e-09,4.95175,7.59397e-09,4.95175,1.81193,2.17551,2.17483,4.99997,0.00124332,0.000216014,4.94333,8.20082e-05,4.94294,1.66832e-08,1.66832e-08,5,5,5,1.66832e-08,1.66832e-08,1.66832e-08,8.34161e-09,5,8.3416e-09,8.3416e-09,1.67901e-08,1.679e-08,5,5,5,1.67931e-08,1.67943e-08,1.67943e-08,8.44371e-09,5,8.44395e-09,8.44395e-09,2.48087,2.51913,2.4538,2.5462,2.5462,2.4538,2.51913,2.48087,-0.0001,-0.0734426,-0.0732658
248.0000,1.81384,2.17814,2.17814,5,0.00123953,7.59397e-09,4.95175,7.59397e-09,4.95175,1.81193,2.17551,2.17483,4.99997,0.00124332,0.000216014,4.94333,8.20082e-05,4.94294,1.66832e-08,1.66832e-08,5,5,5,1.66832e-08,1.66832e-08,1.66832e-08,8.3416e-09,5,8.3416e-09,8.3416e-09,1.67901e-08,1.67901e-08,5,5,5,1.67931e-08,1.67943e-08,1.67943e-08,8.44372e-09,5,8.44395e-09,8.44395e-09,2.48046,2.51954,2.45397,2.54603,2.54603,2.45397,2.51954,2.48046,-0.0001,-0.073467,-0.0732758
248.5000,1.81384,2.17814,2.17814,5,0.00123953,7.59397e-09,4.95175,7.59397e-09,4.95175,1.81193,2.17551,2.17483,4.99997,0.00124332,0.000216014,4.94333,8.20082e-05,4.94294,1.66832e-08,1.66832e-08,5,5,5,1.66832e-08,1.66832e-08,1.66832e-08,8.34161e-09,5,8.34161e-09,8.34161e-09,1.67901e-08,1.67901e-08,5,5,5,1.67931e-08,1.67943e-08,1.67943e-08,8.44371e-09,5,8.44395e-09,8.44395e-09,2.48006,2.51994,2.45415,2.54585,2.54585,2.45415,2.51994,2.48006,-0.0001,-0.0734881,-0.0732839
249.0000,1.81384,2.17814,2.17814,5,0.00123953,7.59397e-09,4.95175,7.59397e-09,4.95175,1.81193,2.17551,2.17483,4.99997,0.00124332,0.000216014,4.94333,8.20082e-05,4.94294,1.66832e-08,1.66832e-08,5,5,5,1.66832e-08,1.66832e-08,1.66832e-08,8.34161e-09,5,8.34161e-09,8.34161e-09,1.67901e-08,1.67901e-08,5,5,5,1.67931e-08,1.67943e-08,1.67943e-08,8.44371e-09,5,8.44395e-09,8.44395e-09,2.47966,2.52034,2.45432,2.54568,2.54568,2.45432,2.52034,2.47966,-0.0001,-0.0735064,-0.073291
249.5000,1.81384,2.17814,2.17814,5,0.00123953,7.59397e-09,4.95175,7.59397e-09,4.95175,1.81193,2.17551,2.17483,4.99997,0.00124332,0.000216014,4.94333,8.20082e-05,4.94294,1.66832e-08,1.66832e-08,5,5,5,1.66832e-08,1.66832e-08,1.66832e-08,8.34162e-09,5,8.3416e-09,8.34161e-09,1.67901e-08,1.67901e-08,5,5,5,1.67931e-08,1.67943e-08,1.67943e-08,8.44372e-09,5,8.44395e-09,8.44395e-09,2.47927,2.52073,2.4545,2.5455,2.5455,2.4545,2.52073,2.47927,-0.0001,-0.0735824,-0.0733572
250.0000,1.81384,2.17814,2.17814,5,0.00123953,7.59397e-09,4.95175,7.59397e-09,4.95175,1.81193,2.17551,2.17483,4.99997,0.00124332,0.000216014,4.94333,8.20082e-05,4.94294,1.66832e-08,1.66832e-08,5,5,5,1.66832e-08,1.66832e-08,1.66832e-08,8.34161e-09,5,8.34161e-09,8.34162e-09,1.67901e-08,1.67901e-08,5,5,5,1.67931e-08,1.67943e-08,1.67943e-08,8.44372e-09,5,8.44395e-09,8.44395e-09,2.47887,2.52113,2.45468,2.54532,2.54532,2.45468,2.52113,2.47887,-0.0001,-0.0736614,-0.0734257
250.5000,1.81384,2.17814,2.17814,5,0.00123953,7.59397e-09,4.95175,7.59397e-09,4.95175,1.81193,2.17551,2.17483,4.99997,0.00124332,0.000216014,4.94333,8.20082e-05,4.94294,1.66832e-08,1.66832e-08,5,5,5,1.66832e-08,1.66832e-08,1.66832e-08,8.34161e-09,5,8.3416e-09,8.3416e-09,1.67901e-08,1.67901e-08,5,5,5,1.67931e-08,1.67943e-08,1.67943e-08,8.44372e-09,5,8.44395e-09,8.44395e-09,2.47847,2.52153,2.45487,2.54513,2.54513,2.45487,2.52153,2.47847,-0.0001,-0.0737327,-0.0734874
251.0000,1.81384,2.17814,2.17814,5,0.00123953,7.59397e-09,4.95175,7.59397e-09,4.95175,1.81193,2.17551,2.17483,4.99997,0.00124332,0.000216014,4.94333,8.20082e-05,4.94294,1.66832e-08,1.66832e-08,5,5,5,1.66832e-08,1.66832e-08,1.66832e-08,8.34161e-09,5,8.34161e-09,8.34161e-09,1.67901e-08,1.67901e-08,5,5,5,1.67931e-08,1.67943e-08,1.67943e-08,8.44372e-09,5,8.44395e-09,8.44395e-09,2.47808,2.52192,2.45506,2.54494,2.54494,2.45506,2.52192,2.47808,-0.0001,-0.0737954,-0.0735415
251.5000,1.81384,2.17814,2.17814,5,0.00123953,7.59397e-09,4.95175,7.59397e-09,4.95175,1.81193,2.17551,2.17483,4.99997,0.00124332,0.000216014,4.94333,8.20082e-05,4.94294,1.66832e-08,1.66832e-08,5,5,5,1.66832e-08,1.66832e-08,1.66832e-08,8.3416e-09,5,8.3416e-09,8.3416e-09,1.67901e-08,1.67901e-08,5,5,5,1.67931e-08,1.67943e-08,1.67943e-08,8.44372e-09,5,8.44395e-09,8.44395e-09,2.47769,2.52231,2.45525,2.54475,2.54475,2.45525,2.52231,2.47769,-0.0001,-0.0738499,-0.0735883
252.0000,1.81384,2.17814,2.17814,5,0.00123953,7.59397e-09,4.95175,7.59397e-09,4.95175,1.81193,2.17551,2.17483,4.99997,0.00124332,0.000216014,4.94333,8.20082e-05,4.94294,1.66832e-08,1.66832e-08,5,5,5,1.66832e-08,1.66832e-08,1.66832e-08,8.34161e-09,5,8.34161e-09,8.3416e-09,1.67901e-08,1.67901e-08,5,5,5,1.67931e-08,1.67943e-08,1.67943e-08,8.44372e-09,5,8.44395e-09,8.44395e-09,2.4773,2.5227,2.45545,2.54455,2.54455,2.45545,2.5227,2.4773,-0.0001,-0.0738974,-0.0736289
252.5000,1.81384,2.17814,2.17814,5,0.00123953,7.59397e-09,4.95175,7.59397e-09,4.95175,1.81193,2.17551,2.17483,4.99997,0.00124332,0.000216014,4.94333,8.20082e-05,4.94294,1.66832e-08,1.66832e-08,5,5,5,1.66832e-08,1.66832e-08,1.66832e-08,8.3416e-09,5,8.3416e-09,8.3416e-09,1.67901e-08,1.67901e-08,5,5,5,1.67931e-08,1.67943e-08,1.67943e-08,8.44372e-09,5,8.44395e-09,8.44395e-09,2.47691,2.52309,2.45565,2.54435,2.54435,2.45565,2.52309,2.47691,-0.0001,-0.0739395,-0.0736649
253.0000,1.81384,2.17814,2.17814,5,0.00123953,7.59397e-09,4.95175,7.59397e-09,4.95175,1.81193,2.17551,2.17483,4.99997,0.00124332,0.000216014,4.94333,8.20082e-05,4.94294,1.66832e-08,1.66832e-08,5,5,5,1.66832e-08,1.66832e-08,1.66832e-08,8.34161e-09,5,8.34161e-09,8.3416e-09,1.67901e-08,1.67901e-08,5,5,5,1.67931e-08,1.67943e-08,1.67943e-08,8.44372e-09,5,8.44395e-09,8.44395e-09,2.47653,2.52347,2.45585,2.54415,2.54415,2.45585,2.52347,2.47653,-0.0001,-0.0739772,-0.0736973
253.5000,1.81384,2.17814,2.17814,5,0.00123953,7.59397e-09,4.95175,7.59397e-09,4.95175,1.81193,2.17551,2.17483,4.99997,0.00124332,0.000216014,4.94333,8.20082e-05,4.94294,1.66832e-08,1.66832e-08,5,5,5,1.66832e-08,1.66832e-08,1.66832e-08,8.34162e-09,5,8.3416e-09,8.34161e-09,1.67901e-08,1.67901e-08,5,5,5,1.67931e-08,1.67943e-08,1.67943e-08,8.44372e-09,5,8.44395e-09,8.44395e-09,2.47614,2.52386,2.45606,2.54394,2.54394,2.45606,2.52386,2.47614,-0.0001,-0.0740112,-0.0737265
254.0000,1.81384,2.17814,2.17814,5,0.00123953,7.59397e-09,4.95175,7.59397e-09,4.95175,1.81193,2.17551,2.17483,4.99997,0.00124332,0.000216014,4.94333,8.20082e-05,4.94294,1.66832e-08,1.66832e-08,5,5,5,1.66832e-08,1.66832e-08,1.66832e-08,8.3416e-09,5,8.34161e-09,8.3416e-09,1.67901e-08,1.67901e-08,5,5,5,1.67931e-08,1.67943e-08,1.67943e-08,8.44372e-09,5,8.44396e-09,8.44395e-09,2.47576,2.52424,2.45627,2.54373,2.54373,2.45627,2.52424,2.47576,-0.0001,-0.0740417,-0.073753
254.5000,1.81384,2.17814,2.17814,5,0.00123953,7.59397e-09,4.95175,7.59397e-09,4.95175,1.81193,2.17551,2.17483,4.99997,0.00124332,0.000216014,4.94333,8.20082e-05,4.94294,1.66832e-08,1.66832e-08,5,5,5,1.66832e-08,1.66832e-08,1.66832e-08,8.34161e-09,5,8.3416e-09,8.34161e-09,1.67901e-08,1.67901e-08,5,5,5,1.67931e-08,1.67943e-08,1.67943e-08,8.44372e-09,5,8.44395e-09,8.44395e-09,2.47538,2.52462,2.45648,2.54352,2.54352,2.45648,2.52462,2.47538,-0.0001,-0.0740692,-0.0737768
255.0000,1.81384,2.17814,2.17814,5,0.00123953,7.59397e-09,4.95175,7.59397e-09,4.95175,1.81193,2.17551,2.17483,4.99997,0.00124332,0.000216014,4.94333,8.20082e-05,4.94294,1.66832e-08,1.66832e-08,5,5,5,1.66832e-08,1.66832e-08,1.66832e-08,8.3416e-09,5,8.34161e-09,8.3416e-09,1.67901e-08,1.67901e-08,5,5,5,1.67931e-08,1.67943e-08,1.67943e-08,8.44372e-09,5,8.44395e-09,8.44395e-09,2.475,2.525,2.4567,2.5433,2.5433,2.4567,2.525,2.475,-0.0001,-0.0740939,-0.0737984
255.5000,1.81384,2.17814,2.17814,5,0.00123953,7.59397e-09,4.95175,7.59397e-09,4.95175,1.81193,2.17551,2.17483,4.99997,0.00124332,0.000216014,4.94333,8.20082e-05,4.94294,1.66832e-08,1.66832e-08,5,5,5,1.66832e-08,1.66832e-08,1.66832e-08,8.34161e-09,5,8.3416e-09,8.3416e-09,1.67901e-08,1.67901e-08,5,5,5,1.67931e-08,1.67943e-08,1.67943e-08,8.44372e-09,5,8.44395e-09,8.44396e-09,2.47462,2.52538,2.45692,2.54308,2.54308,2.45692,2.52538,2.47462,-0.0001,-0.0741161,-0.0738179
256.0000,1.81384,2.17814,2.17814,5,0.00123953,7.59397e-09,4.95175,7.59397e-09,4.95175,1.81193,2.17551,2.17483,4.99997,0.00124332,0.000216014,4.94333,8.20082e-05,4.94294,1.66832e-08,1.66832e-08,5,5,5,1.66832e-08,1.66832e-08,1.66832e-08,8.34161e-09,5,8.34161e-09,8.34161e-09,1.67901e-08,1.67901e-08,5,5,5,1.67931e-08,1.67943e-08,1.67943e-08,8.44373e-09,5,8.44395e-09,8.44396e-09,2.47425,2.52575,2.45714,2.54286,2.54286,2.45714,2.52575,2.47425,-0.0001,-0.0741361,-0.0738355
256.5000,1.81384,2.17814,2.17814,5,0.00123953,7.59397e-09,4.95175,7.59397e-09,4.95175,1.81193,2.17551,2.17483,4.99997,0.00124332,0.000216014,4.94333,8.20082e-05,4.94294,1.66832e-08,1.66832e-08,5,5,5,1.66832e-08,1.66832e-08,1.66832e-08,8.3416e-09,5,8.3416e-09,8.3416e-09,1.67901e-08,1.67901e-08,5,5,5,1.67931e-08,1.67943e-08,1.67943e-08,8.44372e-09,5,8.44396e-09,8.44395e-09,2.47387,2.52613,2.45737,2.54263,2.54263,2.45737,2.52613,2.47387,-0.0001,-0.0741539,-0.0738514
257.0000,1.81384,2.17814,2.17814,5,0.00123953,7.59397e-09,4.95175,7.59397e-09,4.95175,1.81193,2.17551,2.17483,4.99997,0.00124332,0.000216014,4.94333,8.20082e-05,4.94294,1.66832e-08,1.66832e-08,5,5,5,1.66832e-08,1.66832e-08,1.66832e-08,8.34161e-09,5,8.34161e-09,8.34161e-09,1.67901e-08,1.67901e-08,5,5,5,1.67931e-08,1.67943e-08,1.67943e-08,8.44372e-09,5,8.44396e-09,8.44395e-09,2.4735,2.5265,2.4576,2.5424,2.5424,2.4576,2.5265,2.4735,-0.0001,-0.0741699,-0.0738657
257.5000,1.81384,2.17814,2.17814,5,0.00123953,7.59397e-09,4.95175,7.59397e-09,4.95175,1.81193,2.17551,2.17483,4.99997,0.00124332,0.000216014,4.94333,8.20082e-05,4.94294,1.66832e-08,1.66832e-08,5,5,5,1.66832e-08,1.66832e-08,1.66832e-08,8.3416e-09,5,8.3416e-09,8.3416e-09,1.67901e-08,1.67901e-08,5,5,5,1.67931e-08,1.67943e-08,1.67943e-08,8.44372e-09,5,8.44395e-09,8.44395e-09,2.47313,2.52687,2.45783,2.54217,2.54217,2.45783,2.52687,2.47313,-0.0001,-0.0741842,-0.0738786
258.0000,1.81384,2.17814,2.17814,5,0.00123953,7.59397e-09,4.95175,7.59397e-09,4.95175,1.81193,2.17551,2.17483,4.99997,0.00124332,0.000216014,4.94333,8.20082e-05,4.94294,1.66832e-08,1.66832e-08,5,5,5,1.66832e-08,1.66832e-08,1.66832e-08,8.34161e-09,5,8.34161e-09,8.34161e-09,1.67901e-08,1.67901e-08,5,5,5,1.67931e-08,1.67943e-08,1.67943e-08,8.44372e-09,5,8.44395e-09,8.44395e-09,2.47277,2.52723,2.45806,2.54194,2.54194,2.45806,2.52723,2.47277,-0.0001,-0.0741969,-0.0738903
258.5000,1.81384,2.17814,2.17814,5,0.00123953,7.59397e-09,4.95175,7.59397e-09,4.95175,1.81193,2.17551,2.17483,4.99997,0.00124332,0.000216014,4.94333,8.20082e-05,4.94294,1.66832e-08,1.66832e-08,5,5,5,1.66832e-08,1.66832e-08,1.66832e-08,8.3416e-09,5,8.3416e-09,8.3416e-09,1.67901e-08,1.67901e-08,5,5,5,1.67931e-08,1.67943e-08,1.67943e-08,8.44372e-09,5,8.44396e-09,8.44395e-09,2.4724,2.5276,2.4583,2.5417,2.5417,2.4583,2.5276,2.4724,-0.0001,-0.0742083,-0.0739007
259.0000,1.81384,2.17814,2.17814,5,0.00123953,7.59397e-09,4.95175,7.59397e-09,4.95175,1.81193,2.17551,2.17483,4.99997,0.00124332,0.000216014,4.94333,8.20082e-05,4.94294,1.66832e-08,1.66832e-08,5,5,5,1.66832e-08,1.66832e-08,1.66832e-08,8.34161e-09,5,8.34161e-09,8.34161e-09,1.67901e-08,1.67901e-08,5,5,5,1.67931e-08,1.67943e-08,1.67943e-08,8.44372e-09,5,8.44395e-09,8.44396e-09,2.47204,2.52796,2.45855,2.54145,2.54145,2.45855,2.52796,2.47204,-0.0001,-0.0742183,-0.0739101
259.5000,1.81384,2.17814,2.17814,5,0.00123953,7.59397e-09,4.95175,7.59397e-09,4.95175,1.81193,2.17551,2.17483,4.99997,0.00124332,0.000216014,4.94333,8.20082e-05,4.94294,1.66832e-08,1.66832e-08,5,5,5,1.66832e-08,1.66832e-08,1.66832e-08,8.3416e-09,5,8.34161e-09,8.3416e-09,1.67901e-08,1.67901e-08,5,5,5,1.67931e-08,1.67943e-08,1.67943e-08,8.44372e-09,5,8.44395e-09,8.44396e-09,2.47168,2.52832,2.45879,2.54121,2.54121,2.45879,2.52832,2.47168,-0.0001,-0.0742271,-0.0739184
260.0000,1.81384,2.17814,2.17814,5,0.00123953,7.59397e-09,4.95175,7.59397e-09,4.95175,1.81193,2.17551,2.17483,4.99997,0.00124332,0.000216014,4.94333,8.20082e-05,4.94294,1.66832e-08,1.66832e-08,5,5,5,1.66832e-08,1.66832e-08,1.66832e-08,8.34161e-09,5,8.34161e-09,8.34161e-09,1.67901e-08,1.67901e-08,5,5,5,1.67931e-08,1.67943e-08,1.67943e-08,8.44373e-09,5,8.44395e-09,8.44396e-09,2.47132,2.52868,2.45904,2.54096,2.54096,2.45904,2.52868,2.47132,-0.0001,-0.0742347,-0.0739257
260.5000,1.81384,2.17814,2.17814,5,0.00123953,7.59397e-09,4.95175,7.59397e-09,4.95175,1.81193,2.17551,2.17483,4.99997,0.00124332,0.000216014,4.94333,8.20082e-05,4.94294,1.66832e-08,1.66832e-08,5,5,5,1.66832e-08,1.66832e-08,1.66832e-08,8.3416e-09,5,8.34161e-09,8.3416e-09,1.67901e-08,1.67901e-08,5,5,5,1.67931e-08,1.67943e-08,1.67943e-08,8.44372e-09,5,8.44395e-09,8.44395e-09,2.47096,2.52904,2.45929,2.54071,2.54071,2.45929,2.52904,2.47096,-0.0001,-0.0742411,-0.073932
261.0000,1.81384,2.17814,2.17814,5,0.00123953,7.59397e-09,4.95175,7.59397e-09,4.95175,1.81193,2.17551,2.17483,4.99997,0.00124332,0.000216014,4.94333,8.20082e-05,4.94294,1.66832e-08,1.66832e-08,5,5,5,1.66832e-08,1.66832e-08,1.66832e-08,8.34161e-09,5,8.3416e-09,8.3416e-09,1.67901e-08,1.67901e-08,5,5,5,1.67931e-08,1.67943e-08,1.67943e-08,8.44373e-09,5,8.44396e-09,8.44396e-09,2.47061,2.52939,2.45955,2.54045,2.54045,2.45955,2.52939,2.47061,-0.0001,-0.0742461,-0.0739369
261.5000,1.81384,2.17814,2.17814,5,0.00123953,7.59397e-09,4.95175,7.59397e-09,4.95175,1.81193,2.17551,2.17483,4.99997,0.00124332,0.000216014,4.94333,8.20082e-05,4.94294,1.66832e-08,1.66832e-08,5,5,5,1.66832e-08,1.66832e-08,1.66832e-08,8.3416e-09,5,8.34161e-09,8.34162e-09,1.67901e-08,1.67901e-08,5,5,5,1.67931e-08,1.67943e-08,1.67943e-08,8.44372e-09,5,8.44396e-09,8.44395e-09,2.47026,2.52974,2.45981,2.54019,2.54019,2.45981,2.52974,2.47026,-0.0001,-0.0742488,-0.0739398
262.0000,1.81384,2.17814,2.17814,5,0.00123953,7.59397e-09,4.95175,7.59397e-09,4.95175,1.81193,2.17551,2.17483,4.99997,0.00124332,0.000216014,4.94333,8.20082e-05,4.94294,1.66832e-08,1.66832e-08,5,5,5,1.66832e-08,1.66832e-08,1.66832e-08,8.34161e-09,5,8.34162e-09,8.34161e-09,1.67901e-08,1.67901e-08,5,5,5,1.67931e-08,1.67943e-08,1.67943e-08,8.44372e-09,5,8.44396e-09,8.44396e-09,2.46991,2.53009,2.46007,2.53993,2.53993,2.46007,2.53009,2.46991,-0.0001,-0.074249,-0.0739403
262.5000,1.81384,2.17814,2.17814,5,0.00123953,7.59397e-09,4.95175,7.59397e-09,4.95175,1.81193,2.17551,2.17483,4.99997,0.00124332,0.000216014,4.94333,8.20082e-05,4.94294,1.66832e-08,1.66832e-08,5,5,5,1.66832e-08,1.66832e-08,1.66832e-08,8.3416e-09,5,8.3416e-09,8.34161e-09,1.67901e-08,1.67901e-08,5,5,5,1.67931e-08,1.67943e-08,1.67943e-08,8.44373e-09,5,8.44396e-09,8.44396e-09,2.46956,2.53044,2.46033,2.53967,2.53967,2.46033,2.53044,2.46956,-0.0001,-0.0742469,-0.0739385
263.0000,1.81384,2.17814,2.17814,5,0.00123953,7.59397e-09,4.95175,7.59397e-09,4.95175,1.81193,2.17551,2.17483,4.99997,0.00124332,0.000216014,4.94333,8.20082e-05,4.94294,1.66832e-08,1.66832e-08,5,5,5,1.66832e-08,1.66832e-08,1.66832e-08,8.3416e-09,5,8.34161e-09,8.34161e-09,1.67901e-08,1.67901e-08,5,5,5,1.67931e-08,1.67943e-08,1.67943e-08,8.44373e-09,5,8.44396e-09,8.44396e-09,2.46922,2.53078,2.4606,2.5394,2.5394,2.4606,2.53078,2.46922,-0.0001,-0.0742429,-0.0739349
263.5000,1.81384,2.17814,2.17814,5,0.00123953,7.59397e-09,4.95175,7.59397e-09,4.95175,1.81193,2.17551,2.17483,4.99997,0.00124332,0.000216014,4.94333,8.20082e-05,4.94294,1.66832e-08,1.66832e-08,5,5,5,1.66832e-08,1.66832e-08,1.66832e-08,8.34161e-09,5,8.3416e-09,8.3416e-09,1.67901e-08,1.67901e-08,5,5,5,1.67931e-08,1.67943e-08,1.67943e-08,8.44373e-09,5,8.44396e-09,8.44396e-09,2.46887,2.53113,2.46087,2.53913,2.53913,2.46087,2.53113,2.46887,-0.0001,-0.0742374,-0.07393
264.0000,1.81384,2.17814,2.17814,5,0.00123953,7.59397e-09,4.95175,7.59397e-09,4.95175,1.81193,2.17551,2.17483,4.99997,0.00124332,0.000216014,4.94333,8.20082e-05,4.94294,1.66832e-08,1.66832e-08,5,5,5,1.66832e-08,1.66832e-08,1.66832e-08,8.3416e-09,5,8.34161e-09,8.34161e-09,1.67901e-08,1.67901e-08,5,5,5,1.67931e-08,1.67943e-08,1.67943e-08,8.44373e-09,5,8.44396e-09,8.44396e-09,2.46853,2.53147,2.46114,2.53886,2.53886,2.46114,2.53147,2.46853,-0.0001,-0.074231,-0.0739241
264.5000,1.81384,2.17814,2.17814,5,0.00123953,7.59397e-09,4.95175,7.59397e-09,4.95175,1.81193,2.17551,2.17483,4.99997,0.00124332,0.000216014,4.94333,8.20082e-05,4.94294,1.66832e-08,1.66832e-08,5,5,5,1.66832e-08,1.66832e-08,1.66832e-08,8.34161e-09,5,8.3416e-09,8.34161e-09,1.67901e-08,1.67901e-08,5,5,5,1.67931e-08,1.67943e-08,1.67943e-08,8.44372e-09,5,8.44396e-09,8.44396e-09,2.46819,2.53181,2.46142,2.53858,2.53858,2.46142,2.53181,2.46819,-0.0001,-0.074224,-0.0739177
265.0000,1.81384,2.17814,2.17814,5,0.00123953,7.59397e-09,4.95175,7.59397e-09,4.95175,1.81193,2.17551,2.17483,4.99997,0.00124332,0.000216014,4.94333,8.20082e-05,4.94294,1.66832e-08,1.66832e-08,5,5,5,1.66832e-08,1.66832e-08,1.66832e-08,8.3416e-09,5,8.34162e-09,8.34162e-09,1.67901e-08,1.67901e-08,5,5,5,1.67931e-08,1.67943e-08,1.67943e-08,8.44372e-09,5,8.44396e-09,8.44396e-09,2.46786,2.53214,2.4617,2.5383,2.5383,2.4617,2.53214,2.46786,-0.0001,-0.0742172,-0.0739115
265.5000,1.81384,2.17814,2.17814,5,0.00123953,7.59397e-09,4.95175,7.59397e-09,4.95175,1.81193,2.17551,2.17483,4.99997,0.00124332,0.000216014,4.94333,8.20082e-05,4.94294,1.66832e-08,1.66832e-08,5,5,5,1.66832e-08,1.66832e-08,1.66832e-08,8.34161e-09,5,8.34164e-09,8.34164e-09,1.67901e-08,1.67901e-08,5,5,5,1.67931e-08,1.67943e-08,1.67943e-08,8.44372e-09,5,8.44398e-09,8.44398e-09,2.46753,2.53247,2.46198,2.53802,2.53802,2.46198,2.53247,2.46753,-0.0001,-0.074212,-0.0739067
266.0000,1.81384,2.17814,2.17814,5,0.00123953,7.59397e-09,4.95175,7.59397e-09,4.95175,1.81193,2.17551,2.17483,4.99997,0.00124332,0.000216014,4.94333,8.20082e-05,4.94294,1.66832e-08,1.66832e-08,5,5,5,1.66832e-08,1.66832e-08,1.66832e-08,8.3416e-09,5,8.34182e-09,8.34181e-09,1.67901e-08,1.67901e-08,5,5,5,1.67931e-08,1.67943e-08,1.67943e-08,8.44373e-09,5,8.44414e-09,8.44414e-09,2.4672,2.5328,2.46226,2.53774,2.53774,2.46226,2.5328,2.4672,-0.0001,-0.0742164,-0.07391
266.5000,1.81384,2.17814,2.17814,5,0.00123953,7.59397e-09,4.95175,7.59397e-09,4.95175,1.81193,2.17551,2.17483,4.99997,0.00124332,0.000216014,4.94333,8.20082e-05,4.94294,1.66832e-08,1.66832e-08,5,5,5,1.66832e-08,1.66832e-08,1.66832e-08,8.34162e-09,5,8.34337e-09,8.34337e-09,1.67901e-08,1.67901e-08,5,5,5,1.67931e-08,1.67943e-08,1.67943e-08,8.44372e-09,5,8.44539e-09,8.44539e-09,2.46687,2.53313,2.46255,2.53745,2.53745,2.46255,2.53313,2.46687,-0.0001,-0.0742962,-0.0739711
267.0000,1.81384,2.17814,2.17814,5,0.00123953,7.59397e-09,4.95175,7.59397e-09,4.95175,1.81193,2.17551,2.17483,4.99997,0.00124332,0.000216014,4.94333,8.20082e-05,4.94294,1.66832e-08,1.66832e-08,5,5,5,1.66832e-08,1.66832e-08,1.66832e-08,8.3416e-09,5,8.35435e-09,8.35437e-09,1.67901e-08,1.67901e-08,5,5,5,1.67931e-08,1.67943e-08,1.67943e-08,8.44373e-09,5,8.45487e-09,8.45487e-09,2.46654,2.53346,2.46284,2.53716,2.53716,2.46284,2.53346,2.46654,-0.0001,-0.0747425,-0.0743838
267.5000,1.81384,2.17814,2.17814,5,0.00123953,7.59397e-09,4.95175,7.59397e-09,4.95175,1.81193,2.17551,2.17483,4.99997,0.00124332,0.000216014,4.94333,8.20082e-05,4.94294,1.66832e-08,1.66832e-08,5,5,5,1.66832e-08,1.66832e-08,1.66832e-08,8.34161e-09,5,8.36682e-09,8.36683e-09,1.67901e-08,1.67901e-08,5,5,5,1.67931e-08,1.67943e-08,1.67943e-08,8.44372e-09,5,8.46667e-09,8.46667e-09,2.46622,2.53378,2.46314,2.53686,2.53686,2.46314,2.53378,2.46622,-0.0001,-0.0748197,-0.0744999
268.0000,1.81384,2.17814,2.17814,5,0.00123953,7.59397e-09,4.95175,7.59397e-09,4.95175,1.81193,2.17551,2.17483,4.99997,0.00124332,0.000216014,4.94333,8.20082e-05,4.94294,1.66832e-08,1.66832e-08,5,5,5,1.66832e-08,1.66832e-08,1.66832e-08,8.34161e-09,5,8.39213e-09,8.39226e-09,1.67901e-08,1.67901e-08,5,5,5,1.67931e-08,1.67943e-08,1.67943e-08,8.44372e-09,5,8.48408e-09,8.48417e-09,2.4659,2.5341,2.46343,2.53657,2.53657,2.46343,2.5341,2.4659,-0.0001,-0.07505,-0.0746497
268.5000,1.81384,2.17814,2.17814,5,0.00123953,7.59397e-09,4.95175,7.59397e-09,4.95175,1.81193,2.17551,2.17483,4.99997,0.00124332,0.000216014,4.94333,8.20082e-05,4.94294,1.66832e-08,1.66832e-08,5,5,5,1.66832e-08,1.66832e-08,1.66832e-08,8.3416e-09,5,8.42596e-09,8.42661e-09,1.67901e-08,1.67901e-08,5,5,5,1.67931e-08,1.67943e-08,1.67943e-08,8.44372e-09,5,8.50692e-09,8.50688e-09,2.46558,2.53442,2.46373,2.53627,2.53627,2.46373,2.53442,2.46558,-0.0001,-0.0752382,-0.0748241
269.0000,1.81384,2.17814,2.17814,5,0.00123953,7.59397e-09,4.95175,7.59397e-09,4.95175,1.81193,2.17551,2.17483,4.99997,0.00124332,0.000216014,4.94333,8.20082e-05,4.94294,1.66832e-08,1.66832e-08,5,5,5,1.66832e-08,1.66832e-08,1.66832e-08,8.34162e-09,5,8.4644e-09,8.46518e-09,1.67901e-08,1.67901e-08,5,5,5,1.67931e-08,1.67943e-08,1.67943e-08,8.44372e-09,5,8.53266e-09,8.53257e-09,2.46527,2.53473,2.46403,2.53597,2.53597,2.46403,2.53473,2.46527,-0.0001,-0.075345,-0.0749315
269.5000,1.81384,2.17814,2.17814,5,0.00123953,7.59397e-09,4.95175,7.59397e-09,4.95175,1.81193,2.17551,2.17483,4.99997,0.00124332,0.000216014,4.94333,8.20082e-05,4.94294,1.66832e-08,1.66832e-08,5,5,5,1.66832e-08,1.66832e-08,1.66832e-08,8.34161e-09,5,8.48805e-09,8.48909e-09,1.67901e-08,1.67901e-08,5,5,5,1.67931e-08,1.67943e-08,1.67943e-08,8.44372e-09,5,8.54789e-09,8.54787e-09,2.46495,2.53505,2.46434,2.53566,2.53566,2.46434,2.53505,2.46495,-0.0001,-0.0753969,-0.0749863
270.0000,1.81384,2.17814,2.17814,5,0.00123953,7.59397e-09,4.95175,7.59397e-09,4.95175,1.81193,2.17551,2.17483,4.99997,0.00124332,0.000216014,4.94333,8.20082e-05,4.94294,1.66832e-08,1.66832e-08,5,5,5,1.66832e-08,1.66832e-08,1.66832e-08,8.34161e-09,5,8.51163e-09,8.51266e-09,1.67901e-08,1.67901e-08,5,5,5,1.67931e-08,1.67943e-08,1.67943e-08,8.44372e-09,5,8.56353e-09,8.56339e-09,2.46464,2.53536,2.46464,2.53536,2.53536,2.46464,2.53536,2.46464,-0.0001,-0.075425,-0.0750188
270.5000,1.81384,2.17814,2.17814,5,0.00123953,7.59397e-09,4.95175,7.59397e-09,4.95175,1.81193,2.17551,2.17483,4.99997,0.00124332,0.000216014,4.94333,8.20082e-05,4.94294,1.66832e-08,1.66832e-08,5,5,5,1.66832e-08,1.66832e-08,1.66832e-08,8.34161e-09,5,8.53676e-09,8.53725e-09,1.67901e-08,1.67901e-08,5,5,5,1.67931e-08,1.67943e-08,1.67943e-08,8.44372e-09,5,8.58064e-09,8.58083e-09,2.46434,2.53566,2.46495,2.53505,2.53505,2.46495,2.53566,2.46434,-0.0001,-0.0754531,-0.0750514
271.0000,1.81384,2.17814,2.17814,5,0.00123953,7.59397e-09,4.95175,7.59397e-09,4.95175,1.81193,2.17551,2.17483,4.99997,0.00124332,0.000216014,4.94333,8.20082e-05,4.94294,1.66832e-08,1.66832e-08,5,5,5,1.66832e-08,1.66832e-08,1.66832e-08,8.3416e-09,5,8.5902e-09,8.59091e-09,1.67901e-08,1.67901e-08,5,5,5,1.67931e-08,1.67943e-08,1.67943e-08,8.44373e-09,5,8.61803e-09,8.61801e-09,2.46403,2.53597,2.46527,2.53473,2.53473,2.46527,2.53597,2.46403,-0.0001,-0.0755087,-0.0751123
271.5000,1.81384,2.17814,2.17814,5,0.00123953,7.59397e-09,4.95175,7.59397e-09,4.95175,1.81193,2.17551,2.17483,4.99997,0.00124332,0.000216014,4.94333,8.20082e-05,4.94294,1.66832e-08,1.66832e-08,5,5,5,1.66832e-08,1.66832e-08,1.66832e-08,8.34161e-09,5,8.84941e-09,8.84911e-09,1.67901e-08,1.67901e-08,5,5,5,1.67931e-08,1.67943e-08,1.67943e-08,8.44372e-09,5,8.76676e-09,8.76646e-09,2.46373,2.53627,2.46558,2.53442,2.53442,2.46558,2.53627,2.46373,-0.0001,-0.0756323,-0.0752464
272.0000,1.81384,2.17814,2.17814,5,0.00123953,7.59397e-09,4.95175,7.59397e-09,4.95175,1.81193,2.17551,2.17483,4.99997,0.00124332,0.000216014,4.94333,8.20082e-05,4.94294,1.66832e-08,1.66832e-08,5,5,5,1.66832e-08,1.66832e-08,1.66832e-08,8.3416e-09,5,3.56877e-08,3.56886e-08,1.67901e-08,1.67901e-08,5,5,5,1.67931e-08,1.6794e-08,1.6794e-08,8.44373e-09,5,3.08875e-08,3.08874e-08,2.46343,2.53657,2.4659,2.5341,2.5341,2.4659,2.53657,2.46343,-0.0001,-0.0755826,-0.0753329
272.5000,1.81384,2.17814,2.17814,5,0.00123953,7.59397e-09,4.95175,7.59397e-09,4.95175,1.81193,2.17551,2.17483,4.99997,0.00124332,0.000216014,4.94333,8.20082e-05,4.94294,1.66832e-08,1.66832e-08,5,5,5,1.66832e-08,1.66832e-08,1.66832e-08,8.3416e-09,5,3.69341e-08,3.69343e-08,1.67901e-08,1.67901e-08,5,5,5,1.67931e-08,1.67939e-08,1.67939e-08,8.44372e-09,5,3.71357e-08,3.71356e-08,2.46314,2.53686,2.46622,2.53378,2.53378,2.46622,2.53686,2.46314,-0.0001,-0.0751684,-0.0749014
273.0000,1.81384,2.17814,2.17814,5,0.00123953,7.59397e-09,4.95175,7.59397e-09,4.95175,1.81193,2.17551,2.17483,4.99997,0.00124332,0.000216014,4.94333,8.20082e-05,4.94294,1.66832e-08,1.66832e-08,5,5,5,1.66832e-08,1.66832e-08,1.66832e-08,8.34161e-09,5,3.7266e-08,3.72658e-08,1.67901e-08,1.67901e-08,5,5,5,1.67931e-08,1.67939e-08,1.67939e-08,8.44372e-09,5,3.7507e-08,3.75074e-08,2.46284,2.53716,2.46654,2.53346,2.53346,2.46654,2.53716,2.46284,-0.0001,-0.0748044,-0.0745176
273.5000,1.81384,2.17814,2.17814,5,0.00123953,7.59397e-09,4.95175,7.59397e-09,4.95175,1.81193,2.17551,2.17483,4.99997,0.00124332,0.000216014,4.94333,8.20082e-05,4.94294,1.66832e-08,1.66832e-08,5,5,5,1.66832e-08,1.66832e-08,1.66832e-08,8.3416e-09,5,3.74586e-08,3.74592e-08,1.67901e-08,1.67901e-08,5,5,5,1.67931e-08,1.67939e-08,1.67939e-08,8.44372e-09,5,3.77093e-08,3.77091e-08,2.46255,2.53745,2.46687,2.53313,2.53313,2.46687,2.53745,2.46255,-0.0001,-0.0746318,-0.0743405
274.0000,1.81384,2.17814,2.17814,5,0.00123953,7.59397e-09,4.95175,7.59397e-09,4.95175,1.81193,2.17551,2.17483,4.99997,0.00124332,0.000216014,4.94333,8.20082e-05,4.94294,1.66832e-08,1.66832e-08,5,5,5,1.66832e-08,1.66832e-08,1.66832e-08,8.34161e-09,5,3.75046e-08,3.75036e-08,1.67901e-08,1.67901e-08,5,5,5,1.67931e-08,1.67939e-08,1.67939e-08,8.44372e-09,5,3.77591e-08,3.77586e-08,2.46226,2.53774,2.4672,2.5328,2.5328,2.4672,2.53774,2.46226,-0.0001,-0.074429,-0.0741387
274.5000,1.81384,2.17814,2.17814,5,0.00123953,7.59397e-09,4.95175,7.59397e-09,4.95175,1.81193,2.17551,2.17483,4.99997,0.00124332,0.000216014,4.94333,8.20082e-05,4.94294,1.66832e-08,1.66832e-08,5,5,5,1.66832e-08,1.66832e-08,1.66832e-08,8.3416e-09,5,3.75252e-08,3.7526e-08,1.67901e-08,1.67901e-08,5,5,5,1.67931e-08,1.67939e-08,1.67939e-08,8.44372e-09,5,3.77814e-08,3.77815e-08,2.46198,2.53802,2.46753,2.53247,2.53247,2.46753,2.53802,2.46198,-0.0001,-0.0743012,-0.0740139
275.0000,1.81384,2.17814,2.17814,5,0.00123953,7.59397e-09,4.95175,7.59397e-09,4.95175,1.81193,2.17551,2.17483,4.99997,0.00124332,0.000216014,4.94333,8.20082e-05,4.94294,1.66832e-08,1.66832e-08,5,5,5,1.66832e-08,1.66832e-08,1.66832e-08,8.34161e-09,5,3.75346e-08,3.75357e-08,1.67901e-08,1.67901e-08,5,5,5,1.67931e-08,1.67939e-08,1.67939e-08,8.44372e-09,5,3.77925e-08,3.77925e-08,2.4617,2.5383,2.46786,2.53214,2.53214,2.46786,2.5383,2.4617,-0.0001,-0.0742408,-0.0739549
275.5000,1.81384,2.17814,2.17814,5,0.00123953,7.59397e-09,4.95175,7.59397e-09,4.95175,1.81193,2.17551,2.17483,4.99997,0.00124332,0.000216014,4.94333,8.20082e-05,4.94294,1.66832e-08,1.66832e-08,5,5,5,1.66832e-08,1.66832e-08,1.66832e-08,8.34161e-09,5,3.75404e-08,3.75413e-08,1.67901e-08,1.67901e-08,5,5,5,1.67931e-08,1.67939e-08,1.67939e-08,8.44372e-09,5,3.77975e-08,3.77973e-08,2.46142,2.53858,2.4682,2.5318,2.5318,2.4682,2.53858,2.46142,-0.0001,-0.074223,-0.0739375
276.0000,1.81384,2.17814,2.17814,5,0.00123953,7.59397e-09,4.95175,7.59397e-09,4.95175,1.81193,2.17551,2.17483,4.99997,0.00124332,0.000216014,4.94333,8.20082e-05,4.94294,1.66832e-08,1.66832e-08,5,5,5,1.66832e-08,1.66832e-08,1.66832e-08,8.34161e-09,5,3.75434e-08,3.75415e-08,1.67901e-08,1.67901e-08,5,5,5,1.67931e-08,1.67939e-08,1.67939e-08,8.44372e-09,5,3.77996e-08,3.77993e-08,2.46114,2.53886,2.46853,2.53147,2.53147,2.46853,2.53886,2.46114,-0.0001,-0.0742262,-0.0739409
276.5000,1.81384,2.17814,2.17814,5,0.00123953,7.59397e-09,4.95175,7.59397e-09,4.95175,1.81193,2.17551,2.17483,4.99997,0.00124332,0.000216014,4.94333,8.20082e-05,4.94294,1.66832e-08,1.66832e-08,5,5,5,1.66832e-08,1.66832e-08,1.66832e-08,8.34161e-09,5,3.75442e-08,3.75431e-08,1.67901e-08,1.67901e-08,5,5,5,1.67931e-08,1.67939e-08,1.67939e-08,8.44372e-09,5,3.78005e-08,3.78002e-08,2.46087,2.53913,2.46887,2.53113,2.53113,2.46887,2.53913,2.46087,-0.0001,-0.0742382,-0.0739531
277.0000,1.81384,2.17814,2.17814,5,0.00123953,7.59397e-09,4.95175,7.59397e-09,4.95175,1.81193,2.17551,2.17483,4.99997,0.00124332,0.000216014,4.94333,8.20082e-05,4.94294,1.66832e-08,1.66832e-08,5,5,5,1.66832e-08,1.66832e-08,1.66832e-08,8.34161e-09,5,3.75414e-08,3.75438e-08,1.67901e-08,1.67901e-08,5,5,5,1.67931e-08,1.67939e-08,1.67939e-08,8.44372e-09,5,3.78006e-08,3.78004e-08,2.4606,2.5394,2.46922,2.53078,2.53078,2.46922,2.5394,2.4606,-0.0001,-0.0742532,-0.0739683
277.5000,1.81384,2.17814,2.17814,5,0.00123953,7.59397e-09,4.95175,7.59397e-09,4.95175,1.81193,2.17551,2.17483,4.99997,0.00124332,0.000216014,4.94333,8.20082e-05,4.94294,1.66832e-08,1.66832e-08,5,5,5,1.66832e-08,1.66832e-08,1.66832e-08,8.3416e-09,5,3.75444e-08,3.75447e-08,1.67901e-08,1.67901e-08,5,5,5,1.67931e-08,1.67939e-08,1.67939e-08,8.44372e-09,5,3.78007e-08,3.78006e-08,2.46033,2.53967,2.46956,2.53044,2.53044,2.46956,2.53967,2.46033,-0.0001,-0.0742685,-0.0739839
278.0000,1.81384,2.17814,2.17814,5,0.00123953,7.59397e-09,4.95175,7.59397e-09,4.95175,1.81193,2.17551,2.17483,4.99997,0.00124332,0.000216014,4.94333,8.20082e-05,4.94294,1.66832e-08,1.66832e-08,5,5,5,1.66832e-08,1.66832e-08,1.66832e-08,8.34161e-09,5,3.75418e-08,3.75416e-08,1.67901e-08,1.67901e-08,5,5,5,1.67931e-08,1.67939e-08,1.67939e-08,8.44372e-09,5,3.7801e-08,3.78007e-08,2.46007,2.53993,2.46991,2.53009,2.53009,2.46991,2.53993,2.46007,-0.0001,-0.0742823,-0.0739977
278.5000,1.81384,2.17814,2.17814,5,0.00123953,7.59397e-09,4.95175,7.59397e-09,4.95175,1.81193,2.17551,2.17483,4.99997,0.00124332,0.000216014,4.94333,8.20082e-05,4.94294,1.66832e-08,1.66832e-08,5,5,5,1.66832e-08,1.66832e-08,1.66832e-08,8.3416e-09,5,3.75443e-08,3.75438e-08,1.67901e-08,1.67901e-08,5,5,5,1.67931e-08,1.67939e-08,1.67939e-08,8.44372e-09,5,3.7801e-08,3.78011e-08,2.45981,2.54019,2.47026,2.52974,2.52974,2.47026,2.54019,2.45981,-0.0001,-0.0742928,-0.0740082
279.0000,1.81384,2.17814,2.17814,5,0.00123953,7.59397e-09,4.95175,7.59397e-09,4.95175,1.81193,2.17551,2.17483,4.99997,0.00124332,0.000216014,4.94333,8.20082e-05,4.94294,1.66832e-08,1.66832e-08,5,5,5,1.66832e-08,1.66832e-08,1.66832e-08,8.34161e-09,5,3.75428e-08,3.75412e-08,1.67901e-08,1.67901e-08,5,5,5,1.67931e-08,1.67939e-08,1.67939e-08,8.44372e-09,5,3.78007e-08,3.78007e-08,2.45955,2.54045,2.47061,2.52939,2.52939,2.47061,2.54045,2.45955,-0.0001,-0.0742991,-0.0740144
279.5000,1.81384,2.17814,2.17814,5,0.00123953,7.59397e-09,4.95175,7.59397e-09,4.95175,1.81193,2.17551,2.17483,4.99997,0.00124332,0.000216014,4.94333,8.20082e-05,4.94294,1.66832e-08,1.66832e-08,5,5,5,1.66832e-08,1.66832e-08,1.66832e-08,8.3416e-09,5,3.75427e-08,3.75429e-08,1.67901e-08,1.67901e-08,5,5,5,1.67931e-08,1.67939e-08,1.67939e-08,8.44372e-09,5,3.7801e-08,3.78007e-08,2.45929,2.54071,2.47096,2.52904,2.52904,2.47096,2.54071,2.45929,-0.0001,-0.0743019,-0.0740172
280.0000,1.81384,2.17814,2.17814,5,0.00123953,7.59397e-09,4.95175,7.59397e-09,4.95175,1.81193,2.17551,2.17483,4.99997,0.00124332,0.000216014,4.94333,8.20082e-05,4.94294,1.66832e-08,1.66832e-08,5,5,5,1.66832e-08,1.66832e-08,1.66832e-08,8.34161e-09,5,3.75432e-08,3.75448e-08,1.67901e-08,1.67901e-08,5,5,5,1.67931e-08,1.67939e-08,1.67939e-08,8.44372e-09,5,3.78007e-08,3.78008e-08,2.45904,2.54096,2.47132,2.52868,2.52868,2.47132,2.54096,2.45904,-0.0001,-0.0743033,-0.0740184
280.5000,1.81384,2.17814,2.17814,5,0.00123953,7.59397e-09,4.95175,7.59397e-09,4.95175,1.81193,2.17551,2.17483,4.99997,0.00124332,0.000216014,4.94333,8.20082e-05,4.94294,1.66832e-08,1.66832e-08,5,5,5,1.66832e-08,1.66832e-08,1.66832e-08,8.3416e-09,5,3.75441e-08,3.75429e-08,1.67901e-08,1.67901e-08,5,5,5,1.67931e-08,1.67939e-08,1.67939e-08,8.44372e-09,5,3.78008e-08,3.78006e-08,2.45879,2.54121,2.47168,2.52832,2.52832,2.47168,2.54121,2.45879,-0.0001,-0.0743044,-0.0740192
281.0000,1.81384,2.17814,2.17814,5,0.00123953,7.59397e-09,4.95175,7.59397e-09,4.95175,1.81193,2.17551,2.17483,4.99997,0.00124332,0.000216014,4.94333,8.20082e-05,4.94294,1.66832e-08,1.66832e-08,5,5,5,1.66832e-08,1.66832e-08,1.66832e-08,8.34161e-09,5,3.75436e-08,3.75429e-08,1.67901e-08,1.67901e-08,5,5,5,1.67931e-08,1.67939e-08,1.67939e-08,8.44372e-09,5,3.7801e-08,3.78011e-08,2.45855,2.54145,2.47204,2.52796,2.52796,2.47204,2.54145,2.45855,-0.0001,-0.0743057,-0.0740201
281.5000,1.81384,2.17814,2.17814,5,0.00123953,7.59397e-09,4.95175,7.59397e-09,4.95175,1.81193,2.17551,2.17483,4.99997,0.00124332,0.000216014,4.94333,8.20082e-05,4.94294,1.66832e-08,1.66832e-08,5,5,5,1.66832e-08,1.66832e-08,1.66832e-08,8.3416e-09,5,3.75428e-08,3.75447e-08,1.67901e-08,1.67901e-08,5,5,5,1.67931e-08,1.67939e-08,1.67939e-08,8.44372e-09,5,3.78012e-08,3.7801e-08,2.4583,2.5417,2.4724,2.5276,2.5276,2.4724,2.5417,2.4583,-0.0001,-0.0743074,-0.0740212
282.0000,1.81384,2.17814,2.17814,5,0.00123953,7.59397e-09,4.95175,7.59397e-09,4.95175,1.81193,2.17551,2.17483,4.99997,0.00124332,0.000216014,4.94333,8.20082e-05,4.94294,1.66832e-08,1.66832e-08,5,5,5,1.66832e-08,1.66832e-08,1.66832e-08,8.34161e-09,5,3.75443e-08,3.75413e-08,1.67901e-08,1.67901e-08,5,5,5,1.67931e-08,1.67939e-08,1.67939e-08,8.44372e-09,5,3.78009e-08,3.78009e-08,2.45806,2.54194,2.47277,2.52723,2.52723,2.47277,2.54194,2.45806,-0.0001,-0.0743097,-0.0740227
282.5000,1.81384,2.17814,2.17814,5,0.00123953,7.59397e-09,4.95175,7.59397e-09,4.95175,1.81193,2.17551,2.17483,4.99997,0.00124332,0.000216014,4.94333,8.20082e-05,4.94294,1.66832e-08,1.66832e-08,5,5,5,1.66832e-08,1.66832e-08,1.66832e-08,8.3416e-09,5,3.75411e-08,3.7543e-08,1.67901e-08,1.67901e-08,5,5,5,1.67931e-08,1.67939e-08,1.67939e-08,8.44372e-09,5,3.78012e-08,3.78011e-08,2.45783,2.54217,2.47313,2.52687,2.52687,2.47313,2.54217,2.45783,-0.0001,-0.0743126,-0.0740247
283.0000,1.81384,2.17814,2.17814,5,0.00123953,7.59397e-09,4.95175,7.59397e-09,4.95175,1.81193,2.17551,2.17483,4.99997,0.00124332,0.000216014,4.94333,8.20082e-05,4.94294,1.66832e-08,1.66832e-08,5,5,5,1.66832e-08,1.66832e-08,1.66832e-08,8.3416e-09,5,3.75428e-08,3.75447e-08,1.67901e-08,1.67901e-08,5,5,5,1.67931e-08,1.67939e-08,1.67939e-08,8.44372e-09,5,3.7801e-08,3.78012e-08,2.4576,2.5424,2.4735,2.5265,2.5265,2.4735,2.5424,2.4576,-0.0001,-0.0743164,-0.0740272
283.5000,1.81384,2.17814,2.17814,5,0.00123953,7.59397e-09,4.95175,7.59397e-09,4.95175,1.81193,2.17551,2.17483,4.99997,0.00124332,0.000216014,4.94333,8.20082e-05,4.94294,1.66832e-08,1.66832e-08,5,5,5,1.66832e-08,1.66832e-08,1.66832e-08,8.34162e-09,5,3.75429e-08,3.75427e-08,1.67901e-08,1.67901e-08,5,5,5,1.67931e-08,1.67939e-08,1.67939e-08,8.44372e-09,5,3.78009e-08,3.78012e-08,2.45737,2.54263,2.47387,2.52613,2.52613,2.47387,2.54263,2.45737,-0.0001,-0.0743211,-0.0740305
284.0000,1.81384,2.17814,2.17814,5,0.00123953,7.59397e-09,4.95175,7.59397e-09,4.95175,1.81193,2.17551,2.17483,4.99997,0.00124332,0.000216014,4.94333,8.20082e-05,4.94294,1.66832e-08,1.66832e-08,5,5,5,1.66832e-08,1.66832e-08,1.66832e-08,8.3416e-09,5,3.75446e-08,3.75438e-08,1.67901e-08,1.67901e-08,5,5,5,1.67931e-08,1.67939e-08,1.67939e-08,8.44372e-09,5,3.78009e-08,3.78007e-08,2.45714,2.54286,2.47425,2.52575,2.52575,2.47425,2.54286,2.45714,-0.0001,-0.0743269,-0.0740345
284.5000,1.81384,2.17814,2.17814,5,0.00123953,7.59397e-09,4.95175,7.59397e-09,4.95175,1.81193,2.17551,2.17483,4.99997,0.00124332,0.000216014,4.94333,8.20082e-05,4.94294,1.66832e-08,1.66832e-08,5,5,5,1.66832e-08,1.66832e-08,1.66832e-08,8.34161e-09,5,3.75415e-08,3.75444e-08,1.67901e-08,1.67901e-08,5,5,5,1.67931e-08,1.67939e-08,1.67939e-08,8.44373e-09,5,3.78008e-08,3.7801e-08,2.45692,2.54308,2.47462,2.52538,2.52538,2.47462,2.54308,2.45692,-0.0001,-0.074334,-0.0740395
285.0000,1.81384,2.17814,2.17814,5,0.00123953,7.59397e-09,4.95175,7.59397e-09,4.95175,1.81193,2.17551,2.17483,4.99997,0.00124332,0.000216014,4.94333,8.20082e-05,4.94294,1.66832e-08,1.66832e-08,5,5,5,1.66832e-08,1.66832e-08,1.66832e-08,8.3416e-09,5,3.75431e-08,3.75412e-08,1.67901e-08,1.67901e-08,5,5,5,1.67931e-08,1.67939e-08,1.67939e-08,8.44373e-09,5,3.78011e-08,3.78007e-08,2.4567,2.5433,2.475,2.525,2.525,2.475,2.5433,2.4567,-0.0001,-0.0743425,-0.0740455
285.5000,1.81384,2.17814,2.17814,5,0.00123953,7.59397e-09,4.95175,7.59397e-09,4.95175,1.81193,2.17551,2.17483,4.99997,0.00124332,0.000216014,4.94333,8.20082e-05,4.94294,1.66832e-08,1.66832e-08,5,5,5,1.66832e-08,1.66832e-08,1.66832e-08,8.34161e-09,5,3.75431e-08,3.75439e-08,1.67901e-08,1.67901e-08,5,5,5,1.67931e-08,1.67939e-08,1.67939e-08,8.44373e-09,5,3.78008e-08,3.7801e-08,2.45648,2.54352,2.47538,2.52462,2.52462,2.47538,2.54352,2.45648,-0.0001,-0.0743525,-0.0740527
286.0000,1.81384,2.17814,2.17814,5,0.00123953,7.59397e-09,4.95175,7.59397e-09,4.95175,1.81193,2.17551,2.17483,4.99997,0.00124332,0.000216014,4.94333,8.20082e-05,4.94294,1.66832e-08,1.66832e-08,5,5,5,1.66832e-08,1.66832e-08,1.66832e-08,8.34161e-09,5,3.75446e-08,3.75423e-08,1.67901e-08,1.67901e-08,5,5,5,1.67931e-08,1.67939e-08,1.67939e-08,8.44373e-09,5,3.78007e-08,3.78009e-08,2.45627,2.54373,2.47576,2.52424,2.52424,2.47576,2.54373,2.45627,-0.0001,-0.0743644,-0.0740613
286.5000,1.81384,2.17814,2.17814,5,0.00123953,7.59397e-09,4.95175,7.59397e-09,4.95175,1.81193,2.17551,2.17483,4.99997,0.00124332,0.000216014,4.94333,8.20082e-05,4.94294,1.66832e-08,1.66832e-08,5,5,5,1.66832e-08,1.66832e-08,1.66832e-08,8.34161e-09,5,3.75424e-08,3.75431e-08,1.67901e-08,1.67901e-08,5,5,5,1.67931e-08,1.67939e-08,1.67939e-08,8.44373e-09,5,3.7801e-08,3.7801e-08,2.45606,2.54394,2.47614,2.52386,2.52386,2.47614,2.54394,2.45606,-0.0001,-0.0743784,-0.0740715
287.0000,1.81384,2.17814,2.17814,5,0.00123953,7.59397e-09,4.95175,7.59397e-09,4.95175,1.81193,2.17551,2.17483,4.99997,0.00124332,0.000216014,4.94333,8.20082e-05,4.94294,1.66832e-08,1.66832e-08,5,5,5,1.66832e-08,1.66832e-08,1.66832e-08,8.3416e-09,5,3.75434e-08,3.75444e-08,1.67901e-08,1.67901e-08,5,5,5,1.67931e-08,1.67939e-08,1.67939e-08,8.44373e-09,5,3.78007e-08,3.78012e-08,2.45585,2.54415,2.47653,2.52347,2.52347,2.47653,2.54415,2.45585,-0.0001,-0.0743948,-0.0740835
287.5000,1.81384,2.17814,2.17814,5,0.00123953,7.59397e-09,4.95175,7.59397e-09,4.95175,1.81193,2.17551,2.17483,4.99997,0.00124332,0.000216014,4.94333,8.20082e-05,4.94294,1.66832e-08,1.66832e-08,5,5,5,1.66832e-08,1.66832e-08,1.66832e-08,8.34161e-09,5,3.75437e-08,3.75414e-08,1.67901e-08,1.67901e-08,5,5,5,1.67931e-08,1.67939e-08,1.67939e-08,8.44373e-09,5,3.7801e-08,3.78011e-08,2.45565,2.54435,2.47691,2.52309,2.52309,2.47691,2.54435,2.45565,-0.0001,-0.0744139,-0.0740977
288.0000,1.81384,2.17814,2.17814,5,0.00123953,7.59397e-09,4.95175,7.59397e-09,4.95175,1.81193,2.17551,2.17483,4.99997,0.00124332,0.000216014,4.94333,8.20082e-05,4.94294,1.66832e-08,1.66832e-08,5,5,5,1.66832e-08,1.66832e-08,1.66832e-08,8.34161e-09,5,3.75443e-08,3.75442e-08,1.67901e-08,1.67901e-08,5,5,5,1.67931e-08,1.67939e-08,1.67939e-08,8.44374e-09,5,3.78007e-08,3.78007e-08,2.45545,2.54455,2.4773,2.5227,2.5227,2.4773,2.54455,2.45545,-0.0001,-0.0744364,-0.0741146
288.5000,1.81384,2.17814,2.17814,5,0.00123953,7.59397e-09,4.95175,7.59397e-09,4.95175,1.81193,2.17551,2.17483,4.99997,0.00124332,0.000216014,4.94333,8.20082e-05,4.94294,1.66832e-08,1.66832e-08,5,5,5,1.66832e-08,1.66832e-08,1.66832e-08,8.3416e-09,5,3.75438e-08,3.75428e-08,1.67901e-08,1.67901e-08,5,5,5,1.67931e-08,1.67939e-08,1.67939e-08,8.44374e-09,5,3.78009e-08,3.7801e-08,2.45525,2.54475,2.47769,2.52231,2.52231,2.47769,2.54475,2.45525,-0.0001,-0.0744639,-0.0741358
289.0000,1.81384,2.17814,2.17814,5,0.00123953,7.59397e-09,4.95175,7.59397e-09,4.95175,1.81193,2.17551,2.17483,4.99997,0.00124332,0.000216014,4.94333,8.20082e-05,4.94294,1.66832e-08,1.66832e-08,5,5,5,1.66832e-08,1.66832e-08,1.66832e-08,8.34161e-09,5,3.75444e-08,3.75444e-08,1.67902e-08,1.67902e-08,5,5,5,1.67931e-08,1.67939e-08,1.67939e-08,8.44375e-09,5,3.78011e-08,3.78007e-08,2.45506,2.54494,2.47808,2.52192,2.52192,2.47808,2.54494,2.45506,-0.0001,-0.0744984,-0.0741631
289.5000,1.81384,2.17814,2.17814,5,0.00123953,7.59397e-09,4.95175,7.59397e-09,4.95175,1.81193,2.17551,2.17483,4.99997,0.00124332,0.000216014,4.94333,8.20082e-05,4.94294,1.66832e-08,1.66832e-08,5,5,5,1.66832e-08,1.66832e-08,1.66832e-08,8.34161e-09,5,3.75444e-08,3.75439e-08,1.67902e-08,1.67902e-08,5,5,5,1.67931e-08,1.67939e-08,1.67939e-08,8.44376e-09,5,3.78008e-08,3.78012e-08,2.45487,2.54513,2.47847,2.52153,2.52153,2.47847,2.54513,2.45487,-0.0001,-0.0745401,-0.0741968
290.0000,1.81384,2.17814,2.17814,5,0.00123953,7.59397e-09,4.95175,7.59397e-09,4.95175,1.81193,2.17551,2.17483,4.99997,0.00124332,0.000216014,4.94333,8.20082e-05,4.94294,1.66832e-08,1.66832e-08,5,5,5,1.66832e-08,1.66832e-08,1.66832e-08,8.34161e-09,5,3.75442e-08,3.75435e-08,1.67902e-08,1.67902e-08,5,5,5,1.67931e-08,1.67939e-08,1.67939e-08,8.44377e-09,5,3.78008e-08,3.78007e-08,2.45468,2.54532,2.47887,2.52113,2.52113,2.47887,2.54532,2.45468,-0.0001,-0.0745883,-0.0742373
290.5000,1.81384,2.17814,2.17815,5,0.00123953,7.59397e-09,4.95175,7.59396e-09,4.95177,1.81193,2.17551,2.17483,4.99997,0.00124332,0.000216014,4.94333,8.20082e-05,4.94294,1.66875e-08,1.66881e-08,5,5,5,1.66832e-08,1.66832e-08,1.66832e-08,8.34161e-09,4.99419,3.75436e-08,3.75436e-08,1.67903e-08,1.67903e-08,5,5,5,1.67932e-08,1.67939e-08,1.67939e-08,8.4438e-09,5,3.78012e-08,3.78008e-08,2.4545,2.5455,2.47927,2.52073,2.52073,2.47927,2.5455,2.4545,-0.0001,-0.0746503,-0.0742846
291.0000,1.81384,2.17814,2.18011,5,0.00123953,7.59397e-09,4.95175,7.59088e-09,4.95572,1.81193,2.17551,2.17483,4.99997,0.00124332,0.000216014,4.94333,8.20082e-05,4.94294,3.56085e-08,1.87829e-08,5,5,5,1.66832e-08,1.66832e-08,1.66832e-08,8.3416e-09,4.24991,3.75444e-08,3.75438e-08,1.67904e-08,1.67905e-08,5,5,5,1.67932e-08,1.67939e-08,1.67939e-08,8.44386e-09,5,3.78011e-08,3.78012e-08,2.45432,2.54568,2.47966,2.52034,2.52034,2.47966,2.54568,2.45432,-0.0001,-0.0757292,-0.0743395
291.5000,1.21974,2.5794,2.5794,5,8.10503e-09,7.55851e-09,5,7.55851e-09,5,1.81193,2.17551,2.17483,4.99997,0.00124332,0.000216014,4.94333,8.20082e-05,4.94294,5,5,5,5,1.66832e-08,1.66832e-08,1.66832e-08,1.66832e-08,8.3416e-09,0.0386781,3.75436e-08,3.75447e-08,1.67908e-08,1.6791e-08,5,5,5,1.67933e-08,1.67939e-08,1.67939e-08,8.44402e-09,5,3.78009e-08,3.78007e-08,2.45415,2.54585,2.48006,2.51994,2.51994,2.48006,2.54585,2.45415,-0.0001,-0.0739367,-0.0744028
292.0000,1.21974,2.5794,2.5794,5,8.10796e-09,7.55851e-09,5,7.55851e-09,5,1.81193,2.17551,2.17483,4.99997,0.00124332,0.000216014,4.94333,8.20082e-05,4.94294,5,5,5,5,1.66832e-08,1.66832e-08,1.66832e-08,1.66832e-08,8.34162e-09,2.20905e-07,3.75444e-08,3.75435e-08,1.67926e-08,1.6793e-08,5,5,5,1.67937e-08,1.67939e-08,1.67939e-08,8.44471e-09,5,3.78009e-08,3.7801e-08,2.45397,2.54603,2.48046,2.51954,2.51954,2.48046,2.54603,2.45397,-0.0001,-0.0737133,-0.0744761
292.5000,1.21974,2.5794,2.5794,5,8.10796e-09,7.55851e-09,5,7.55851e-09,5,1.81193,2.17551,2.17483,4.99997,0.00124332,0.000216014,4.94333,8.20082e-05,4.94294,5,5,5,5,1.66832e-08,1.66832e-08,1.66832e-08,1.66832e-08,8.34161e-09,4.65044e-08,3.7543e-08,3.75432e-08,1.68944e-08,1.6915e-08,5,5,5,1.68182e-08,1.67939e-08,1.67939e-08,8.4858e-09,5,3.78011e-08,3.78011e-08,2.45381,2.54619,2.48087,2.51913,2.51913,2.48087,2.54619,2.45381,-0.0001,-0.0736501,-0.07456
293.0000,1.21974,2.5794,2.5794,5,8.10796e-09,7.55851e-09,5,7.55851e-09,5,1.81193,2.17551,2.17563,4.99997,0.00124332,0.000216014,4.94333,8.17065e-05,4.94481,5,5,5,5,1.66832e-08,1.66832e-08,1.66832e-08,1.66832e-08,8.3416e-09,4.02792e-08,3.75438e-08,3.75434e-08,1.5072e-05,1.34296e-05,5,5,4.99997,2.68118e-06,1.67939e-08,1.67939e-08,5.71224e-06,4.59205,3.7801e-08,3.78007e-08,2.45364,2.54636,2.48127,2.51873,2.51873,2.48127,2.54636,2.45364,-0.0001,-0.0735778,-0.0753025
293.5000,1.21974,2.5794,2.5794,5,8.10796e-09,7.55851e-09,5,7.55851e-09,5,1.21894,2.57783,2.57783,4.99997,0.000161058,4.53427e-05,4.99996,4.53427e-05,4.99996,5,5,5,5,1.66832e-08,1.66832e-08,1.66832e-08,1.66832e-08,8.3416e-09,3.90801e-08,3.75443e-08,3.75432e-08,5,5,5,5,1.20985e-07,2.78546e-08,1.67939e-08,1.67939e-08,2.79754e-08,0.000403226,3.7801e-08,3.7801e-08,2.45348,2.54652,2.48167,2.51833,2.51833,2.48167,2.54652,2.45348,-0.0001,-0.0734984,-0.0736683
294.0000,1.21974,2.5794,2.5794,5,8.10796e-09,7.55851e-09,5,7.55851e-09,5,1.21894,2.57783,2.57783,4.99997,0.000161058,4.53427e-05,4.99996,4.53427e-05,4.99996,5,5,5,5,1.66832e-08,1.66832e-08,1.66832e-08,1.66832e-08,8.3416e-09,3.86465e-08,3.75438e-08,3.75444e-08,5,5,5,5,1.67964e-08,1.67941e-08,1.67939e-08,1.67939e-08,8.44433e-09,4.70266e-08,3.78011e-08,3.7801e-08,2.45332,2.54668,2.48208,2.51792,2.51792,2.48208,2.54668,2.45332,-0.0001,-0.0734127,-0.0735771
294.5000,1.21974,2.5794,2.5794,5,8.10796e-09,7.55851e-09,5,7.55851e-09,5,1.21894,2.57783,2.57783,4.99997,0.000161058,4.53427e-05,4.99996,4.53427e-05,4.99996,5,5,5,5,1.66832e-08,1.66832e-08,1.66832e-08,1.66832e-08,8.34161e-09,3.84069e-08,3.75434e-08,3.7543e-08,5,5,5,5,1.67945e-08,1.67939e-08,1.67939e-08,1.67939e-08,8.44398e-09,3.98087e-08,3.78011e-08,3.78011e-08,2.45317,2.54683,2.48249,2.51751,2.51751,2.48249,2.54683,2.45317,-0.0001,-0.073323,-0.0734603
295.0000,1.21974,2.5794,2.5794,5,8.10796e-09,7.55851e-09,5,7.55851e-09,5,1.21894,2.57783,2.57783,4.99997,0.000161058,4.53427e-05,4.99996,4.53427e-05,4.99996,5,5,5,5,1.66832e-08,1.66832e-08,1.66832e-08,1.66832e-08,8.3416e-09,3.82445e-08,3.75443e-08,3.75438e-08,5,5,5,5,1.67943e-08,1.67939e-08,1.67939e-08,1.67939e-08,8.44395e-09,3.88857e-08,3.78009e-08,3.78008e-08,2.45301,2.54699,2.4829,2.5171,2.5171,2.4829,2.54699,2.45301,-0.0001,-0.0732314,-0.0733404
295.5000,1.21974,2.5794,2.5794,5,8.10796e-09,7.55851e-09,5,7.55851e-09,5,1.21894,2.57783,2.57783,4.99997,0.000161058,4.53427e-05,4.99996,4.53427e-05,4.99996,5,5,5,5,1.66832e-08,1.66832e-08,1.66832e-08,1.66832e-08,8.3416e-09,3.81129e-08,3.75424e-08,3.75435e-08,5,5,5,5,1.67943e-08,1.67939e-08,1.67939e-08,1.67939e-08,8.44395e-09,3.86249e-08,3.78009e-08,3.78007e-08,2.45287,2.54713,2.48331,2.51669,2.51669,2.48331,2.54713,2.45287,-0.0001,-0.0731397,-0.0732207
296.0000,1.21974,2.5794,2.5794,5,8.10796e-09,7.55851e-09,5,7.55851e-09,5,1.21894,2.57783,2.57783,4.99997,0.000161058,4.53427e-05,4.99996,4.53427e-05,4.99996,5,5,5,5,1.66832e-08,1.66832e-08,1.66832e-08,1.66832e-08,8.34161e-09,3.80023e-08,3.75435e-08,3.75442e-08,5,5,5,5,1.67943e-08,1.67939e-08,1.67939e-08,1.67939e-08,8.44395e-09,3.84357e-08,3.78007e-08,3.7801e-08,2.45272,2.54728,2.48372,2.51628,2.51628,2.48372,2.54728,2.45272,-0.0001,-0.0730499,-0.0731042
296.5000,1.21974,2.5794,2.5794,5,8.10796e-09,7.55851e-09,5,7.55851e-09,5,1.21894,2.57783,2.57783,4.99997,0.000161058,4.53427e-05,4.99996,4.53427e-05,4.99996,5,5,5,5,1.66832e-08,1.66832e-08,1.66832e-08,1.66832e-08,8.3416e-09,3.79105e-08,3.75431e-08,3.75444e-08,5,5,5,5,1.67943e-08,1.67939e-08,1.67939e-08,1.67939e-08,8.44395e-09,3.8293e-08,3.78007e-08,3.78009e-08,2.45258,2.54742,2.48413,2.51587,2.51587,2.48413,2.54742,2.45258,-0.0001,-0.0729643,-0.0729932
297.0000,1.21974,2.5794,2.5794,5,8.10796e-09,7.55851e-09,5,7.55851e-09,5,1.21894,2.57783,2.57783,4.99997,0.000161058,4.53427e-05,4.99996,4.53427e-05,4.99996,5,5,5,5,1.66832e-08,1.66832e-08,1.66832e-08,1.66832e-08,8.34161e-09,3.78241e-08,3.75436e-08,3.75441e-08,5,5,5,5,1.67943e-08,1.67939e-08,1.67939e-08,1.67939e-08,8.44395e-09,3.81786e-08,3.7801e-08,3.78012e-08,2.45245,2.54755,2.48455,2.51545,2.51545,2.48455,2.54755,2.45245,-0.0001,-0.0728926,-0.0728907
297.5000,1.21974,2.5794,2.5794,5,8.10796e-09,7.55851e-09,5,7.55851e-09,5,1.21894,2.57783,2.57783,4.99997,0.000161058,4.53427e-05,4.99996,4.53427e-05,4.99996,5,5,5,5,1.66832e-08,1.66832e-08,1.66832e-08,1.66832e-08,8.3416e-09,3.77294e-08,3.75439e-08,3.75429e-08,5,5,5,5,1.67943e-08,1.67939e-08,1.67939e-08,1.67939e-08,8.44394e-09,3.80729e-08,3.78008e-08,3.7801e-08,2.45231,2.54769,2.48496,2.51504,2.51504,2.48496,2.54769,2.45231,-0.0001,-0.0728595,-0.0728124
298.0000,1.21974,2.5794,2.5794,5,8.10796e-09,7.55851e-09,5,7.55851e-09,5,1.21894,2.57783,2.57783,4.99997,0.000161058,4.53427e-05,4.99996,4.53427e-05,4.99996,5,5,5,5,1.66832e-08,1.66832e-08,1.66832e-08,1.66832e-08,8.3416e-09,3.76788e-08,3.75438e-08,3.75431e-08,5,5,5,5,1.67943e-08,1.67939e-08,1.67939e-08,1.67939e-08,8.44395e-09,3.79763e-08,3.78009e-08,3.7801e-08,2.45218,2.54782,2.48538,2.51462,2.51462,2.48538,2.54782,2.45218,-0.0001,-0.0728023,-0.072771
298.5000,1.21974,2.5794,2.5794,5,8.10796e-09,7.55851e-09,5,7.55851e-09,5,1.21894,2.57783,2.57783,4.99997,0.000161058,4.53427e-05,4.99996,4.53427e-05,4.99996,5,5,5,5,1.66832e-08,1.66832e-08,1.66832e-08,1.66832e-08,8.34161e-09,3.7647e-08,3.75432e-08,3.75436e-08,5,5,5,5,1.67943e-08,1.67939e-08,1.67939e-08,1.67939e-08,8.44394e-09,3.79272e-08,3.78009e-08,3.78012e-08,2.45206,2.54794,2.4858,2.5142,2.5142,2.4858,2.54794,2.45206,-0.0001,-0.0727239,-0.0726969
299.0000,1.21974,2.5794,2.5794,5,8.10796e-09,7.55851e-09,5,7.55851e-09,5,1.21894,2.57783,2.57783,4.99997,0.000161058,4.53427e-05,4.99996,4.53427e-05,4.99996,5,5,5,5,1.66832e-08,1.66832e-08,1.66832e-08,1.66832e-08,8.3416e-09,3.76255e-08,3.75431e-08,3.75434e-08,5,5,5,5,1.67943e-08,1.67939e-08,1.67939e-08,1.67939e-08,8.44395e-09,3.78984e-08,3.78011e-08,3.78011e-08,2.45194,2.54806,2.48622,2.51378,2.51378,2.48622,2.54806,2.45194,-0.0001,-0.0726481,-0.07261
299.5000,1.21974,2.5794,2.5794,5,8.10796e-09,7.55851e-09,5,7.55851e-09,5,1.21894,2.57783,2.57783,4.99997,0.000161058,4.53427e-05,4.99996,4.53427e-05,4.99996,5,5,5,5,1.66832e-08,1.66832e-08,1.66832e-08,1.66832e-08,8.3416e-09,3.76094e-08,3.75432e-08,3.75429e-08,5,5,5,5,1.67943e-08,1.67939e-08,1.67939e-08,1.67939e-08,8.44395e-09,3.78773e-08,3.78012e-08,3.78011e-08,2.45182,2.54818,2.48664,2.51336,2.51336,2.48664,2.54818,2.45182,-0.0001,-0.0725839,-0.0725349
300.0000,1.21974,2.5794,2.5794,5,8.10796e-09,7.55851e-09,5,7.55851e-09,5,1.21894,2.57783,2.57783,4.99997,0.000161058,4.53427e-05,4.99996,4.53427e-05,4.99996,5,5,5,5,1.66832e-08,1.66832e-08,1.66832e-08,1.66832e-08,8.3416e-09,3.7597e-08,3.75446e-08,3.75432e-08,5,5,5,5,1.67943e-08,1.67939e-08,1.67939e-08,1.67939e-08,8.44395e-09,3.7861e-08,3.78009e-08,3.78008e-08,2.4517,2.5483,2.48706,2.51294,2.51294,2.48706,2.5483,2.4517,-0.0001,-0.0725319,-0.0724749
300.5000,1.21974,2.5794,2.5794,5,8.10796e-09,7.55851e-09,5,7.55851e-09,5,1.21894,2.57783,2.57783,4.99997,0.000161058,4.53427e-05,4.99996,4.53427e-05,4.99996,5,5,5,5,1.66832e-08,1.66832e-08,1.66832e-08,1.66832e-08,8.3416e-09,3.75854e-08,3.75448e-08,3.75442e-08,5,5,5,5,1.67943e-08,1.67939e-08,1.67939e-08,1.67939e-08,8.44395e-09,3.78478e-08,3.78009e-08,3.78011e-08,2.45159,2.54841,2.48748,2.51252,2.51252,2.48748,2.54841,2.45159,-0.0001,-0.072493,-0.0724297
301.0000,1.21974,2.5794,2.5794,5,8.10796e-09,7.55851e-09,5,7.55851e-09,5,1.21894,2.57783,2.57783,4.99997,0.000161058,4.53427e-05,4.99996,4.53427e-05,4.99996,5,5,5,5,1.66832e-08,1.66832e-08,1.66832e-08,1.66832e-08,8.3416e-09,3.75771e-08,3.75443e-08,3.75434e-08,5,5,5,5,1.67943e-08,1.67939e-08,1.67939e-08,1.67939e-08,8.44395e-09,3.7838e-08,3.78008e-08,3.78012e-08,2.45149,2.54851,2.4879,2.5121,2.5121,2.4879,2.54851,2.45149,-0.0001,-0.0725064,-0.0724345
301.5000,1.21974,2.5794,2.5794,5,8.10796e-09,7.55851e-09,5,7.55851e-09,5,1.21894,2.57783,2.57783,4.99997,0.000161058,4.53427e-05,4.99996,4.53427e-05,4.99996,5,5,5,5,1.66832e-08,1.66832e-08,1.66832e-08,1.66832e-08,8.34162e-09,3.757e-08,3.75441e-08,3.75435e-08,5,5,5,5,1.67943e-08,1.67939e-08,1.67939e-08,1.67939e-08,8.44395e-09,3.783e-08,3.78011e-08,3.7801e-08,2.45138,2.54862,2.48833,2.51167,2.51167,2.48833,2.54862,2.45138,-0.0001,-0.0725229,-0.0724502
302.0000,1.21974,2.5794,2.5794,5,8.10796e-09,7.55851e-09,5,7.55851e-09,5,1.21894,2.57783,2.57783,4.99997,0.000161058,4.53427e-05,4.99996,4.53427e-05,4.99996,5,5,5,5,1.66832e-08,1.66832e-08,1.66832e-08,1.66832e-08,8.34161e-09,3.75635e-08,3.75434e-08,3.7544e-08,5,5,5,5,1.67943e-08,1.67939e-08,1.67939e-08,1.67939e-08,8.44395e-09,3.78236e-08,3.78007e-08,3.78012e-08,2.45128,2.54872,2.48875,2.51125,2.51125,2.48875,2.54872,2.45128,-0.0001,-0.0725089,-0.0724372
302.5000,1.21974,2.5794,2.5794,5,8.10796e-09,7.55851e-09,5,7.55851e-09,5,1.21894,2.57783,2.57783,4.99997,0.000161058,4.53427e-05,4.99996,4.53427e-05,4.99996,5,5,5,5,1.66832e-08,1.66832e-08,1.66832e-08,1.66832e-08,8.3416e-09,3.75602e-08,3.75436e-08,3.75437e-08,5,5,5,5,1.67943e-08,1.67939e-08,1.67939e-08,1.67939e-08,8.44395e-09,3.78187e-08,3.78007e-08,3.78012e-08,2.45119,2.54881,2.48918,2.51082,2.51082,2.48918,2.54881,2.45119,-0.0001,-0.0724946,-0.0724218
303.0000,1.21974,2.5794,2.5794,5,8.10796e-09,7.55851e-09,5,7.55851e-09,5,1.21894,2.57783,2.57783,4.99997,0.000161058,4.53427e-05,4.99996,4.53427e-05,4.99996,5,5,5,5,1.66832e-08,1.66832e-08,1.66832e-08,1.66832e-08,8.3416e-09,3.7557e-08,3.75435e-08,3.75448e-08,5,5,5,5,1.67943e-08,1.67939e-08,1.67939e-08,1.67939e-08,8.44395e-09,3.78146e-08,3.78009e-08,3.78012e-08,2.45109,2.54891,2.4896,2.5104,2.5104,2.4896,2.54891,2.45109,-0.0001,-0.0724838,-0.0724102
303.5000,1.21974,2.5794,2.5794,5,8.10796e-09,7.55851e-09,5,7.55851e-09,5,1.21894,2.57783,2.57783,4.99997,0.000161058,4.53427e-05,4.99996,4.53427e-05,4.99996,5,5,5,5,1.66832e-08,1.66832e-08,1.66832e-08,1.66832e-08,8.34162e-09,3.7553e-08,3.75438e-08,3.75427e-08,5,5,5,5,1.67943e-08,1.67939e-08,1.67939e-08,1.67939e-08,8.44395e-09,3.78115e-08,3.78012e-08,3.78012e-08,2.451,2.549,2.49003,2.50997,2.50997,2.49003,2.549,2.451,-0.0001,-0.0724761,-0.0724019
304.0000,1.21974,2.5794,2.5794,5,8.10796e-09,7.55851e-09,5,7.55851e-09,5,1.21894,2.57783,2.57783,4.99997,0.000161058,4.53427e-05,4.99996,4.53427e-05,4.99996,5,5,5,5,1.66832e-08,1.66832e-08,1.66832e-08,1.66832e-08,8.34161e-09,3.75507e-08,3.75436e-08,3.75429e-08,5,5,5,5,1.67943e-08,1.67939e-08,1.67939e-08,1.67939e-08,8.44395e-09,3.78089e-08,3.78007e-08,3.78011e-08,2.45092,2.54908,2.49046,2.50954,2.50954,2.49046,2.54908,2.45092,-0.0001,-0.0724714,-0.0723968
304.5000,1.21974,2.5794,2.5794,5,8.10796e-09,7.55851e-09,5,7.55851e-09,5,1.21894,2.57783,2.57783,4.99997,0.000161058,4.53427e-05,4.99996,4.53427e-05,4.99996,5,5,5,5,1.66832e-08,1.66832e-08,1.66832e-08,1.66832e-08,8.3416e-09,3.75499e-08,3.7544e-08,3.75444e-08,5,5,5,5,1.67943e-08,1.67939e-08,1.67939e-08,1.67939e-08,8.44395e-09,3.78068e-08,3.78012e-08,3.78008e-08,2.45084,2.54916,2.49089,2.50911,2.50911,2.49089,2.54916,2.45084,-0.0001,-0.0724692,-0.0723945
305.0000,1.21974,2.5794,2.5794,5,8.10796e-09,7.55851e-09,5,7.55851e-09,5,1.21894,2.57783,2.57783,4.99997,0.000161058,4.53427e-05,4.99996,4.53427e-05,4.99996,5,5,5,5,1.66832e-08,1.66832e-08,1.66832e-08,1.66832e-08,8.34161e-09,3.75467e-08,3.75436e-08,3.75425e-08,5,5,5,5,1.67943e-08,1.67939e-08,1.67939e-08,1.67939e-08,8.44395e-09,3.78055e-08,3.78007e-08,3.78007e-08,2.45076,2.54924,2.49132,2.50868,2.50868,2.49132,2.54924,2.45076,-0.0001,-0.0724694,-0.0723945
305.5000,1.21974,2.5794,2.5794,5,8.10796e-09,7.55851e-09,5,7.55851e-09,5,1.21894,2.57783,2.57783,4.99997,0.000161058,4.53427e-05,4.99996,4.53427e-05,4.99996,5,5,5,5,1.66832e-08,1.66832e-08,1.66832e-08,1.66832e-08,8.3416e-09,3.75472e-08,3.75432e-08,3.75436e-08,5,5,5,5,1.67943e-08,1.67939e-08,1.67939e-08,1.67939e-08,8.44395e-09,3.78041e-08,3.7801e-08,3.78007e-08,2.45068,2.54932,2.49175,2.50825,2.50825,2.49175,2.54932,2.45068,-0.0001,-0.0724718,-0.0723969
306.0000,1.21974,2.5794,2.5794,5,8.10796e-09,7.55851e-09,5,7.55851e-09,5,1.21894,2.57783,2.57783,4.99997,0.000161058,4.53427e-05,4.99996,4.53427e-05,4.99996,5,5,5,5,1.66832e-08,1.66832e-08,1.66832e-08,1.66832e-08,8.34161e-09,3.7543e-08,3.75429e-08,3.75439e-08,5,5,5,5,1.67943e-08,1.67939e-08,1.67939e-08,1.67939e-08,8.44395e-09,3.78033e-08,3.78007e-08,3.78012e-08,2.45061,2.54939,2.49218,2.50782,2.50782,2.49218,2.54939,2.45061,-0.0001,-0.0724762,-0.0724014
306.5000,1.21974,2.5794,2.5794,5,8.10796e-09,7.55851e-09,5,7.55851e-09,5,1.21894,2.57783,2.57783,4.99997,0.000161058,4.53427e-05,4.99996,4.53427e-05,4.99996,5,5,5,5,1.66832e-08,1.66832e-08,1.66832e-08,1.66832e-08,8.34161e-09,3.7545e-08,3.75437e-08,3.75444e-08,5,5,5,5,1.67943e-08,1.67939e-08,1.67939e-08,1.67939e-08,8.44395e-09,3.78022e-08,3.7801e-08,3.78008e-08,2.45055,2.54945,2.49261,2.50739,2.50739,2.49261,2.54945,2.45055,-0.0001,-0.0724827,-0.0724081
307.0000,1.21974,2.5794,2.5794,5,8.10796e-09,7.55851e-09,5,7.55851e-09,5,1.21894,2.57783,2.57783,4.99997,0.000161058,4.53427e-05,4.99996,4.53427e-05,4.99996,5,5,5,5,1.66832e-08,1.66832e-08,1.66832e-08,1.66832e-08,8.3416e-09,3.75435e-08,3.75438e-08,3.75431e-08,5,5,5,5,1.67943e-08,1.67939e-08,1.67939e-08,1.67939e-08,8.44395e-09,3.7802e-08,3.7801e-08,3.78007e-08,2.45048,2.54952,2.49304,2.50696,2.50696,2.49304,2.54952,2.45048,-0.0001,-0.0724915,-0.0724173
307.5000,1.21974,2.5794,2.5794,5,8.10796e-09,7.55851e-09,5,7.55851e-09,5,1.21894,2.57783,2.57783,4.99997,0.000161058,4.53427e-05,4.99996,4.53427e-05,4.99996,5,5,5,5,1.66832e-08,1.66832e-08,1.66832e-08,1.66832e-08,8.34161e-09,3.7545e-08,3.75434e-08,3.75437e-08,5,5,5,5,1.67943e-08,1.67939e-08,1.67939e-08,1.67939e-08,8.44395e-09,3.78017e-08,3.78012e-08,3.78008e-08,2.45043,2.54957,2.49347,2.50653,2.50653,2.49347,2.54957,2.45043,-0.0001,-0.072503,-0.0724293
308.0000,1.21974,2.5794,2.5794,5,8.10796e-09,7.55851e-09,5,7.55851e-09,5,1.21894,2.57783,2.57783,4.99997,0.000161058,4.53427e-05,4.99996,4.53427e-05,4.99996,5,5,5,5,1.66832e-08,1.66832e-08,1.66832e-08,1.66832e-08,8.3416e-09,3.75426e-08,3.75437e-08,3.75438e-08,5,5,5,5,1.67943e-08,1.67939e-08,1.67939e-08,1.67939e-08,8.44395e-09,3.78014e-08,3.7801e-08,3.78011e-08,2.45037,2.54963,2.49391,2.50609,2.50609,2.49391,2.54963,2.45037,-0.0001,-0.0725178,-0.072445
308.5000,1.21974,2.5794,2.5794,5,8.10796e-09,7.55851e-09,5,7.55851e-09,5,1.21894,2.57783,2.57783,4.99997,0.000161058,4.53427e-05,4.99996,4.53427e-05,4.99996,5,5,5,5,1.66832e-08,1.66832e-08,1.66832e-08,1.66832e-08,8.34161e-09,3.75438e-08,3.75445e-08,3.75429e-08,5,5,5,5,1.67943e-08,1.67939e-08,1.67939e-08,1.67939e-08,8.44395e-09,3.7801e-08,3.78009e-08,3.78007e-08,2.45032,2.54968,2.49434,2.50566,2.50566,2.49434,2.54968,2.45032,-0.0001,-0.0725374,-0.0724657
309.0000,1.21974,2.5794,2.5794,5,8.10796e-09,7.55851e-09,5,7.55851e-09,5,1.21894,2.57783,2.57783,4.99997,0.000161058,4.53427e-05,4.99996,4.53427e-05,4.99996,5,5,5,5,1.66832e-08,1.66832e-08,1.66832e-08,1.66832e-08,8.3416e-09,3.75431e-08,3.75422e-08,3.75442e-08,5,5,5,5,1.67943e-08,1.67939e-08,1.67939e-08,1.67939e-08,8.44395e-09,3.78009e-08,3.78007e-08,3.78008e-08,2.45027,2.54973,2.49477,2.50523,2.50523,2.49477,2.54973,2.45027,-0.0001,-0.072563,-0.0724926
309.5000,1.21974,2.5794,2.5794,5,8.10796e-09,7.55851e-09,5,7.55851e-09,5,1.21894,2.57783,2.57783,4.99997,0.000161058,4.53427e-05,4.99996,4.53427e-05,4.99996,5,5,5,5,1.66832e-08,1.66832e-08,1.66832e-08,1.66832e-08,8.3416e-09,3.75446e-08,3.75439e-08,3.75413e-08,5,5,5,5,1.67943e-08,1.67939e-08,1.67939e-08,1.67939e-08,8.44395e-09,3.78011e-08,3.78008e-08,3.78008e-08,2.45023,2.54977,2.49521,2.50479,2.50479,2.49521,2.54977,2.45023,-0.0001,-0.0725946,-0.0725253
310.0000,1.21974,2.5794,2.5794,5,8.10796e-09,7.55851e-09,5,7.55851e-09,5,1.21894,2.57783,2.57783,4.99997,0.000161058,4.53427e-05,4.99996,4.53427e-05,4.99996,5,5,5,5,1.66832e-08,1.66832e-08,1.66832e-08,1.66832e-08,8.34162e-09,3.75419e-08,3.75427e-08,3.75434e-08,5,5,5,5,1.67943e-08,1.67939e-08,1.67939e-08,1.67939e-08,8.44395e-09,3.78012e-08,3.78009e-08,3.78011e-08,2.45019,2.54981,2.49564,2.50436,2.50436,2.49564,2.54981,2.45019,-0.0001,-0.0726305,-0.0725618
310.5000,1.21974,2.5794,2.5794,5,8.10796e-09,7.55851e-09,5,7.55851e-09,5,1.21894,2.57783,2.57783,4.99997,0.000161058,4.53427e-05,4.99996,4.53427e-05,4.99996,5,5,5,5,1.66832e-08,1.66832e-08,1.66832e-08,1.66832e-08,8.34161e-09,3.75431e-08,3.75429e-08,3.75444e-08,5,5,5,5,1.67943e-08,1.67939e-08,1.67939e-08,1.67939e-08,8.44395e-09,3.78011e-08,3.7801e-08,3.78008e-08,2.45015,2.54985,2.49608,2.50392,2.50392,2.49608,2.54985,2.45015,-0.0001,-0.072669,-0.0726004
311.0000,1.21974,2.5794,2.5794,5,8.10796e-09,7.55851e-09,5,7.55851e-09,5,1.21894,2.57783,2.57783,4.99997,0.000161058,4.53427e-05,4.99996,4.53427e-05,4.99996,5,5,5,5,1.66832e-08,1.66832e-08,1.66832e-08,1.66832e-08,8.34162e-09,3.7543e-08,3.75437e-08,3.75442e-08,5,5,5,5,1.67943e-08,1.67939e-08,1.67939e-08,1.67939e-08,8.44395e-09,3.78008e-08,3.78011e-08,3.78007e-08,2.45012,2.54988,2.49651,2.50349,2.50349,2.49651,2.54988,2.45012,-0.0001,-0.0727068,-0.0726381
311.5000,1.21974,2.5794,2.5794,5,8.10796e-09,7.55851e-09,5,7.55851e-09,5,1.21894,2.57783,2.57783,4.99997,0.000161058,4.53427e-05,4.99996,4.53427e-05,4.99996,5,5,5,5,1.66832e-08,1.66832e-08,1.66832e-08,1.66832e-08,8.3416e-09,3.75443e-08,3.75437e-08,3.75442e-08,5,5,5,5,1.67943e-08,1.67939e-08,1.67939e-08,1.67939e-08,8.44394e-09,3.78007e-08,3.78007e-08,3.78006e-08,2.45009,2.54991,2.49695,2.50305,2.50305,2.49695,2.54991,2.45009,-0.0001,-0.0726683,-0.072613
312.0000,1.21974,2.5794,2.5794,5,8.10796e-09,7.55851e-09,5,7.55851e-09,5,1.21894,2.57783,2.57783,4.99997,0.000161058,4.53427e-05,4.99996,4.53427e-05,4.99996,5,5,5,5,1.66832e-08,1.66832e-08,1.66832e-08,1.66832e-08,8.34161e-09,3.7545e-08,3.75443e-08,3.75447e-08,5,5,5,5,1.67943e-08,1.67939e-08,1.67939e-08,1.67939e-08,8.44394e-09,3.78007e-08,3.78008e-08,3.7801e-08,2.45007,2.54993,2.49738,2.50262,2.50262,2.49738,2.54993,2.45007,-0.0001,-0.0726427,-0.0725608
312.5000,1.21974,2.5794,2.5794,5,8.10796e-09,7.55851e-09,5,7.55851e-09,5,1.21894,2.57783,2.57783,4.99997,0.000161058,4.53427e-05,4.99996,4.53427e-05,4.99996,5,5,5,5,1.66832e-08,1.66832e-08,1.66832e-08,1.66832e-08,8.3416e-09,3.75436e-08,3.75436e-08,3.75446e-08,5,5,5,5,1.67943e-08,1.67939e-08,1.67939e-08,1.67939e-08,8.44394e-09,3.78011e-08,3.78011e-08,3.78008e-08,2.45005,2.54995,2.49782,2.50218,2.50218,2.49782,2.54995,2.45005,-0.0001,-0.0726189,-0.0725362
313.0000,1.21974,2.5794,2.5794,5,8.10796e-09,7.55851e-09,5,7.55851e-09,5,1.21894,2.57783,2.57783,4.99997,0.000161058,4.53427e-05,4.99996,4.53427e-05,4.99996,5,5,5,5,1.66832e-08,1.66832e-08,1.66832e-08,1.66832e-08,8.34162e-09,3.75431e-08,3.75448e-08,3.75445e-08,5,5,5,5,1.67943e-08,1.67939e-08,1.67939e-08,1.67939e-08,8.44394e-09,3.78011e-08,3.78007e-08,3.7801e-08,2.45003,2.54997,2.49826,2.50174,2.50174,2.49826,2.54997,2.45003,-0.0001,-0.0725973,-0.0725149
313.5000,1.21974,2.5794,2.5794,5,8.10796e-09,7.55851e-09,5,7.55851e-09,5,1.21894,2.57783,2.57783,4.99997,0.000161058,4.53427e-05,4.99996,4.53427e-05,4.99996,5,5,5,5,1.66832e-08,1.66832e-08,1.66832e-08,1.66832e-08,8.34162e-09,3.75438e-08,3.75445e-08,3.75432e-08,5,5,5,5,1.67943e-08,1.67939e-08,1.67939e-08,1.67939e-08,8.44394e-09,3.78009e-08,3.7801e-08,3.78011e-08,2.45002,2.54998,2.49869,2.50131,2.50131,2.49869,2.54998,2.45002,-0.0001,-0.0725919,-0.0725104
314.0000,1.21974,2.5794,2.5794,5,8.10796e-09,7.55851e-09,5,7.55851e-09,5,1.21894,2.57783,2.57783,4.99997,0.000161058,4.53427e-05,4.99996,4.53427e-05,4.99996,5,5,5,5,1.66832e-08,1.66832e-08,1.66832e-08,1.66832e-08,8.3416e-09,3.75432e-08,3.75433e-08,3.75431e-08,5,5,5,5,1.67943e-08,1.67939e-08,1.67939e-08,1.67939e-08,8.44394e-09,3.78011e-08,3.78011e-08,3.78007e-08,2.45001,2.54999,2.49913,2.50087,2.50087,2.49913,2.54999,2.45001,-0.0001,-0.0726084,-0.0725277
314.5000,1.21974,2.5794,2.5794,5,8.10796e-09,7.55851e-09,5,7.55851e-09,5,1.21894,2.57783,2.57783,4.99997,0.000161058,4.53427e-05,4.99996,4.53427e-05,4.99996,5,5,5,5,1.66832e-08,1.66832e-08,1.66832e-08,1.66832e-08,8.34162e-09,3.7544e-08,3.75448e-08,3.75448e-08,5,5,5,5,1.67943e-08,1.67939e-08,1.67939e-08,1.67939e-08,8.44395e-09,3.78008e-08,3.78007e-08,3.7801e-08,2.45,2.55,2.49956,2.50044,2.50044,2.49956,2.55,2.45,-0.0001,-0.0726465,-0.0725674
315.0000,1.48635,2.5794,2.17814,5,7.82861e-08,7.55851e-09,5,7.59397e-09,4.95175,1.48253,2.57783,2.17665,4.99997,0.000163502,4.53427e-05,4.99996,8.55923e-05,4.94632,5,5,5,1.66832e-08,1.66832e-08,1.66832e-08,1.66832e-08,1.66832e-08,3.67592e-08,3.75439e-08,3.75435e-08,5,5,5,5,1.67901e-08,1.67939e-08,1.67939e-08,1.67939e-08,1.67931e-08,3.72989e-08,3.7801e-08,3.78006e-08,5,2.45,2.55,2.5,2.5,2.5,2.5,2.55,2.45,-0.0001,-0.0743648,-0.0740499
315.5000,1.48635,2.5794,2.17814,5,7.82861e-08,7.55851e-09,5,7.59397e-09,4.95175,1.48253,2.57783,2.17665,4.99997,0.000163502,4.53427e-05,4.99996,8.55923e-05,4.94632,5,5,5,1.66832e-08,1.66832e-08,1.66832e-08,1.66832e-08,1.66832e-08,3.7544e-08,3.75438e-08,3.75445e-08,5,5,5,5,1.679e-08,1.67939e-08,1.67939e-08,1.67939e-08,1.67931e-08,3.78011e-08,3.78007e-08,3.78009e-08,5,2.45,2.55,2.50044,2.49956,2.49956,2.50044,2.55,2.45,-0.0001,-0.0729707,-0.0729085
316.0000,1.48635,2.5794,2.17814,5,7.82861e-08,7.55851e-09,5,7.59397e-09,4.95175,1.48253,2.57783,2.17665,4.99997,0.000163502,4.53427e-05,4.99996,8.55923e-05,4.94632,5,5,5,1.66832e-08,1.66832e-08,1.66832e-08,1.66832e-08,1.66832e-08,3.75424e-08,3.7544e-08,3.75436e-08,5,5,5,5,1.679e-08,1.67939e-08,1.67939e-08,1.67939e-08,1.67931e-08,3.78012e-08,3.7801e-08,3.78008e-08,5,2.45001,2.54999,2.50087,2.49913,2.49913,2.50087,2.54999,2.45001,-0.0001,-0.0727762,-0.0727172
316.5000,1.48635,2.5794,2.17814,5,7.82861e-08,7.55851e-09,5,7.59397e-09,4.95175,1.48253,2.57783,2.17665,4.99997,0.000163502,4.53427e-05,4.99996,8.55923e-05,4.94632,5,5,5,1.66832e-08,1.66832e-08,1.66832e-08,1.66832e-08,1.66832e-08,3.75433e-08,3.7543e-08,3.75442e-08,5,5,5,5,1.679e-08,1.67939e-08,1.67939e-08,1.67939e-08,1.67931e-08,3.78012e-08,3.78007e-08,3.78011e-08,5,2.45002,2.54998,2.50131,2.49869,2.49869,2.50131,2.54998,2.45002,-0.0001,-0.0728028,-0.0727468
317.0000,1.48635,2.5794,2.17814,5,7.82861e-08,7.55851e-09,5,7.59397e-09,4.95175,1.48253,2.57783,2.17665,4.99997,0.000163502,4.53427e-05,4.99996,8.55923e-05,4.94632,5,5,5,1.66832e-08,1.66832e-08,1.66832e-08,1.66832e-08,1.66832e-08,3.75449e-08,3.75447e-08,3.75435e-08,5,5,5,5,1.679e-08,1.67939e-08,1.67939e-08,1.67939e-08,1.67931e-08,3.78007e-08,3.78009e-08,3.7801e-08,5,2.45003,2.54997,2.50174,2.49826,2.49826,2.50174,2.54997,2.45003,-0.0001,-0.0729128,-0.0728582
317.5000,1.48635,2.5794,2.17814,5,7.82861e-08,7.55851e-09,5,7.59397e-09,4.95175,1.48253,2.57783,2.17665,4.99997,0.000163502,4.53427e-05,4.99996,8.55923e-05,4.94632,5,5,5,1.66832e-08,1.66832e-08,1.66832e-08,1.66832e-08,1.66832e-08,3.75445e-08,3.75435e-08,3.75446e-08,5,5,5,5,1.679e-08,1.67939e-08,1.67939e-08,1.67939e-08,1.67931e-08,3.78012e-08,3.78011e-08,3.78008e-08,5,2.45005,2.54995,2.50218,2.49782,2.49782,2.50218,2.54995,2.45005,-0.0001,-0.0730377,-0.0729833
318.0000,1.48635,2.5794,2.17814,5,7.82861e-08,7.55851e-09,5,7.59397e-09,4.95175,1.48253,2.57783,2.17665,4.99997,0.000163502,4.53427e-05,4.99996,8.55923e-05,4.94632,5,5,5,1.66832e-08,1.66832e-08,1.66832e-08,1.66832e-08,1.66832e-08,3.75446e-08,3.75446e-08,3.75442e-08,5,5,5,5,1.679e-08,1.67939e-08,1.67939e-08,1.67939e-08,1.67931e-08,3.78007e-08,3.78008e-08,3.78011e-08,5,2.45007,2.54993,2.50262,2.49738,2.49738,2.50262,2.54993,2.45007,-0.0001,-0.0731674,-0.0731127
318.5000,1.48635,2.5794,2.17814,5,7.82861e-08,7.55851e-09,5,7.59397e-09,4.95175,1.48253,2.57783,2.17665,4.99997,0.000163502,4.53427e-05,4.99996,8.55923e-05,4.94632,5,5,5,1.66832e-08,1.66832e-08,1.66832e-08,1.66832e-08,1.66832e-08,3.75439e-08,3.75442e-08,3.75428e-08,5,5,5,5,1.679e-08,1.67939e-08,1.67939e-08,1.67939e-08,1.67931e-08,3.78007e-08,3.7801e-08,3.78009e-08,5,2.45009,2.54991,2.50305,2.49695,2.49695,2.50305,2.54991,2.45009,-0.0001,-0.0732894,-0.0732497
319.0000,1.48635,2.5794,2.17814,5,7.82861e-08,7.55851e-09,5,7.59397e-09,4.95175,1.48253,2.57783,2.17665,4.99997,0.000163502,4.53427e-05,4.99996,8.55923e-05,4.94632,5,5,5,1.66832e-08,1.66832e-08,1.66832e-08,1.66832e-08,1.66832e-08,3.75447e-08,3.75446e-08,3.75436e-08,5,5,5,5,1.679e-08,1.67939e-08,1.67939e-08,1.67939e-08,1.67931e-08,3.78007e-08,3.78011e-08,3.78011e-08,5,2.45012,2.54988,2.50349,2.49651,2.49651,2.50349,2.54988,2.45012,-0.0001,-0.0733907,-0.0733456
319.5000,1.48635,2.5794,2.17814,5,7.82861e-08,7.55851e-09,5,7.59397e-09,4.95175,1.48253,2.57783,2.17665,4.99997,0.000163502,4.53427e-05,4.99996,8.55923e-05,4.94632,5,5,5,1.66832e-08,1.66832e-08,1.66832e-08,1.66832e-08,1.66832e-08,3.75441e-08,3.75435e-08,3.75434e-08,5,5,5,5,1.679e-08,1.67939e-08,1.67939e-08,1.67939e-08,1.67931e-08,3.78009e-08,3.7801e-08,3.78011e-08,5,2.45015,2.54985,2.50392,2.49608,2.49608,2.50392,2.54985,2.45015,-0.0001,-0.0734402,-0.073393
320.0000,1.48635,2.5794,2.17814,5,7.82861e-08,7.55851e-09,5,7.59397e-09,4.95175,1.48253,2.57783,2.17665,4.99997,0.000163502,4.53427e-05,4.99996,8.55923e-05,4.94632,5,5,5,1.66832e-08,1.66832e-08,1.66832e-08,1.66832e-08,1.66832e-08,3.75433e-08,3.75447e-08,3.75437e-08,5,5,5,5,1.679e-08,1.67939e-08,1.67939e-08,1.67939e-08,1.67931e-08,3.78008e-08,3.78007e-08,3.78008e-08,5,2.45019,2.54981,2.50436,2.49564,2.49564,2.50436,2.54981,2.45019,-0.0001,-0.0734761,-0.0734265
320.5000,1.48635,2.5794,2.17814,5,7.82861e-08,7.55851e-09,5,7.59397e-09,4.95175,1.48253,2.57783,2.17665,4.99997,0.000163502,4.53427e-05,4.99996,8.55923e-05,4.94632,5,5,5,1.66832e-08,1.66832e-08,1.66832e-08,1.66832e-08,1.66832e-08,3.75442e-08,3.75421e-08,3.75439e-08,5,5,5,5,1.679e-08,1.67939e-08,1.67939e-08,1.67939e-08,1.67931e-08,3.7801e-08,3.78008e-08,3.78011e-08,5,2.45023,2.54977,2.50479,2.49521,2.49521,2.50479,2.54977,2.45023,-0.0001,-0.0734999,-0.0734477
321.0000,1.48635,2.5794,2.17814,5,7.82861e-08,7.55851e-09,5,7.59397e-09,4.95175,1.48253,2.57783,2.17665,4.99997,0.000163502,4.53427e-05,4.99996,8.55923e-05,4.94632,5,5,5,1.66832e-08,1.66832e-08,1.66832e-08,1.66832e-08,1.66832e-08,3.75449e-08,3.75426e-08,3.75438e-08,5,5,5,5,1.679e-08,1.67939e-08,1.67939e-08,1.67939e-08,1.67931e-08,3.78009e-08,3.78011e-08,3.78012e-08,5,2.45027,2.54973,2.50523,2.49477,2.49477,2.50523,2.54973,2.45027,-0.0001,-0.0735131,-0.0734581
321.5000,1.48635,2.5794,2.17814,5,7.82861e-08,7.55851e-09,5,7.59397e-09,4.95175,1.48253,2.57783,2.17665,4.99997,0.000163502,4.53427e-05,4.99996,8.55923e-05,4.94632,5,5,5,1.66832e-08,1.66832e-08,1.66832e-08,1.66832e-08,1.66832e-08,3.7543e-08,3.75429e-08,3.75435e-08,5,5,5,5,1.679e-08,1.67939e-08,1.67939e-08,1.67939e-08,1.67931e-08,3.78009e-08,3.78009e-08,3.78011e-08,5,2.45032,2.54968,2.50566,2.49434,2.49434,2.50566,2.54968,2.45032,-0.0001,-0.0735186,-0.0734609
322.0000,1.48635,2.5794,2.17814,5,7.82861e-08,7.55851e-09,5,7.59397e-09,4.95175,1.48253,2.57783,2.17665,4.99997,0.000163502,4.53427e-05,4.99996,8.55923e-05,4.94632,5,5,5,1.66832e-08,1.66832e-08,1.66832e-08,1.66832e-08,1.66832e-08,3.75445e-08,3.7543e-08,3.75442e-08,5,5,5,5,1.679e-08,1.67939e-08,1.67939e-08,1.67939e-08,1.67931e-08,3.78015e-08,3.78009e-08,3.78012e-08,5,2.45037,2.54963,2.50609,2.49391,2.49391,2.50609,2.54963,2.45037,-0.0001,-0.0735194,-0.0734594
322.5000,1.48635,2.5794,2.17814,5,7.82861e-08,7.55851e-09,5,7.59397e-09,4.95175,1.48253,2.57783,2.17665,4.99997,0.000163502,4.53427e-05,4.99996,8.55923e-05,4.94632,5,5,5,1.66832e-08,1.66832e-08,1.66832e-08,1.66832e-08,1.66832e-08,3.75422e-08,3.75446e-08,3.75438e-08,5,5,5,5,1.679e-08,1.67939e-08,1.67939e-08,1.67939e-08,1.67931e-08,3.78017e-08,3.78008e-08,3.78017e-08,5,2.45043,2.54957,2.50653,2.49347,2.49347,2.50653,2.54957,2.45043,-0.0001,-0.0735174,-0.073456
323.0000,1.48635,2.5794,2.17814,5,7.82861e-08,7.55851e-09,5,7.59397e-09,4.95175,1.48253,2.57783,2.17665,4.99997,0.000163502,4.53427e-05,4.99996,8.55923e-05,4.94632,5,5,5,1.66832e-08,1.66832e-08,1.66832e-08,1.66832e-08,1.66832e-08,3.75448e-08,3.75409e-08,3.75443e-08,5,5,5,5,1.679e-08,1.67939e-08,1.67939e-08,1.67939e-08,1.67931e-08,3.78019e-08,3.78007e-08,3.78021e-08,5,2.45048,2.54952,2.50696,2.49304,2.49304,2.50696,2.54952,2.45048,-0.0001,-0.0735136,-0.0734511
323.5000,1.48635,2.5794,2.17814,5,7.82861e-08,7.55851e-09,5,7.59397e-09,4.95175,1.48253,2.57783,2.17665,4.99997,0.000163502,4.53427e-05,4.99996,8.55923e-05,4.94632,5,5,5,1.66832e-08,1.66832e-08,1.66832e-08,1.66832e-08,1.66832e-08,3.75429e-08,3.75425e-08,3.75459e-08,5,5,5,5,1.679e-08,1.67939e-08,1.67939e-08,1.67939e-08,1.67931e-08,3.78025e-08,3.78011e-08,3.78022e-08,5,2.45055,2.54945,2.50739,2.49261,2.49261,2.50739,2.54945,2.45055,-0.0001,-0.0735084,-0.0734451
324.0000,1.48635,2.5794,2.17814,5,7.82861e-08,7.55851e-09,5,7.59397e-09,4.95175,1.48253,2.57783,2.17665,4.99997,0.000163502,4.53427e-05,4.99996,8.55923e-05,4.94632,5,5,5,1.66832e-08,1.66832e-08,1.66832e-08,1.66832e-08,1.66832e-08,3.75452e-08,3.75439e-08,3.75443e-08,5,5,5,5,1.679e-08,1.67939e-08,1.67939e-08,1.67939e-08,1.67931e-08,3.78032e-08,3.7801e-08,3.78033e-08,5,2.45061,2.54939,2.50782,2.49218,2.49218,2.50782,2.54939,2.45061,-0.0001,-0.0735016,-0.0734377
324.5000,1.48635,2.5794,2.17814,5,7.82861e-08,7.55851e-09,5,7.59397e-09,4.95175,1.48253,2.57783,2.17665,4.99997,0.000163502,4.53427e-05,4.99996,8.55923e-05,4.94632,5,5,5,1.66832e-08,1.66832e-08,1.66832e-08,1.66832e-08,1.66832e-08,3.75466e-08,3.75411e-08,3.75461e-08,5,5,5,5,1.679e-08,1.67939e-08,1.67939e-08,1.67939e-08,1.67931e-08,3.78039e-08,3.78008e-08,3.78041e-08,5,2.45068,2.54932,2.50825,2.49175,2.49175,2.50825,2.54932,2.45068,-0.0001,-0.0734933,-0.0734287
325.0000,1.48635,2.5794,2.17814,5,7.82861e-08,7.55851e-09,5,7.59397e-09,4.95175,1.48253,2.57783,2.17665,4.99997,0.000163502,4.53427e-05,4.99996,8.55923e-05,4.94632,5,5,5,1.66832e-08,1.66832e-08,1.66832e-08,1.66832e-08,1.66832e-08,3.75484e-08,3.75429e-08,3.7547e-08,5,5,5,5,1.679e-08,1.67939e-08,1.67939e-08,1.67939e-08,1.67931e-08,3.78051e-08,3.78008e-08,3.78051e-08,5,2.45076,2.54924,2.50868,2.49132,2.49132,2.50868,2.54924,2.45076,-0.0001,-0.0734833,-0.0734182
325.5000,1.48635,2.5794,2.17814,5,7.82861e-08,7.55851e-09,5,7.59397e-09,4.95175,1.48253,2.57783,2.17665,4.99997,0.000163502,4.53427e-05,4.99996,8.55923e-05,4.94632,5,5,5,1.66832e-08,1.66832e-08,1.66832e-08,1.66832e-08,1.66832e-08,3.75484e-08,3.75442e-08,3.75485e-08,5,5,5,5,1.679e-08,1.67939e-08,1.67939e-08,1.67939e-08,1.67931e-08,3.7807e-08,3.7801e-08,3.7807e-08,5,2.45084,2.54916,2.50911,2.49089,2.49089,2.50911,2.54916,2.45084,-0.0001,-0.0734717,-0.073406
326.0000,1.48635,2.5794,2.17814,5,7.82861e-08,7.55851e-09,5,7.59397e-09,4.95175,1.48253,2.57783,2.17665,4.99997,0.000163502,4.53427e-05,4.99996,8.55923e-05,4.94632,5,5,5,1.66832e-08,1.66832e-08,1.66832e-08,1.66832e-08,1.66832e-08,3.75506e-08,3.75429e-08,3.75508e-08,5,5,5,5,1.679e-08,1.67939e-08,1.67939e-08,1.67939e-08,1.67931e-08,3.78091e-08,3.78007e-08,3.7809e-08,5,2.45092,2.54908,2.50954,2.49046,2.49046,2.50954,2.54908,2.45092,-0.0001,-0.0734582,-0.073392
326.5000,1.48635,2.5794,2.17814,5,7.82861e-08,7.55851e-09,5,7.59397e-09,4.95175,1.48253,2.57783,2.17665,4.99997,0.000163502,4.53427e-05,4.99996,8.55923e-05,4.94632,5,5,5,1.66832e-08,1.66832e-08,1.66832e-08,1.66832e-08,1.66832e-08,3.75544e-08,3.75444e-08,3.75538e-08,5,5,5,5,1.679e-08,1.67939e-08,1.67939e-08,1.67939e-08,1.67931e-08,3.78114e-08,3.7801e-08,3.78114e-08,5,2.451,2.549,2.50997,2.49003,2.49003,2.50997,2.549,2.451,-0.0001,-0.0734425,-0.073376
327.0000,1.48635,2.5794,2.17814,5,7.82861e-08,7.55851e-09,5,7.59397e-09,4.95175,1.48253,2.57783,2.17665,4.99997,0.000163502,4.53427e-05,4.99996,8.55923e-05,4.94632,5,5,5,1.66832e-08,1.66832e-08,1.66832e-08,1.66832e-08,1.66832e-08,3.75544e-08,3.75429e-08,3.75571e-08,5,5,5,5,1.679e-08,1.67939e-08,1.67939e-08,1.67939e-08,1.67931e-08,3.78146e-08,3.78007e-08,3.78143e-08,5,2.45109,2.54891,2.5104,2.4896,2.4896,2.5104,2.54891,2.45109,-0.0001,-0.0734242,-0.0733575
327.5000,1.48635,2.5794,2.17814,5,7.82861e-08,7.55851e-09,5,7.59397e-09,4.95175,1.48253,2.57783,2.17665,4.99997,0.000163502,4.53427e-05,4.99996,8.55923e-05,4.94632,5,5,5,1.66832e-08,1.66832e-08,1.66832e-08,1.66832e-08,1.66832e-08,3.75594e-08,3.75446e-08,3.75609e-08,5,5,5,5,1.679e-08,1.67939e-08,1.67939e-08,1.67939e-08,1.67931e-08,3.78184e-08,3.78008e-08,3.78185e-08,5,2.45118,2.54882,2.51082,2.48918,2.48918,2.51082,2.54882,2.45118,-0.0001,-0.0734031,-0.0733364
328.0000,1.48635,2.5794,2.17814,5,7.82861e-08,7.55851e-09,5,7.59397e-09,4.95175,1.48253,2.57783,2.17665,4.99997,0.000163502,4.53427e-05,4.99996,8.55923e-05,4.94632,5,5,5,1.66832e-08,1.66832e-08,1.66832e-08,1.66832e-08,1.66832e-08,3.75645e-08,3.75417e-08,3.75649e-08,5,5,5,5,1.679e-08,1.67939e-08,1.67939e-08,1.67939e-08,1.67931e-08,3.78235e-08,3.7801e-08,3.78236e-08,5,2.45128,2.54872,2.51125,2.48875,2.48875,2.51125,2.54872,2.45128,-0.0001,-0.0733792,-0.073313
328.5000,1.48635,2.5794,2.17814,5,7.82861e-08,7.55851e-09,5,7.59397e-09,4.95175,1.48253,2.57783,2.17665,4.99997,0.000163502,4.53427e-05,4.99996,8.55923e-05,4.94632,5,5,5,1.66832e-08,1.66832e-08,1.66832e-08,1.66832e-08,1.66832e-08,3.75691e-08,3.7544e-08,3.7569e-08,5,5,5,5,1.679e-08,1.67939e-08,1.67939e-08,1.67939e-08,1.67931e-08,3.78298e-08,3.78009e-08,3.783e-08,5,2.45138,2.54862,2.51167,2.48833,2.48833,2.51167,2.54862,2.45138,-0.0001,-0.0733514,-0.073285
329.0000,1.48635,2.5794,2.17814,5,7.82861e-08,7.55851e-09,5,7.59397e-09,4.95175,1.48253,2.57783,2.17665,4.99997,0.000163502,4.53427e-05,4.99996,8.55923e-05,4.94632,5,5,5,1.66832e-08,1.66832e-08,1.66832e-08,1.66832e-08,1.66832e-08,3.75767e-08,3.75449e-08,3.7576e-08,5,5,5,5,1.679e-08,1.67939e-08,1.67939e-08,1.67939e-08,1.67931e-08,3.78376e-08,3.7801e-08,3.78378e-08,5,2.45149,2.54851,2.5121,2.4879,2.4879,2.5121,2.54851,2.45149,-0.0001,-0.073306,-0.0732409
329.5000,1.48635,2.5794,2.17814,5,7.82861e-08,7.55851e-09,5,7.59397e-09,4.95175,1.48253,2.57783,2.17665,4.99997,0.000163502,4.53427e-05,4.99996,8.55923e-05,4.94632,5,5,5,1.66832e-08,1.66832e-08,1.66832e-08,1.66832e-08,1.66832e-08,3.75853e-08,3.75429e-08,3.75847e-08,5,5,5,5,1.679e-08,1.67939e-08,1.67939e-08,1.67939e-08,1.67931e-08,3.7848e-08,3.78011e-08,3.78481e-08,5,2.45159,2.54841,2.51252,2.48748,2.48748,2.51252,2.54841,2.45159,-0.0001,-0.0732615,-0.0732024
330.0000,1.48635,2.5794,2.17814,5,7.82861e-08,7.55851e-09,5,7.59397e-09,4.95175,1.48253,2.57783,2.17665,4.99997,0.000163502,4.53427e-05,4.99996,8.55923e-05,4.94632,5,5,5,1.66832e-08,1.66832e-08,1.66832e-08,1.66832e-08,1.66832e-08,3.75959e-08,3.75442e-08,3.75959e-08,5,5,5,5,1.679e-08,1.67939e-08,1.67939e-08,1.67939e-08,1.67931e-08,3.78607e-08,3.7801e-08,3.78609e-08,5,2.4517,2.5483,2.51294,2.48706,2.48706,2.51294,2.5483,2.4517,-0.0001,-0.0732449,-0.0731919
330.5000,1.48635,2.5794,2.17814,5,7.82861e-08,7.55851e-09,5,7.59397e-09,4.95175,1.48253,2.57783,2.17665,4.99997,0.000163502,4.53427e-05,4.99996,8.55923e-05,4.94632,5,5,5,1.66832e-08,1.66832e-08,1.66832e-08,1.66832e-08,1.66832e-08,3.76103e-08,3.75444e-08,3.76086e-08,5,5,5,5,1.679e-08,1.67939e-08,1.67939e-08,1.67939e-08,1.67931e-08,3.78772e-08,3.78011e-08,3.78774e-08,5,2.45182,2.54818,2.51336,2.48664,2.48664,2.51336,2.54818,2.45182,-0.0001,-0.0732397,-0.0731951
331.0000,1.48635,2.5794,2.17814,5,7.82861e-08,7.55851e-09,5,7.59397e-09,4.95175,1.48253,2.57783,2.17665,4.99997,0.000163502,4.53427e-05,4.99996,8.55923e-05,4.94632,5,5,5,1.66832e-08,1.66832e-08,1.66832e-08,1.66832e-08,1.66832e-08,3.76262e-08,3.75438e-08,3.76266e-08,5,5,5,5,1.679e-08,1.67939e-08,1.67939e-08,1.67939e-08,1.67931e-08,3.78988e-08,3.7801e-08,3.78986e-08,5,2.45194,2.54806,2.51378,2.48622,2.48622,2.51378,2.54806,2.45194,-0.0001,-0.073249,-0.073216
331.5000,1.48635,2.5794,2.17814,5,7.82861e-08,7.55851e-09,5,7.59397e-09,4.95175,1.48253,2.57783,2.17665,4.99997,0.000163502,4.53427e-05,4.99996,8.55923e-05,4.94632,5,5,5,1.66832e-08,1.66832e-08,1.66832e-08,1.66832e-08,1.66832e-08,3.7649e-08,3.75433e-08,3.76474e-08,5,5,5,5,1.679e-08,1.67939e-08,1.67939e-08,1.67939e-08,1.67931e-08,3.79272e-08,3.78011e-08,3.79272e-08,5,2.45206,2.54794,2.5142,2.4858,2.4858,2.5142,2.54794,2.45206,-0.0001,-0.0732767,-0.0732558
332.0000,1.48635,2.5794,2.17814,5,7.82861e-08,7.55851e-09,5,7.59397e-09,4.95175,1.48253,2.57783,2.17665,4.99997,0.000163502,4.53427e-05,4.99996,8.55923e-05,4.94632,5,5,5,1.66832e-08,1.66832e-08,1.66832e-08,1.66832e-08,1.66832e-08,3.7678e-08,3.75446e-08,3.76778e-08,5,5,5,5,1.679e-08,1.67939e-08,1.67939e-08,1.67939e-08,1.67931e-08,3.79762e-08,3.7801e-08,3.79761e-08,5,2.45218,2.54782,2.51462,2.48538,2.48538,2.51462,2.54782,2.45218,-0.0001,-0.0733182,-0.0732941
332.5000,1.48635,2.5794,2.17814,5,7.82861e-08,7.55851e-09,5,7.59397e-09,4.95175,1.48253,2.57783,2.17665,4.99997,0.000163502,4.53427e-05,4.99996,8.55923e-05,4.94632,5,5,5,1.66832e-08,1.66832e-08,1.66832e-08,1.66832e-08,1.66832e-08,3.773e-08,3.75441e-08,3.77294e-08,5,5,5,5,1.679e-08,1.67939e-08,1.67939e-08,1.67939e-08,1.67931e-08,3.80733e-08,3.78007e-08,3.80733e-08,5,2.45231,2.54769,2.51504,2.48496,2.48496,2.51504,2.54769,2.45231,-0.0001,-0.0733481,-0.0733089
333.0000,1.48635,2.5794,2.17814,5,7.82861e-08,7.55851e-09,5,7.59397e-09,4.95175,1.48253,2.57783,2.17665,4.99997,0.000163502,4.53427e-05,4.99996,8.55923e-05,4.94632,5,5,5,1.66832e-08,1.66832e-08,1.66832e-08,1.66832e-08,1.66832e-08,3.78236e-08,3.75429e-08,3.78245e-08,5,5,5,5,1.679e-08,1.67939e-08,1.67939e-08,1.67939e-08,1.67931e-08,3.81789e-08,3.78008e-08,3.81791e-08,5,2.45245,2.54755,2.51545,2.48455,2.48455,2.51545,2.54755,2.45245,-0.0001,-0.073359,-0.073365
333.5000,1.48635,2.5794,2.17814,5,7.82861e-08,7.55851e-09,5,7.59397e-09,4.95175,1.48253,2.57783,2.17665,4.99997,0.000163502,4.53427e-05,4.99996,8.55923e-05,4.94632,5,5,5,1.66832e-08,1.66832e-08,1.66832e-08,1.66832e-08,1.66832e-08,3.79111e-08,3.75447e-08,3.79101e-08,5,5,5,5,1.679e-08,1.67939e-08,1.67939e-08,1.67939e-08,1.67931e-08,3.82924e-08,3.78009e-08,3.82922e-08,5,2.45258,2.54742,2.51587,2.48413,2.48413,2.51587,2.54742,2.45258,-0.0001,-0.0734108,-0.0734483
334.0000,1.48635,2.5794,2.17814,5,7.82861e-08,7.55851e-09,5,7.59397e-09,4.95175,1.48253,2.57783,2.17665,4.99997,0.000163502,4.53427e-05,4.99996,8.55923e-05,4.94632,5,5,5,1.66832e-08,1.66832e-08,1.66832e-08,1.66832e-08,1.66832e-08,3.80023e-08,3.75431e-08,3.8002e-08,5,5,5,5,1.679e-08,1.67939e-08,1.67939e-08,1.67939e-08,1.67931e-08,3.84358e-08,3.7801e-08,3.84356e-08,5,2.45272,2.54728,2.51628,2.48372,2.48372,2.51628,2.54728,2.45272,-0.0001,-0.0734798,-0.0735432
334.5000,1.48635,2.5794,2.17814,5,7.82861e-08,7.55851e-09,5,7.59397e-09,4.95175,1.48253,2.57783,2.17665,4.99997,0.000163502,4.53427e-05,4.99996,8.55923e-05,4.94632,5,5,5,1.66832e-08,1.66832e-08,1.66832e-08,1.66832e-08,1.66832e-08,3.81105e-08,3.75439e-08,3.81108e-08,5,5,5,5,1.679e-08,1.67939e-08,1.67939e-08,1.67939e-08,1.67931e-08,3.863e-08,3.78012e-08,3.86303e-08,5,2.45287,2.54713,2.51669,2.48331,2.48331,2.51669,2.54713,2.45287,-0.0001,-0.0735574,-0.073648
335.0000,1.48635,2.5794,2.17814,5,7.82861e-08,7.55851e-09,5,7.59397e-09,4.95175,1.48253,2.57783,2.17665,4.99997,0.000163502,4.53427e-05,4.99996,8.55923e-05,4.94632,5,5,5,1.66832e-08,1.66832e-08,1.66832e-08,1.66832e-08,1.66832e-08,3.82426e-08,3.7544e-08,3.8243e-08,5,5,5,5,1.679e-08,1.67939e-08,1.67939e-08,1.67939e-08,1.67931e-08,3.89475e-08,3.78007e-08,3.89475e-08,5,2.45301,2.54699,2.5171,2.4829,2.4829,2.5171,2.54699,2.45301,-0.0001,-0.0736423,-0.0737611
335.5000,1.48635,2.5794,2.17814,5,7.82861e-08,7.55851e-09,5,7.59397e-09,4.95175,1.48253,2.57783,2.17665,4.99997,0.000163502,4.53427e-05,4.99996,8.55923e-05,4.94632,5,5,5,1.66832e-08,1.66832e-08,1.66832e-08,1.66832e-08,1.66832e-08,3.84094e-08,3.75449e-08,3.84094e-08,5,5,5,5,1.679e-08,1.67939e-08,1.67939e-08,1.67939e-08,1.67931e-08,3.97732e-08,3.78007e-08,3.97731e-08,5,2.45316,2.54684,2.51751,2.48249,2.48249,2.51751,2.54684,2.45316,-0.0001,-0.0737316,-0.0738789
336.0000,1.48635,2.5794,2.17814,5,7.82861e-08,7.55851e-09,5,7.59397e-09,4.95175,1.48253,2.57783,2.17665,4.99997,0.000163502,4.53427e-05,4.99996,8.55923e-05,4.94632,5,5,5,1.66832e-08,1.66832e-08,1.66832e-08,1.66832e-08,1.66832e-08,3.86478e-08,3.75421e-08,3.86458e-08,5,5,5,5,1.679e-08,1.6794e-08,1.67939e-08,1.6794e-08,1.67931e-08,4.54754e-08,3.78011e-08,4.54755e-08,5,2.45332,2.54668,2.51792,2.48208,2.48208,2.51792,2.54668,2.45332,-0.0001,-0.0738207,-0.0739953
336.5000,1.48635,2.5794,2.17814,5,7.82861e-08,7.55851e-09,5,7.59397e-09,4.95175,1.48253,2.57783,2.17665,4.99997,0.000163502,4.53427e-05,4.99996,8.55923e-05,4.94632,5,5,5,1.66832e-08,1.66832e-08,1.66832e-08,1.66832e-08,1.66832e-08,3.90799e-08,3.75449e-08,3.90798e-08,5,5,5,5,1.679e-08,2.78547e-08,1.67939e-08,2.78546e-08,1.67931e-08,0.000403226,3.78008e-08,0.000403225,5,2.45348,2.54652,2.51833,2.48167,2.48167,2.51833,2.54652,2.45348,-0.0001,-0.0739061,-0.074086
337.0000,1.48635,2.5794,2.17814,5,7.82861e-08,7.55851e-09,5,7.59397e-09,4.95175,2.17483,2.57783,1.48605,8.22581e-05,4.94296,4.53427e-05,4.99996,4.99997,0.00016658,5,5,5,1.66832e-08,1.66832e-08,1.66832e-08,1.66832e-08,1.66832e-08,4.02816e-08,3.75438e-08,4.02816e-08,5,1.34296e-05,5,1.34296e-05,1.679e-08,2.68118e-06,1.67939e-08,2.68118e-06,1.67931e-08,4.59205,3.78008e-08,4.59205,5,2.45364,2.54636,2.51873,2.48127,2.48127,2.51873,2.54636,2.45364,-0.0001,-0.0739852,-0.0747058
337.5000,1.48635,2.5794,2.17814,5,7.82861e-08,7.55851e-09,5,7.59397e-09,4.95175,2.17483,2.57783,1.48437,8.20081e-05,4.94294,4.53427e-05,4.99996,4.99997,0.000166797,5,5,5,1.66832e-08,1.66832e-08,1.66832e-08,1.66832e-08,1.66832e-08,4.65054e-08,3.75431e-08,4.65045e-08,5,1.69125e-08,5,1.69125e-08,1.679e-08,1.68177e-08,1.67939e-08,1.68177e-08,1.67931e-08,5,3.78009e-08,5,5,2.45381,2.54619,2.51913,2.48087,2.48087,2.51913,2.54619,2.45381,-0.0001,-0.0740559,-0.073992
338.0000,1.48635,2.5794,2.17814,5,7.82861e-08,7.55851e-09,5,7.59397e-09,4.95175,2.17483,2.57783,1.48437,8.20082e-05,4.94294,4.53427e-05,4.99996,4.99997,0.000166797,5,5,5,1.66832e-08,1.66832e-08,1.66832e-08,1.66832e-08,1.66832e-08,2.21032e-07,3.75443e-08,2.21032e-07,5,1.6793e-08,5,1.6793e-08,1.679e-08,1.67937e-08,1.67939e-08,1.67937e-08,1.67931e-08,5,3.78007e-08,5,5,2.45397,2.54603,2.51954,2.48046,2.48046,2.51954,2.54603,2.45397,-0.0001,-0.0741158,-0.0739047
338.5000,1.48635,2.5794,2.17814,5,7.82861e-08,7.55851e-09,5,7.59397e-09,4.95175,2.17483,2.57783,1.48437,8.20082e-05,4.94294,4.53427e-05,4.99996,4.99997,0.000166797,5,5,5,1.66832e-08,1.66832e-08,1.66832e-08,1.66832e-08,1.66832e-08,0.0386783,3.7543e-08,0.0386781,5,1.6791e-08,5,1.6791e-08,1.679e-08,1.67933e-08,1.67939e-08,1.67933e-08,1.67931e-08,5,3.78009e-08,5,5,2.45415,2.54585,2.51994,2.48006,2.48006,2.51994,2.54585,2.45415,-0.0001,-0.0743321,-0.0738261
339.0000,2.17814,2.5794,1.4901,7.59397e-09,4.95175,7.55851e-09,5,5,1.16442e-07,2.17483,2.57783,1.48437,8.20082e-05,4.94294,4.53427e-05,4.99996,4.99997,0.000166797,1.8879e-08,5,1.8879e-08,1.66832e-08,1.66832e-08,1.66832e-08,1.66832e-08,1.66832e-08,4.24906,3.7543e-08,4.24906,5,1.67905e-08,5,1.67905e-08,1.679e-08,1.67932e-08,1.67939e-08,1.67932e-08,1.67931e-08,5,3.78008e-08,5,5,2.45432,2.54568,2.52034,2.47966,2.47966,2.52034,2.54568,2.45432,-0.0001,-0.0751004,-0.0737568
339.5000,2.17814,2.5794,1.48637,7.59397e-09,4.95175,7.55851e-09,5,5,7.83172e-08,2.17483,2.57783,1.48437,8.20082e-05,4.94294,4.53427e-05,4.99996,4.99997,0.000166797,1.66881e-08,5,1.66881e-08,1.66832e-08,1.66832e-08,1.66832e-08,1.66832e-08,1.66832e-08,4.99419,3.75435e-08,4.99419,5,1.67903e-08,5,1.67903e-08,1.679e-08,1.67932e-08,1.67939e-08,1.67932e-08,1.67931e-08,5,3.78007e-08,5,5,2.4545,2.5455,2.52073,2.47927,2.47927,2.52073,2.5455,2.4545,-0.0001,-0.0741029,-0.0737258
340.0000,2.17814,2.5794,1.48635,7.59397e-09,4.95175,7.55851e-09,5,5,7.82861e-08,2.17483,2.57783,1.48437,8.20082e-05,4.94294,4.53427e-05,4.99996,4.99997,0.000166797,1.66832e-08,5,1.66832e-08,1.66832e-08,1.66832e-08,1.66832e-08,1.66832e-08,1.66832e-08,5,3.7545e-08,5,5,1.67902e-08,5,1.67902e-08,1.679e-08,1.67931e-08,1.67939e-08,1.67931e-08,1.67931e-08,5,3.78008e-08,5,5,2.45468,2.54532,2.52113,2.47887,2.47887,2.52113,2.54532,2.45468,-0.0001,-0.0740659,-0.0737035
340.5000,2.17814,2.5794,1.48635,7.59397e-09,4.95175,7.55851e-09,5,5,7.82861e-08,2.17483,2.57783,1.48437,8.20082e-05,4.94294,4.53427e-05,4.99996,4.99997,0.000166797,1.66832e-08,5,1.66832e-08,1.66832e-08,1.66832e-08,1.66832e-08,1.66832e-08,1.66832e-08,5,3.75429e-08,5,5,1.67902e-08,5,1.67902e-08,1.679e-08,1.67931e-08,1.67939e-08,1.67931e-08,1.67931e-08,5,3.78008e-08,5,5,2.45487,2.54513,2.52153,2.47847,2.47847,2.52153,2.54513,2.45487,-0.0001,-0.0740397,-0.0736849
341.0000,2.17814,2.5794,1.48635,7.59397e-09,4.95175,7.55851e-09,5,5,7.82861e-08,2.17483,2.57783,1.48437,8.20082e-05,4.94294,4.53427e-05,4.99996,4.99997,0.000166797,1.66832e-08,5,1.66832e-08,1.66832e-08,1.66832e-08,1.66832e-08,1.66832e-08,1.66832e-08,5,3.75428e-08,5,5,1.67902e-08,5,1.67902e-08,1.679e-08,1.67931e-08,1.67939e-08,1.67931e-08,1.67931e-08,5,3.78007e-08,5,5,2.45506,2.54494,2.52192,2.47808,2.47808,2.52192,2.54494,2.45506,-0.0001,-0.0740161,-0.073669
341.5000,2.17814,2.5794,1.48635,7.59397e-09,4.95175,7.55851e-09,5,5,7.82861e-08,2.17483,2.57783,1.48437,8.20082e-05,4.94294,4.53427e-05,4.99996,4.99997,0.000166797,1.66832e-08,5,1.66832e-08,1.66832e-08,1.66832e-08,1.66832e-08,1.66832e-08,1.66832e-08,5,3.7543e-08,5,5,1.67901e-08,5,1.67901e-08,1.679e-08,1.67931e-08,1.67939e-08,1.67931e-08,1.67931e-08,5,3.78009e-08,5,5,2.45525,2.54475,2.52231,2.47769,2.47769,2.52231,2.54475,2.45525,-0.0001,-0.0739958,-0.0736556
342.0000,2.17814,2.5794,1.48635,7.59397e-09,4.95175,7.55851e-09,5,5,7.82861e-08,2.17483,2.57783,1.48437,8.20082e-05,4.94294,4.53427e-05,4.99996,4.99997,0.000166797,1.66832e-08,5,1.66832e-08,1.66832e-08,1.66832e-08,1.66832e-08,1.66832e-08,1.66832e-08,5,3.75435e-08,5,5,1.67901e-08,5,1.67901e-08,1.679e-08,1.67931e-08,1.67939e-08,1.67931e-08,1.67931e-08,5,3.7801e-08,5,5,2.45545,2.54455,2.5227,2.4773,2.4773,2.5227,2.54455,2.45545,-0.0001,-0.0739786,-0.0736447
342.5000,2.17814,2.5794,1.48635,7.59397e-09,4.95175,7.55851e-09,5,5,7.82861e-08,2.17483,2.57783,1.48437,8.20082e-05,4.94294,4.53427e-05,4.99996,4.99997,0.000166797,1.66832e-08,5,1.66832e-08,1.66832e-08,1.66832e-08,1.66832e-08,1.66832e-08,1.66832e-08,5,3.75449e-08,5,5,1.67901e-08,5,1.67901e-08,1.679e-08,1.67931e-08,1.67939e-08,1.67931e-08,1.67931e-08,5,3.78007e-08,5,5,2.45565,2.54435,2.52309,2.47691,2.47691,2.52309,2.54435,2.45565,-0.0001,-0.0739642,-0.0736359
343.0000,2.17814,2.5794,1.48635,7.59397e-09,4.95175,7.55851e-09,5,5,7.82861e-08,2.17483,2.57783,1.48437,8.20082e-05,4.94294,4.53427e-05,4.99996,4.99997,0.000166797,1.66832e-08,5,1.66832e-08,1.66832e-08,1.66832e-08,1.66832e-08,1.66832e-08,1.66832e-08,5,3.75413e-08,5,5,1.67901e-08,5,1.67901e-08,1.679e-08,1.67931e-08,1.67939e-08,1.67931e-08,1.67931e-08,5,3.78011e-08,5,5,2.45585,2.54415,2.52347,2.47653,2.47653,2.52347,2.54415,2.45585,-0.0001,-0.0739522,-0.0736287
343.5000,2.17814,2.5794,1.48635,7.59397e-09,4.95175,7.55851e-09,5,5,7.82861e-08,2.17483,2.57783,1.48437,8.20082e-05,4.94294,4.53427e-05,4.99996,4.99997,0.000166797,1.66832e-08,5,1.66832e-08,1.66832e-08,1.66832e-08,1.66832e-08,1.66832e-08,1.66832e-08,5,3.75431e-08,5,5,1.67901e-08,5,1.67901e-08,1.679e-08,1.67931e-08,1.67939e-08,1.67931e-08,1.67931e-08,5,3.78009e-08,5,5,2.45606,2.54394,2.52386,2.47614,2.47614,2.52386,2.54394,2.45606,-0.0001,-0.0739421,-0.0736229
344.0000,2.17814,2.5794,1.48635,7.59397e-09,4.95175,7.55851e-09,5,5,7.82861e-08,2.17483,2.57783,1.48437,8.20082e-05,4.94294,4.53427e-05,4.99996,4.99997,0.000166797,1.66832e-08,5,1.66832e-08,1.66832e-08,1.66832e-08,1.66832e-08,1.66832e-08,1.66832e-08,5,3.7544e-08,5,5,1.67901e-08,5,1.67901e-08,1.679e-08,1.67931e-08,1.67939e-08,1.67931e-08,1.67931e-08,5,3.78008e-08,5,5,2.45627,2.54373,2.52424,2.47576,2.47576,2.52424,2.54373,2.45627,-0.0001,-0.0739338,-0.0736184
344.5000,2.17814,2.5794,1.48635,7.59397e-09,4.95175,7.55851e-09,5,5,7.82861e-08,2.17483,2.57783,1.48437,8.20082e-05,4.94294,4.53427e-05,4.99996,4.99997,0.000166797,1.66832e-08,5,1.66832e-08,1.66832e-08,1.66832e-08,1.66832e-08,1.66832e-08,1.66832e-08,5,3.75438e-08,5,5,1.67901e-08,5,1.67901e-08,1.679e-08,1.67931e-08,1.67939e-08,1.67931e-08,1.67931e-08,5,3.7801e-08,5,5,2.45648,2.54352,2.52462,2.47538,2.47538,2.52462,2.54352,2.45648,-0.0001,-0.073927,-0.0736148
345.0000,2.17814,2.5794,1.48635,7.59397e-09,4.95175,7.55851e-09,5,5,7.82861e-08,2.17483,2.57783,1.48437,8.20082e-05,4.94294,4.53427e-05,4.99996,4.99997,0.000166797,1.66832e-08,5,1.66832e-08,1.66832e-08,1.66832e-08,1.66832e-08,1.66832e-08,1.66832e-08,5,3.75437e-08,5,5,1.67901e-08,5,1.67901e-08,1.679e-08,1.67931e-08,1.67939e-08,1.67931e-08,1.67931e-08,5,3.78011e-08,5,5,2.4567,2.5433,2.525,2.475,2.475,2.525,2.5433,2.4567,-0.0001,-0.0739215,-0.0736121
345.5000,2.17814,2.5794,1.48635,7.59397e-09,4.95175,7.55851e-09,5,5,7.82861e-08,2.17483,2.57783,1.48437,8.20082e-05,4.94294,4.53427e-05,4.99996,4.99997,0.000166797,1.66832e-08,5,1.66832e-08,1.66832e-08,1.66832e-08,1.66832e-08,1.66832e-08,1.66832e-08,5,3.75435e-08,5,5,1.67901e-08,5,1.67901e-08,1.679e-08,1.67931e-08,1.67939e-08,1.67931e-08,1.67931e-08,5,3.78007e-08,5,5,2.45692,2.54308,2.52538,2.47462,2.47462,2.52538,2.54308,2.45692,-0.0001,-0.0739172,-0.0736103
346.0000,2.17814,2.5794,1.48635,7.59397e-09,4.95175,7.55851e-09,5,5,7.82861e-08,2.17483,2.57783,1.48437,8.20082e-05,4.94294,4.53427e-05,4.99996,4.99997,0.000166797,1.66832e-08,5,1.66832e-08,1.66832e-08,1.66832e-08,1.66832e-08,1.66832e-08,1.66832e-08,5,3.75439e-08,5,5,1.67901e-08,5,1.67901e-08,1.679e-08,1.67931e-08,1.67939e-08,1.67931e-08,1.67931e-08,5,3.7801e-08,5,5,2.45714,2.54286,2.52575,2.47425,2.47425,2.52575,2.54286,2.45714,-0.0001,-0.073914,-0.0736091
346.5000,2.17814,2.5794,1.48635,7.59397e-09,4.95175,7.55851e-09,5,5,7.82861e-08,2.17483,2.57783,1.48437,8.20082e-05,4.94294,4.53427e-05,4.99996,4.99997,0.000166797,1.66832e-08,5,1.66832e-08,1.66832e-08,1.66832e-08,1.66832e-08,1.66832e-08,1.66832e-08,5,3.75442e-08,5,5,1.67901e-08,5,1.67901e-08,1.679e-08,1.67931e-08,1.67939e-08,1.67931e-08,1.67931e-08,5,3.7801e-08,5,5,2.45737,2.54263,2.52613,2.47387,2.47387,2.52613,2.54263,2.45737,-0.0001,-0.0739116,-0.0736085
347.0000,2.17814,2.5794,1.48635,7.59397e-09,4.95175,7.55851e-09,5,5,7.82861e-08,2.17483,2.57783,1.48437,8.20082e-05,4.94294,4.53427e-05,4.99996,4.99997,0.000166797,1.66832e-08,5,1.66832e-08,1.66832e-08,1.66832e-08,1.66832e-08,1.66832e-08,1.66832e-08,5,3.75434e-08,5,5,1.67901e-08,5,1.67901e-08,1.679e-08,1.67931e-08,1.67939e-08,1.67931e-08,1.67931e-08,5,3.78011e-08,5,5,2.4576,2.5424,2.5265,2.4735,2.4735,2.5265,2.5424,2.4576,-0.0001,-0.0739102,-0.0736085
347.5000,2.17814,2.5794,1.48635,7.59397e-09,4.95175,7.55851e-09,5,5,7.82861e-08,2.17483,2.57783,1.48437,8.20082e-05,4.94294,4.53427e-05,4.99996,4.99997,0.000166797,1.66832e-08,5,1.66832e-08,1.66832e-08,1.66832e-08,1.66832e-08,1.66832e-08,1.66832e-08,5,3.75431e-08,5,5,1.67901e-08,5,1.67901e-08,1.679e-08,1.67931e-08,1.67939e-08,1.67931e-08,1.67931e-08,5,3.78011e-08,5,5,2.45783,2.54217,2.52687,2.47313,2.47313,2.52687,2.54217,2.45783,-0.0001,-0.0739094,-0.0736089
348.0000,2.17814,2.5794,1.48635,7.59397e-09,4.95175,7.55851e-09,5,5,7.82861e-08,2.17483,2.57783,1.48437,8.20082e-05,4.94294,4.53427e-05,4.99996,4.99997,0.000166797,1.66832e-08,5,1.66832e-08,1.66832e-08,1.66832e-08,1.66832e-08,1.66832e-08,1.66832e-08,5,3.75446e-08,5,5,1.67901e-08,5,1.67901e-08,1.679e-08,1.67931e-08,1.67939e-08,1.67931e-08,1.67931e-08,5,3.78011e-08,5,5,2.45806,2.54194,2.52723,2.47277,2.47277,2.52723,2.54194,2.45806,-0.0001,-0.0739092,-0.0736097
348.5000,2.17814,2.5794,1.48635,7.59397e-09,4.95175,7.55851e-09,5,5,7.82861e-08,2.17483,2.57783,1.48437,8.20082e-05,4.94294,4.53427e-05,4.99996,4.99997,0.000166797,1.66832e-08,5,1.66832e-08,1.66832e-08,1.66832e-08,1.66832e-08,1.66832e-08,1.66832e-08,5,3.75425e-08,5,5,1.67901e-08,5,1.67901e-08,1.679e-08,1.67931e-08,1.67939e-08,1.67931e-08,1.67931e-08,5,3.7801e-08,5,5,2.4583,2.5417,2.5276,2.4724,2.4724,2.5276,2.5417,2.4583,-0.0001,-0.0739096,-0.0736108
349.0000,2.17814,2.5794,1.48635,7.59397e-09,4.95175,7.55851e-09,5,5,7.82861e-08,2.17483,2.57783,1.48437,8.20082e-05,4.94294,4.53427e-05,4.99996,4.99997,0.000166797,1.66832e-08,5,1.66832e-08,1.66832e-08,1.66832e-08,1.66832e-08,1.66832e-08,1.66832e-08,5,3.7544e-08,5,5,1.67901e-08,5,1.67901e-08,1.679e-08,1.67931e-08,1.67939e-08,1.67931e-08,1.67931e-08,5,3.78007e-08,5,5,2.45855,2.54145,2.52796,2.47204,2.47204,2.52796,2.54145,2.45855,-0.0001,-0.0739104,-0.0736122
349.5000,2.17814,2.5794,1.48635,7.59397e-09,4.95175,7.55851e-09,5,5,7.82861e-08,2.17483,2.57783,1.48437,8.20082e-05,4.94294,4.53427e-05,4.99996,4.99997,0.000166797,1.66832e-08,5,1.66832e-08,1.66832e-08,1.66832e-08,1.66832e-08,1.66832e-08,1.66832e-08,5,3.75426e-08,5,5,1.67901e-08,5,1.67901e-08,1.679e-08,1.67931e-08,1.67939e-08,1.67931e-08,1.67931e-08,5,3.78011e-08,5,5,2.45879,2.54121,2.52832,2.47168,2.47168,2.52832,2.54121,2.45879,-0.0001,-0.0739115,-0.0736137
350.0000,2.17814,2.5794,1.48635,7.59397e-09,4.95175,7.55851e-09,5,5,7.82861e-08,2.17483,2.57783,1.48437,8.20082e-05,4.94294,4.53427e-05,4.99996,4.99997,0.000166797,1.66832e-08,5,1.66832e-08,1.66832e-08,1.66832e-08,1.66832e-08,1.66832e-08,1.66832e-08,5,3.75434e-08,5,5,1.67901e-08,5,1.67901e-08,1.679e-08,1.67931e-08,1.67939e-08,1.67931e-08,1.67931e-08,5,3.78007e-08,5,5,2.45904,2.54096,2.52868,2.47132,2.47132,2.52868,2.54096,2.45904,-0.0001,-0.0739128,-0.0736153
350.5000,2.17814,2.5794,1.48635,7.59397e-09,4.95175,7.55851e-09,5,5,7.82861e-08,2.17483,2.57783,1.48437,8.20082e-05,4.94294,4.53427e-05,4.99996,4.99997,0.000166797,1.66832e-08,5,1.66832e-08,1.66832e-08,1.66832e-08,1.66832e-08,1.66832e-08,1.66832e-08,5,3.75445e-08,5,5,1.67901e-08,5,1.67901e-08,1.679e-08,1.67931e-08,1.67939e-08,1.67931e-08,1.67931e-08,5,3.78007e-08,5,5,2.45929,2.54071,2.52904,2.47096,2.47096,2.52904,2.54071,2.45929,-0.0001,-0.0739139,-0.0736165
351.0000,2.17814,2.5794,1.48635,7.59397e-09,4.95175,7.55851e-09,5,5,7.82861e-08,2.17483,2.57783,1.48437,8.20082e-05,4.94294,4.53427e-05,4.99996,4.99997,0.000166797,1.66832e-08,5,1.66832e-08,1.66832e-08,1.66832e-08,1.66832e-08,1.66832e-08,1.66832e-08,5,3.75428e-08,5,5,1.67901e-08,5,1.67901e-08,1.679e-08,1.67931e-08,1.67939e-08,1.67931e-08,1.67931e-08,5,3.78009e-08,5,5,2.45955,2.54045,2.52939,2.47061,2.47061,2.52939,2.54045,2.45955,-0.0001,-0.0739141,-0.0736167
351.5000,2.17814,2.5794,1.48635,7.59397e-09,4.95175,7.55851e-09,5,5,7.82861e-08,2.17483,2.57783,1.48437,8.20082e-05,4.94294,4.53427e-05,4.99996,4.99997,0.000166797,1.66832e-08,5,1.66832e-08,1.66832e-08,1.66832e-08,1.66832e-08,1.66832e-08,1.66832e-08,5,3.75442e-08,5,5,1.67901e-08,5,1.67901e-08,1.679e-08,1.67931e-08,1.67939e-08,1.67931e-08,1.67931e-08,5,3.78006e-08,5,5,2.45981,2.54019,2.52974,2.47026,2.47026,2.52974,2.54019,2.45981,-0.0001,-0.073912,-0.0736146
352.0000,2.17814,2.5794,1.48635,7.59397e-09,4.95175,7.55851e-09,5,5,7.82861e-08,2.17483,2.57783,1.48437,8.20082e-05,4.94294,4.53427e-05,4.99996,4.99997,0.000166797,1.66832e-08,5,1.66832e-08,1.66832e-08,1.66832e-08,1.66832e-08,1.66832e-08,1.66832e-08,5,3.75425e-08,5,5,1.67901e-08,5,1.67901e-08,1.679e-08,1.67931e-08,1.67939e-08,1.67931e-08,1.67931e-08,5,3.78009e-08,5,5,2.46007,2.53993,2.53009,2.46991,2.46991,2.53009,2.53993,2.46007,-0.0001,-0.0739069,-0.0736094
352.5000,2.17814,2.5794,1.48635,7.59397e-09,4.95175,7.55851e-09,5,5,7.82861e-08,2.17483,2.57783,1.48437,8.20082e-05,4.94294,4.53427e-05,4.99996,4.99997,0.000166797,1.66832e-08,5,1.66832e-08,1.66832e-08,1.66832e-08,1.66832e-08,1.66832e-08,1.66832e-08,5,3.75434e-08,5,5,1.67901e-08,5,1.67901e-08,1.679e-08,1.67931e-08,1.67939e-08,1.67931e-08,1.67931e-08,5,3.78008e-08,5,5,2.46033,2.53967,2.53044,2.46956,2.46956,2.53044,2.53967,2.46033,-0.0001,-0.0738994,-0.0736017
353.0000,2.17814,2.5794,1.48635,7.59397e-09,4.95175,7.55851e-09,5,5,7.82861e-08,2.17483,2.57783,1.48437,8.20082e-05,4.94294,4.53427e-05,4.99996,4.99997,0.000166797,1.66832e-08,5,1.66832e-08,1.66832e-08,1.66832e-08,1.66832e-08,1.66832e-08,1.66832e-08,5,3.7544e-08,5,5,1.67901e-08,5,1.67901e-08,1.679e-08,1.67931e-08,1.67939e-08,1.67931e-08,1.67931e-08,5,3.78004e-08,5,5,2.4606,2.5394,2.53078,2.46922,2.46922,2.53078,2.5394,2.4606,-0.0001,-0.0738905,-0.0735925
353.5000,2.17814,2.5794,1.48635,7.59397e-09,4.95175,7.55851e-09,5,5,7.82861e-08,2.17483,2.57783,1.48437,8.20082e-05,4.94294,4.53427e-05,4.99996,4.99997,0.000166797,1.66832e-08,5,1.66832e-08,1.66832e-08,1.66832e-08,1.66832e-08,1.66832e-08,1.66832e-08,5,3.75432e-08,5,5,1.67901e-08,5,1.67901e-08,1.679e-08,1.67931e-08,1.67939e-08,1.67931e-08,1.67931e-08,5,3.78003e-08,5,5,2.46087,2.53913,2.53113,2.46887,2.46887,2.53113,2.53913,2.46087,-0.0001,-0.0738814,-0.073583
354.0000,2.17814,2.5794,1.48635,7.59397e-09,4.95175,7.55851e-09,5,5,7.82861e-08,2.17483,2.57783,1.48437,8.20082e-05,4.94294,4.53427e-05,4.99996,4.99997,0.000166797,1.66832e-08,5,1.66832e-08,1.66832e-08,1.66832e-08,1.66832e-08,1.66832e-08,1.66832e-08,5,3.75417e-08,5,5,1.67901e-08,5,1.67901e-08,1.679e-08,1.67931e-08,1.67939e-08,1.67931e-08,1.67931e-08,5,3.77993e-08,5,5,2.46114,2.53886,2.53147,2.46853,2.46853,2.53147,2.53886,2.46114,-0.0001,-0.0738736,-0.0735748
354.5000,2.17814,2.5794,1.48635,7.59397e-09,4.95175,7.55851e-09,5,5,7.82861e-08,2.17483,2.57783,1.48437,8.20082e-05,4.94294,4.53427e-05,4.99996,4.99997,0.000166797,1.66832e-08,5,1.66832e-08,1.66832e-08,1.66832e-08,1.66832e-08,1.66832e-08,1.66832e-08,5,3.75414e-08,5,5,1.67901e-08,5,1.67901e-08,1.679e-08,1.67931e-08,1.67939e-08,1.67931e-08,1.67931e-08,5,3.77974e-08,5,5,2.46142,2.53858,2.5318,2.4682,2.4682,2.5318,2.53858,2.46142,-0.0001,-0.0738703,-0.073571
355.0000,2.17814,2.5794,1.48635,7.59397e-09,4.95175,7.55851e-09,5,5,7.82861e-08,2.17483,2.57783,1.48437,8.20082e-05,4.94294,4.53427e-05,4.99996,4.99997,0.000166797,1.66832e-08,5,1.66832e-08,1.66832e-08,1.66832e-08,1.66832e-08,1.66832e-08,1.66832e-08,5,3.75362e-08,5,5,1.67901e-08,5,1.67901e-08,1.679e-08,1.67931e-08,1.67939e-08,1.67931e-08,1.67931e-08,5,3.77925e-08,5,5,2.4617,2.5383,2.53214,2.46786,2.46786,2.53214,2.5383,2.4617,-0.0001,-0.0738777,-0.0735778
355.5000,2.17814,2.5794,1.48635,7.59397e-09,4.95175,7.55851e-09,5,5,7.82861e-08,2.17483,2.57783,1.48437,8.20082e-05,4.94294,4.53427e-05,4.99996,4.99997,0.000166797,1.66832e-08,5,1.66832e-08,1.66832e-08,1.66832e-08,1.66832e-08,1.66832e-08,1.66832e-08,5,3.75251e-08,5,5,1.67901e-08,5,1.67901e-08,1.679e-08,1.67931e-08,1.67939e-08,1.67931e-08,1.67931e-08,5,3.77813e-08,5,5,2.46198,2.53802,2.53247,2.46753,2.46753,2.53247,2.53802,2.46198,-0.0001,-0.0739074,-0.0736062
356.0000,2.17814,2.5794,1.48635,7.59397e-09,4.95175,7.55851e-09,5,5,7.82861e-08,2.17483,2.57783,1.48437,8.20082e-05,4.94294,4.53427e-05,4.99996,4.99997,0.000166797,1.66832e-08,5,1.66832e-08,1.66832e-08,1.66832e-08,1.66832e-08,1.66832e-08,1.66832e-08,5,3.75044e-08,5,5,1.67901e-08,5,1.67901e-08,1.679e-08,1.67931e-08,1.67939e-08,1.67931e-08,1.67931e-08,5,3.77588e-08,5,5,2.46226,2.53774,2.5328,2.4672,2.4672,2.5328,2.53774,2.46226,-0.0001,-0.0739761,-0.073672
356.5000,2.17814,2.5794,1.48635,7.59397e-09,4.95175,7.55851e-09,5,5,7.82861e-08,2.17483,2.57783,1.48437,8.20082e-05,4.94294,4.53427e-05,4.99996,4.99997,0.000166797,1.66832e-08,5,1.66832e-08,1.66832e-08,1.66832e-08,1.66832e-08,1.66832e-08,1.66832e-08,5,3.74591e-08,5,5,1.67901e-08,5,1.67901e-08,1.679e-08,1.67931e-08,1.67939e-08,1.67931e-08,1.67931e-08,5,3.77091e-08,5,5,2.46255,2.53745,2.53313,2.46687,2.46687,2.53313,2.53745,2.46255,-0.0001,-0.0741195,-0.0738048
357.0000,2.17814,2.5794,1.48635,7.59397e-09,4.95175,7.55851e-09,5,5,7.82861e-08,2.17483,2.57783,1.48437,8.20082e-05,4.94294,4.53427e-05,4.99996,4.99997,0.000166797,1.66832e-08,5,1.66832e-08,1.66832e-08,1.66832e-08,1.66832e-08,1.66832e-08,1.66832e-08,5,3.72659e-08,5,5,1.67901e-08,5,1.67901e-08,1.679e-08,1.67931e-08,1.67939e-08,1.67931e-08,1.67931e-08,5,3.75024e-08,5,5,2.46284,2.53716,2.53346,2.46654,2.46654,2.53346,2.53716,2.46284,-0.0001,-0.0744317,-0.0741012
357.5000,2.17814,2.5794,1.48635,7.59397e-09,4.95175,7.55851e-09,5,5,7.82861e-08,2.17483,2.57783,1.48437,8.20082e-05,4.94294,4.53427e-05,4.99996,4.99997,0.000166797,1.66832e-08,5,1.66832e-08,1.66832e-08,1.66832e-08,1.66832e-08,1.66832e-08,1.66832e-08,5,3.6938e-08,5,5,1.67901e-08,5,1.67901e-08,1.679e-08,1.67931e-08,1.67939e-08,1.67931e-08,1.67931e-08,5,3.71382e-08,5,5,2.46314,2.53686,2.53378,2.46622,2.46622,2.53378,2.53686,2.46314,-0.0001,-0.0746569,-0.0743538
358.0000,2.17814,2.5794,1.48635,7.59397e-09,4.95175,7.55851e-09,5,5,7.82861e-08,2.17483,2.57783,1.48437,8.20082e-05,4.94294,4.53427e-05,4.99996,4.99997,0.000166797,1.66832e-08,5,1.66832e-08,1.66832e-08,1.66832e-08,1.66832e-08,1.66832e-08,1.66832e-08,5,3.56888e-08,5,5,1.67901e-08,5,1.67901e-08,1.679e-08,1.67931e-08,1.6794e-08,1.67931e-08,1.67931e-08,5,3.08874e-08,5,5,2.46343,2.53657,2.5341,2.4659,2.4659,2.5341,2.53657,2.46343,-0.0001,-0.0749797,-0.0746456
358.5000,2.17814,2.5794,1.48635,7.59397e-09,4.95175,7.55851e-09,5,5,7.82861e-08,2.17483,2.57783,1.48437,8.20082e-05,4.94294,4.53427e-05,4.99996,4.99997,0.000166797,1.66832e-08,5,1.66832e-08,1.66832e-08,1.66832e-08,1.66832e-08,1.66832e-08,1.66832e-08,5,8.84372e-09,5,5,1.67901e-08,5,1.67901e-08,1.679e-08,1.67931e-08,1.67943e-08,1.67931e-08,1.67931e-08,5,8.76145e-09,5,5,2.46373,2.53627,2.53442,2.46558,2.46558,2.53442,2.53627,2.46373,-0.0001,-0.0751015,-0.074692
359.0000,2.17814,2.5794,1.48635,7.59397e-09,4.95175,7.55851e-09,5,5,7.82861e-08,2.17483,2.57783,1.48437,8.20082e-05,4.94294,4.53427e-05,4.99996,4.99997,0.000166797,1.66832e-08,5,1.66832e-08,1.66832e-08,1.66832e-08,1.66832e-08,1.66832e-08,1.66832e-08,5,8.59439e-09,5,5,1.67901e-08,5,1.67901e-08,1.679e-08,1.67931e-08,1.67943e-08,1.67931e-08,1.67931e-08,5,8.60462e-09,5,5,2.46403,2.53597,2.53473,2.46527,2.46527,2.53473,2.53597,2.46403,-0.0001,-0.0750963,-0.0746804
359.5000,2.17814,2.5794,1.48635,7.59397e-09,4.95175,7.55851e-09,5,5,7.82861e-08,2.17483,2.57783,1.48437,8.20082e-05,4.94294,4.53427e-05,4.99996,4.99997,0.000166797,1.66832e-08,5,1.66832e-08,1.66832e-08,1.66832e-08,1.66832e-08,1.66832e-08,1.66832e-08,5,8.5352e-09,5,5,1.67901e-08,5,1.67901e-08,1.679e-08,1.67931e-08,1.67943e-08,1.67931e-08,1.67931e-08,5,8.58071e-09,5,5,2.46434,2.53566,2.53505,2.46495,2.46495,2.53505,2.53566,2.46434,-0.0001,-0.0750974,-0.0746795
360.0000,2.17814,2.5794,1.48635,7.59397e-09,4.95175,7.55851e-09,5,5,7.82861e-08,2.17483,2.57783,1.48437,8.20082e-05,4.94294,4.53427e-05,4.99996,4.99997,0.000166797,1.66832e-08,5,1.66832e-08,1.66832e-08,1.66832e-08,1.66832e-08,1.66832e-08,1.66832e-08,5,8.51183e-09,5,5,1.67901e-08,5,1.67901e-08,1.679e-08,1.67931e-08,1.67943e-08,1.67931e-08,1.67931e-08,5,8.56193e-09,5,5,2.46464,2.53536,2.53536,2.46464,2.46464,2.53536,2.53536,2.46464,-0.0001,-0.0750999,-0.0746808
