angulo,X,Y,Z,XP,XN,YP,YN,ZP,ZN,Xr,Yr,Zr,XPr,XNr,YPr,YNr,ZPr,ZNr,X1,X2,X3,X4,Y1,Y2,Y3,Y4,Z1,Z2,Z3,Z4,X1r,X2r,X3r,X4r,Y1r,Y2r,Y3r,Y4r,Z1r,Z2r,Z3r,Z4r,S1P,S1N,S2P,S2N,S3P,S3N,S4P,S4N,P_EXC,P_ESQ,P_LAY
0.0000,2.17814,2.5794,1.48635,7.59397e-09,4.95175,7.55851e-09,5,5,7.82861e-08,2.17483,2.57783,1.48437,8.20082e-05,4.94294,4.53427e-05,4.99996,4.99997,0.000166797,1.66832e-08,5,1.66832e-08,1.66832e-08,1.66832e-08,1.66832e-08,1.66832e-08,1.66832e-08,5,3.67498e-08,5,5,1.67901e-08,5,1.67901e-08,1.67897e-08,1.67931e-08,1.67939e-08,1.67931e-08,1.67889e-08,5,3.72952e-08,5,5,2.49991,2.50009,2.50009,2.49991,2.49991,2.50009,2.50009,2.49991,-0.0001,-0.0768827,-0.0763507
0.5000,2.17814,2.5794,1.48635,7.59397e-09,4.95175,7.55851e-09,5,5,7.82861e-08,2.17483,2.57783,1.48437,8.20082e-05,4.94294,4.53427e-05,4.99996,4.99997,0.000166797,1.66832e-08,5,1.66832e-08,1.66832e-08,1.66832e-08,1.66832e-08,1.66832e-08,1.66832e-08,5,2.97014e-08,5,5,1.67901e-08,5,1.67901e-08,1.67897e-08,1.67931e-08,1.67939e-08,1.67931e-08,1.67889e-08,5,3.69577e-08,5,5,2.49991,2.50009,2.50009,2.49991,2.49991,2.50009,2.50009,2.49991,-0.0001,-0.0766653,-0.0762109
1.0000,2.17814,2.5794,1.48635,7.59397e-09,4.95175,7.55851e-09,5,5,7.82861e-08,2.17483,2.57783,1.48437,8.20082e-05,4.94294,4.53427e-05,4.99996,4.99997,0.000166797,1.66832e-08,5,1.66832e-08,1.66832e-08,1.66832e-08,1.66832e-08,1.66832e-08,1.66832e-08,5,8.57062e-09,5,5,1.679e-08,5,1.679e-08,1.67897e-08,1.67931e-08,1.67941e-08,1.67931e-08,1.67889e-08,5,2.81004e-08,5,5,2.49991,2.50009,2.50009,2.49991,2.49991,2.50009,2.50009,2.49991,-0.0001,-0.0763136,-0.0761915
1.5000,2.17814,2.5794,1.48635,7.59397e-09,4.95175,7.55851e-09,5,5,7.82861e-08,2.17483,2.57783,1.48437,8.20082e-05,4.94294,4.53427e-05,4.99996,4.99997,0.000166797,1.66832e-08,5,1.66832e-08,1.66832e-08,1.66832e-08,1.66832e-08,1.66832e-08,1.66832e-08,5,8.42327e-09,5,5,1.679e-08,5,1.679e-08,1.67897e-08,1.67931e-08,1.67943e-08,1.67931e-08,1.67889e-08,5,8.6518e-09,5,5,2.49991,2.50009,2.50009,2.49991,2.49991,2.50009,2.50009,2.49991,-0.0001,-0.0759931,-0.0760133
2.0000,2.17814,2.5794,1.48635,7.59397e-09,4.95175,7.55851e-09,5,5,7.82861e-08,2.17483,2.57783,1.48437,8.20082e-05,4.94294,4.53427e-05,4.99996,4.99997,0.000166797,1.66832e-08,5,1.66832e-08,1.66832e-08,1.66832e-08,1.66832e-08,1.66832e-08,1.66832e-08,5,8.38764e-09,5,5,1.679e-08,5,1.679e-08,1.67897e-08,1.67931e-08,1.67943e-08,1.67931e-08,1.67889e-08,5,8.5171e-09,5,5,2.49991,2.50009,2.50009,2.49991,2.49991,2.50009,2.50009,2.49991,-0.0001,-0.0758013,-0.0758496
2.5000,2.17814,2.5794,1.48635,7.59397e-09,4.95175,7.55851e-09,5,5,7.82861e-08,2.17483,2.57783,1.48437,8.20082e-05,4.94294,4.53427e-05,4.99996,4.99997,0.000166797,1.66832e-08,5,1.66832e-08,1.66832e-08,1.66832e-08,1.66832e-08,1.66832e-08,1.66832e-08,5,8.37052e-09,5,5,1.679e-08,5,1.679e-08,1.67897e-08,1.67931e-08,1.67943e-08,1.67931e-08,1.67889e-08,5,8.48623e-09,5,5,2.49992,2.50008,2.50009,2.49991,2.49991,2.50009,2.50008,2.49992,-0.0001,-0.075704,-0.0757273
3.0000,2.17814,2.5794,1.48635,7.59397e-09,4.95175,7.55851e-09,5,5,7.82861e-08,2.17483,2.57783,1.48437,8.20082e-05,4.94294,4.53427e-05,4.99996,4.99997,0.000166797,1.66832e-08,5,1.66832e-08,1.66832e-08,1.66832e-08,1.66832e-08,1.66832e-08,1.66832e-08,5,8.35782e-09,5,5,1.679e-08,5,1.679e-08,1.67897e-08,1.67931e-08,1.67943e-08,1.67931e-08,1.67889e-08,5,8.46979e-09,5,5,2.49992,2.50008,2.50009,2.49991,2.49991,2.50009,2.50008,2.49992,-0.0001,-0.0756581,-0.0756378
3.5000,2.17814,2.5794,1.48635,7.59397e-09,4.95175,7.55851e-09,5,5,7.82861e-08,2.17483,2.57783,1.48437,8.20082e-05,4.94294,4.53427e-05,4.99996,4.99997,0.000166797,1.66832e-08,5,1.66832e-08,1.66832e-08,1.66832e-08,1.66832e-08,1.66832e-08,1.66832e-08,5,8.35242e-09,5,5,1.679e-08,5,1.679e-08,1.67897e-08,1.67931e-08,1.67943e-08,1.67931e-08,1.67889e-08,5,8.45866e-09,5,5,2.49992,2.50008,2.50009,2.49991,2.49991,2.50009,2.50008,2.49992,-0.0001,-0.0755971,-0.0755849
4.0000,2.17814,2.5794,1.48635,7.59397e-09,4.95175,7.55851e-09,5,5,7.82861e-08,2.17483,2.57783,1.48437,8.20082e-05,4.94294,4.53427e-05,4.99996,4.99997,0.000166797,1.66832e-08,5,1.66832e-08,1.66832e-08,1.66832e-08,1.66832e-08,1.66832e-08,1.66832e-08,5,8.3498e-09,5,5,1.679e-08,5,1.679e-08,1.67897e-08,1.67931e-08,1.67943e-08,1.67931e-08,1.67889e-08,5,8.45427e-09,5,5,2.49992,2.50008,2.50009,2.49991,2.49991,2.50009,2.50008,2.49992,-0.0001,-0.0755256,-0.0754994
4.5000,2.17814,2.5794,1.48635,7.59397e-09,4.95175,7.55851e-09,5,5,7.82861e-08,2.17483,2.57783,1.48437,8.20082e-05,4.94294,4.53427e-05,4.99996,4.99997,0.000166797,1.66832e-08,5,1.66832e-08,1.66832e-08,1.66832e-08,1.66832e-08,1.66832e-08,1.66832e-08,5,8.34804e-09,5,5,1.679e-08,5,1.679e-08,1.67897e-08,1.67931e-08,1.67943e-08,1.67931e-08,1.67889e-08,5,8.45185e-09,5,5,2.49992,2.50008,2.5001,2.4999,2.4999,2.5001,2.50008,2.49992,-0.0001,-0.0754527,-0.0753806
5.0000,2.17814,2.5794,1.48635,7.59397e-09,4.95175,7.55851e-09,5,5,7.82861e-08,2.17483,2.57783,1.48437,8.20082e-05,4.94294,4.53427e-05,4.99996,4.99997,0.000166797,1.66832e-08,5,1.66832e-08,1.66832e-08,1.66832e-08,1.66832e-08,1.66832e-08,1.66832e-08,5,8.34681e-09,5,5,1.679e-08,5,1.679e-08,1.67897e-08,1.67931e-08,1.67943e-08,1.67931e-08,1.67889e-08,5,8.4502e-09,5,5,2.49992,2.50008,2.5001,2.4999,2.4999,2.5001,2.50008,2.49992,-0.0001,-0.075354,-0.0752379
5.5000,2.17814,2.5794,1.48635,7.59397e-09,4.95175,7.55851e-09,5,5,7.82861e-08,2.17483,2.57783,1.48437,8.20082e-05,4.94294,4.53427e-05,4.99996,4.99997,0.000166797,1.66832e-08,5,1.66832e-08,1.66832e-08,1.66832e-08,1.66832e-08,1.66832e-08,1.66832e-08,5,8.34588e-09,5,5,1.679e-08,5,1.679e-08,1.67897e-08,1.67931e-08,1.67943e-08,1.67931e-08,1.67889e-08,5,8.44902e-09,5,5,2.49992,2.50008,2.5001,2.4999,2.4999,2.5001,2.50008,2.49992,-0.0001,-0.0752253,-0.0751091
6.0000,2.17814,2.5794,1.48635,7.59397e-09,4.95175,7.55851e-09,5,5,7.82861e-08,2.17483,2.57783,1.48437,8.20082e-05,4.94294,4.53427e-05,4.99996,4.99997,0.000166797,1.66832e-08,5,1.66832e-08,1.66832e-08,1.66832e-08,1.66832e-08,1.66832e-08,1.66832e-08,5,8.34517e-09,5,5,1.679e-08,5,1.679e-08,1.67897e-08,1.67931e-08,1.67943e-08,1.67931e-08,1.67889e-08,5,8.44814e-09,5,5,2.49992,2.50008,2.5001,2.4999,2.4999,2.5001,2.50008,2.49992,-0.0001,-0.0751055,-0.0750037
6.5000,2.17814,2.5794,1.48635,7.59397e-09,4.95175,7.55851e-09,5,5,7.82861e-08,2.17483,2.57783,1.48437,8.20082e-05,4.94294,4.53427e-05,4.99996,4.99997,0.000166797,1.66832e-08,5,1.66832e-08,1.66832e-08,1.66832e-08,1.66832e-08,1.66832e-08,1.66832e-08,5,8.34464e-09,5,5,1.679e-08,5,1.679e-08,1.67897e-08,1.67931e-08,1.67943e-08,1.67931e-08,1.67889e-08,5,8.44747e-09,5,5,2.49992,2.50008,2.5001,2.4999,2.4999,2.5001,2.50008,2.49992,-0.0001,-0.0750065,-0.0749187
7.0000,2.17814,2.5794,1.48635,7.59397e-09,4.95175,7.55851e-09,5,5,7.82861e-08,2.17483,2.57783,1.48437,8.20082e-05,4.94294,4.53427e-05,4.99996,4.99997,0.000166797,1.66832e-08,5,1.66832e-08,1.66832e-08,1.66832e-08,1.66832e-08,1.66832e-08,1.66832e-08,5,8.34419e-09,5,5,1.679e-08,5,1.679e-08,1.67897e-08,1.67931e-08,1.67943e-08,1.67931e-08,1.67889e-08,5,8.44695e-09,5,5,2.49992,2.50008,2.5001,2.4999,2.4999,2.5001,2.50008,2.49992,-0.0001,-0.0749263,-0.0748505
7.5000,2.17814,2.5794,1.48635,7.59397e-09,4.95175,7.55851e-09,5,5,7.82861e-08,2.17483,2.57783,1.48437,8.20082e-05,4.94294,4.53427e-05,4.99996,4.99997,0.000166797,1.66832e-08,5,1.66832e-08,1.66832e-08,1.66832e-08,1.66832e-08,1.66832e-08,1.66832e-08,5,8.34385e-09,5,5,1.679e-08,5,1.679e-08,1.67897e-08,1.67931e-08,1.67943e-08,1.67931e-08,1.67889e-08,5,8.44653e-09,5,5,2.49992,2.50008,2.5001,2.4999,2.4999,2.5001,2.50008,2.49992,-0.0001,-0.0748617,-0.0747955
8.0000,2.17814,2.5794,1.48635,7.59397e-09,4.95175,7.55851e-09,5,5,7.82861e-08,2.17483,2.57783,1.48437,8.20082e-05,4.94294,4.53427e-05,4.99996,4.99997,0.000166797,1.66832e-08,5,1.66832e-08,1.66832e-08,1.66832e-08,1.66832e-08,1.66832e-08,1.66832e-08,5,8.34358e-09,5,5,1.679e-08,5,1.679e-08,1.67897e-08,1.67931e-08,1.67943e-08,1.67931e-08,1.67889e-08,5,8.44619e-09,5,5,2.49992,2.50008,2.5001,2.4999,2.4999,2.5001,2.50008,2.49992,-0.0001,-0.0748095,-0.0747509
8.5000,2.17814,2.5794,1.48635,7.59397e-09,4.95175,7.55851e-09,5,5,7.82861e-08,2.17483,2.57783,1.48437,8.20082e-05,4.94294,4.53427e-05,4.99996,4.99997,0.000166797,1.66832e-08,5,1.66832e-08,1.66832e-08,1.66832e-08,1.66832e-08,1.66832e-08,1.66832e-08,5,8.34333e-09,5,5,1.679e-08,5,1.679e-08,1.67897e-08,1.67931e-08,1.67943e-08,1.67931e-08,1.67889e-08,5,8.44591e-09,5,5,2.49993,2.50007,2.5001,2.4999,2.4999,2.5001,2.50007,2.49993,-0.0001,-0.0747672,-0.0747148
9.0000,2.17814,2.5794,1.48635,7.59397e-09,4.95175,7.55851e-09,5,5,7.82861e-08,2.17483,2.57783,1.48437,8.20082e-05,4.94294,4.53427e-05,4.99996,4.99997,0.000166797,1.66832e-08,5,1.66832e-08,1.66832e-08,1.66832e-08,1.66832e-08,1.66832e-08,1.66832e-08,5,8.34313e-09,5,5,1.679e-08,5,1.679e-08,1.67897e-08,1.67931e-08,1.67943e-08,1.67931e-08,1.67889e-08,5,8.44568e-09,5,5,2.49993,2.50007,2.5001,2.4999,2.4999,2.5001,2.50007,2.49993,-0.0001,-0.0747328,-0.0746854
9.5000,2.17814,2.5794,1.48635,7.59397e-09,4.95175,7.55851e-09,5,5,7.82861e-08,2.17483,2.57783,1.48437,8.20082e-05,4.94294,4.53427e-05,4.99996,4.99997,0.000166797,1.66832e-08,5,1.66832e-08,1.66832e-08,1.66832e-08,1.66832e-08,1.66832e-08,1.66832e-08,5,8.34298e-09,5,5,1.679e-08,5,1.679e-08,1.67897e-08,1.67931e-08,1.67943e-08,1.67931e-08,1.67889e-08,5,8.44549e-09,5,5,2.49993,2.50007,2.5001,2.4999,2.4999,2.5001,2.50007,2.49993,-0.0001,-0.0747049,-0.0746615
10.0000,2.17814,2.5794,1.48635,7.59397e-09,4.95175,7.55851e-09,5,5,7.82861e-08,2.17483,2.57783,1.48437,8.20082e-05,4.94294,4.53427e-05,4.99996,4.99997,0.000166797,1.66832e-08,5,1.66832e-08,1.66832e-08,1.66832e-08,1.66832e-08,1.66832e-08,1.66832e-08,5,8.34282e-09,5,5,1.679e-08,5,1.679e-08,1.67897e-08,1.67931e-08,1.67943e-08,1.67931e-08,1.67889e-08,5,8.44532e-09,5,5,2.49993,2.50007,2.5001,2.4999,2.4999,2.5001,2.50007,2.49993,-0.0001,-0.0746822,-0.0746419
10.5000,2.17814,2.5794,1.48635,7.59397e-09,4.95175,7.55851e-09,5,5,7.82861e-08,2.17483,2.57783,1.48437,8.20082e-05,4.94294,4.53427e-05,4.99996,4.99997,0.000166797,1.66832e-08,5,1.66832e-08,1.66832e-08,1.66832e-08,1.66832e-08,1.66832e-08,1.66832e-08,5,8.34271e-09,5,5,1.679e-08,5,1.679e-08,1.67897e-08,1.67931e-08,1.67943e-08,1.67931e-08,1.67889e-08,5,8.44518e-09,5,5,2.49993,2.50007,2.5001,2.4999,2.4999,2.5001,2.50007,2.49993,-0.0001,-0.0746637,-0.0746259
11.0000,2.17814,2.5794,1.48635,7.59397e-09,4.95175,7.55851e-09,5,5,7.82861e-08,2.17483,2.57783,1.48437,8.20082e-05,4.94294,4.53427e-05,4.99996,4.99997,0.000166797,1.66832e-08,5,1.66832e-08,1.66832e-08,1.66832e-08,1.66832e-08,1.66832e-08,1.66832e-08,5,8.34259e-09,5,5,1.679e-08,5,1.679e-08,1.67897e-08,1.67931e-08,1.67943e-08,1.67931e-08,1.67889e-08,5,8.44506e-09,5,5,2.49993,2.50007,2.5001,2.4999,2.4999,2.5001,2.50007,2.49993,-0.0001,-0.0746485,-0.0746128
11.5000,2.17814,2.5794,1.48635,7.59397e-09,4.95175,7.55851e-09,5,5,7.82861e-08,2.17483,2.57783,1.48437,8.20082e-05,4.94294,4.53427e-05,4.99996,4.99997,0.000166797,1.66832e-08,5,1.66832e-08,1.66832e-08,1.66832e-08,1.66832e-08,1.66832e-08,1.66832e-08,5,8.3425e-09,5,5,1.679e-08,5,1.679e-08,1.67897e-08,1.67931e-08,1.67943e-08,1.67931e-08,1.67889e-08,5,8.44495e-09,5,5,2.49993,2.50007,2.5001,2.4999,2.4999,2.5001,2.50007,2.49993,-0.0001,-0.0746361,-0.0746019
12.0000,2.17814,2.5794,1.48635,7.59397e-09,4.95175,7.55851e-09,5,5,7.82861e-08,2.17483,2.57783,1.48437,8.20082e-05,4.94294,4.53427e-05,4.99996,4.99997,0.000166797,1.66832e-08,5,1.66832e-08,1.66832e-08,1.66832e-08,1.66832e-08,1.66832e-08,1.66832e-08,5,8.34242e-09,5,5,1.679e-08,5,1.679e-08,1.67897e-08,1.67931e-08,1.67943e-08,1.67931e-08,1.67889e-08,5,8.44486e-09,5,5,2.49993,2.50007,2.5001,2.4999,2.4999,2.5001,2.50007,2.49993,-0.0001,-0.0746258,-0.0745928
12.5000,2.17814,2.5794,1.48635,7.59397e-09,4.95175,7.55851e-09,5,5,7.82861e-08,2.17483,2.57783,1.48437,8.20082e-05,4.94294,4.53427e-05,4.99996,4.99997,0.000166797,1.66832e-08,5,1.66832e-08,1.66832e-08,1.66832e-08,1.66832e-08,1.66832e-08,1.66832e-08,5,8.34234e-09,5,5,1.679e-08,5,1.679e-08,1.67897e-08,1.67931e-08,1.67943e-08,1.67931e-08,1.67889e-08,5,8.44478e-09,5,5,2.49993,2.50007,2.50011,2.49989,2.49989,2.50011,2.50007,2.49993,-0.0001,-0.0746172,-0.0745852
13.0000,2.17814,2.5794,1.48635,7.59397e-09,4.95175,7.55851e-09,5,5,7.82861e-08,2.17483,2.57783,1.48437,8.20082e-05,4.94294,4.53427e-05,4.99996,4.99997,0.000166797,1.66832e-08,5,1.66832e-08,1.66832e-08,1.66832e-08,1.66832e-08,1.66832e-08,1.66832e-08,5,8.34229e-09,5,5,1.679e-08,5,1.679e-08,1.67897e-08,1.67931e-08,1.67943e-08,1.67931e-08,1.67889e-08,5,8.4447e-09,5,5,2.49993,2.50007,2.50011,2.49989,2.49989,2.50011,2.50007,2.49993,-0.0001,-0.0746101,-0.0745788
13.5000,2.17814,2.5794,1.48635,7.59397e-09,4.95175,7.55851e-09,5,5,7.82861e-08,2.17483,2.57783,1.48437,8.20082e-05,4.94294,4.53427e-05,4.99996,4.99997,0.000166797,1.66832e-08,5,1.66832e-08,1.66832e-08,1.66832e-08,1.66832e-08,1.66832e-08,1.66832e-08,5,8.34223e-09,5,5,1.679e-08,5,1.679e-08,1.67897e-08,1.67931e-08,1.67943e-08,1.67931e-08,1.67889e-08,5,8.44464e-09,5,5,2.49993,2.50007,2.50011,2.49989,2.49989,2.50011,2.50007,2.49993,-0.0001,-0.0746041,-0.0745734
14.0000,2.17814,2.5794,1.48635,7.59397e-09,4.95175,7.55851e-09,5,5,7.82861e-08,2.17483,2.57783,1.48437,8.20082e-05,4.94294,4.53427e-05,4.99996,4.99997,0.000166797,1.66832e-08,5,1.66832e-08,1.66832e-08,1.66832e-08,1.66832e-08,1.66832e-08,1.66832e-08,5,8.34218e-09,5,5,1.679e-08,5,1.679e-08,1.67897e-08,1.67931e-08,1.67943e-08,1.67931e-08,1.67889e-08,5,8.44459e-09,5,5,2.49994,2.50006,2.50011,2.49989,2.49989,2.50011,2.50006,2.49994,-0.0001,-0.0745989,-0.0745687
14.5000,2.17814,2.5794,1.48635,7.59397e-09,4.95175,7.55851e-09,5,5,7.82861e-08,2.17483,2.57783,1.48437,8.20082e-05,4.94294,4.53427e-05,4.99996,4.99997,0.000166797,1.66832e-08,5,1.66832e-08,1.66832e-08,1.66832e-08,1.66832e-08,1.66832e-08,1.66832e-08,5,8.34213e-09,5,5,1.679e-08,5,1.679e-08,1.67897e-08,1.67931e-08,1.67943e-08,1.67931e-08,1.67889e-08,5,8.44454e-09,5,5,2.49994,2.50006,2.50011,2.49989,2.49989,2.50011,2.50006,2.49994,-0.0001,-0.0745946,-0.0745647
15.0000,2.17814,2.5794,1.48635,7.59397e-09,4.95175,7.55851e-09,5,5,7.82861e-08,2.17483,2.57783,1.48437,8.20082e-05,4.94294,4.53427e-05,4.99996,4.99997,0.000166797,1.66832e-08,5,1.66832e-08,1.66832e-08,1.66832e-08,1.66832e-08,1.66832e-08,1.66832e-08,5,8.3421e-09,5,5,1.679e-08,5,1.679e-08,1.67897e-08,1.67931e-08,1.67943e-08,1.67931e-08,1.67889e-08,5,8.44449e-09,5,5,2.49994,2.50006,2.50011,2.49989,2.49989,2.50011,2.50006,2.49994,-0.0001,-0.0745908,-0.0745612
15.5000,2.17814,2.5794,1.48635,7.59397e-09,4.95175,7.55851e-09,5,5,7.82861e-08,2.17483,2.57783,1.48437,8.20082e-05,4.94294,4.53427e-05,4.99996,4.99997,0.000166797,1.66832e-08,5,1.66832e-08,1.66832e-08,1.66832e-08,1.66832e-08,1.66832e-08,1.66832e-08,5,8.34205e-09,5,5,1.679e-08,5,1.679e-08,1.67897e-08,1.67931e-08,1.67943e-08,1.67931e-08,1.67889e-08,5,8.44445e-09,5,5,2.49994,2.50006,2.50011,2.49989,2.49989,2.50011,2.50006,2.49994,-0.0001,-0.0745875,-0.0745581
16.0000,2.17814,2.5794,1.48635,7.59397e-09,4.95175,7.55851e-09,5,5,7.82861e-08,2.17483,2.57783,1.48437,8.20082e-05,4.94294,4.53427e-05,4.99996,4.99997,0.000166797,1.66832e-08,5,1.66832e-08,1.66832e-08,1.66832e-08,1.66832e-08,1.66832e-08,1.66832e-08,5,8.34203e-09,5,5,1.679e-08,5,1.679e-08,1.67897e-08,1.67931e-08,1.67943e-08,1.67931e-08,1.67889e-08,5,8.44441e-09,5,5,2.49994,2.50006,2.50011,2.49989,2.49989,2.50011,2.50006,2.49994,-0.0001,-0.0745846,-0.0745554
16.5000,2.17814,2.5794,1.48635,7.59397e-09,4.95175,7.55851e-09,5,5,7.82861e-08,2.17483,2.57783,1.48437,8.20082e-05,4.94294,4.53427e-05,4.99996,4.99997,0.000166797,1.66832e-08,5,1.66832e-08,1.66832e-08,1.66832e-08,1.66832e-08,1.66832e-08,1.66832e-08,5,8.342e-09,5,5,1.679e-08,5,1.679e-08,1.67897e-08,1.67931e-08,1.67943e-08,1.67931e-08,1.67889e-08,5,8.44438e-09,5,5,2.49994,2.50006,2.50011,2.49989,2.49989,2.50011,2.50006,2.49994,-0.0001,-0.0745821,-0.074553
17.0000,2.17814,2.5794,1.48635,7.59397e-09,4.95175,7.55851e-09,5,5,7.82861e-08,2.17483,2.57783,1.48437,8.20082e-05,4.94294,4.53427e-05,4.99996,4.99997,0.000166797,1.66832e-08,5,1.66832e-08,1.66832e-08,1.66832e-08,1.66832e-08,1.66832e-08,1.66832e-08,5,8.34197e-09,5,5,1.679e-08,5,1.679e-08,1.67897e-08,1.67931e-08,1.67943e-08,1.67931e-08,1.67889e-08,5,8.44435e-09,5,5,2.49994,2.50006,2.50011,2.49989,2.49989,2.50011,2.50006,2.49994,-0.0001,-0.0745798,-0.0745509
17.5000,2.17814,2.5794,1.48635,7.59397e-09,4.95175,7.55851e-09,5,5,7.82861e-08,2.17483,2.57783,1.48437,8.20082e-05,4.94294,4.53427e-05,4.99996,4.99997,0.000166797,1.66832e-08,5,1.66832e-08,1.66832e-08,1.66832e-08,1.66832e-08,1.66832e-08,1.66832e-08,5,8.34194e-09,5,5,1.679e-08,5,1.679e-08,1.67897e-08,1.67931e-08,1.67943e-08,1.67931e-08,1.67889e-08,5,8.44433e-09,5,5,2.49994,2.50006,2.50011,2.49989,2.49989,2.50011,2.50006,2.49994,-0.0001,-0.0745778,-0.0745489
18.0000,2.17814,2.5794,1.48635,7.59397e-09,4.95175,7.55851e-09,5,5,7.82861e-08,2.17483,2.57783,1.48437,8.20082e-05,4.94294,4.53427e-05,4.99996,4.99997,0.000166797,1.66832e-08,5,1.66832e-08,1.66832e-08,1.66832e-08,1.66832e-08,1.66832e-08,1.66832e-08,5,8.34192e-09,5,5,1.679e-08,5,1.679e-08,1.67897e-08,1.67931e-08,1.67943e-08,1.67931e-08,1.67889e-08,5,8.4443e-09,5,5,2.49994,2.50006,2.50011,2.49989,2.49989,2.50011,2.50006,2.49994,-0.0001,-0.0745759,-0.0745472
18.5000,2.17814,2.5794,1.48635,7.59397e-09,4.95175,7.55851e-09,5,5,7.82861e-08,2.17483,2.57783,1.48437,8.20082e-05,4.94294,4.53427e-05,4.99996,4.99997,0.000166797,1.66832e-08,5,1.66832e-08,1.66832e-08,1.66832e-08,1.66832e-08,1.66832e-08,1.66832e-08,5,8.3419e-09,5,5,1.679e-08,5,1.679e-08,1.67897e-08,1.67931e-08,1.67943e-08,1.67931e-08,1.67889e-08,5,8.44428e-09,5,5,2.49994,2.50006,2.50011,2.49989,2.49989,2.50011,2.50006,2.49994,-0.0001,-0.0745743,-0.0745456
19.0000,2.17814,2.5794,1.48635,7.59397e-09,4.95175,7.55851e-09,5,5,7.82861e-08,2.17483,2.57783,1.48437,8.20082e-05,4.94294,4.53427e-05,4.99996,4.99997,0.000166797,1.66832e-08,5,1.66832e-08,1.66832e-08,1.66832e-08,1.66832e-08,1.66832e-08,1.66832e-08,5,8.34189e-09,5,5,1.679e-08,5,1.679e-08,1.67897e-08,1.67931e-08,1.67943e-08,1.67931e-08,1.67889e-08,5,8.44426e-09,5,5,2.49995,2.50005,2.50011,2.49989,2.49989,2.50011,2.50005,2.49995,-0.0001,-0.0745728,-0.0745442
19.5000,2.17814,2.5794,1.48635,7.59397e-09,4.95175,7.55851e-09,5,5,7.82861e-08,2.17483,2.57783,1.48437,8.20082e-05,4.94294,4.53427e-05,4.99996,4.99997,0.000166797,1.66832e-08,5,1.66832e-08,1.66832e-08,1.66832e-08,1.66832e-08,1.66832e-08,1.66832e-08,5,8.34187e-09,5,5,1.679e-08,5,1.679e-08,1.67897e-08,1.67931e-08,1.67943e-08,1.67931e-08,1.67889e-08,5,8.44424e-09,5,5,2.49995,2.50005,2.50011,2.49989,2.49989,2.50011,2.50005,2.49995,-0.0001,-0.0745715,-0.0745428
20.0000,2.17814,2.5794,1.48635,7.59397e-09,4.95175,7.55851e-09,5,5,7.82861e-08,2.17483,2.57783,1.48437,8.20082e-05,4.94294,4.53427e-05,4.99996,4.99997,0.000166797,1.66832e-08,5,1.66832e-08,1.66832e-08,1.66832e-08,1.66832e-08,1.66832e-08,1.66832e-08,5,8.34186e-09,5,5,1.679e-08,5,1.679e-08,1.67897e-08,1.67931e-08,1.67943e-08,1.67931e-08,1.67889e-08,5,8.44422e-09,5,5,2.49995,2.50005,2.50011,2.49989,2.49989,2.50011,2.50005,2.49995,-0.0001,-0.0745702,-0.0745417
20.5000,2.17814,2.5794,1.48635,7.59397e-09,4.95175,7.55851e-09,5,5,7.82861e-08,2.17483,2.57783,1.48437,8.20082e-05,4.94294,4.53427e-05,4.99996,4.99997,0.000166797,1.66832e-08,5,1.66832e-08,1.66832e-08,1.66832e-08,1.66832e-08,1.66832e-08,1.66832e-08,5,8.34183e-09,5,5,1.679e-08,5,1.679e-08,1.67897e-08,1.67931e-08,1.67943e-08,1.67931e-08,1.67889e-08,5,8.44421e-09,5,5,2.49995,2.50005,2.50011,2.49989,2.49989,2.50011,2.50005,2.49995,-0.0001,-0.0745691,-0.0745406
21.0000,2.17814,2.5794,1.48635,7.59397e-09,4.95175,7.55851e-09,5,5,7.82861e-08,2.17483,2.57783,1.48437,8.20082e-05,4.94294,4.53427e-05,4.99996,4.99997,0.000166797,1.66832e-08,5,1.66832e-08,1.66832e-08,1.66832e-08,1.66832e-08,1.66832e-08,1.66832e-08,5,8.34183e-09,5,5,1.679e-08,5,1.679e-08,1.67897e-08,1.67931e-08,1.67943e-08,1.67931e-08,1.67889e-08,5,8.4442e-09,5,5,2.49995,2.50005,2.50011,2.49989,2.49989,2.50011,2.50005,2.49995,-0.0001,-0.0745681,-0.0745396
21.5000,2.17814,2.5794,1.48635,7.59397e-09,4.95175,7.55851e-09,5,5,7.82861e-08,2.17483,2.57783,1.48437,8.20082e-05,4.94294,4.53427e-05,4.99996,4.99997,0.000166797,1.66832e-08,5,1.66832e-08,1.66832e-08,1.66832e-08,1.66832e-08,1.66832e-08,1.66832e-08,5,8.34181e-09,5,5,1.679e-08,5,1.679e-08,1.67897e-08,1.67931e-08,1.67943e-08,1.67931e-08,1.67889e-08,5,8.44418e-09,5,5,2.49995,2.50005,2.50011,2.49989,2.49989,2.50011,2.50005,2.49995,-0.0001,-0.0745671,-0.0745387
22.0000,2.17814,2.5794,1.48635,7.59397e-09,4.95175,7.55851e-09,5,5,7.82861e-08,2.17483,2.57783,1.48437,8.20082e-05,4.94294,4.53427e-05,4.99996,4.99997,0.000166797,1.66832e-08,5,1.66832e-08,1.66832e-08,1.66832e-08,1.66832e-08,1.66832e-08,1.66832e-08,5,8.34181e-09,5,5,1.679e-08,5,1.679e-08,1.67897e-08,1.67931e-08,1.67943e-08,1.67931e-08,1.67889e-08,5,8.44417e-09,5,5,2.49995,2.50005,2.50012,2.49988,2.49988,2.50012,2.50005,2.49995,-0.0001,-0.0745663,-0.0745379
22.5000,2.17814,2.5794,1.48635,7.59397e-09,4.95175,7.55851e-09,5,5,7.82861e-08,2.17483,2.57783,1.48437,8.20082e-05,4.94294,4.53427e-05,4.99996,4.99997,0.000166797,1.66832e-08,5,1.66832e-08,1.66832e-08,1.66832e-08,1.66832e-08,1.66832e-08,1.66832e-08,5,8.34179e-09,5,5,1.679e-08,5,1.679e-08,1.67897e-08,1.67931e-08,1.67943e-08,1.67931e-08,1.67889e-08,5,8.44416e-09,5,5,2.49995,2.50005,2.50012,2.49988,2.49988,2.50012,2.50005,2.49995,-0.0001,-0.0745655,-0.0745371
23.0000,2.17814,2.5794,1.48635,7.59397e-09,4.95175,7.55851e-09,5,5,7.82861e-08,2.17483,2.57783,1.48437,8.20082e-05,4.94294,4.53427e-05,4.99996,4.99997,0.000166797,1.66832e-08,5,1.66832e-08,1.66832e-08,1.66832e-08,1.66832e-08,1.66832e-08,1.66832e-08,5,8.34179e-09,5,5,1.679e-08,5,1.679e-08,1.67897e-08,1.67931e-08,1.67943e-08,1.67931e-08,1.67889e-08,5,8.44415e-09,5,5,2.49995,2.50005,2.50012,2.49988,2.49988,2.50012,2.50005,2.49995,-0.0001,-0.0745648,-0.0745365
23.5000,2.17814,2.5794,1.48635,7.59397e-09,4.95175,7.55851e-09,5,5,7.82861e-08,2.17483,2.57783,1.48437,8.20082e-05,4.94294,4.53427e-05,4.99996,4.99997,0.000166797,1.66832e-08,5,1.66832e-08,1.66832e-08,1.66832e-08,1.66832e-08,1.66832e-08,1.66832e-08,5,8.34177e-09,5,5,1.679e-08,5,1.679e-08,1.67897e-08,1.67931e-08,1.67943e-08,1.67931e-08,1.67889e-08,5,8.44414e-09,5,5,2.49995,2.50005,2.50012,2.49988,2.49988,2.50012,2.50005,2.49995,-0.0001,-0.0745642,-0.0745359
24.0000,2.17814,2.5794,1.48635,7.59397e-09,4.95175,7.55851e-09,5,5,7.82861e-08,2.17483,2.57783,1.48437,8.20082e-05,4.94294,4.53427e-05,4.99996,4.99997,0.000166797,1.66832e-08,5,1.66832e-08,1.66832e-08,1.66832e-08,1.66832e-08,1.66832e-08,1.66832e-08,5,8.34178e-09,5,5,1.679e-08,5,1.679e-08,1.67897e-08,1.67931e-08,1.67943e-08,1.67931e-08,1.67889e-08,5,8.44413e-09,5,5,2.49996,2.50004,2.50012,2.49988,2.49988,2.50012,2.50004,2.49996,-0.0001,-0.0745637,-0.0745354
24.5000,2.17814,2.5794,1.48635,7.59397e-09,4.95175,7.55851e-09,5,5,7.82861e-08,2.17483,2.57783,1.48437,8.20082e-05,4.94294,4.53427e-05,4.99996,4.99997,0.000166797,1.66832e-08,5,1.66832e-08,1.66832e-08,1.66832e-08,1.66832e-08,1.66832e-08,1.66832e-08,5,8.34176e-09,5,5,1.679e-08,5,1.679e-08,1.67897e-08,1.67931e-08,1.67943e-08,1.67931e-08,1.67889e-08,5,8.44412e-09,5,5,2.49996,2.50004,2.50012,2.49988,2.49988,2.50012,2.50004,2.49996,-0.0001,-0.0745632,-0.0745349
25.0000,2.17814,2.5794,1.48635,7.59397e-09,4.95175,7.55851e-09,5,5,7.82861e-08,2.17483,2.57783,1.48437,8.20082e-05,4.94294,4.53427e-05,4.99996,4.99997,0.000166797,1.66832e-08,5,1.66832e-08,1.66832e-08,1.66832e-08,1.66832e-08,1.66832e-08,1.66832e-08,5,8.34176e-09,5,5,1.679e-08,5,1.679e-08,1.67897e-08,1.67931e-08,1.67943e-08,1.67931e-08,1.67889e-08,5,8.44412e-09,5,5,2.49996,2.50004,2.50012,2.49988,2.49988,2.50012,2.50004,2.49996,-0.0001,-0.0745628,-0.0745346
25.5000,2.17814,2.5794,1.48635,7.59397e-09,4.95175,7.55851e-09,5,5,7.82861e-08,2.17483,2.57783,1.48437,8.20082e-05,4.94294,4.53427e-05,4.99996,4.99997,0.000166797,1.66832e-08,5,1.66832e-08,1.66832e-08,1.66832e-08,1.66832e-08,1.66832e-08,1.66832e-08,5,8.34176e-09,5,5,1.679e-08,5,1.679e-08,1.67897e-08,1.67931e-08,1.67943e-08,1.67931e-08,1.67889e-08,5,8.44411e-09,5,5,2.49996,2.50004,2.50012,2.49988,2.49988,2.50012,2.50004,2.49996,-0.0001,-0.0745625,-0.0745343
26.0000,2.17814,2.5794,1.48635,7.59397e-09,4.95175,7.55851e-09,5,5,7.82861e-08,2.17483,2.57783,1.48437,8.20082e-05,4.94294,4.53427e-05,4.99996,4.99997,0.000166797,1.66832e-08,5,1.66832e-08,1.66832e-08,1.66832e-08,1.66832e-08,1.66832e-08,1.66832e-08,5,8.34174e-09,5,5,1.679e-08,5,1.679e-08,1.67897e-08,1.67931e-08,1.67943e-08,1.67931e-08,1.67889e-08,5,8.4441e-09,5,5,2.49996,2.50004,2.50012,2.49988,2.49988,2.50012,2.50004,2.49996,-0.0001,-0.0745622,-0.0745341
26.5000,2.17814,2.5794,1.48635,7.59397e-09,4.95175,7.55851e-09,5,5,7.82861e-08,2.17483,2.57783,1.48437,8.20082e-05,4.94294,4.53427e-05,4.99996,4.99997,0.000166797,1.66832e-08,5,1.66832e-08,1.66832e-08,1.66832e-08,1.66832e-08,1.66832e-08,1.66832e-08,5,8.34174e-09,5,5,1.679e-08,5,1.679e-08,1.67897e-08,1.67931e-08,1.67943e-08,1.67931e-08,1.67889e-08,5,8.4441e-09,5,5,2.49996,2.50004,2.50012,2.49988,2.49988,2.50012,2.50004,2.49996,-0.0001,-0.0745621,-0.0745339
27.0000,2.17814,2.5794,1.48635,7.59397e-09,4.95175,7.55851e-09,5,5,7.82861e-08,2.17483,2.57783,1.48437,8.20082e-05,4.94294,4.53427e-05,4.99996,4.99997,0.000166797,1.66832e-08,5,1.66832e-08,1.66832e-08,1.66832e-08,1.66832e-08,1.66832e-08,1.66832e-08,5,8.34174e-09,5,5,1.679e-08,5,1.679e-08,1.67897e-08,1.67931e-08,1.67943e-08,1.67931e-08,1.67889e-08,5,8.44409e-09,5,5,2.49996,2.50004,2.50012,2.49988,2.49988,2.50012,2.50004,2.49996,-0.0001,-0.074562,-0.0745339
27.5000,2.17814,2.5794,1.48635,7.59397e-09,4.95175,7.55851e-09,5,5,7.82861e-08,2.17483,2.57783,1.48437,8.20082e-05,4.94294,4.53427e-05,4.99996,4.99997,0.000166797,1.66832e-08,5,1.66832e-08,1.66832e-08,1.66832e-08,1.66832e-08,1.66832e-08,1.66832e-08,5,8.34173e-09,5,5,1.679e-08,5,1.679e-08,1.67897e-08,1.67931e-08,1.67943e-08,1.67931e-08,1.67889e-08,5,8.44409e-09,5,5,2.49996,2.50004,2.50012,2.49988,2.49988,2.50012,2.50004,2.49996,-0.0001,-0.074562,-0.0745339
28.0000,2.17814,2.5794,1.48635,7.59397e-09,4.95175,7.55851e-09,5,5,7.82861e-08,2.17483,2.57783,1.48437,8.20082e-05,4.94294,4.53427e-05,4.99996,4.99997,0.000166797,1.66832e-08,5,1.66832e-08,1.66832e-08,1.66832e-08,1.66832e-08,1.66832e-08,1.66832e-08,5,8.34173e-09,5,5,1.679e-08,5,1.679e-08,1.67897e-08,1.67931e-08,1.67943e-08,1.67931e-08,1.67889e-08,5,8.44408e-09,5,5,2.49996,2.50004,2.50012,2.49988,2.49988,2.50012,2.50004,2.49996,-0.0001,-0.074562,-0.074534
28.5000,2.17814,2.5794,1.48635,7.59397e-09,4.95175,7.55851e-09,5,5,7.82861e-08,2.17483,2.57783,1.48437,8.20082e-05,4.94294,4.53427e-05,4.99996,4.99997,0.000166797,1.66832e-08,5,1.66832e-08,1.66832e-08,1.66832e-08,1.66832e-08,1.66832e-08,1.66832e-08,5,8.34172e-09,5,5,1.679e-08,5,1.679e-08,1.67897e-08,1.67931e-08,1.67943e-08,1.67931e-08,1.67889e-08,5,8.44408e-09,5,5,2.49996,2.50004,2.50012,2.49988,2.49988,2.50012,2.50004,2.49996,-0.0001,-0.0745622,-0.0745343
29.0000,2.17814,2.5794,1.48635,7.59397e-09,4.95175,7.55851e-09,5,5,7.82861e-08,2.17483,2.57783,1.48437,8.20082e-05,4.94294,4.53427e-05,4.99996,4.99997,0.000166797,1.66832e-08,5,1.66832e-08,1.66832e-08,1.66832e-08,1.66832e-08,1.66832e-08,1.66832e-08,5,8.34172e-09,5,5,1.679e-08,5,1.679e-08,1.67897e-08,1.67931e-08,1.67943e-08,1.67931e-08,1.67889e-08,5,8.44407e-09,5,5,2.49997,2.50003,2.50012,2.49988,2.49988,2.50012,2.50003,2.49997,-0.0001,-0.0745625,-0.0745346
29.5000,2.17814,2.5794,1.48635,7.59397e-09,4.95175,7.55851e-09,5,5,7.82861e-08,2.17483,2.57783,1.48437,8.20082e-05,4.94294,4.53427e-05,4.99996,4.99997,0.000166797,1.66832e-08,5,1.66832e-08,1.66832e-08,1.66832e-08,1.66832e-08,1.66832e-08,1.66832e-08,5,8.34172e-09,5,5,1.679e-08,5,1.679e-08,1.67897e-08,1.67931e-08,1.67943e-08,1.67931e-08,1.67889e-08,5,8.44407e-09,5,5,2.49997,2.50003,2.50012,2.49988,2.49988,2.50012,2.50003,2.49997,-0.0001,-0.0745629,-0.0745351
30.0000,2.17814,2.5794,1.48635,7.59397e-09,4.95175,7.55851e-09,5,5,7.82861e-08,2.17483,2.57783,1.48437,8.20082e-05,4.94294,4.53427e-05,4.99996,4.99997,0.000166797,1.66832e-08,5,1.66832e-08,1.66832e-08,1.66832e-08,1.66832e-08,1.66832e-08,1.66832e-08,5,8.34171e-09,5,5,1.679e-08,5,1.679e-08,1.67897e-08,1.67931e-08,1.67943e-08,1.67931e-08,1.67889e-08,5,8.44406e-09,5,5,2.49997,2.50003,2.50012,2.49988,2.49988,2.50012,2.50003,2.49997,-0.0001,-0.0745634,-0.0745357
30.5000,2.17814,2.5794,1.48635,7.59397e-09,4.95175,7.55851e-09,5,5,7.82861e-08,2.17483,2.57783,1.48437,8.20082e-05,4.94294,4.53427e-05,4.99996,4.99997,0.000166797,1.66832e-08,5,1.66832e-08,1.66832e-08,1.66832e-08,1.66832e-08,1.66832e-08,1.66832e-08,5,8.34172e-09,5,5,1.679e-08,5,1.679e-08,1.67897e-08,1.67931e-08,1.67943e-08,1.67931e-08,1.67889e-08,5,8.44406e-09,5,5,2.49997,2.50003,2.50012,2.49988,2.49988,2.50012,2.50003,2.49997,-0.0001,-0.0745641,-0.0745365
31.0000,2.17814,2.5794,1.48635,7.59397e-09,4.95175,7.55851e-09,5,5,7.82861e-08,2.17483,2.57783,1.48437,8.20082e-05,4.94294,4.53427e-05,4.99996,4.99997,0.000166797,1.66832e-08,5,1.66832e-08,1.66832e-08,1.66832e-08,1.66832e-08,1.66832e-08,1.66832e-08,5,8.3417e-09,5,5,1.679e-08,5,1.679e-08,1.67897e-08,1.67931e-08,1.67943e-08,1.67931e-08,1.67889e-08,5,8.44406e-09,5,5,2.49997,2.50003,2.50012,2.49988,2.49988,2.50012,2.50003,2.49997,-0.0001,-0.0745649,-0.0745374
31.5000,2.17814,2.5794,1.48635,7.59397e-09,4.95175,7.55851e-09,5,5,7.82861e-08,2.17483,2.57783,1.48437,8.20082e-05,4.94294,4.53427e-05,4.99996,4.99997,0.000166797,1.66832e-08,5,1.66832e-08,1.66832e-08,1.66832e-08,1.66832e-08,1.66832e-08,1.66832e-08,5,8.3417e-09,5,5,1.679e-08,5,1.679e-08,1.67897e-08,1.67931e-08,1.67943e-08,1.67931e-08,1.67889e-08,5,8.44405e-09,5,5,2.49997,2.50003,2.50012,2.49988,2.49988,2.50012,2.50003,2.49997,-0.0001,-0.074566,-0.0745385
32.0000,2.17814,2.5794,1.48635,7.59397e-09,4.95175,7.55851e-09,5,5,7.82861e-08,2.17483,2.57783,1.48437,8.20082e-05,4.94294,4.53427e-05,4.99996,4.99997,0.000166797,1.66832e-08,5,1.66832e-08,1.66832e-08,1.66832e-08,1.66832e-08,1.66832e-08,1.66832e-08,5,8.34169e-09,5,5,1.679e-08,5,1.679e-08,1.67897e-08,1.67931e-08,1.67943e-08,1.67931e-08,1.67889e-08,5,8.44405e-09,5,5,2.49997,2.50003,2.50012,2.49988,2.49988,2.50012,2.50003,2.49997,-0.0001,-0.0745672,-0.0745398
32.5000,2.17814,2.5794,1.48635,7.59397e-09,4.95175,7.55851e-09,5,5,7.82861e-08,2.17483,2.57783,1.48437,8.20082e-05,4.94294,4.53427e-05,4.99996,4.99997,0.000166797,1.66832e-08,5,1.66832e-08,1.66832e-08,1.66832e-08,1.66832e-08,1.66832e-08,1.66832e-08,5,8.3417e-09,5,5,1.679e-08,5,1.679e-08,1.67897e-08,1.67931e-08,1.67943e-08,1.67931e-08,1.67889e-08,5,8.44405e-09,5,5,2.49997,2.50003,2.50012,2.49988,2.49988,2.50012,2.50003,2.49997,-0.0001,-0.0745686,-0.0745414
33.0000,2.17814,2.5794,1.48635,7.59397e-09,4.95175,7.55851e-09,5,5,7.82861e-08,2.17483,2.57783,1.48437,8.20082e-05,4.94294,4.53427e-05,4.99996,4.99997,0.000166797,1.66832e-08,5,1.66832e-08,1.66832e-08,1.66832e-08,1.66832e-08,1.66832e-08,1.66832e-08,5,8.34169e-09,5,5,1.679e-08,5,1.679e-08,1.67897e-08,1.67931e-08,1.67943e-08,1.67931e-08,1.67889e-08,5,8.44405e-09,5,5,2.49997,2.50003,2.50012,2.49988,2.49988,2.50012,2.50003,2.49997,-0.0001,-0.0745703,-0.0745433
33.5000,2.17814,2.5794,1.48635,7.59397e-09,4.95175,7.55851e-09,5,5,7.82861e-08,2.17483,2.57783,1.48437,8.20082e-05,4.94294,4.53427e-05,4.99996,4.99997,0.000166797,1.66832e-08,5,1.66832e-08,1.66832e-08,1.66832e-08,1.66832e-08,1.66832e-08,1.66832e-08,5,8.3417e-09,5,5,1.679e-08,5,1.679e-08,1.67897e-08,1.67931e-08,1.67943e-08,1.67931e-08,1.67889e-08,5,8.44405e-09,5,5,2.49998,2.50002,2.50012,2.49988,2.49988,2.50012,2.50002,2.49998,-0.0001,-0.0745724,-0.0745455
34.0000,2.17814,2.5794,1.48635,7.59397e-09,4.95175,7.55851e-09,5,5,7.82861e-08,2.17483,2.57783,1.48437,8.20082e-05,4.94294,4.53427e-05,4.99996,4.99997,0.000166797,1.66832e-08,5,1.66832e-08,1.66832e-08,1.66832e-08,1.66832e-08,1.66832e-08,1.66832e-08,5,8.34168e-09,5,5,1.679e-08,5,1.679e-08,1.67897e-08,1.67931e-08,1.67943e-08,1.67931e-08,1.67889e-08,5,8.44404e-09,5,5,2.49998,2.50002,2.50012,2.49988,2.49988,2.50012,2.50002,2.49998,-0.0001,-0.0745748,-0.0745481
34.5000,2.17814,2.5794,1.48635,7.59397e-09,4.95175,7.55851e-09,5,5,7.82861e-08,2.17483,2.57783,1.48437,8.20082e-05,4.94294,4.53427e-05,4.99996,4.99997,0.000166797,1.66832e-08,5,1.66832e-08,1.66832e-08,1.66832e-08,1.66832e-08,1.66832e-08,1.66832e-08,5,8.34169e-09,5,5,1.679e-08,5,1.679e-08,1.67897e-08,1.67931e-08,1.67943e-08,1.67931e-08,1.67889e-08,5,8.44404e-09,5,5,2.49998,2.50002,2.50012,2.49988,2.49988,2.50012,2.50002,2.49998,-0.0001,-0.0745776,-0.0745512
35.0000,2.17814,2.5794,1.48635,7.59397e-09,4.95175,7.55851e-09,5,5,7.82861e-08,2.17483,2.57783,1.48437,8.20082e-05,4.94294,4.53427e-05,4.99996,4.99997,0.000166797,1.66832e-08,5,1.66832e-08,1.66832e-08,1.66832e-08,1.66832e-08,1.66832e-08,1.66832e-08,5,8.34169e-09,5,5,1.679e-08,5,1.679e-08,1.67897e-08,1.67931e-08,1.67943e-08,1.67931e-08,1.67889e-08,5,8.44404e-09,5,5,2.49998,2.50002,2.50012,2.49988,2.49988,2.50012,2.50002,2.49998,-0.0001,-0.074581,-0.0745548
35.5000,2.17814,2.5794,1.48635,7.59397e-09,4.95175,7.55851e-09,5,5,7.82861e-08,2.17483,2.57783,1.48437,8.20082e-05,4.94294,4.53427e-05,4.99996,4.99997,0.000166797,1.66832e-08,5,1.66832e-08,1.66832e-08,1.66832e-08,1.66832e-08,1.66832e-08,1.66832e-08,5,8.34169e-09,5,5,1.679e-08,5,1.679e-08,1.67897e-08,1.67931e-08,1.67943e-08,1.67931e-08,1.67889e-08,5,8.44404e-09,5,5,2.49998,2.50002,2.50012,2.49988,2.49988,2.50012,2.50002,2.49998,-0.0001,-0.0745849,-0.0745591
36.0000,2.17814,2.5794,1.48635,7.59397e-09,4.95175,7.55851e-09,5,5,7.82861e-08,2.17483,2.57783,1.48437,8.20082e-05,4.94294,4.53427e-05,4.99996,4.99997,0.000166797,1.66832e-08,5,1.66832e-08,1.66832e-08,1.66832e-08,1.66832e-08,1.66832e-08,1.66832e-08,5,8.34168e-09,5,5,1.679e-08,5,1.679e-08,1.67897e-08,1.67931e-08,1.67943e-08,1.67931e-08,1.67889e-08,5,8.44404e-09,5,5,2.49998,2.50002,2.50012,2.49988,2.49988,2.50012,2.50002,2.49998,-0.0001,-0.0745896,-0.0745643
36.5000,2.17814,2.5794,1.48635,7.59397e-09,4.95175,7.55851e-09,5,5,7.82861e-08,2.17483,2.57783,1.48437,8.20082e-05,4.94294,4.53427e-05,4.99996,4.99997,0.000166797,1.66832e-08,5,1.66832e-08,1.66832e-08,1.66832e-08,1.66832e-08,1.66832e-08,1.66832e-08,5,8.34168e-09,5,5,1.679e-08,5,1.679e-08,1.67897e-08,1.67931e-08,1.67943e-08,1.67931e-08,1.67889e-08,5,8.44404e-09,5,5,2.49998,2.50002,2.50012,2.49988,2.49988,2.50012,2.50002,2.49998,-0.0001,-0.0745953,-0.0745704
37.0000,2.17814,2.5794,1.48635,7.59397e-09,4.95175,7.55851e-09,5,5,7.82861e-08,2.17483,2.57783,1.48437,8.20082e-05,4.94294,4.53427e-05,4.99996,4.99997,0.000166797,1.66832e-08,5,1.66832e-08,1.66832e-08,1.66832e-08,1.66832e-08,1.66832e-08,1.66832e-08,5,8.34168e-09,5,5,1.679e-08,5,1.679e-08,1.67897e-08,1.67931e-08,1.67943e-08,1.67931e-08,1.67889e-08,5,8.44404e-09,5,5,2.49998,2.50002,2.50012,2.49988,2.49988,2.50012,2.50002,2.49998,-0.0001,-0.0746021,-0.0745778
37.5000,2.17814,2.5794,1.48635,7.59397e-09,4.95175,7.55851e-09,5,5,7.82861e-08,2.17483,2.57783,1.48437,8.20082e-05,4.94294,4.53427e-05,4.99996,4.99997,0.000166797,1.66832e-08,5,1.66832e-08,1.66832e-08,1.66832e-08,1.66832e-08,1.66832e-08,1.66832e-08,5,8.34168e-09,5,5,1.679e-08,5,1.679e-08,1.67897e-08,1.67931e-08,1.67943e-08,1.67931e-08,1.67889e-08,5,8.44403e-09,5,5,2.49998,2.50002,2.50012,2.49988,2.49988,2.50012,2.50002,2.49998,-0.0001,-0.0746103,-0.0745869
38.0000,2.17814,2.5794,1.48635,7.59397e-09,4.95175,7.55851e-09,5,5,7.82861e-08,2.17483,2.57783,1.48437,8.20082e-05,4.94294,4.53427e-05,4.99996,4.99997,0.000166797,1.66832e-08,5,1.66832e-08,1.66832e-08,1.66832e-08,1.66832e-08,1.66832e-08,1.66832e-08,5,8.34168e-09,5,5,1.679e-08,5,1.679e-08,1.67897e-08,1.67931e-08,1.67943e-08,1.67931e-08,1.67889e-08,5,8.44403e-09,5,5,2.49998,2.50002,2.50012,2.49988,2.49988,2.50012,2.50002,2.49998,-0.0001,-0.0746203,-0.0745979
38.5000,2.17814,2.5794,1.48635,7.59397e-09,4.95175,7.55851e-09,5,5,7.82861e-08,2.17483,2.57783,1.48437,8.20082e-05,4.94294,4.53427e-05,4.99996,4.99997,0.000166797,1.66832e-08,5,1.66832e-08,1.66832e-08,1.66832e-08,1.66832e-08,1.66832e-08,1.66832e-08,5,8.34168e-09,5,5,1.679e-08,5,1.679e-08,1.67897e-08,1.67931e-08,1.67943e-08,1.67931e-08,1.67889e-08,5,8.44403e-09,5,5,2.49999,2.50001,2.50012,2.49988,2.49988,2.50012,2.50001,2.49999,-0.0001,-0.0746327,-0.0746117
39.0000,2.17814,2.5794,1.48635,7.59397e-09,4.95175,7.55851e-09,5,5,7.82861e-08,2.17483,2.57783,1.48437,8.20082e-05,4.94294,4.53427e-05,4.99996,4.99997,0.000166797,1.66832e-08,5,1.66832e-08,1.66832e-08,1.66832e-08,1.66832e-08,1.66832e-08,1.66832e-08,5,8.34169e-09,5,5,1.679e-08,5,1.679e-08,1.67897e-08,1.67931e-08,1.67943e-08,1.67931e-08,1.67889e-08,5,8.44403e-09,5,5,2.49999,2.50001,2.50012,2.49988,2.49988,2.50012,2.50001,2.49999,-0.0001,-0.0746482,-0.074629
39.5000,2.17814,2.5794,1.48635,7.59397e-09,4.95175,7.55851e-09,5,5,7.82861e-08,2.17483,2.57783,1.48437,8.20082e-05,4.94294,4.53427e-05,4.99996,4.99997,0.000166797,1.66832e-08,5,1.66832e-08,1.66832e-08,1.66832e-08,1.66832e-08,1.66832e-08,1.66832e-08,5,8.34168e-09,5,5,1.679e-08,5,1.679e-08,1.67897e-08,1.67931e-08,1.67943e-08,1.67931e-08,1.67889e-08,5,8.44403e-09,5,5,2.49999,2.50001,2.50012,2.49988,2.49988,2.50012,2.50001,2.49999,-0.0001,-0.0746679,-0.0746513
40.0000,2.17814,2.5794,1.48635,7.59397e-09,4.95175,7.55851e-09,5,5,7.82861e-08,2.17483,2.57783,1.48437,8.20082e-05,4.94294,4.53427e-05,4.99996,4.99997,0.000166797,1.66832e-08,5,1.66832e-08,1.66832e-08,1.66832e-08,1.66832e-08,1.66832e-08,1.66832e-08,5,8.34168e-09,5,5,1.679e-08,5,1.679e-08,1.67897e-08,1.67931e-08,1.67943e-08,1.67931e-08,1.67889e-08,5,8.44403e-09,5,5,2.49999,2.50001,2.50012,2.49988,2.49988,2.50012,2.50001,2.49999,-0.0001,-0.0746936,-0.0746807
40.5000,2.17814,2.5794,1.48635,7.59397e-09,4.95175,7.55851e-09,5,5,7.82861e-08,2.17483,2.57783,1.48437,8.20082e-05,4.94294,4.53427e-05,4.99996,4.99997,0.000166797,1.66832e-08,5,1.66832e-08,1.66832e-08,1.66832e-08,1.66832e-08,1.66832e-08,1.66832e-08,5,8.34167e-09,5,5,1.679e-08,5,1.679e-08,1.67897e-08,1.67931e-08,1.67943e-08,1.67931e-08,1.67889e-08,5,8.44403e-09,5,5,2.49999,2.50001,2.50012,2.49988,2.49988,2.50012,2.50001,2.49999,-0.0001,-0.0747278,-0.0747204
41.0000,2.17814,2.5794,1.48635,7.59397e-09,4.95175,7.55851e-09,5,5,7.82861e-08,2.17483,2.57783,1.48437,8.20082e-05,4.94294,4.53427e-05,4.99996,4.99997,0.000166797,1.66832e-08,5,1.66832e-08,1.66832e-08,1.66832e-08,1.66832e-08,1.66832e-08,1.66832e-08,5,8.34168e-09,5,5,1.679e-08,5,1.679e-08,1.67897e-08,1.67931e-08,1.67943e-08,1.67931e-08,1.67889e-08,5,8.44403e-09,5,5,2.49999,2.50001,2.50012,2.49988,2.49988,2.50012,2.50001,2.49999,-0.0001,-0.0747748,-0.0747761
41.5000,2.17814,2.5794,1.48635,7.59397e-09,4.95175,7.55851e-09,5,5,7.82861e-08,2.17483,2.57783,1.48437,8.20082e-05,4.94294,4.53427e-05,4.99996,4.99997,0.000166797,1.66832e-08,5,1.66832e-08,1.66832e-08,1.66832e-08,1.66832e-08,1.66832e-08,1.66832e-08,5,8.34168e-09,5,5,1.679e-08,5,1.679e-08,1.67897e-08,1.67931e-08,1.67943e-08,1.67931e-08,1.67889e-08,5,8.44403e-09,5,5,2.49999,2.50001,2.50012,2.49988,2.49988,2.50012,2.50001,2.49999,-0.0001,-0.0748419,-0.0748577
42.0000,2.17814,2.5794,1.48635,7.59397e-09,4.95175,7.55851e-09,5,5,7.82861e-08,2.17483,2.57783,1.48437,8.20082e-05,4.94294,4.53427e-05,4.99996,4.99997,0.000166797,1.66832e-08,5,1.66832e-08,1.66832e-08,1.66832e-08,1.66832e-08,1.66832e-08,1.66832e-08,5,8.34169e-09,5,5,1.679e-08,5,1.679e-08,1.67897e-08,1.67931e-08,1.67943e-08,1.67931e-08,1.67889e-08,5,8.44403e-09,5,5,2.49999,2.50001,2.50012,2.49988,2.49988,2.50012,2.50001,2.49999,-0.0001,-0.0749396,-0.0749777
42.5000,2.17814,2.5794,1.48635,7.59397e-09,4.95175,7.55851e-09,5,5,7.82861e-08,2.17483,2.57783,1.48437,8.20082e-05,4.94294,4.53427e-05,4.99996,4.99997,0.000166797,1.66832e-08,5,1.66832e-08,1.66832e-08,1.66832e-08,1.66832e-08,1.66832e-08,1.66832e-08,5,8.34167e-09,5,5,1.679e-08,5,1.679e-08,1.67897e-08,1.67931e-08,1.67943e-08,1.67931e-08,1.67889e-08,5,8.44403e-09,5,5,2.49999,2.50001,2.50012,2.49988,2.49988,2.50012,2.50001,2.49999,-0.0001,-0.0750748,-0.0751127
43.0000,2.17814,2.5794,1.48635,7.59397e-09,4.95175,7.55851e-09,5,5,7.82861e-08,2.17483,2.57783,1.48437,8.20082e-05,4.94294,4.53427e-05,4.99996,4.99997,0.000166797,1.66832e-08,5,1.66832e-08,1.66832e-08,1.66832e-08,1.66832e-08,1.66832e-08,1.66832e-08,5,8.34167e-09,5,5,1.679e-08,5,1.679e-08,1.67897e-08,1.67931e-08,1.67943e-08,1.67931e-08,1.67889e-08,5,8.44403e-09,5,5,2.5,2.5,2.50012,2.49988,2.49988,2.50012,2.5,2.5,-0.0001,-0.0751774,-0.0752338
43.5000,2.17814,2.5794,1.48635,7.59397e-09,4.95175,7.55851e-09,5,5,7.82861e-08,2.17483,2.57783,1.48437,8.20082e-05,4.94294,4.53427e-05,4.99996,4.99997,0.000166797,1.66832e-08,5,1.66832e-08,1.66832e-08,1.66832e-08,1.66832e-08,1.66832e-08,1.66832e-08,5,8.34168e-09,5,5,1.679e-08,5,1.679e-08,1.67897e-08,1.67931e-08,1.67943e-08,1.67931e-08,1.67889e-08,5,8.44403e-09,5,5,2.5,2.5,2.50012,2.49988,2.49988,2.50012,2.5,2.5,-0.0001,-0.0753646,-0.075513
44.0000,2.17814,2.5794,1.48635,7.59397e-09,4.95175,7.55851e-09,5,5,7.82861e-08,2.17483,2.57783,1.48437,8.20082e-05,4.94294,4.53427e-05,4.99996,4.99997,0.000166797,1.66832e-08,5,1.66832e-08,1.66832e-08,1.66832e-08,1.66832e-08,1.66832e-08,1.66832e-08,5,8.34169e-09,5,5,1.679e-08,5,1.67901e-08,1.67897e-08,1.67931e-08,1.67956e-08,1.67943e-08,1.67889e-08,5,8.44428e-09,5,5,2.5,2.5,2.50012,2.49988,2.49988,2.50012,2.5,2.5,-0.0001,-0.0756764,-0.0759244
44.5000,2.17814,2.5794,1.48635,7.59397e-09,4.95175,7.55851e-09,5,5,7.82861e-08,2.57783,2.17483,1.48437,4.53427e-05,4.99996,8.20082e-05,4.94294,4.99997,0.000166797,1.66832e-08,5,1.66832e-08,1.66832e-08,1.66832e-08,1.66832e-08,1.66832e-08,1.66832e-08,5,8.34169e-09,5,5,1.679e-08,1.67907e-08,1.67898e-08,1.67897e-08,1.67931e-08,5,1.67902e-08,1.67889e-08,5,8.44406e-09,5,5,2.5,2.5,2.50013,2.49987,2.49987,2.50013,2.5,2.5,-0.0001,-0.0760847,-0.0757931
45.0000,2.5794,2.17814,1.48635,7.55851e-09,5,7.59397e-09,4.95175,5,7.82861e-08,2.57783,2.17483,1.48437,4.53427e-05,4.99996,8.20082e-05,4.94294,4.99997,0.000166797,1.66832e-08,1.66832e-08,1.66832e-08,1.66832e-08,1.66832e-08,5,1.66832e-08,1.66832e-08,5,8.34167e-09,5,5,1.679e-08,1.67901e-08,1.67897e-08,1.67897e-08,1.67931e-08,5,1.67889e-08,1.67889e-08,5,8.4438e-09,5,5,2.5,2.5,2.50013,2.49987,2.49987,2.50013,2.5,2.5,-0.0001,-0.0756957,-0.0754164
45.5000,2.5794,2.17814,1.48635,7.55851e-09,5,7.59397e-09,4.95175,5,7.82861e-08,2.57783,2.17483,1.48437,4.53427e-05,4.99996,8.20082e-05,4.94294,4.99997,0.000166797,1.66832e-08,1.66832e-08,1.66832e-08,1.66832e-08,1.66832e-08,5,1.66832e-08,1.66832e-08,5,8.34168e-09,5,5,1.679e-08,1.67901e-08,1.67897e-08,1.67897e-08,1.67931e-08,5,1.67889e-08,1.67889e-08,5,8.4438e-09,5,5,2.5,2.5,2.50013,2.49987,2.49987,2.50013,2.5,2.5,-0.0001,-0.0753503,-0.0751759
46.0000,2.5794,2.17814,1.48635,7.55851e-09,5,7.59397e-09,4.95175,5,7.82861e-08,2.57783,2.17483,1.48437,4.53427e-05,4.99996,8.20082e-05,4.94294,4.99997,0.000166797,1.66832e-08,1.66832e-08,1.66832e-08,1.66832e-08,1.66832e-08,5,1.66832e-08,1.66832e-08,5,8.34168e-09,5,5,1.679e-08,1.67901e-08,1.67897e-08,1.67897e-08,1.67931e-08,5,1.67889e-08,1.67889e-08,5,8.44379e-09,5,5,2.5,2.5,2.50012,2.49988,2.49988,2.50012,2.5,2.5,-0.0001,-0.0751485,-0.0750605
46.5000,2.5794,2.17814,1.48635,7.55851e-09,5,7.59397e-09,4.95175,5,7.82861e-08,2.57783,2.17483,1.48437,4.53427e-05,4.99996,8.20082e-05,4.94294,4.99997,0.000166797,1.66832e-08,1.66832e-08,1.66832e-08,1.66832e-08,1.66832e-08,5,1.66832e-08,1.66832e-08,5,8.34168e-09,5,5,1.679e-08,1.67901e-08,1.67897e-08,1.67897e-08,1.67931e-08,5,1.67889e-08,1.67889e-08,5,8.44379e-09,5,5,2.5,2.5,2.50012,2.49988,2.49988,2.50012,2.5,2.5,-0.0001,-0.0750771,-0.0750441
47.0000,2.5794,2.17814,1.48635,7.55851e-09,5,7.59397e-09,4.95175,5,7.82861e-08,2.57783,2.17483,1.48437,4.53427e-05,4.99996,8.20082e-05,4.94294,4.99997,0.000166797,1.66832e-08,1.66832e-08,1.66832e-08,1.66832e-08,1.66832e-08,5,1.66832e-08,1.66832e-08,5,8.34169e-09,5,5,1.679e-08,1.67901e-08,1.67897e-08,1.67897e-08,1.67931e-08,5,1.67889e-08,1.67889e-08,5,8.4438e-09,5,5,2.5,2.5,2.50012,2.49988,2.49988,2.50012,2.5,2.5,-0.0001,-0.0750666,-0.0750317
47.5000,2.5794,2.17814,1.48635,7.55851e-09,5,7.59397e-09,4.95175,5,7.82861e-08,2.57783,2.17483,1.48437,4.53427e-05,4.99996,8.20082e-05,4.94294,4.99997,0.000166797,1.66832e-08,1.66832e-08,1.66832e-08,1.66832e-08,1.66832e-08,5,1.66832e-08,1.66832e-08,5,8.34169e-09,5,5,1.679e-08,1.67901e-08,1.67897e-08,1.67897e-08,1.67931e-08,5,1.67889e-08,1.67889e-08,5,8.4438e-09,5,5,2.50001,2.49999,2.50012,2.49988,2.49988,2.50012,2.49999,2.50001,-0.0001,-0.0750527,-0.0750121
48.0000,2.5794,2.17814,1.48635,7.55851e-09,5,7.59397e-09,4.95175,5,7.82861e-08,2.57783,2.17483,1.48437,4.53427e-05,4.99996,8.20082e-05,4.94294,4.99997,0.000166797,1.66832e-08,1.66832e-08,1.66832e-08,1.66832e-08,1.66832e-08,5,1.66832e-08,1.66832e-08,5,8.34167e-09,5,5,1.679e-08,1.67901e-08,1.67897e-08,1.67897e-08,1.67931e-08,5,1.67889e-08,1.67889e-08,5,8.4438e-09,5,5,2.50001,2.49999,2.50012,2.49988,2.49988,2.50012,2.49999,2.50001,-0.0001,-0.07503,-0.0749711
48.5000,2.5794,2.17814,1.48635,7.55851e-09,5,7.59397e-09,4.95175,5,7.82861e-08,2.57783,2.17483,1.48437,4.53427e-05,4.99996,8.20082e-05,4.94294,4.99997,0.000166797,1.66832e-08,1.66832e-08,1.66832e-08,1.66832e-08,1.66832e-08,5,1.66832e-08,1.66832e-08,5,8.34169e-09,5,5,1.679e-08,1.67901e-08,1.67897e-08,1.67897e-08,1.67931e-08,5,1.67889e-08,1.67889e-08,5,8.4438e-09,5,5,2.50001,2.49999,2.50012,2.49988,2.49988,2.50012,2.49999,2.50001,-0.0001,-0.0749742,-0.0748732
49.0000,2.5794,2.17814,1.48635,7.55851e-09,5,7.59397e-09,4.95175,5,7.82861e-08,2.57783,2.17483,1.48437,4.53427e-05,4.99996,8.20082e-05,4.94294,4.99997,0.000166797,1.66832e-08,1.66832e-08,1.66832e-08,1.66832e-08,1.66832e-08,5,1.66832e-08,1.66832e-08,5,8.34168e-09,5,5,1.679e-08,1.67901e-08,1.67897e-08,1.67897e-08,1.67931e-08,5,1.67889e-08,1.67889e-08,5,8.4438e-09,5,5,2.50001,2.49999,2.50012,2.49988,2.49988,2.50012,2.49999,2.50001,-0.0001,-0.0748711,-0.0747798
49.5000,2.5794,2.17814,1.48635,7.55851e-09,5,7.59397e-09,4.95175,5,7.82861e-08,2.57783,2.17483,1.48437,4.53427e-05,4.99996,8.20082e-05,4.94294,4.99997,0.000166797,1.66832e-08,1.66832e-08,1.66832e-08,1.66832e-08,1.66832e-08,5,1.66832e-08,1.66832e-08,5,8.34169e-09,5,5,1.679e-08,1.67901e-08,1.67897e-08,1.67897e-08,1.67931e-08,5,1.67889e-08,1.67889e-08,5,8.4438e-09,5,5,2.50001,2.49999,2.50012,2.49988,2.49988,2.50012,2.49999,2.50001,-0.0001,-0.074784,-0.0747096
50.0000,2.5794,2.17814,1.48635,7.55851e-09,5,7.59397e-09,4.95175,5,7.82861e-08,2.57783,2.17483,1.48437,4.53427e-05,4.99996,8.20082e-05,4.94294,4.99997,0.000166797,1.66832e-08,1.66832e-08,1.66832e-08,1.66832e-08,1.66832e-08,5,1.66832e-08,1.66832e-08,5,8.34169e-09,5,5,1.679e-08,1.67901e-08,1.67897e-08,1.67897e-08,1.67931e-08,5,1.67889e-08,1.67889e-08,5,8.4438e-09,5,5,2.50001,2.49999,2.50012,2.49988,2.49988,2.50012,2.49999,2.50001,-0.0001,-0.0747196,-0.074658
50.5000,2.5794,2.17814,1.48635,7.55851e-09,5,7.59397e-09,4.95175,5,7.82861e-08,2.57783,2.17483,1.48437,4.53427e-05,4.99996,8.20082e-05,4.94294,4.99997,0.000166797,1.66832e-08,1.66832e-08,1.66832e-08,1.66832e-08,1.66832e-08,5,1.66832e-08,1.66832e-08,5,8.34168e-09,5,5,1.679e-08,1.67901e-08,1.67897e-08,1.67897e-08,1.67931e-08,5,1.67889e-08,1.67889e-08,5,8.4438e-09,5,5,2.50001,2.49999,2.50012,2.49988,2.49988,2.50012,2.49999,2.50001,-0.0001,-0.0746724,-0.07462
51.0000,2.5794,2.17814,1.48635,7.55851e-09,5,7.59397e-09,4.95175,5,7.82861e-08,2.57783,2.17483,1.48437,4.53427e-05,4.99996,8.20082e-05,4.94294,4.99997,0.000166797,1.66832e-08,1.66832e-08,1.66832e-08,1.66832e-08,1.66832e-08,5,1.66832e-08,1.66832e-08,5,8.34169e-09,5,5,1.679e-08,1.67901e-08,1.67897e-08,1.67897e-08,1.67931e-08,5,1.67889e-08,1.67889e-08,5,8.4438e-09,5,5,2.50001,2.49999,2.50012,2.49988,2.49988,2.50012,2.49999,2.50001,-0.0001,-0.0746378,-0.0745922
51.5000,2.5794,2.17814,1.48635,7.55851e-09,5,7.59397e-09,4.95175,5,7.82861e-08,2.57783,2.17483,1.48437,4.53427e-05,4.99996,8.20082e-05,4.94294,4.99997,0.000166797,1.66832e-08,1.66832e-08,1.66832e-08,1.66832e-08,1.66832e-08,5,1.66832e-08,1.66832e-08,5,8.3417e-09,5,5,1.679e-08,1.67901e-08,1.67897e-08,1.67897e-08,1.67931e-08,5,1.67889e-08,1.67889e-08,5,8.44381e-09,5,5,2.50001,2.49999,2.50012,2.49988,2.49988,2.50012,2.49999,2.50001,-0.0001,-0.0746124,-0.0745717
52.0000,2.5794,2.17814,1.48635,7.55851e-09,5,7.59397e-09,4.95175,5,7.82861e-08,2.57783,2.17483,1.48437,4.53427e-05,4.99996,8.20082e-05,4.94294,4.99997,0.000166797,1.66832e-08,1.66832e-08,1.66832e-08,1.66832e-08,1.66832e-08,5,1.66832e-08,1.66832e-08,5,8.34169e-09,5,5,1.679e-08,1.67901e-08,1.67897e-08,1.67897e-08,1.67931e-08,5,1.67889e-08,1.67889e-08,5,8.4438e-09,5,5,2.50002,2.49998,2.50012,2.49988,2.49988,2.50012,2.49998,2.50002,-0.0001,-0.0745939,-0.0745568
52.5000,2.5794,2.17814,1.48635,7.55851e-09,5,7.59397e-09,4.95175,5,7.82861e-08,2.57783,2.17483,1.48437,4.53427e-05,4.99996,8.20082e-05,4.94294,4.99997,0.000166797,1.66832e-08,1.66832e-08,1.66832e-08,1.66832e-08,1.66832e-08,5,1.66832e-08,1.66832e-08,5,8.34169e-09,5,5,1.679e-08,1.67901e-08,1.67897e-08,1.67897e-08,1.67931e-08,5,1.67889e-08,1.67889e-08,5,8.44381e-09,5,5,2.50002,2.49998,2.50012,2.49988,2.49988,2.50012,2.49998,2.50002,-0.0001,-0.0745804,-0.0745459
53.0000,2.5794,2.17814,1.48635,7.55851e-09,5,7.59397e-09,4.95175,5,7.82861e-08,2.57783,2.17483,1.48437,4.53427e-05,4.99996,8.20082e-05,4.94294,4.99997,0.000166797,1.66832e-08,1.66832e-08,1.66832e-08,1.66832e-08,1.66832e-08,5,1.66832e-08,1.66832e-08,5,8.34169e-09,5,5,1.679e-08,1.67901e-08,1.67897e-08,1.67897e-08,1.67931e-08,5,1.67889e-08,1.67889e-08,5,8.44381e-09,5,5,2.50002,2.49998,2.50012,2.49988,2.49988,2.50012,2.49998,2.50002,-0.0001,-0.0745705,-0.0745379
53.5000,2.5794,2.17814,1.48635,7.55851e-09,5,7.59397e-09,4.95175,5,7.82861e-08,2.57783,2.17483,1.48437,4.53427e-05,4.99996,8.20082e-05,4.94294,4.99997,0.000166797,1.66832e-08,1.66832e-08,1.66832e-08,1.66832e-08,1.66832e-08,5,1.66832e-08,1.66832e-08,5,8.34169e-09,5,5,1.679e-08,1.67901e-08,1.67897e-08,1.67897e-08,1.67931e-08,5,1.67889e-08,1.67889e-08,5,8.44381e-09,5,5,2.50002,2.49998,2.50012,2.49988,2.49988,2.50012,2.49998,2.50002,-0.0001,-0.0745633,-0.074532
54.0000,2.5794,2.17814,1.48635,7.55851e-09,5,7.59397e-09,4.95175,5,7.82861e-08,2.57783,2.17483,1.48437,4.53427e-05,4.99996,8.20082e-05,4.94294,4.99997,0.000166797,1.66832e-08,1.66832e-08,1.66832e-08,1.66832e-08,1.66832e-08,5,1.66832e-08,1.66832e-08,5,8.3417e-09,5,5,1.679e-08,1.67901e-08,1.67897e-08,1.67897e-08,1.67931e-08,5,1.67889e-08,1.67889e-08,5,8.44381e-09,5,5,2.50002,2.49998,2.50012,2.49988,2.49988,2.50012,2.49998,2.50002,-0.0001,-0.0745579,-0.0745276
54.5000,2.5794,2.17814,1.48635,7.55851e-09,5,7.59397e-09,4.95175,5,7.82861e-08,2.57783,2.17483,1.48437,4.53427e-05,4.99996,8.20082e-05,4.94294,4.99997,0.000166797,1.66832e-08,1.66832e-08,1.66832e-08,1.66832e-08,1.66832e-08,5,1.66832e-08,1.66832e-08,5,8.3417e-09,5,5,1.679e-08,1.67901e-08,1.67897e-08,1.67897e-08,1.67931e-08,5,1.67889e-08,1.67889e-08,5,8.44381e-09,5,5,2.50002,2.49998,2.50012,2.49988,2.49988,2.50012,2.49998,2.50002,-0.0001,-0.0745539,-0.0745243
55.0000,2.5794,2.17814,1.48635,7.55851e-09,5,7.59397e-09,4.95175,5,7.82861e-08,2.57783,2.17483,1.48437,4.53427e-05,4.99996,8.20082e-05,4.94294,4.99997,0.000166797,1.66832e-08,1.66832e-08,1.66832e-08,1.66832e-08,1.66832e-08,5,1.66832e-08,1.66832e-08,5,8.34169e-09,5,5,1.679e-08,1.67901e-08,1.67897e-08,1.67897e-08,1.67931e-08,5,1.67889e-08,1.67889e-08,5,8.44382e-09,5,5,2.50002,2.49998,2.50012,2.49988,2.49988,2.50012,2.49998,2.50002,-0.0001,-0.0745509,-0.0745218
55.5000,2.5794,2.17814,1.48635,7.55851e-09,5,7.59397e-09,4.95175,5,7.82861e-08,2.57783,2.17483,1.48437,4.53427e-05,4.99996,8.20082e-05,4.94294,4.99997,0.000166797,1.66832e-08,1.66832e-08,1.66832e-08,1.66832e-08,1.66832e-08,5,1.66832e-08,1.66832e-08,5,8.3417e-09,5,5,1.679e-08,1.67901e-08,1.67897e-08,1.67897e-08,1.67931e-08,5,1.67889e-08,1.67889e-08,5,8.44382e-09,5,5,2.50002,2.49998,2.50012,2.49988,2.49988,2.50012,2.49998,2.50002,-0.0001,-0.0745486,-0.0745198
56.0000,2.5794,2.17814,1.48635,7.55851e-09,5,7.59397e-09,4.95175,5,7.82861e-08,2.57783,2.17483,1.48437,4.53427e-05,4.99996,8.20082e-05,4.94294,4.99997,0.000166797,1.66832e-08,1.66832e-08,1.66832e-08,1.66832e-08,1.66832e-08,5,1.66832e-08,1.66832e-08,5,8.34171e-09,5,5,1.679e-08,1.67901e-08,1.67897e-08,1.67897e-08,1.67931e-08,5,1.67889e-08,1.67889e-08,5,8.44382e-09,5,5,2.50002,2.49998,2.50012,2.49988,2.49988,2.50012,2.49998,2.50002,-0.0001,-0.0745468,-0.0745183
56.5000,2.5794,2.17814,1.48635,7.55851e-09,5,7.59397e-09,4.95175,5,7.82861e-08,2.57783,2.17483,1.48437,4.53427e-05,4.99996,8.20082e-05,4.94294,4.99997,0.000166797,1.66832e-08,1.66832e-08,1.66832e-08,1.66832e-08,1.66832e-08,5,1.66832e-08,1.66832e-08,5,8.34171e-09,5,5,1.679e-08,1.67901e-08,1.67897e-08,1.67897e-08,1.67931e-08,5,1.67889e-08,1.67889e-08,5,8.44382e-09,5,5,2.50002,2.49998,2.50012,2.49988,2.49988,2.50012,2.49998,2.50002,-0.0001,-0.0745454,-0.074517
57.0000,2.5794,2.17814,1.48635,7.55851e-09,5,7.59397e-09,4.95175,5,7.82861e-08,2.57783,2.17483,1.48437,4.53427e-05,4.99996,8.20082e-05,4.94294,4.99997,0.000166797,1.66832e-08,1.66832e-08,1.66832e-08,1.66832e-08,1.66832e-08,5,1.66832e-08,1.66832e-08,5,8.3417e-09,5,5,1.679e-08,1.67901e-08,1.67897e-08,1.67897e-08,1.67931e-08,5,1.67889e-08,1.67889e-08,5,8.44383e-09,5,5,2.50003,2.49997,2.50012,2.49988,2.49988,2.50012,2.49997,2.50003,-0.0001,-0.0745442,-0.074516
57.5000,2.5794,2.17814,1.48635,7.55851e-09,5,7.59397e-09,4.95175,5,7.82861e-08,2.57783,2.17483,1.48437,4.53427e-05,4.99996,8.20082e-05,4.94294,4.99997,0.000166797,1.66832e-08,1.66832e-08,1.66832e-08,1.66832e-08,1.66832e-08,5,1.66832e-08,1.66832e-08,5,8.34171e-09,5,5,1.679e-08,1.67901e-08,1.67897e-08,1.67897e-08,1.67931e-08,5,1.67889e-08,1.67889e-08,5,8.44383e-09,5,5,2.50003,2.49997,2.50012,2.49988,2.49988,2.50012,2.49997,2.50003,-0.0001,-0.0745433,-0.0745152
58.0000,2.5794,2.17814,1.48635,7.55851e-09,5,7.59397e-09,4.95175,5,7.82861e-08,2.57783,2.17483,1.48437,4.53427e-05,4.99996,8.20082e-05,4.94294,4.99997,0.000166797,1.66832e-08,1.66832e-08,1.66832e-08,1.66832e-08,1.66832e-08,5,1.66832e-08,1.66832e-08,5,8.34171e-09,5,5,1.679e-08,1.67901e-08,1.67897e-08,1.67897e-08,1.67931e-08,5,1.67889e-08,1.67889e-08,5,8.44384e-09,5,5,2.50003,2.49997,2.50012,2.49988,2.49988,2.50012,2.49997,2.50003,-0.0001,-0.0745426,-0.0745146
58.5000,2.5794,2.17814,1.48635,7.55851e-09,5,7.59397e-09,4.95175,5,7.82861e-08,2.57783,2.17483,1.48437,4.53427e-05,4.99996,8.20082e-05,4.94294,4.99997,0.000166797,1.66832e-08,1.66832e-08,1.66832e-08,1.66832e-08,1.66832e-08,5,1.66832e-08,1.66832e-08,5,8.34172e-09,5,5,1.679e-08,1.67901e-08,1.67897e-08,1.67897e-08,1.67931e-08,5,1.67889e-08,1.67889e-08,5,8.44384e-09,5,5,2.50003,2.49997,2.50012,2.49988,2.49988,2.50012,2.49997,2.50003,-0.0001,-0.0745419,-0.074514
59.0000,2.5794,2.17814,1.48635,7.55851e-09,5,7.59397e-09,4.95175,5,7.82861e-08,2.57783,2.17483,1.48437,4.53427e-05,4.99996,8.20082e-05,4.94294,4.99997,0.000166797,1.66832e-08,1.66832e-08,1.66832e-08,1.66832e-08,1.66832e-08,5,1.66832e-08,1.66832e-08,5,8.34172e-09,5,5,1.679e-08,1.67901e-08,1.67897e-08,1.67897e-08,1.67931e-08,5,1.67889e-08,1.67889e-08,5,8.44384e-09,5,5,2.50003,2.49997,2.50012,2.49988,2.49988,2.50012,2.49997,2.50003,-0.0001,-0.0745414,-0.0745136
59.5000,2.5794,2.17814,1.48635,7.55851e-09,5,7.59397e-09,4.95175,5,7.82861e-08,2.57783,2.17483,1.48437,4.53427e-05,4.99996,8.20082e-05,4.94294,4.99997,0.000166797,1.66832e-08,1.66832e-08,1.66832e-08,1.66832e-08,1.66832e-08,5,1.66832e-08,1.66832e-08,5,8.34173e-09,5,5,1.679e-08,1.67901e-08,1.67897e-08,1.67897e-08,1.67931e-08,5,1.67889e-08,1.67889e-08,5,8.44385e-09,5,5,2.50003,2.49997,2.50012,2.49988,2.49988,2.50012,2.49997,2.50003,-0.0001,-0.074541,-0.0745132
60.0000,2.5794,2.17814,1.48635,7.55851e-09,5,7.59397e-09,4.95175,5,7.82861e-08,2.57783,2.17483,1.48437,4.53427e-05,4.99996,8.20082e-05,4.94294,4.99997,0.000166797,1.66832e-08,1.66832e-08,1.66832e-08,1.66832e-08,1.66832e-08,5,1.66832e-08,1.66832e-08,5,8.34173e-09,5,5,1.679e-08,1.67901e-08,1.67897e-08,1.67897e-08,1.67931e-08,5,1.67889e-08,1.67889e-08,5,8.44385e-09,5,5,2.50003,2.49997,2.50012,2.49988,2.49988,2.50012,2.49997,2.50003,-0.0001,-0.0745407,-0.0745129
60.5000,2.5794,2.17814,1.48635,7.55851e-09,5,7.59397e-09,4.95175,5,7.82861e-08,2.57783,2.17483,1.48437,4.53427e-05,4.99996,8.20082e-05,4.94294,4.99997,0.000166797,1.66832e-08,1.66832e-08,1.66832e-08,1.66832e-08,1.66832e-08,5,1.66832e-08,1.66832e-08,5,8.34175e-09,5,5,1.679e-08,1.67901e-08,1.67897e-08,1.67897e-08,1.67931e-08,5,1.67889e-08,1.67889e-08,5,8.44386e-09,5,5,2.50003,2.49997,2.50012,2.49988,2.49988,2.50012,2.49997,2.50003,-0.0001,-0.0745404,-0.0745127
61.0000,2.5794,2.17814,1.48635,7.55851e-09,5,7.59397e-09,4.95175,5,7.82861e-08,2.57783,2.17483,1.48437,4.53427e-05,4.99996,8.20082e-05,4.94294,4.99997,0.000166797,1.66832e-08,1.66832e-08,1.66832e-08,1.66832e-08,1.66832e-08,5,1.66832e-08,1.66832e-08,5,8.34174e-09,5,5,1.679e-08,1.67901e-08,1.67897e-08,1.67897e-08,1.67931e-08,5,1.67889e-08,1.67889e-08,5,8.44386e-09,5,5,2.50003,2.49997,2.50012,2.49988,2.49988,2.50012,2.49997,2.50003,-0.0001,-0.0745402,-0.0745125
61.5000,2.5794,2.17814,1.48635,7.55851e-09,5,7.59397e-09,4.95175,5,7.82861e-08,2.57783,2.17483,1.48437,4.53427e-05,4.99996,8.20082e-05,4.94294,4.99997,0.000166797,1.66832e-08,1.66832e-08,1.66832e-08,1.66832e-08,1.66832e-08,5,1.66832e-08,1.66832e-08,5,8.34175e-09,5,5,1.679e-08,1.67901e-08,1.67897e-08,1.67897e-08,1.67931e-08,5,1.67889e-08,1.67889e-08,5,8.44387e-09,5,5,2.50004,2.49996,2.50012,2.49988,2.49988,2.50012,2.49996,2.50004,-0.0001,-0.0745401,-0.0745124
62.0000,2.5794,2.17814,1.48635,7.55851e-09,5,7.59397e-09,4.95175,5,7.82861e-08,2.57783,2.17483,1.48437,4.53427e-05,4.99996,8.20082e-05,4.94294,4.99997,0.000166797,1.66832e-08,1.66832e-08,1.66832e-08,1.66832e-08,1.66832e-08,5,1.66832e-08,1.66832e-08,5,8.34175e-09,5,5,1.679e-08,1.67901e-08,1.67897e-08,1.67897e-08,1.67931e-08,5,1.67889e-08,1.67889e-08,5,8.44388e-09,5,5,2.50004,2.49996,2.50012,2.49988,2.49988,2.50012,2.49996,2.50004,-0.0001,-0.07454,-0.0745123
62.5000,2.5794,2.17814,1.48635,7.55851e-09,5,7.59397e-09,4.95175,5,7.82861e-08,2.57783,2.17483,1.48437,4.53427e-05,4.99996,8.20082e-05,4.94294,4.99997,0.000166797,1.66832e-08,1.66832e-08,1.66832e-08,1.66832e-08,1.66832e-08,5,1.66832e-08,1.66832e-08,5,8.34177e-09,5,5,1.679e-08,1.67901e-08,1.67897e-08,1.67897e-08,1.67931e-08,5,1.67889e-08,1.67889e-08,5,8.44388e-09,5,5,2.50004,2.49996,2.50012,2.49988,2.49988,2.50012,2.49996,2.50004,-0.0001,-0.07454,-0.0745123
63.0000,2.5794,2.17814,1.48635,7.55851e-09,5,7.59397e-09,4.95175,5,7.82861e-08,2.57783,2.17483,1.48437,4.53427e-05,4.99996,8.20082e-05,4.94294,4.99997,0.000166797,1.66832e-08,1.66832e-08,1.66832e-08,1.66832e-08,1.66832e-08,5,1.66832e-08,1.66832e-08,5,8.34176e-09,5,5,1.679e-08,1.67901e-08,1.67897e-08,1.67897e-08,1.67931e-08,5,1.67889e-08,1.67889e-08,5,8.44389e-09,5,5,2.50004,2.49996,2.50012,2.49988,2.49988,2.50012,2.49996,2.50004,-0.0001,-0.07454,-0.0745124
63.5000,2.5794,2.17814,1.48635,7.55851e-09,5,7.59397e-09,4.95175,5,7.82861e-08,2.57783,2.17483,1.48437,4.53427e-05,4.99996,8.20082e-05,4.94294,4.99997,0.000166797,1.66832e-08,1.66832e-08,1.66832e-08,1.66832e-08,1.66832e-08,5,1.66832e-08,1.66832e-08,5,8.34178e-09,5,5,1.679e-08,1.67901e-08,1.67897e-08,1.67897e-08,1.67931e-08,5,1.67889e-08,1.67889e-08,5,8.4439e-09,5,5,2.50004,2.49996,2.50012,2.49988,2.49988,2.50012,2.49996,2.50004,-0.0001,-0.0745401,-0.0745125
64.0000,2.5794,2.17814,1.48635,7.55851e-09,5,7.59397e-09,4.95175,5,7.82861e-08,2.57783,2.17483,1.48437,4.53427e-05,4.99996,8.20082e-05,4.94294,4.99997,0.000166797,1.66832e-08,1.66832e-08,1.66832e-08,1.66832e-08,1.66832e-08,5,1.66832e-08,1.66832e-08,5,8.34178e-09,5,5,1.679e-08,1.67901e-08,1.67897e-08,1.67897e-08,1.67931e-08,5,1.67889e-08,1.67889e-08,5,8.44391e-09,5,5,2.50004,2.49996,2.50012,2.49988,2.49988,2.50012,2.49996,2.50004,-0.0001,-0.0745402,-0.0745126
64.5000,2.5794,2.17814,1.48635,7.55851e-09,5,7.59397e-09,4.95175,5,7.82861e-08,2.57783,2.17483,1.48437,4.53427e-05,4.99996,8.20082e-05,4.94294,4.99997,0.000166797,1.66832e-08,1.66832e-08,1.66832e-08,1.66832e-08,1.66832e-08,5,1.66832e-08,1.66832e-08,5,8.3418e-09,5,5,1.679e-08,1.67901e-08,1.67897e-08,1.67897e-08,1.67931e-08,5,1.67889e-08,1.67889e-08,5,8.44392e-09,5,5,2.50004,2.49996,2.50012,2.49988,2.49988,2.50012,2.49996,2.50004,-0.0001,-0.0745404,-0.0745128
65.0000,2.5794,2.17814,1.48635,7.55851e-09,5,7.59397e-09,4.95175,5,7.82861e-08,2.57783,2.17483,1.48437,4.53427e-05,4.99996,8.20082e-05,4.94294,4.99997,0.000166797,1.66832e-08,1.66832e-08,1.66832e-08,1.66832e-08,1.66832e-08,5,1.66832e-08,1.66832e-08,5,8.3418e-09,5,5,1.679e-08,1.67901e-08,1.67897e-08,1.67897e-08,1.67931e-08,5,1.67889e-08,1.67889e-08,5,8.44392e-09,5,5,2.50004,2.49996,2.50012,2.49988,2.49988,2.50012,2.49996,2.50004,-0.0001,-0.0745406,-0.0745131
65.5000,2.5794,2.17814,1.48635,7.55851e-09,5,7.59397e-09,4.95175,5,7.82861e-08,2.57783,2.17483,1.48437,4.53427e-05,4.99996,8.20082e-05,4.94294,4.99997,0.000166797,1.66832e-08,1.66832e-08,1.66832e-08,1.66832e-08,1.66832e-08,5,1.66832e-08,1.66832e-08,5,8.34181e-09,5,5,1.679e-08,1.67901e-08,1.67897e-08,1.67897e-08,1.67931e-08,5,1.67889e-08,1.67889e-08,5,8.44394e-09,5,5,2.50004,2.49996,2.50012,2.49988,2.49988,2.50012,2.49996,2.50004,-0.0001,-0.0745409,-0.0745134
66.0000,2.5794,2.17814,1.48635,7.55851e-09,5,7.59397e-09,4.95175,5,7.82861e-08,2.57783,2.17483,1.48437,4.53427e-05,4.99996,8.20082e-05,4.94294,4.99997,0.000166797,1.66832e-08,1.66832e-08,1.66832e-08,1.66832e-08,1.66832e-08,5,1.66832e-08,1.66832e-08,5,8.34181e-09,5,5,1.679e-08,1.67901e-08,1.67897e-08,1.67897e-08,1.67931e-08,5,1.67889e-08,1.67889e-08,5,8.44395e-09,5,5,2.50004,2.49996,2.50012,2.49988,2.49988,2.50012,2.49996,2.50004,-0.0001,-0.0745412,-0.0745137
66.5000,2.5794,2.17814,1.48635,7.55851e-09,5,7.59397e-09,4.95175,5,7.82861e-08,2.57783,2.17483,1.48437,4.53427e-05,4.99996,8.20082e-05,4.94294,4.99997,0.000166797,1.66832e-08,1.66832e-08,1.66832e-08,1.66832e-08,1.66832e-08,5,1.66832e-08,1.66832e-08,5,8.34184e-09,5,5,1.679e-08,1.67901e-08,1.67897e-08,1.67897e-08,1.67931e-08,5,1.67889e-08,1.67889e-08,5,8.44396e-09,5,5,2.50005,2.49995,2.50012,2.49988,2.49988,2.50012,2.49995,2.50005,-0.0001,-0.0745416,-0.0745142
67.0000,2.5794,2.17814,1.48635,7.55851e-09,5,7.59397e-09,4.95175,5,7.82861e-08,2.57783,2.17483,1.48437,4.53427e-05,4.99996,8.20082e-05,4.94294,4.99997,0.000166797,1.66832e-08,1.66832e-08,1.66832e-08,1.66832e-08,1.66832e-08,5,1.66832e-08,1.66832e-08,5,8.34184e-09,5,5,1.679e-08,1.67901e-08,1.67897e-08,1.67897e-08,1.67931e-08,5,1.67889e-08,1.67889e-08,5,8.44397e-09,5,5,2.50005,2.49995,2.50012,2.49988,2.49988,2.50012,2.49995,2.50005,-0.0001,-0.0745421,-0.0745147
67.5000,2.5794,2.17814,1.48635,7.55851e-09,5,7.59397e-09,4.95175,5,7.82861e-08,2.57783,2.17483,1.48437,4.53427e-05,4.99996,8.20082e-05,4.94294,4.99997,0.000166797,1.66832e-08,1.66832e-08,1.66832e-08,1.66832e-08,1.66832e-08,5,1.66832e-08,1.66832e-08,5,8.34186e-09,5,5,1.679e-08,1.67901e-08,1.67897e-08,1.67897e-08,1.67931e-08,5,1.67889e-08,1.67889e-08,5,8.44398e-09,5,5,2.50005,2.49995,2.50012,2.49988,2.49988,2.50012,2.49995,2.50005,-0.0001,-0.0745426,-0.0745152
68.0000,2.5794,2.17814,1.48635,7.55851e-09,5,7.59397e-09,4.95175,5,7.82861e-08,2.57783,2.17483,1.48437,4.53427e-05,4.99996,8.20082e-05,4.94294,4.99997,0.000166797,1.66832e-08,1.66832e-08,1.66832e-08,1.66832e-08,1.66832e-08,5,1.66832e-08,1.66832e-08,5,8.34187e-09,5,5,1.679e-08,1.67901e-08,1.67897e-08,1.67897e-08,1.67931e-08,5,1.67889e-08,1.67889e-08,5,8.444e-09,5,5,2.50005,2.49995,2.50012,2.49988,2.49988,2.50012,2.49995,2.50005,-0.0001,-0.0745432,-0.0745159
68.5000,2.5794,2.17814,1.48635,7.55851e-09,5,7.59397e-09,4.95175,5,7.82861e-08,2.57783,2.17483,1.48437,4.53427e-05,4.99996,8.20082e-05,4.94294,4.99997,0.000166797,1.66832e-08,1.66832e-08,1.66832e-08,1.66832e-08,1.66832e-08,5,1.66832e-08,1.66832e-08,5,8.34188e-09,5,5,1.679e-08,1.67901e-08,1.67897e-08,1.67897e-08,1.67931e-08,5,1.67889e-08,1.67889e-08,5,8.44402e-09,5,5,2.50005,2.49995,2.50011,2.49989,2.49989,2.50011,2.49995,2.50005,-0.0001,-0.074544,-0.0745166
69.0000,2.5794,2.17814,1.48635,7.55851e-09,5,7.59397e-09,4.95175,5,7.82861e-08,2.57783,2.17483,1.48437,4.53427e-05,4.99996,8.20082e-05,4.94294,4.99997,0.000166797,1.66832e-08,1.66832e-08,1.66832e-08,1.66832e-08,1.66832e-08,5,1.66832e-08,1.66832e-08,5,8.34189e-09,5,5,1.679e-08,1.67901e-08,1.67897e-08,1.67897e-08,1.67931e-08,5,1.67889e-08,1.67889e-08,5,8.44404e-09,5,5,2.50005,2.49995,2.50011,2.49989,2.49989,2.50011,2.49995,2.50005,-0.0001,-0.0745447,-0.0745174
69.5000,2.5794,2.17814,1.48635,7.55851e-09,5,7.59397e-09,4.95175,5,7.82861e-08,2.57783,2.17483,1.48437,4.53427e-05,4.99996,8.20082e-05,4.94294,4.99997,0.000166797,1.66832e-08,1.66832e-08,1.66832e-08,1.66832e-08,1.66832e-08,5,1.66832e-08,1.66832e-08,5,8.34192e-09,5,5,1.679e-08,1.67901e-08,1.67897e-08,1.67897e-08,1.67931e-08,5,1.67889e-08,1.67889e-08,5,8.44406e-09,5,5,2.50005,2.49995,2.50011,2.49989,2.49989,2.50011,2.49995,2.50005,-0.0001,-0.0745456,-0.0745184
70.0000,2.5794,2.17814,1.48635,7.55851e-09,5,7.59397e-09,4.95175,5,7.82861e-08,2.57783,2.17483,1.48437,4.53427e-05,4.99996,8.20082e-05,4.94294,4.99997,0.000166797,1.66832e-08,1.66832e-08,1.66832e-08,1.66832e-08,1.66832e-08,5,1.66832e-08,1.66832e-08,5,8.34194e-09,5,5,1.679e-08,1.67901e-08,1.67897e-08,1.67897e-08,1.67931e-08,5,1.67889e-08,1.67889e-08,5,8.44408e-09,5,5,2.50005,2.49995,2.50011,2.49989,2.49989,2.50011,2.49995,2.50005,-0.0001,-0.0745466,-0.0745194
70.5000,2.5794,2.17814,1.48635,7.55851e-09,5,7.59397e-09,4.95175,5,7.82861e-08,2.57783,2.17483,1.48437,4.53427e-05,4.99996,8.20082e-05,4.94294,4.99997,0.000166797,1.66832e-08,1.66832e-08,1.66832e-08,1.66832e-08,1.66832e-08,5,1.66832e-08,1.66832e-08,5,8.34195e-09,5,5,1.679e-08,1.67901e-08,1.67897e-08,1.67897e-08,1.67931e-08,5,1.67889e-08,1.67889e-08,5,8.4441e-09,5,5,2.50005,2.49995,2.50011,2.49989,2.49989,2.50011,2.49995,2.50005,-0.0001,-0.0745478,-0.0745205
71.0000,2.5794,2.17814,1.48635,7.55851e-09,5,7.59397e-09,4.95175,5,7.82861e-08,2.57783,2.17483,1.48437,4.53427e-05,4.99996,8.20082e-05,4.94294,4.99997,0.000166797,1.66832e-08,1.66832e-08,1.66832e-08,1.66832e-08,1.66832e-08,5,1.66832e-08,1.66832e-08,5,8.34198e-09,5,5,1.679e-08,1.67901e-08,1.67897e-08,1.67897e-08,1.67931e-08,5,1.67889e-08,1.67889e-08,5,8.44412e-09,5,5,2.50005,2.49995,2.50011,2.49989,2.49989,2.50011,2.49995,2.50005,-0.0001,-0.074549,-0.0745218
71.5000,2.5794,2.17814,1.48635,7.55851e-09,5,7.59397e-09,4.95175,5,7.82861e-08,2.57783,2.17483,1.48437,4.53427e-05,4.99996,8.20082e-05,4.94294,4.99997,0.000166797,1.66832e-08,1.66832e-08,1.66832e-08,1.66832e-08,1.66832e-08,5,1.66832e-08,1.66832e-08,5,8.342e-09,5,5,1.679e-08,1.67901e-08,1.67897e-08,1.67897e-08,1.67931e-08,5,1.67889e-08,1.67889e-08,5,8.44415e-09,5,5,2.50006,2.49994,2.50011,2.49989,2.49989,2.50011,2.49994,2.50006,-0.0001,-0.0745504,-0.0745233
72.0000,2.5794,2.17814,1.48635,7.55851e-09,5,7.59397e-09,4.95175,5,7.82861e-08,2.57783,2.17483,1.48437,4.53427e-05,4.99996,8.20082e-05,4.94294,4.99997,0.000166797,1.66832e-08,1.66832e-08,1.66832e-08,1.66832e-08,1.66832e-08,5,1.66832e-08,1.66832e-08,5,8.34203e-09,5,5,1.679e-08,1.67901e-08,1.67897e-08,1.67897e-08,1.67931e-08,5,1.67889e-08,1.67889e-08,5,8.44418e-09,5,5,2.50006,2.49994,2.50011,2.49989,2.49989,2.50011,2.49994,2.50006,-0.0001,-0.074552,-0.0745249
72.5000,2.5794,2.17814,1.48635,7.55851e-09,5,7.59397e-09,4.95175,5,7.82861e-08,2.57783,2.17483,1.48437,4.53427e-05,4.99996,8.20082e-05,4.94294,4.99997,0.000166797,1.66832e-08,1.66832e-08,1.66832e-08,1.66832e-08,1.66832e-08,5,1.66832e-08,1.66832e-08,5,8.34206e-09,5,5,1.679e-08,1.67901e-08,1.67897e-08,1.67897e-08,1.67931e-08,5,1.67889e-08,1.67889e-08,5,8.44422e-09,5,5,2.50006,2.49994,2.50011,2.49989,2.49989,2.50011,2.49994,2.50006,-0.0001,-0.0745538,-0.0745267
73.0000,2.5794,2.17814,1.48635,7.55851e-09,5,7.59397e-09,4.95175,5,7.82861e-08,2.57783,2.17483,1.48437,4.53427e-05,4.99996,8.20082e-05,4.94294,4.99997,0.000166797,1.66832e-08,1.66832e-08,1.66832e-08,1.66832e-08,1.66832e-08,5,1.66832e-08,1.66832e-08,5,8.34209e-09,5,5,1.679e-08,1.67901e-08,1.67897e-08,1.67897e-08,1.67931e-08,5,1.67889e-08,1.67889e-08,5,8.44425e-09,5,5,2.50006,2.49994,2.50011,2.49989,2.49989,2.50011,2.49994,2.50006,-0.0001,-0.0745558,-0.0745287
73.5000,2.5794,2.17814,1.48635,7.55851e-09,5,7.59397e-09,4.95175,5,7.82861e-08,2.57783,2.17483,1.48437,4.53427e-05,4.99996,8.20082e-05,4.94294,4.99997,0.000166797,1.66832e-08,1.66832e-08,1.66832e-08,1.66832e-08,1.66832e-08,5,1.66832e-08,1.66832e-08,5,8.34212e-09,5,5,1.679e-08,1.67901e-08,1.67897e-08,1.67897e-08,1.67931e-08,5,1.67889e-08,1.67889e-08,5,8.44429e-09,5,5,2.50006,2.49994,2.50011,2.49989,2.49989,2.50011,2.49994,2.50006,-0.0001,-0.0745581,-0.0745309
74.0000,2.5794,2.17814,1.48635,7.55851e-09,5,7.59397e-09,4.95175,5,7.82861e-08,2.57783,2.17483,1.48437,4.53427e-05,4.99996,8.20082e-05,4.94294,4.99997,0.000166797,1.66832e-08,1.66832e-08,1.66832e-08,1.66832e-08,1.66832e-08,5,1.66832e-08,1.66832e-08,5,8.34217e-09,5,5,1.679e-08,1.67901e-08,1.67897e-08,1.67897e-08,1.67931e-08,5,1.67889e-08,1.67889e-08,5,8.44434e-09,5,5,2.50006,2.49994,2.50011,2.49989,2.49989,2.50011,2.49994,2.50006,-0.0001,-0.0745606,-0.0745335
74.5000,2.5794,2.17814,1.48635,7.55851e-09,5,7.59397e-09,4.95175,5,7.82861e-08,2.57783,2.17483,1.48437,4.53427e-05,4.99996,8.20082e-05,4.94294,4.99997,0.000166797,1.66832e-08,1.66832e-08,1.66832e-08,1.66832e-08,1.66832e-08,5,1.66832e-08,1.66832e-08,5,8.34221e-09,5,5,1.679e-08,1.67901e-08,1.67897e-08,1.67897e-08,1.67931e-08,5,1.67889e-08,1.67889e-08,5,8.44439e-09,5,5,2.50006,2.49994,2.50011,2.49989,2.49989,2.50011,2.49994,2.50006,-0.0001,-0.0745635,-0.0745364
75.0000,2.5794,2.17814,1.48635,7.55851e-09,5,7.59397e-09,4.95175,5,7.82861e-08,2.57783,2.17483,1.48437,4.53427e-05,4.99996,8.20082e-05,4.94294,4.99997,0.000166797,1.66832e-08,1.66832e-08,1.66832e-08,1.66832e-08,1.66832e-08,5,1.66832e-08,1.66832e-08,5,8.34225e-09,5,5,1.679e-08,1.67901e-08,1.67897e-08,1.67897e-08,1.67931e-08,5,1.67889e-08,1.67889e-08,5,8.44444e-09,5,5,2.50006,2.49994,2.50011,2.49989,2.49989,2.50011,2.49994,2.50006,-0.0001,-0.0745669,-0.0745397
75.5000,2.5794,2.17814,1.48635,7.55851e-09,5,7.59397e-09,4.95175,5,7.82861e-08,2.57783,2.17483,1.48437,4.53427e-05,4.99996,8.20082e-05,4.94294,4.99997,0.000166797,1.66832e-08,1.66832e-08,1.66832e-08,1.66832e-08,1.66832e-08,5,1.66832e-08,1.66832e-08,5,8.34231e-09,5,5,1.679e-08,1.67901e-08,1.67897e-08,1.67897e-08,1.67931e-08,5,1.67889e-08,1.67889e-08,5,8.4445e-09,5,5,2.50006,2.49994,2.50011,2.49989,2.49989,2.50011,2.49994,2.50006,-0.0001,-0.0745707,-0.0745435
76.0000,2.5794,2.17814,1.48635,7.55851e-09,5,7.59397e-09,4.95175,5,7.82861e-08,2.57783,2.17483,1.48437,4.53427e-05,4.99996,8.20082e-05,4.94294,4.99997,0.000166797,1.66832e-08,1.66832e-08,1.66832e-08,1.66832e-08,1.66832e-08,5,1.66832e-08,1.66832e-08,5,8.34238e-09,5,5,1.679e-08,1.67901e-08,1.67897e-08,1.67897e-08,1.67931e-08,5,1.67889e-08,1.67889e-08,5,8.44457e-09,5,5,2.50006,2.49994,2.50011,2.49989,2.49989,2.50011,2.49994,2.50006,-0.0001,-0.0745752,-0.0745478
76.5000,2.5794,2.17814,1.48635,7.55851e-09,5,7.59397e-09,4.95175,5,7.82861e-08,2.57783,2.17483,1.48437,4.53427e-05,4.99996,8.20082e-05,4.94294,4.99997,0.000166797,1.66832e-08,1.66832e-08,1.66832e-08,1.66832e-08,1.66832e-08,5,1.66832e-08,1.66832e-08,5,8.34244e-09,5,5,1.679e-08,1.67901e-08,1.67897e-08,1.67897e-08,1.67931e-08,5,1.67889e-08,1.67889e-08,5,8.44464e-09,5,5,2.50007,2.49993,2.50011,2.49989,2.49989,2.50011,2.49993,2.50007,-0.0001,-0.0745803,-0.0745527
77.0000,2.5794,2.17814,1.48635,7.55851e-09,5,7.59397e-09,4.95175,5,7.82861e-08,2.57783,2.17483,1.48437,4.53427e-05,4.99996,8.20082e-05,4.94294,4.99997,0.000166797,1.66832e-08,1.66832e-08,1.66832e-08,1.66832e-08,1.66832e-08,5,1.66832e-08,1.66832e-08,5,8.34251e-09,5,5,1.679e-08,1.67901e-08,1.67897e-08,1.67897e-08,1.67931e-08,5,1.67889e-08,1.67889e-08,5,8.44473e-09,5,5,2.50007,2.49993,2.50011,2.49989,2.49989,2.50011,2.49993,2.50007,-0.0001,-0.0745864,-0.0745585
77.5000,2.5794,2.17814,1.48635,7.55851e-09,5,7.59397e-09,4.95175,5,7.82861e-08,2.57783,2.17483,1.48437,4.53427e-05,4.99996,8.20082e-05,4.94294,4.99997,0.000166797,1.66832e-08,1.66832e-08,1.66832e-08,1.66832e-08,1.66832e-08,5,1.66832e-08,1.66832e-08,5,8.34261e-09,5,5,1.679e-08,1.67901e-08,1.67897e-08,1.67897e-08,1.67931e-08,5,1.67889e-08,1.67889e-08,5,8.44483e-09,5,5,2.50007,2.49993,2.50011,2.49989,2.49989,2.50011,2.49993,2.50007,-0.0001,-0.0745934,-0.0745653
78.0000,2.5794,2.17814,1.48635,7.55851e-09,5,7.59397e-09,4.95175,5,7.82861e-08,2.57783,2.17483,1.48437,4.53427e-05,4.99996,8.20082e-05,4.94294,4.99997,0.000166797,1.66832e-08,1.66832e-08,1.66832e-08,1.66832e-08,1.66832e-08,5,1.66832e-08,1.66832e-08,5,8.34271e-09,5,5,1.679e-08,1.67901e-08,1.67897e-08,1.67897e-08,1.67931e-08,5,1.67889e-08,1.67889e-08,5,8.44494e-09,5,5,2.50007,2.49993,2.5001,2.4999,2.4999,2.5001,2.49993,2.50007,-0.0001,-0.0746018,-0.0745732
78.5000,2.5794,2.17814,1.48635,7.55851e-09,5,7.59397e-09,4.95175,5,7.82861e-08,2.57783,2.17483,1.48437,4.53427e-05,4.99996,8.20082e-05,4.94294,4.99997,0.000166797,1.66832e-08,1.66832e-08,1.66832e-08,1.66832e-08,1.66832e-08,5,1.66832e-08,1.66832e-08,5,8.34281e-09,5,5,1.679e-08,1.67901e-08,1.67897e-08,1.67897e-08,1.67931e-08,5,1.67889e-08,1.67889e-08,5,8.44507e-09,5,5,2.50007,2.49993,2.5001,2.4999,2.4999,2.5001,2.49993,2.50007,-0.0001,-0.0746118,-0.0745825
79.0000,2.5794,2.17814,1.48635,7.55851e-09,5,7.59397e-09,4.95175,5,7.82861e-08,2.57783,2.17483,1.48437,4.53427e-05,4.99996,8.20082e-05,4.94294,4.99997,0.000166797,1.66832e-08,1.66832e-08,1.66832e-08,1.66832e-08,1.66832e-08,5,1.66832e-08,1.66832e-08,5,8.34293e-09,5,5,1.679e-08,1.67901e-08,1.67897e-08,1.67897e-08,1.67931e-08,5,1.67889e-08,1.67889e-08,5,8.44521e-09,5,5,2.50007,2.49993,2.5001,2.4999,2.4999,2.5001,2.49993,2.50007,-0.0001,-0.0746237,-0.0745936
79.5000,2.5794,2.17814,1.48635,7.55851e-09,5,7.59397e-09,4.95175,5,7.82861e-08,2.57783,2.17483,1.48437,4.53427e-05,4.99996,8.20082e-05,4.94294,4.99997,0.000166797,1.66832e-08,1.66832e-08,1.66832e-08,1.66832e-08,1.66832e-08,5,1.66832e-08,1.66832e-08,5,8.34308e-09,5,5,1.679e-08,1.67901e-08,1.67897e-08,1.67897e-08,1.67931e-08,5,1.67889e-08,1.67889e-08,5,8.44538e-09,5,5,2.50007,2.49993,2.5001,2.4999,2.4999,2.5001,2.49993,2.50007,-0.0001,-0.074638,-0.0746068
80.0000,2.5794,2.17814,1.48635,7.55851e-09,5,7.59397e-09,4.95175,5,7.82861e-08,2.57783,2.17483,1.48437,4.53427e-05,4.99996,8.20082e-05,4.94294,4.99997,0.000166797,1.66832e-08,1.66832e-08,1.66832e-08,1.66832e-08,1.66832e-08,5,1.66832e-08,1.66832e-08,5,8.34325e-09,5,5,1.679e-08,1.67901e-08,1.67897e-08,1.67897e-08,1.67931e-08,5,1.67889e-08,1.67889e-08,5,8.44557e-09,5,5,2.50007,2.49993,2.5001,2.4999,2.4999,2.5001,2.49993,2.50007,-0.0001,-0.0746553,-0.0746227
80.5000,2.5794,2.17814,1.48635,7.55851e-09,5,7.59397e-09,4.95175,5,7.82861e-08,2.57783,2.17483,1.48437,4.53427e-05,4.99996,8.20082e-05,4.94294,4.99997,0.000166797,1.66832e-08,1.66832e-08,1.66832e-08,1.66832e-08,1.66832e-08,5,1.66832e-08,1.66832e-08,5,8.34344e-09,5,5,1.679e-08,1.67901e-08,1.67897e-08,1.67897e-08,1.67931e-08,5,1.67889e-08,1.67889e-08,5,8.4458e-09,5,5,2.50007,2.49993,2.5001,2.4999,2.4999,2.5001,2.49993,2.50007,-0.0001,-0.0746761,-0.0746419
81.0000,2.5794,2.17814,1.48635,7.55851e-09,5,7.59397e-09,4.95175,5,7.82861e-08,2.57783,2.17483,1.48437,4.53427e-05,4.99996,8.20082e-05,4.94294,4.99997,0.000166797,1.66832e-08,1.66832e-08,1.66832e-08,1.66832e-08,1.66832e-08,5,1.66832e-08,1.66832e-08,5,8.34367e-09,5,5,1.679e-08,1.67901e-08,1.67897e-08,1.67897e-08,1.67931e-08,5,1.67889e-08,1.67889e-08,5,8.44606e-09,5,5,2.50007,2.49993,2.5001,2.4999,2.4999,2.5001,2.49993,2.50007,-0.0001,-0.0747015,-0.074665
81.5000,2.5794,2.17814,1.48635,7.55851e-09,5,7.59397e-09,4.95175,5,7.82861e-08,2.57783,2.17483,1.48437,4.53427e-05,4.99996,8.20082e-05,4.94294,4.99997,0.000166797,1.66832e-08,1.66832e-08,1.66832e-08,1.66832e-08,1.66832e-08,5,1.66832e-08,1.66832e-08,5,8.34394e-09,5,5,1.679e-08,1.67901e-08,1.67897e-08,1.67897e-08,1.67931e-08,5,1.67889e-08,1.67889e-08,5,8.44637e-09,5,5,2.50007,2.49993,2.5001,2.4999,2.4999,2.5001,2.49993,2.50007,-0.0001,-0.0747323,-0.0746932
82.0000,2.5794,2.17814,1.48635,7.55851e-09,5,7.59397e-09,4.95175,5,7.82861e-08,2.57783,2.17483,1.48437,4.53427e-05,4.99996,8.20082e-05,4.94294,4.99997,0.000166797,1.66832e-08,1.66832e-08,1.66832e-08,1.66832e-08,1.66832e-08,5,1.66832e-08,1.66832e-08,5,8.34426e-09,5,5,1.679e-08,1.67901e-08,1.67897e-08,1.67897e-08,1.67931e-08,5,1.67889e-08,1.67889e-08,5,8.44675e-09,5,5,2.50008,2.49992,2.5001,2.4999,2.4999,2.5001,2.49992,2.50008,-0.0001,-0.07477,-0.0747275
82.5000,2.5794,2.17814,1.48635,7.55851e-09,5,7.59397e-09,4.95175,5,7.82861e-08,2.57783,2.17483,1.48437,4.53427e-05,4.99996,8.20082e-05,4.94294,4.99997,0.000166797,1.66832e-08,1.66832e-08,1.66832e-08,1.66832e-08,1.66832e-08,5,1.66832e-08,1.66832e-08,5,8.34464e-09,5,5,1.679e-08,1.67901e-08,1.67897e-08,1.67897e-08,1.67931e-08,5,1.67889e-08,1.67889e-08,5,8.44721e-09,5,5,2.50008,2.49992,2.5001,2.4999,2.4999,2.5001,2.49992,2.50008,-0.0001,-0.0748161,-0.0747695
83.0000,2.5794,2.17814,1.48635,7.55851e-09,5,7.59397e-09,4.95175,5,7.82861e-08,2.57783,2.17483,1.48437,4.53427e-05,4.99996,8.20082e-05,4.94294,4.99997,0.000166797,1.66832e-08,1.66832e-08,1.66832e-08,1.66832e-08,1.66832e-08,5,1.66832e-08,1.66832e-08,5,8.34511e-09,5,5,1.679e-08,1.67901e-08,1.67897e-08,1.67897e-08,1.67931e-08,5,1.67889e-08,1.67889e-08,5,8.44778e-09,5,5,2.50008,2.49992,2.5001,2.4999,2.4999,2.5001,2.49992,2.50008,-0.0001,-0.0748729,-0.0748213
83.5000,2.5794,2.17814,1.48635,7.55851e-09,5,7.59397e-09,4.95175,5,7.82861e-08,2.57783,2.17483,1.48437,4.53427e-05,4.99996,8.20082e-05,4.94294,4.99997,0.000166797,1.66832e-08,1.66832e-08,1.66832e-08,1.66832e-08,1.66832e-08,5,1.66832e-08,1.66832e-08,5,8.34569e-09,5,5,1.679e-08,1.67901e-08,1.67897e-08,1.67897e-08,1.67931e-08,5,1.67889e-08,1.67889e-08,5,8.44849e-09,5,5,2.50008,2.49992,2.5001,2.4999,2.4999,2.5001,2.49992,2.50008,-0.0001,-0.074943,-0.0748853
84.0000,2.5794,2.17814,1.48635,7.55851e-09,5,7.59397e-09,4.95175,5,7.82861e-08,2.57783,2.17483,1.48437,4.53427e-05,4.99996,8.20082e-05,4.94294,4.99997,0.000166797,1.66832e-08,1.66832e-08,1.66832e-08,1.66832e-08,1.66832e-08,5,1.66832e-08,1.66832e-08,5,8.34642e-09,5,5,1.679e-08,1.67901e-08,1.67897e-08,1.67897e-08,1.67931e-08,5,1.67889e-08,1.67889e-08,5,8.44939e-09,5,5,2.50008,2.49992,2.5001,2.4999,2.4999,2.5001,2.49992,2.50008,-0.0001,-0.0750295,-0.0749651
84.5000,2.5794,2.17814,1.48635,7.55851e-09,5,7.59397e-09,4.95175,5,7.82861e-08,2.57783,2.17483,1.48437,4.53427e-05,4.99996,8.20082e-05,4.94294,4.99997,0.000166797,1.66832e-08,1.66832e-08,1.66832e-08,1.66832e-08,1.66832e-08,5,1.66832e-08,1.66832e-08,5,8.34737e-09,5,5,1.679e-08,1.67901e-08,1.67897e-08,1.67897e-08,1.67931e-08,5,1.67889e-08,1.67889e-08,5,8.45057e-09,5,5,2.50008,2.49992,2.5001,2.4999,2.4999,2.5001,2.49992,2.50008,-0.0001,-0.0751346,-0.0750651
85.0000,2.5794,2.17814,1.48635,7.55851e-09,5,7.59397e-09,4.95175,5,7.82861e-08,2.57783,2.17483,1.48437,4.53427e-05,4.99996,8.20082e-05,4.94294,4.99997,0.000166797,1.66832e-08,1.66832e-08,1.66832e-08,1.66832e-08,1.66832e-08,5,1.66832e-08,1.66832e-08,5,8.34861e-09,5,5,1.679e-08,1.67901e-08,1.67897e-08,1.67897e-08,1.67931e-08,5,1.67889e-08,1.67889e-08,5,8.45217e-09,5,5,2.50008,2.49992,2.5001,2.4999,2.4999,2.5001,2.49992,2.50008,-0.0001,-0.0752477,-0.0751888
85.5000,2.5794,2.17814,1.48635,7.55851e-09,5,7.59397e-09,4.95175,5,7.82861e-08,2.57783,2.17483,1.48437,4.53427e-05,4.99996,8.20082e-05,4.94294,4.99997,0.000166797,1.66832e-08,1.66832e-08,1.66832e-08,1.66832e-08,1.66832e-08,5,1.66832e-08,1.66832e-08,5,8.35029e-09,5,5,1.679e-08,1.67901e-08,1.67897e-08,1.67897e-08,1.67931e-08,5,1.67889e-08,1.67889e-08,5,8.45439e-09,5,5,2.50008,2.49992,2.5001,2.4999,2.4999,2.5001,2.49992,2.50008,-0.0001,-0.0753439,-0.07533
86.0000,2.5794,2.17814,1.48635,7.55851e-09,5,7.59397e-09,4.95175,5,7.82861e-08,2.57783,2.17483,1.48437,4.53427e-05,4.99996,8.20082e-05,4.94294,4.99997,0.000166797,1.66832e-08,1.66832e-08,1.66832e-08,1.66832e-08,1.66832e-08,5,1.66832e-08,1.66832e-08,5,8.35263e-09,5,5,1.679e-08,1.67901e-08,1.67897e-08,1.67897e-08,1.67931e-08,5,1.67889e-08,1.67889e-08,5,8.45762e-09,5,5,2.50008,2.49992,2.50009,2.49991,2.49991,2.50009,2.49992,2.50008,-0.0001,-0.0754416,-0.0754643
86.5000,2.5794,2.17814,1.48635,7.55851e-09,5,7.59397e-09,4.95175,5,7.82861e-08,2.57783,2.17483,1.48437,4.53427e-05,4.99996,8.20082e-05,4.94294,4.99997,0.000166797,1.66832e-08,1.66832e-08,1.66832e-08,1.66832e-08,1.66832e-08,5,1.66832e-08,1.66832e-08,5,8.35614e-09,5,5,1.679e-08,1.67901e-08,1.67897e-08,1.67897e-08,1.67931e-08,5,1.67889e-08,1.67889e-08,5,8.46343e-09,5,5,2.50008,2.49992,2.50009,2.49991,2.49991,2.50009,2.49992,2.50008,-0.0001,-0.075555,-0.0755864
87.0000,2.5794,2.17814,1.48635,7.55851e-09,5,7.59397e-09,4.95175,5,7.82861e-08,2.57783,2.17483,1.48437,4.53427e-05,4.99996,8.20082e-05,4.94294,4.99997,0.000166797,1.66832e-08,1.66832e-08,1.66832e-08,1.66832e-08,1.66832e-08,5,1.66832e-08,1.66832e-08,5,8.3632e-09,5,5,1.679e-08,1.67901e-08,1.67897e-08,1.67897e-08,1.67931e-08,5,1.67889e-08,1.67889e-08,5,8.47781e-09,5,5,2.50008,2.49992,2.50009,2.49991,2.49991,2.50009,2.49992,2.50008,-0.0001,-0.0756559,-0.0756621
87.5000,2.5794,2.17814,1.48635,7.55851e-09,5,7.59397e-09,4.95175,5,7.82861e-08,2.57783,2.17483,1.48437,4.53427e-05,4.99996,8.20082e-05,4.94294,4.99997,0.000166797,1.66832e-08,1.66832e-08,1.66832e-08,1.66832e-08,1.66832e-08,5,1.66832e-08,1.66832e-08,5,8.37937e-09,5,5,1.679e-08,1.67901e-08,1.67897e-08,1.67897e-08,1.67931e-08,5,1.67889e-08,1.67889e-08,5,8.49681e-09,5,5,2.50008,2.49992,2.50009,2.49991,2.49991,2.50009,2.49992,2.50008,-0.0001,-0.0757316,-0.0758201
88.0000,2.5794,2.17814,1.48635,7.55851e-09,5,7.59397e-09,4.95175,5,7.82861e-08,2.57783,2.17483,1.48437,4.53427e-05,4.99996,8.20082e-05,4.94294,4.99997,0.000166797,1.66832e-08,1.66832e-08,1.66832e-08,1.66832e-08,1.66832e-08,5,1.66832e-08,1.66832e-08,5,8.39889e-09,5,5,1.679e-08,1.67901e-08,1.67897e-08,1.67897e-08,1.67931e-08,5,1.67889e-08,1.67889e-08,5,8.52798e-09,5,5,2.50009,2.49991,2.50009,2.49991,2.49991,2.50009,2.49991,2.50009,-0.0001,-0.0759064,-0.0760486
88.5000,2.5794,2.17814,1.48635,7.55851e-09,5,7.59397e-09,4.95175,5,7.82861e-08,2.57783,2.17483,1.48437,4.53427e-05,4.99996,8.20082e-05,4.94294,4.99997,0.000166797,1.66832e-08,1.66832e-08,1.66832e-08,1.66832e-08,1.66832e-08,5,1.66832e-08,1.66832e-08,5,8.43108e-09,5,5,1.67901e-08,1.67901e-08,1.67897e-08,1.67897e-08,1.67933e-08,5,1.67889e-08,1.67889e-08,5,8.59353e-09,5,5,2.50009,2.49991,2.50009,2.49991,2.49991,2.50009,2.49991,2.50009,-0.0001,-0.0761864,-0.0763547
89.0000,2.5794,2.17814,1.48635,7.55851e-09,5,7.59397e-09,4.95175,5,7.82861e-08,2.57783,2.17483,1.48437,4.53427e-05,4.99996,8.20082e-05,4.94294,4.99997,0.000166797,1.66832e-08,1.66832e-08,1.66832e-08,1.66832e-08,1.66832e-08,5,1.66832e-08,1.66832e-08,5,8.49895e-09,5,5,5.63281e-07,1.67899e-08,1.67897e-08,1.67897e-08,7.65046e-06,5,1.67889e-08,1.67889e-08,5,1.46018e-08,5,5,2.50009,2.49991,2.50009,2.49991,2.49991,2.50009,2.49991,2.50009,-0.0001,-0.0765906,-0.0766487
89.5000,2.5794,2.17814,1.48635,7.55851e-09,5,7.59397e-09,4.95175,5,7.82861e-08,2.57783,2.17483,1.48437,4.53427e-05,4.99996,8.20082e-05,4.94294,4.99997,0.000166797,1.66832e-08,1.66832e-08,1.66832e-08,1.66832e-08,1.66832e-08,5,1.66832e-08,1.66832e-08,5,1.51315e-08,5,5,1.67898e-08,1.67899e-08,1.67897e-08,1.67897e-08,1.67893e-08,5,1.67889e-08,1.67889e-08,5,1.68006e-08,5,5,2.50009,2.49991,2.50009,2.49991,2.49991,2.50009,2.49991,2.50009,-0.0001,-0.0769506,-0.0763951
90.0000,2.5794,2.17814,1.48635,7.55851e-09,5,7.59397e-09,4.95175,5,7.82861e-08,2.57783,2.17483,1.48437,4.53427e-05,4.99996,8.20082e-05,4.94294,4.99997,0.000166797,1.66832e-08,1.66832e-08,1.66832e-08,1.66832e-08,1.66832e-08,5,1.66832e-08,1.66832e-08,5,1.66833e-08,5,5,1.67897e-08,1.67899e-08,1.67897e-08,1.67897e-08,1.67889e-08,5,1.67889e-08,1.67889e-08,5,1.68006e-08,5,5,2.50009,2.49991,2.50009,2.49991,2.49991,2.50009,2.49991,2.50009,-0.0001,-0.0768371,-0.076307
90.5000,2.5794,2.17814,1.48635,7.55851e-09,5,7.59397e-09,4.95175,5,7.82868e-08,2.57783,2.17483,1.48437,4.53427e-05,4.99996,8.20082e-05,4.94294,4.99997,0.000166797,1.66832e-08,1.66832e-08,1.66832e-08,1.66832e-08,1.66832e-08,5,1.66833e-08,1.66833e-08,5,1.66833e-08,4.99986,4.99986,1.67897e-08,1.67899e-08,1.67898e-08,1.67898e-08,1.67889e-08,5,1.67891e-08,1.67891e-08,5,1.68006e-08,5,5,2.50009,2.49991,2.50009,2.49991,2.49991,2.50009,2.49991,2.50009,-0.0001,-0.0768864,-0.0763575
91.0000,2.5794,1.48635,2.17814,7.55851e-09,5,5,7.82861e-08,2.66643e-09,4.95175,2.57783,2.17483,1.48437,4.53427e-05,4.99996,8.20082e-05,4.94294,4.99997,0.000166797,1.66832e-08,1.66832e-08,1.66832e-08,1.66832e-08,1.66832e-08,5,5,5,5,1.66833e-08,2.02241e-08,2.02241e-08,1.67897e-08,1.67899e-08,1.68137e-08,1.68137e-08,1.67889e-08,5,1.70722e-08,1.70722e-08,5,1.68006e-08,4.99999,4.99999,2.50009,2.49991,2.50009,2.49991,2.49991,2.50009,2.49991,2.50009,-0.0001,-0.0766234,-0.0765355
91.5000,2.5794,1.48635,2.17814,7.55851e-09,5,5,7.82861e-08,7.59397e-09,4.95175,2.57783,1.48377,2.17551,4.53427e-05,4.99996,4.99999,7.97282e-05,0.000216014,4.94333,1.66832e-08,1.66832e-08,1.66832e-08,1.66832e-08,1.66832e-08,5,5,5,5,1.66833e-08,1.71113e-08,1.71113e-08,1.67897e-08,1.67899e-08,1.679e-08,1.679e-08,1.67889e-08,5,5,5,5,1.68006e-08,2.11687e-08,2.11686e-08,2.50009,2.49991,2.50009,2.49991,2.49991,2.50009,2.49991,2.50009,-0.0001,-0.07623,-0.0764347
92.0000,2.5794,1.48635,2.17814,7.55851e-09,5,5,7.82861e-08,7.59397e-09,4.95175,2.57783,1.48377,2.17551,4.53427e-05,4.99996,4.99997,7.97282e-05,0.000215946,4.94396,1.66832e-08,1.66832e-08,1.66832e-08,1.66832e-08,1.66832e-08,5,5,5,5,1.66833e-08,1.69231e-08,1.69231e-08,1.67897e-08,1.67899e-08,1.67899e-08,1.67899e-08,1.67889e-08,5,5,5,5,1.68006e-08,1.72238e-08,1.72238e-08,2.50009,2.49991,2.50009,2.49991,2.49991,2.50009,2.49991,2.50009,-0.0001,-0.0759631,-0.0761334
92.5000,2.5794,1.48635,2.17814,7.55851e-09,5,5,7.82861e-08,7.59397e-09,4.95175,2.57783,1.48377,2.17551,4.53427e-05,4.99996,4.99997,7.97282e-05,0.000216014,4.94333,1.66832e-08,1.66832e-08,1.66832e-08,1.66832e-08,1.66832e-08,5,5,5,5,1.66833e-08,1.68407e-08,1.68407e-08,1.67897e-08,1.67899e-08,1.67899e-08,1.67899e-08,1.67889e-08,5,5,5,5,1.68006e-08,1.70343e-08,1.70343e-08,2.50009,2.49991,2.50008,2.49992,2.49992,2.50008,2.49991,2.50009,-0.0001,-0.0757841,-0.0758984
93.0000,2.5794,1.48635,2.17814,7.55851e-09,5,5,7.82861e-08,7.59397e-09,4.95175,2.57783,1.48377,2.17551,4.53427e-05,4.99996,4.99997,7.97282e-05,0.000216014,4.94333,1.66832e-08,1.66832e-08,1.66832e-08,1.66832e-08,1.66832e-08,5,5,5,5,1.66833e-08,1.67801e-08,1.67801e-08,1.67897e-08,1.67899e-08,1.67899e-08,1.67899e-08,1.67889e-08,5,5,5,5,1.68006e-08,1.69527e-08,1.69527e-08,2.50009,2.49991,2.50008,2.49992,2.49992,2.50008,2.49991,2.50009,-0.0001,-0.075678,-0.0757168
93.5000,2.5794,1.48635,2.17814,7.55851e-09,5,5,7.82861e-08,7.59397e-09,4.95175,2.57783,1.48377,2.17551,4.53427e-05,4.99996,4.99997,7.97282e-05,0.000216014,4.94333,1.66832e-08,1.66832e-08,1.66832e-08,1.66832e-08,1.66832e-08,5,5,5,5,1.66833e-08,1.67435e-08,1.67435e-08,1.67897e-08,1.67899e-08,1.67899e-08,1.67899e-08,1.67889e-08,5,5,5,5,1.68006e-08,1.6891e-08,1.6891e-08,2.50009,2.49991,2.50008,2.49992,2.49992,2.50008,2.49991,2.50009,-0.0001,-0.0756003,-0.075616
94.0000,2.5794,1.48635,2.17814,7.55851e-09,5,5,7.82861e-08,7.59397e-09,4.95175,2.57783,1.48377,2.17551,4.53427e-05,4.99996,4.99997,7.97282e-05,0.000216014,4.94333,1.66832e-08,1.66832e-08,1.66832e-08,1.66832e-08,1.66832e-08,5,5,5,5,1.66833e-08,1.67277e-08,1.67277e-08,1.67897e-08,1.67899e-08,1.67899e-08,1.67899e-08,1.67889e-08,5,5,5,5,1.68006e-08,1.68595e-08,1.68595e-08,2.50009,2.49991,2.50008,2.49992,2.49992,2.50008,2.49991,2.50009,-0.0001,-0.0754889,-0.0755112
94.5000,2.5794,1.48635,2.17814,7.55851e-09,5,5,7.82861e-08,7.59397e-09,4.95175,2.57783,1.48377,2.17551,4.53427e-05,4.99996,4.99997,7.97282e-05,0.000216014,4.94333,1.66832e-08,1.66832e-08,1.66832e-08,1.66832e-08,1.66832e-08,5,5,5,5,1.66833e-08,1.67182e-08,1.67182e-08,1.67897e-08,1.67899e-08,1.67899e-08,1.67899e-08,1.67889e-08,5,5,5,5,1.68006e-08,1.68448e-08,1.68448e-08,2.5001,2.4999,2.50008,2.49992,2.49992,2.50008,2.4999,2.5001,-0.0001,-0.0753744,-0.0753485
95.0000,2.5794,1.48635,2.17814,7.55851e-09,5,5,7.82861e-08,7.59397e-09,4.95175,2.57783,1.48377,2.17551,4.53427e-05,4.99996,4.99997,7.97282e-05,0.000216014,4.94333,1.66832e-08,1.66832e-08,1.66832e-08,1.66832e-08,1.66832e-08,5,5,5,5,1.66833e-08,1.67114e-08,1.67114e-08,1.67897e-08,1.67899e-08,1.67899e-08,1.67899e-08,1.67889e-08,5,5,5,5,1.68006e-08,1.68355e-08,1.68355e-08,2.5001,2.4999,2.50008,2.49992,2.49992,2.50008,2.4999,2.5001,-0.0001,-0.0752436,-0.0751906
95.5000,2.5794,1.48635,2.17814,7.55851e-09,5,5,7.82861e-08,7.59397e-09,4.95175,2.57783,1.48377,2.17551,4.53427e-05,4.99996,4.99997,7.97282e-05,0.000216014,4.94333,1.66832e-08,1.66832e-08,1.66832e-08,1.66832e-08,1.66832e-08,5,5,5,5,1.66833e-08,1.67064e-08,1.67064e-08,1.67897e-08,1.67899e-08,1.67899e-08,1.67899e-08,1.67889e-08,5,5,5,5,1.68006e-08,1.68289e-08,1.68289e-08,2.5001,2.4999,2.50008,2.49992,2.49992,2.50008,2.4999,2.5001,-0.0001,-0.0751166,-0.0750631
96.0000,2.5794,1.48635,2.17814,7.55851e-09,5,5,7.82861e-08,7.59397e-09,4.95175,2.57783,1.48377,2.17551,4.53427e-05,4.99996,4.99997,7.97282e-05,0.000216014,4.94333,1.66832e-08,1.66832e-08,1.66832e-08,1.66832e-08,1.66832e-08,5,5,5,5,1.66833e-08,1.67026e-08,1.67026e-08,1.67897e-08,1.67899e-08,1.67899e-08,1.67899e-08,1.67889e-08,5,5,5,5,1.68006e-08,1.6824e-08,1.6824e-08,2.5001,2.4999,2.50008,2.49992,2.49992,2.50008,2.4999,2.5001,-0.0001,-0.075012,-0.0749623
96.5000,2.5794,1.48635,2.17814,7.55851e-09,5,5,7.82861e-08,7.59397e-09,4.95175,2.57783,1.48377,2.17551,4.53427e-05,4.99996,4.99997,7.97282e-05,0.000216014,4.94333,1.66832e-08,1.66832e-08,1.66832e-08,1.66832e-08,1.66832e-08,5,5,5,5,1.66833e-08,1.66997e-08,1.66997e-08,1.67897e-08,1.67899e-08,1.67899e-08,1.67899e-08,1.67889e-08,5,5,5,5,1.68006e-08,1.68202e-08,1.68202e-08,2.5001,2.4999,2.50008,2.49992,2.49992,2.50008,2.4999,2.5001,-0.0001,-0.0749281,-0.074883
97.0000,2.5794,1.48635,2.17814,7.55851e-09,5,5,7.82861e-08,7.59397e-09,4.95175,2.57783,1.48377,2.17551,4.53427e-05,4.99996,4.99997,7.97282e-05,0.000216014,4.94333,1.66832e-08,1.66832e-08,1.66832e-08,1.66832e-08,1.66832e-08,5,5,5,5,1.66833e-08,1.66974e-08,1.66974e-08,1.67897e-08,1.67899e-08,1.67899e-08,1.67899e-08,1.67889e-08,5,5,5,5,1.68006e-08,1.68173e-08,1.68173e-08,2.5001,2.4999,2.50008,2.49992,2.49992,2.50008,2.4999,2.5001,-0.0001,-0.074861,-0.0748199
97.5000,2.5794,1.48635,2.17814,7.55851e-09,5,5,7.82861e-08,7.59397e-09,4.95175,2.57783,1.48377,2.17551,4.53427e-05,4.99996,4.99997,7.97282e-05,0.000216014,4.94333,1.66832e-08,1.66832e-08,1.66832e-08,1.66832e-08,1.66832e-08,5,5,5,5,1.66833e-08,1.66955e-08,1.66955e-08,1.67897e-08,1.67899e-08,1.67899e-08,1.67899e-08,1.67889e-08,5,5,5,5,1.68006e-08,1.6815e-08,1.6815e-08,2.5001,2.4999,2.50008,2.49992,2.49992,2.50008,2.4999,2.5001,-0.0001,-0.0748071,-0.0747692
98.0000,2.5794,1.48635,2.17814,7.55851e-09,5,5,7.82861e-08,7.59397e-09,4.95175,2.57783,1.48377,2.17551,4.53427e-05,4.99996,4.99997,7.97282e-05,0.000216014,4.94333,1.66832e-08,1.66832e-08,1.66832e-08,1.66832e-08,1.66832e-08,5,5,5,5,1.66833e-08,1.66939e-08,1.66939e-08,1.67897e-08,1.67899e-08,1.67899e-08,1.67899e-08,1.67889e-08,5,5,5,5,1.68006e-08,1.68131e-08,1.68131e-08,2.5001,2.4999,2.50008,2.49992,2.49992,2.50008,2.4999,2.5001,-0.0001,-0.0747635,-0.0747282
98.5000,2.5794,1.48635,2.17814,7.55851e-09,5,5,7.82861e-08,7.59397e-09,4.95175,2.57783,1.48377,2.17551,4.53427e-05,4.99996,4.99997,7.97282e-05,0.000216014,4.94333,1.66832e-08,1.66832e-08,1.66832e-08,1.66832e-08,1.66832e-08,5,5,5,5,1.66833e-08,1.66927e-08,1.66927e-08,1.67897e-08,1.67899e-08,1.67899e-08,1.67899e-08,1.67889e-08,5,5,5,5,1.68006e-08,1.68116e-08,1.68116e-08,2.5001,2.4999,2.50007,2.49993,2.49993,2.50007,2.4999,2.5001,-0.0001,-0.074728,-0.0746949
99.0000,2.5794,1.48635,2.17814,7.55851e-09,5,5,7.82861e-08,7.59397e-09,4.95175,2.57783,1.48377,2.17551,4.53427e-05,4.99996,4.99997,7.97282e-05,0.000216014,4.94333,1.66832e-08,1.66832e-08,1.66832e-08,1.66832e-08,1.66832e-08,5,5,5,5,1.66833e-08,1.66916e-08,1.66916e-08,1.67897e-08,1.67899e-08,1.67899e-08,1.67899e-08,1.67889e-08,5,5,5,5,1.68007e-08,1.68103e-08,1.68103e-08,2.5001,2.4999,2.50007,2.49993,2.49993,2.50007,2.4999,2.5001,-0.0001,-0.074699,-0.0746677
99.5000,2.5794,1.48635,2.17814,7.55851e-09,5,5,7.82861e-08,7.59397e-09,4.95175,2.57783,1.48377,2.17551,4.53427e-05,4.99996,4.99997,7.97282e-05,0.000216014,4.94333,1.66832e-08,1.66832e-08,1.66832e-08,1.66832e-08,1.66832e-08,5,5,5,5,1.66833e-08,1.66907e-08,1.66907e-08,1.67897e-08,1.67899e-08,1.67899e-08,1.67899e-08,1.67889e-08,5,5,5,5,1.68007e-08,1.68092e-08,1.68092e-08,2.5001,2.4999,2.50007,2.49993,2.49993,2.50007,2.4999,2.5001,-0.0001,-0.0746753,-0.0746453
100.0000,2.5794,1.48635,2.17814,7.55851e-09,5,5,7.82861e-08,7.59397e-09,4.95175,2.57783,1.48377,2.17551,4.53427e-05,4.99996,4.99997,7.97282e-05,0.000216014,4.94333,1.66832e-08,1.66832e-08,1.66832e-08,1.66832e-08,1.66832e-08,5,5,5,5,1.66833e-08,1.66899e-08,1.66899e-08,1.67897e-08,1.67899e-08,1.67899e-08,1.67899e-08,1.67889e-08,5,5,5,5,1.68007e-08,1.68083e-08,1.68083e-08,2.5001,2.4999,2.50007,2.49993,2.49993,2.50007,2.4999,2.5001,-0.0001,-0.0746557,-0.0746268
100.5000,2.5794,1.48635,2.17814,7.55851e-09,5,5,7.82861e-08,7.59397e-09,4.95175,2.57783,1.48377,2.17551,4.53427e-05,4.99996,4.99997,7.97282e-05,0.000216014,4.94333,1.66832e-08,1.66832e-08,1.66832e-08,1.66832e-08,1.66832e-08,5,5,5,5,1.66833e-08,1.66892e-08,1.66892e-08,1.67897e-08,1.67899e-08,1.67899e-08,1.67899e-08,1.67889e-08,5,5,5,5,1.68007e-08,1.68075e-08,1.68075e-08,2.5001,2.4999,2.50007,2.49993,2.49993,2.50007,2.4999,2.5001,-0.0001,-0.0746395,-0.0746114
101.0000,2.5794,1.48635,2.17814,7.55851e-09,5,5,7.82861e-08,7.59397e-09,4.95175,2.57783,1.48377,2.17551,4.53427e-05,4.99996,4.99997,7.97282e-05,0.000216014,4.94333,1.66832e-08,1.66832e-08,1.66832e-08,1.66832e-08,1.66832e-08,5,5,5,5,1.66833e-08,1.66886e-08,1.66886e-08,1.67897e-08,1.67899e-08,1.67899e-08,1.67899e-08,1.67889e-08,5,5,5,5,1.68007e-08,1.68068e-08,1.68068e-08,2.5001,2.4999,2.50007,2.49993,2.49993,2.50007,2.4999,2.5001,-0.0001,-0.074626,-0.0745985
101.5000,2.5794,1.48635,2.17814,7.55851e-09,5,5,7.82861e-08,7.59397e-09,4.95175,2.57783,1.48377,2.17551,4.53427e-05,4.99996,4.99997,7.97282e-05,0.000216014,4.94333,1.66832e-08,1.66832e-08,1.66832e-08,1.66832e-08,1.66832e-08,5,5,5,5,1.66833e-08,1.66881e-08,1.66881e-08,1.67897e-08,1.67899e-08,1.67899e-08,1.67899e-08,1.67889e-08,5,5,5,5,1.68007e-08,1.68062e-08,1.68062e-08,2.5001,2.4999,2.50007,2.49993,2.49993,2.50007,2.4999,2.5001,-0.0001,-0.0746147,-0.0745876
102.0000,2.5794,1.48635,2.17814,7.55851e-09,5,5,7.82861e-08,7.59397e-09,4.95175,2.57783,1.48377,2.17551,4.53427e-05,4.99996,4.99997,7.97282e-05,0.000216014,4.94333,1.66832e-08,1.66832e-08,1.66832e-08,1.66832e-08,1.66832e-08,5,5,5,5,1.66833e-08,1.66877e-08,1.66877e-08,1.67897e-08,1.67899e-08,1.67899e-08,1.67899e-08,1.67889e-08,5,5,5,5,1.68007e-08,1.68057e-08,1.68057e-08,2.5001,2.4999,2.50007,2.49993,2.49993,2.50007,2.4999,2.5001,-0.0001,-0.0746053,-0.0745784
102.5000,2.5794,1.48635,2.17814,7.55851e-09,5,5,7.82861e-08,7.59397e-09,4.95175,2.57783,1.48377,2.17551,4.53427e-05,4.99996,4.99997,7.97282e-05,0.000216014,4.94333,1.66832e-08,1.66832e-08,1.66832e-08,1.66832e-08,1.66832e-08,5,5,5,5,1.66833e-08,1.66873e-08,1.66873e-08,1.67897e-08,1.67899e-08,1.67899e-08,1.67899e-08,1.67889e-08,5,5,5,5,1.68007e-08,1.68052e-08,1.68052e-08,2.50011,2.49989,2.50007,2.49993,2.49993,2.50007,2.49989,2.50011,-0.0001,-0.0745972,-0.0745705
103.0000,2.5794,1.48635,2.17814,7.55851e-09,5,5,7.82861e-08,7.59397e-09,4.95175,2.57783,1.48377,2.17551,4.53427e-05,4.99996,4.99997,7.97282e-05,0.000216014,4.94333,1.66832e-08,1.66832e-08,1.66832e-08,1.66832e-08,1.66832e-08,5,5,5,5,1.66833e-08,1.66869e-08,1.66869e-08,1.67897e-08,1.67899e-08,1.67899e-08,1.67899e-08,1.67889e-08,5,5,5,5,1.68007e-08,1.68048e-08,1.68048e-08,2.50011,2.49989,2.50007,2.49993,2.49993,2.50007,2.49989,2.50011,-0.0001,-0.0745904,-0.0745638
103.5000,2.5794,1.48635,2.17814,7.55851e-09,5,5,7.82861e-08,7.59397e-09,4.95175,2.57783,1.48377,2.17551,4.53427e-05,4.99996,4.99997,7.97282e-05,0.000216014,4.94333,1.66832e-08,1.66832e-08,1.66832e-08,1.66832e-08,1.66832e-08,5,5,5,5,1.66833e-08,1.66866e-08,1.66866e-08,1.67897e-08,1.67899e-08,1.67899e-08,1.67899e-08,1.67889e-08,5,5,5,5,1.68007e-08,1.68045e-08,1.68045e-08,2.50011,2.49989,2.50007,2.49993,2.49993,2.50007,2.49989,2.50011,-0.0001,-0.0745845,-0.074558
104.0000,2.5794,1.48635,2.17814,7.55851e-09,5,5,7.82861e-08,7.59397e-09,4.95175,2.57783,1.48377,2.17551,4.53427e-05,4.99996,4.99997,7.97282e-05,0.000216014,4.94333,1.66832e-08,1.66832e-08,1.66832e-08,1.66832e-08,1.66832e-08,5,5,5,5,1.66833e-08,1.66863e-08,1.66863e-08,1.67897e-08,1.67899e-08,1.67899e-08,1.67899e-08,1.67889e-08,5,5,5,5,1.68007e-08,1.68041e-08,1.68041e-08,2.50011,2.49989,2.50006,2.49994,2.49994,2.50006,2.49989,2.50011,-0.0001,-0.0745794,-0.0745529
104.5000,2.5794,1.48635,2.17814,7.55851e-09,5,5,7.82861e-08,7.59397e-09,4.95175,2.57783,1.48377,2.17551,4.53427e-05,4.99996,4.99997,7.97282e-05,0.000216014,4.94333,1.66832e-08,1.66832e-08,1.66832e-08,1.66832e-08,1.66832e-08,5,5,5,5,1.66833e-08,1.66861e-08,1.66861e-08,1.67897e-08,1.67899e-08,1.67899e-08,1.67899e-08,1.67889e-08,5,5,5,5,1.68007e-08,1.68038e-08,1.68038e-08,2.50011,2.49989,2.50006,2.49994,2.49994,2.50006,2.49989,2.50011,-0.0001,-0.074575,-0.0745484
105.0000,2.5794,1.48635,2.17814,7.55851e-09,5,5,7.82861e-08,7.59397e-09,4.95175,2.57783,1.48377,2.17551,4.53427e-05,4.99996,4.99997,7.97282e-05,0.000216014,4.94333,1.66832e-08,1.66832e-08,1.66832e-08,1.66832e-08,1.66832e-08,5,5,5,5,1.66833e-08,1.66859e-08,1.66859e-08,1.67897e-08,1.67899e-08,1.67899e-08,1.67899e-08,1.67889e-08,5,5,5,5,1.68007e-08,1.68036e-08,1.68036e-08,2.50011,2.49989,2.50006,2.49994,2.49994,2.50006,2.49989,2.50011,-0.0001,-0.0745712,-0.0745445
105.5000,2.5794,1.48635,2.17814,7.55851e-09,5,5,7.82861e-08,7.59397e-09,4.95175,2.57783,1.48377,2.17551,4.53427e-05,4.99996,4.99997,7.97282e-05,0.000216014,4.94333,1.66832e-08,1.66832e-08,1.66832e-08,1.66832e-08,1.66832e-08,5,5,5,5,1.66833e-08,1.66857e-08,1.66857e-08,1.67897e-08,1.67899e-08,1.67899e-08,1.67899e-08,1.67889e-08,5,5,5,5,1.68007e-08,1.68034e-08,1.68034e-08,2.50011,2.49989,2.50006,2.49994,2.49994,2.50006,2.49989,2.50011,-0.0001,-0.0745678,-0.0745411
106.0000,2.5794,1.48635,2.17814,7.55851e-09,5,5,7.82861e-08,7.59397e-09,4.95175,2.57783,1.48377,2.17551,4.53427e-05,4.99996,4.99997,7.97282e-05,0.000216014,4.94333,1.66832e-08,1.66832e-08,1.66832e-08,1.66832e-08,1.66832e-08,5,5,5,5,1.66833e-08,1.66855e-08,1.66855e-08,1.67897e-08,1.67899e-08,1.67899e-08,1.67899e-08,1.67889e-08,5,5,5,5,1.68007e-08,1.68032e-08,1.68032e-08,2.50011,2.49989,2.50006,2.49994,2.49994,2.50006,2.49989,2.50011,-0.0001,-0.0745648,-0.0745381
106.5000,2.5794,1.48635,2.17814,7.55851e-09,5,5,7.82861e-08,7.59397e-09,4.95175,2.57783,1.48377,2.17551,4.53427e-05,4.99996,4.99997,7.97282e-05,0.000216014,4.94333,1.66832e-08,1.66832e-08,1.66832e-08,1.66832e-08,1.66832e-08,5,5,5,5,1.66833e-08,1.66853e-08,1.66853e-08,1.67897e-08,1.67899e-08,1.67899e-08,1.67899e-08,1.67889e-08,5,5,5,5,1.68007e-08,1.6803e-08,1.6803e-08,2.50011,2.49989,2.50006,2.49994,2.49994,2.50006,2.49989,2.50011,-0.0001,-0.0745622,-0.0745354
107.0000,2.5794,1.48635,2.17814,7.55851e-09,5,5,7.82861e-08,7.59397e-09,4.95175,2.57783,1.48377,2.17551,4.53427e-05,4.99996,4.99997,7.97282e-05,0.000216014,4.94333,1.66832e-08,1.66832e-08,1.66832e-08,1.66832e-08,1.66832e-08,5,5,5,5,1.66833e-08,1.66852e-08,1.66852e-08,1.67897e-08,1.67899e-08,1.67899e-08,1.67899e-08,1.67889e-08,5,5,5,5,1.68007e-08,1.68028e-08,1.68028e-08,2.50011,2.49989,2.50006,2.49994,2.49994,2.50006,2.49989,2.50011,-0.0001,-0.0745598,-0.0745329
107.5000,2.5794,1.48635,2.17814,7.55851e-09,5,5,7.82861e-08,7.59397e-09,4.95175,2.57783,1.48377,2.17551,4.53427e-05,4.99996,4.99997,7.97282e-05,0.000216014,4.94333,1.66832e-08,1.66832e-08,1.66832e-08,1.66832e-08,1.66832e-08,5,5,5,5,1.66833e-08,1.66851e-08,1.66851e-08,1.67897e-08,1.67899e-08,1.67899e-08,1.67899e-08,1.67889e-08,5,5,5,5,1.68007e-08,1.68027e-08,1.68027e-08,2.50011,2.49989,2.50006,2.49994,2.49994,2.50006,2.49989,2.50011,-0.0001,-0.0745577,-0.0745308
108.0000,2.5794,1.48635,2.17814,7.55851e-09,5,5,7.82861e-08,7.59397e-09,4.95175,2.57783,1.48377,2.17551,4.53427e-05,4.99996,4.99997,7.97282e-05,0.000216014,4.94333,1.66832e-08,1.66832e-08,1.66832e-08,1.66832e-08,1.66832e-08,5,5,5,5,1.66833e-08,1.66849e-08,1.66849e-08,1.67897e-08,1.67899e-08,1.67899e-08,1.67899e-08,1.67889e-08,5,5,5,5,1.68007e-08,1.68025e-08,1.68025e-08,2.50011,2.49989,2.50006,2.49994,2.49994,2.50006,2.49989,2.50011,-0.0001,-0.0745559,-0.0745288
108.5000,2.5794,1.48635,2.17814,7.55851e-09,5,5,7.82861e-08,7.59397e-09,4.95175,2.57783,1.48377,2.17551,4.53427e-05,4.99996,4.99997,7.97282e-05,0.000216014,4.94333,1.66832e-08,1.66832e-08,1.66832e-08,1.66832e-08,1.66832e-08,5,5,5,5,1.66833e-08,1.66848e-08,1.66848e-08,1.67897e-08,1.67899e-08,1.67899e-08,1.67899e-08,1.67889e-08,5,5,5,5,1.68007e-08,1.68024e-08,1.68024e-08,2.50011,2.49989,2.50006,2.49994,2.49994,2.50006,2.49989,2.50011,-0.0001,-0.0745542,-0.0745271
109.0000,2.5794,1.48635,2.17814,7.55851e-09,5,5,7.82861e-08,7.59397e-09,4.95175,2.57783,1.48377,2.17551,4.53427e-05,4.99996,4.99997,7.97282e-05,0.000216014,4.94333,1.66832e-08,1.66832e-08,1.66832e-08,1.66832e-08,1.66832e-08,5,5,5,5,1.66833e-08,1.66847e-08,1.66847e-08,1.67897e-08,1.67899e-08,1.67899e-08,1.67899e-08,1.67889e-08,5,5,5,5,1.68007e-08,1.68023e-08,1.68023e-08,2.50011,2.49989,2.50005,2.49995,2.49995,2.50005,2.49989,2.50011,-0.0001,-0.0745527,-0.0745255
109.5000,2.5794,1.48635,2.17814,7.55851e-09,5,5,7.82861e-08,7.59397e-09,4.95175,2.57783,1.48377,2.17551,4.53427e-05,4.99996,4.99997,7.97282e-05,0.000216014,4.94333,1.66832e-08,1.66832e-08,1.66832e-08,1.66832e-08,1.66832e-08,5,5,5,5,1.66833e-08,1.66846e-08,1.66846e-08,1.67897e-08,1.67899e-08,1.67899e-08,1.67899e-08,1.67889e-08,5,5,5,5,1.68007e-08,1.68022e-08,1.68022e-08,2.50011,2.49989,2.50005,2.49995,2.49995,2.50005,2.49989,2.50011,-0.0001,-0.0745513,-0.0745241
110.0000,2.5794,1.48635,2.17814,7.55851e-09,5,5,7.82861e-08,7.59397e-09,4.95175,2.57783,1.48377,2.17551,4.53427e-05,4.99996,4.99997,7.97282e-05,0.000216014,4.94333,1.66832e-08,1.66832e-08,1.66832e-08,1.66832e-08,1.66832e-08,5,5,5,5,1.66833e-08,1.66845e-08,1.66845e-08,1.67897e-08,1.67899e-08,1.67899e-08,1.67899e-08,1.67889e-08,5,5,5,5,1.68007e-08,1.68021e-08,1.68021e-08,2.50011,2.49989,2.50005,2.49995,2.49995,2.50005,2.49989,2.50011,-0.0001,-0.0745501,-0.0745229
110.5000,2.5794,1.48635,2.17814,7.55851e-09,5,5,7.82861e-08,7.59397e-09,4.95175,2.57783,1.48377,2.17551,4.53427e-05,4.99996,4.99997,7.97282e-05,0.000216014,4.94333,1.66832e-08,1.66832e-08,1.66832e-08,1.66832e-08,1.66832e-08,5,5,5,5,1.66833e-08,1.66845e-08,1.66845e-08,1.67897e-08,1.67899e-08,1.67899e-08,1.67899e-08,1.67889e-08,5,5,5,5,1.68007e-08,1.6802e-08,1.6802e-08,2.50011,2.49989,2.50005,2.49995,2.49995,2.50005,2.49989,2.50011,-0.0001,-0.0745491,-0.0745217
111.0000,2.5794,1.48635,2.17814,7.55851e-09,5,5,7.82861e-08,7.59397e-09,4.95175,2.57783,1.48377,2.17551,4.53427e-05,4.99996,4.99997,7.97282e-05,0.000216014,4.94333,1.66832e-08,1.66832e-08,1.66832e-08,1.66832e-08,1.66832e-08,5,5,5,5,1.66833e-08,1.66844e-08,1.66844e-08,1.67897e-08,1.67899e-08,1.67899e-08,1.67899e-08,1.67889e-08,5,5,5,5,1.68007e-08,1.68019e-08,1.68019e-08,2.50011,2.49989,2.50005,2.49995,2.49995,2.50005,2.49989,2.50011,-0.0001,-0.0745481,-0.0745207
111.5000,2.5794,1.48635,2.17814,7.55851e-09,5,5,7.82861e-08,7.59397e-09,4.95175,2.57783,1.48377,2.17551,4.53427e-05,4.99996,4.99997,7.97282e-05,0.000216014,4.94333,1.66832e-08,1.66832e-08,1.66832e-08,1.66832e-08,1.66832e-08,5,5,5,5,1.66833e-08,1.66843e-08,1.66843e-08,1.67897e-08,1.67899e-08,1.67899e-08,1.67899e-08,1.67889e-08,5,5,5,5,1.68007e-08,1.68018e-08,1.68018e-08,2.50011,2.49989,2.50005,2.49995,2.49995,2.50005,2.49989,2.50011,-0.0001,-0.0745472,-0.0745198
112.0000,2.5794,1.48635,2.17814,7.55851e-09,5,5,7.82861e-08,7.59397e-09,4.95175,2.57783,1.48377,2.17551,4.53427e-05,4.99996,4.99997,7.97282e-05,0.000216014,4.94333,1.66832e-08,1.66832e-08,1.66832e-08,1.66832e-08,1.66832e-08,5,5,5,5,1.66833e-08,1.66843e-08,1.66843e-08,1.67897e-08,1.67899e-08,1.67899e-08,1.67899e-08,1.67889e-08,5,5,5,5,1.68007e-08,1.68018e-08,1.68018e-08,2.50012,2.49988,2.50005,2.49995,2.49995,2.50005,2.49988,2.50012,-0.0001,-0.0745465,-0.074519
112.5000,2.5794,1.48635,2.17814,7.55851e-09,5,5,7.82861e-08,7.59397e-09,4.95175,2.57783,1.48377,2.17551,4.53427e-05,4.99996,4.99997,7.97282e-05,0.000216014,4.94333,1.66832e-08,1.66832e-08,1.66832e-08,1.66832e-08,1.66832e-08,5,5,5,5,1.66833e-08,1.66842e-08,1.66842e-08,1.67897e-08,1.67899e-08,1.67899e-08,1.67899e-08,1.67889e-08,5,5,5,5,1.68007e-08,1.68017e-08,1.68017e-08,2.50012,2.49988,2.50005,2.49995,2.49995,2.50005,2.49988,2.50012,-0.0001,-0.0745458,-0.0745182
113.0000,2.5794,1.48635,2.17814,7.55851e-09,5,5,7.82861e-08,7.59397e-09,4.95175,2.57783,1.48377,2.17551,4.53427e-05,4.99996,4.99997,7.97282e-05,0.000216014,4.94333,1.66832e-08,1.66832e-08,1.66832e-08,1.66832e-08,1.66832e-08,5,5,5,5,1.66833e-08,1.66842e-08,1.66842e-08,1.67897e-08,1.67899e-08,1.67899e-08,1.67899e-08,1.67889e-08,5,5,5,5,1.68007e-08,1.68016e-08,1.68016e-08,2.50012,2.49988,2.50005,2.49995,2.49995,2.50005,2.49988,2.50012,-0.0001,-0.0745452,-0.0745176
113.5000,2.5794,1.48635,2.17814,7.55851e-09,5,5,7.82861e-08,7.59397e-09,4.95175,2.57783,1.48377,2.17551,4.53427e-05,4.99996,4.99997,7.97282e-05,0.000216014,4.94333,1.66832e-08,1.66832e-08,1.66832e-08,1.66832e-08,1.66832e-08,5,5,5,5,1.66833e-08,1.66841e-08,1.66841e-08,1.67897e-08,1.67899e-08,1.67899e-08,1.67899e-08,1.67889e-08,5,5,5,5,1.68007e-08,1.68016e-08,1.68016e-08,2.50012,2.49988,2.50005,2.49995,2.49995,2.50005,2.49988,2.50012,-0.0001,-0.0745447,-0.074517
114.0000,2.5794,1.48635,2.17814,7.55851e-09,5,5,7.82861e-08,7.59397e-09,4.95175,2.57783,1.48377,2.17551,4.53427e-05,4.99996,4.99997,7.97282e-05,0.000216014,4.94333,1.66832e-08,1.66832e-08,1.66832e-08,1.66832e-08,1.66832e-08,5,5,5,5,1.66833e-08,1.66841e-08,1.66841e-08,1.67897e-08,1.67899e-08,1.67899e-08,1.67899e-08,1.67889e-08,5,5,5,5,1.68007e-08,1.68015e-08,1.68015e-08,2.50012,2.49988,2.50004,2.49996,2.49996,2.50004,2.49988,2.50012,-0.0001,-0.0745442,-0.0745165
114.5000,2.5794,1.48635,2.17814,7.55851e-09,5,5,7.82861e-08,7.59397e-09,4.95175,2.57783,1.48377,2.17551,4.53427e-05,4.99996,4.99997,7.97282e-05,0.000216014,4.94333,1.66832e-08,1.66832e-08,1.66832e-08,1.66832e-08,1.66832e-08,5,5,5,5,1.66833e-08,1.6684e-08,1.6684e-08,1.67897e-08,1.67899e-08,1.67899e-08,1.67899e-08,1.67889e-08,5,5,5,5,1.68007e-08,1.68015e-08,1.68015e-08,2.50012,2.49988,2.50004,2.49996,2.49996,2.50004,2.49988,2.50012,-0.0001,-0.0745438,-0.0745161
115.0000,2.5794,1.48635,2.17814,7.55851e-09,5,5,7.82861e-08,7.59397e-09,4.95175,2.57783,1.48377,2.17551,4.53427e-05,4.99996,4.99997,7.97282e-05,0.000216014,4.94333,1.66832e-08,1.66832e-08,1.66832e-08,1.66832e-08,1.66832e-08,5,5,5,5,1.66833e-08,1.6684e-08,1.6684e-08,1.67897e-08,1.67899e-08,1.67899e-08,1.67899e-08,1.67889e-08,5,5,5,5,1.68007e-08,1.68014e-08,1.68014e-08,2.50012,2.49988,2.50004,2.49996,2.49996,2.50004,2.49988,2.50012,-0.0001,-0.0745435,-0.0745157
115.5000,2.5794,1.48635,2.17814,7.55851e-09,5,5,7.82861e-08,7.59397e-09,4.95175,2.57783,1.48377,2.17551,4.53427e-05,4.99996,4.99997,7.97282e-05,0.000216014,4.94333,1.66832e-08,1.66832e-08,1.66832e-08,1.66832e-08,1.66832e-08,5,5,5,5,1.66833e-08,1.66839e-08,1.66839e-08,1.67897e-08,1.67899e-08,1.67899e-08,1.67899e-08,1.67889e-08,5,5,5,5,1.68007e-08,1.68014e-08,1.68014e-08,2.50012,2.49988,2.50004,2.49996,2.49996,2.50004,2.49988,2.50012,-0.0001,-0.0745432,-0.0745154
116.0000,2.5794,1.48635,2.17814,7.55851e-09,5,5,7.82861e-08,7.59397e-09,4.95175,2.57783,1.48377,2.17551,4.53427e-05,4.99996,4.99997,7.97282e-05,0.000216014,4.94333,1.66832e-08,1.66832e-08,1.66832e-08,1.66832e-08,1.66832e-08,5,5,5,5,1.66833e-08,1.66839e-08,1.66839e-08,1.67897e-08,1.67899e-08,1.67899e-08,1.67899e-08,1.67889e-08,5,5,5,5,1.68007e-08,1.68013e-08,1.68013e-08,2.50012,2.49988,2.50004,2.49996,2.49996,2.50004,2.49988,2.50012,-0.0001,-0.074543,-0.0745152
116.5000,2.5794,1.48635,2.17814,7.55851e-09,5,5,7.82861e-08,7.59397e-09,4.95175,2.57783,1.48377,2.17551,4.53427e-05,4.99996,4.99997,7.97282e-05,0.000216014,4.94333,1.66832e-08,1.66832e-08,1.66832e-08,1.66832e-08,1.66832e-08,5,5,5,5,1.66833e-08,1.66839e-08,1.66839e-08,1.67897e-08,1.67899e-08,1.67899e-08,1.67899e-08,1.67889e-08,5,5,5,5,1.68007e-08,1.68013e-08,1.68013e-08,2.50012,2.49988,2.50004,2.49996,2.49996,2.50004,2.49988,2.50012,-0.0001,-0.0745428,-0.074515
117.0000,2.5794,1.48635,2.17814,7.55851e-09,5,5,7.82861e-08,7.59397e-09,4.95175,2.57783,1.48377,2.17551,4.53427e-05,4.99996,4.99997,7.97282e-05,0.000216014,4.94333,1.66832e-08,1.66832e-08,1.66832e-08,1.66832e-08,1.66832e-08,5,5,5,5,1.66833e-08,1.66838e-08,1.66838e-08,1.67897e-08,1.67899e-08,1.67899e-08,1.67899e-08,1.67889e-08,5,5,5,5,1.68007e-08,1.68013e-08,1.68013e-08,2.50012,2.49988,2.50004,2.49996,2.49996,2.50004,2.49988,2.50012,-0.0001,-0.0745427,-0.0745148
117.5000,2.5794,1.48635,2.17814,7.55851e-09,5,5,7.82861e-08,7.59397e-09,4.95175,2.57783,1.48377,2.17551,4.53427e-05,4.99996,4.99997,7.97282e-05,0.000216014,4.94333,1.66832e-08,1.66832e-08,1.66832e-08,1.66832e-08,1.66832e-08,5,5,5,5,1.66833e-08,1.66838e-08,1.66838e-08,1.67897e-08,1.67899e-08,1.67899e-08,1.67899e-08,1.67889e-08,5,5,5,5,1.68007e-08,1.68012e-08,1.68012e-08,2.50012,2.49988,2.50004,2.49996,2.49996,2.50004,2.49988,2.50012,-0.0001,-0.0745427,-0.0745148
118.0000,2.5794,1.48635,2.17814,7.55851e-09,5,5,7.82861e-08,7.59397e-09,4.95175,2.57783,1.48377,2.17551,4.53427e-05,4.99996,4.99997,7.97282e-05,0.000216014,4.94333,1.66832e-08,1.66832e-08,1.66832e-08,1.66832e-08,1.66832e-08,5,5,5,5,1.66833e-08,1.66838e-08,1.66838e-08,1.67897e-08,1.67899e-08,1.67899e-08,1.67899e-08,1.67889e-08,5,5,5,5,1.68007e-08,1.68012e-08,1.68012e-08,2.50012,2.49988,2.50004,2.49996,2.49996,2.50004,2.49988,2.50012,-0.0001,-0.0745427,-0.0745147
118.5000,2.5794,1.48635,2.17814,7.55851e-09,5,5,7.82861e-08,7.59397e-09,4.95175,2.57783,1.48377,2.17551,4.53427e-05,4.99996,4.99997,7.97282e-05,0.000216014,4.94333,1.66832e-08,1.66832e-08,1.66832e-08,1.66832e-08,1.66832e-08,5,5,5,5,1.66833e-08,1.66838e-08,1.66838e-08,1.67897e-08,1.67899e-08,1.67899e-08,1.67899e-08,1.67889e-08,5,5,5,5,1.68007e-08,1.68012e-08,1.68012e-08,2.50012,2.49988,2.50004,2.49996,2.49996,2.50004,2.49988,2.50012,-0.0001,-0.0745427,-0.0745148
119.0000,2.5794,1.48635,2.17814,7.55851e-09,5,5,7.82861e-08,7.59397e-09,4.95175,2.57783,1.48377,2.17551,4.53427e-05,4.99996,4.99997,7.97282e-05,0.000216014,4.94333,1.66832e-08,1.66832e-08,1.66832e-08,1.66832e-08,1.66832e-08,5,5,5,5,1.66833e-08,1.66837e-08,1.66837e-08,1.67897e-08,1.67899e-08,1.67899e-08,1.67899e-08,1.67889e-08,5,5,5,5,1.68007e-08,1.68012e-08,1.68012e-08,2.50012,2.49988,2.50003,2.49997,2.49997,2.50003,2.49988,2.50012,-0.0001,-0.0745428,-0.0745148
119.5000,2.5794,1.48635,2.17814,7.55851e-09,5,5,7.82861e-08,7.59397e-09,4.95175,2.57783,1.48377,2.17551,4.53427e-05,4.99996,4.99997,7.97282e-05,0.000216014,4.94333,1.66832e-08,1.66832e-08,1.66832e-08,1.66832e-08,1.66832e-08,5,5,5,5,1.66833e-08,1.66837e-08,1.66837e-08,1.67897e-08,1.67899e-08,1.67899e-08,1.67899e-08,1.67889e-08,5,5,5,5,1.68007e-08,1.68011e-08,1.68011e-08,2.50012,2.49988,2.50003,2.49997,2.49997,2.50003,2.49988,2.50012,-0.0001,-0.074543,-0.074515
120.0000,2.5794,1.48635,2.17814,7.55851e-09,5,5,7.82861e-08,7.59397e-09,4.95175,2.57783,1.48377,2.17551,4.53427e-05,4.99996,4.99997,7.97282e-05,0.000216014,4.94333,1.66832e-08,1.66832e-08,1.66832e-08,1.66832e-08,1.66832e-08,5,5,5,5,1.66833e-08,1.66837e-08,1.66837e-08,1.67897e-08,1.67899e-08,1.67899e-08,1.67899e-08,1.67889e-08,5,5,5,5,1.68007e-08,1.68011e-08,1.68011e-08,2.50012,2.49988,2.50003,2.49997,2.49997,2.50003,2.49988,2.50012,-0.0001,-0.0745433,-0.0745152
120.5000,2.5794,1.48635,2.17814,7.55851e-09,5,5,7.82861e-08,7.59397e-09,4.95175,2.57783,1.48377,2.17551,4.53427e-05,4.99996,4.99997,7.97282e-05,0.000216014,4.94333,1.66832e-08,1.66832e-08,1.66832e-08,1.66832e-08,1.66832e-08,5,5,5,5,1.66833e-08,1.66837e-08,1.66837e-08,1.67897e-08,1.67899e-08,1.67899e-08,1.67899e-08,1.67889e-08,5,5,5,5,1.68007e-08,1.68011e-08,1.68011e-08,2.50012,2.49988,2.50003,2.49997,2.49997,2.50003,2.49988,2.50012,-0.0001,-0.0745436,-0.0745154
121.0000,2.5794,1.48635,2.17814,7.55851e-09,5,5,7.82861e-08,7.59397e-09,4.95175,2.57783,1.48377,2.17551,4.53427e-05,4.99996,4.99997,7.97282e-05,0.000216014,4.94333,1.66832e-08,1.66832e-08,1.66832e-08,1.66832e-08,1.66832e-08,5,5,5,5,1.66833e-08,1.66837e-08,1.66837e-08,1.67897e-08,1.67899e-08,1.67899e-08,1.67899e-08,1.67889e-08,5,5,5,5,1.68007e-08,1.68011e-08,1.68011e-08,2.50012,2.49988,2.50003,2.49997,2.49997,2.50003,2.49988,2.50012,-0.0001,-0.074544,-0.0745158
121.5000,2.5794,1.48635,2.17814,7.55851e-09,5,5,7.82861e-08,7.59397e-09,4.95175,2.57783,1.48377,2.17551,4.53427e-05,4.99996,4.99997,7.97282e-05,0.000216014,4.94333,1.66832e-08,1.66832e-08,1.66832e-08,1.66832e-08,1.66832e-08,5,5,5,5,1.66833e-08,1.66836e-08,1.66836e-08,1.67897e-08,1.67899e-08,1.67899e-08,1.67899e-08,1.67889e-08,5,5,5,5,1.68007e-08,1.6801e-08,1.6801e-08,2.50012,2.49988,2.50003,2.49997,2.49997,2.50003,2.49988,2.50012,-0.0001,-0.0745445,-0.0745162
122.0000,2.5794,1.48635,2.17814,7.55851e-09,5,5,7.82861e-08,7.59397e-09,4.95175,2.57783,1.48377,2.17551,4.53427e-05,4.99996,4.99997,7.97282e-05,0.000216014,4.94333,1.66832e-08,1.66832e-08,1.66832e-08,1.66832e-08,1.66832e-08,5,5,5,5,1.66833e-08,1.66836e-08,1.66836e-08,1.67897e-08,1.67899e-08,1.67899e-08,1.67899e-08,1.67889e-08,5,5,5,5,1.68007e-08,1.6801e-08,1.6801e-08,2.50012,2.49988,2.50003,2.49997,2.49997,2.50003,2.49988,2.50012,-0.0001,-0.0745451,-0.0745167
122.5000,2.5794,1.48635,2.17814,7.55851e-09,5,5,7.82861e-08,7.59397e-09,4.95175,2.57783,1.48377,2.17551,4.53427e-05,4.99996,4.99997,7.97282e-05,0.000216014,4.94333,1.66832e-08,1.66832e-08,1.66832e-08,1.66832e-08,1.66832e-08,5,5,5,5,1.66833e-08,1.66836e-08,1.66836e-08,1.67897e-08,1.67899e-08,1.67899e-08,1.67899e-08,1.67889e-08,5,5,5,5,1.68007e-08,1.6801e-08,1.6801e-08,2.50012,2.49988,2.50003,2.49997,2.49997,2.50003,2.49988,2.50012,-0.0001,-0.0745458,-0.0745174
123.0000,2.5794,1.48635,2.17814,7.55851e-09,5,5,7.82861e-08,7.59397e-09,4.95175,2.57783,1.48377,2.17551,4.53427e-05,4.99996,4.99997,7.97282e-05,0.000216014,4.94333,1.66832e-08,1.66832e-08,1.66832e-08,1.66832e-08,1.66832e-08,5,5,5,5,1.66833e-08,1.66836e-08,1.66836e-08,1.67897e-08,1.67899e-08,1.67899e-08,1.67899e-08,1.67889e-08,5,5,5,5,1.68007e-08,1.6801e-08,1.6801e-08,2.50012,2.49988,2.50003,2.49997,2.49997,2.50003,2.49988,2.50012,-0.0001,-0.0745467,-0.0745182
123.5000,2.5794,1.48635,2.17814,7.55851e-09,5,5,7.82861e-08,7.59397e-09,4.95175,2.57783,1.48377,2.17551,4.53427e-05,4.99996,4.99997,7.97282e-05,0.000216014,4.94333,1.66832e-08,1.66832e-08,1.66832e-08,1.66832e-08,1.66832e-08,5,5,5,5,1.66833e-08,1.66836e-08,1.66836e-08,1.67897e-08,1.67899e-08,1.67899e-08,1.67899e-08,1.67889e-08,5,5,5,5,1.68007e-08,1.6801e-08,1.6801e-08,2.50012,2.49988,2.50002,2.49998,2.49998,2.50002,2.49988,2.50012,-0.0001,-0.0745478,-0.0745192
124.0000,2.5794,1.48635,2.17814,7.55851e-09,5,5,7.82861e-08,7.59397e-09,4.95175,2.57783,1.48377,2.17551,4.53427e-05,4.99996,4.99997,7.97282e-05,0.000216014,4.94333,1.66832e-08,1.66832e-08,1.66832e-08,1.66832e-08,1.66832e-08,5,5,5,5,1.66833e-08,1.66836e-08,1.66836e-08,1.67897e-08,1.67899e-08,1.67899e-08,1.67899e-08,1.67889e-08,5,5,5,5,1.68007e-08,1.6801e-08,1.6801e-08,2.50012,2.49988,2.50002,2.49998,2.49998,2.50002,2.49988,2.50012,-0.0001,-0.0745492,-0.0745204
124.5000,2.5794,1.48635,2.17814,7.55851e-09,5,5,7.82861e-08,7.59397e-09,4.95175,2.57783,1.48377,2.17551,4.53427e-05,4.99996,4.99997,7.97282e-05,0.000216014,4.94333,1.66832e-08,1.66832e-08,1.66832e-08,1.66832e-08,1.66832e-08,5,5,5,5,1.66833e-08,1.66836e-08,1.66836e-08,1.67897e-08,1.67899e-08,1.67899e-08,1.67899e-08,1.67889e-08,5,5,5,5,1.68007e-08,1.6801e-08,1.6801e-08,2.50012,2.49988,2.50002,2.49998,2.49998,2.50002,2.49988,2.50012,-0.0001,-0.074551,-0.0745219
125.0000,2.5794,1.48635,2.17814,7.55851e-09,5,5,7.82861e-08,7.59397e-09,4.95175,2.57783,1.48377,2.17551,4.53427e-05,4.99996,4.99997,7.97282e-05,0.000216014,4.94333,1.66832e-08,1.66832e-08,1.66832e-08,1.66832e-08,1.66832e-08,5,5,5,5,1.66833e-08,1.66835e-08,1.66835e-08,1.67897e-08,1.67899e-08,1.67899e-08,1.67899e-08,1.67889e-08,5,5,5,5,1.68007e-08,1.68009e-08,1.68009e-08,2.50012,2.49988,2.50002,2.49998,2.49998,2.50002,2.49988,2.50012,-0.0001,-0.0745533,-0.0745239
125.5000,2.5794,1.48635,2.17814,7.55851e-09,5,5,7.82861e-08,7.59397e-09,4.95175,2.57783,1.48377,2.17551,4.53427e-05,4.99996,4.99997,7.97282e-05,0.000216014,4.94333,1.66832e-08,1.66832e-08,1.66832e-08,1.66832e-08,1.66832e-08,5,5,5,5,1.66833e-08,1.66835e-08,1.66835e-08,1.67897e-08,1.67899e-08,1.67899e-08,1.67899e-08,1.67889e-08,5,5,5,5,1.68007e-08,1.68009e-08,1.68009e-08,2.50012,2.49988,2.50002,2.49998,2.49998,2.50002,2.49988,2.50012,-0.0001,-0.0745563,-0.0745264
126.0000,2.5794,1.48635,2.17814,7.55851e-09,5,5,7.82861e-08,7.59397e-09,4.95175,2.57783,1.48377,2.17551,4.53427e-05,4.99996,4.99997,7.97282e-05,0.000216014,4.94333,1.66832e-08,1.66832e-08,1.66832e-08,1.66832e-08,1.66832e-08,5,5,5,5,1.66833e-08,1.66835e-08,1.66835e-08,1.67897e-08,1.67899e-08,1.67899e-08,1.67899e-08,1.67889e-08,5,5,5,5,1.68007e-08,1.68009e-08,1.68009e-08,2.50012,2.49988,2.50002,2.49998,2.49998,2.50002,2.49988,2.50012,-0.0001,-0.0745603,-0.0745297
126.5000,2.5794,1.48635,2.17814,7.55851e-09,5,5,7.82861e-08,7.59397e-09,4.95175,2.57783,1.48377,2.17551,4.53427e-05,4.99996,4.99997,7.97282e-05,0.000216014,4.94333,1.66832e-08,1.66832e-08,1.66832e-08,1.66832e-08,1.66832e-08,5,5,5,5,1.66833e-08,1.66835e-08,1.66835e-08,1.67897e-08,1.67899e-08,1.67899e-08,1.67899e-08,1.67889e-08,5,5,5,5,1.68007e-08,1.68009e-08,1.68009e-08,2.50012,2.49988,2.50002,2.49998,2.49998,2.50002,2.49988,2.50012,-0.0001,-0.0745657,-0.0745341
127.0000,2.5794,1.48635,2.17814,7.55851e-09,5,5,7.82861e-08,7.59397e-09,4.95175,2.57783,1.48377,2.17551,4.53427e-05,4.99996,4.99997,7.97282e-05,0.000216014,4.94333,1.66832e-08,1.66832e-08,1.66832e-08,1.66832e-08,1.66832e-08,5,5,5,5,1.66833e-08,1.66835e-08,1.66835e-08,1.67897e-08,1.67899e-08,1.67899e-08,1.67899e-08,1.67889e-08,5,5,5,5,1.68007e-08,1.68009e-08,1.68009e-08,2.50012,2.49988,2.50002,2.49998,2.49998,2.50002,2.49988,2.50012,-0.0001,-0.0745729,-0.07454
127.5000,2.5794,1.48635,2.17814,7.55851e-09,5,5,7.82861e-08,7.59397e-09,4.95175,2.57783,1.48377,2.17551,4.53427e-05,4.99996,4.99997,7.97282e-05,0.000216014,4.94333,1.66832e-08,1.66832e-08,1.66832e-08,1.66832e-08,1.66832e-08,5,5,5,5,1.66833e-08,1.66835e-08,1.66835e-08,1.67897e-08,1.67899e-08,1.67899e-08,1.67899e-08,1.67889e-08,5,5,5,5,1.68007e-08,1.68009e-08,1.68009e-08,2.50012,2.49988,2.50002,2.49998,2.49998,2.50002,2.49988,2.50012,-0.0001,-0.0745827,-0.074548
128.0000,2.5794,1.48635,2.17814,7.55851e-09,5,5,7.82861e-08,7.59397e-09,4.95175,2.57783,1.48377,2.17551,4.53427e-05,4.99996,4.99997,7.97282e-05,0.000216014,4.94333,1.66832e-08,1.66832e-08,1.66832e-08,1.66832e-08,1.66832e-08,5,5,5,5,1.66833e-08,1.66835e-08,1.66835e-08,1.67897e-08,1.67899e-08,1.67899e-08,1.67899e-08,1.67889e-08,5,5,5,5,1.68007e-08,1.68009e-08,1.68009e-08,2.50012,2.49988,2.50002,2.49998,2.49998,2.50002,2.49988,2.50012,-0.0001,-0.0745962,-0.0745589
128.5000,2.5794,1.48635,2.17814,7.55851e-09,5,5,7.82861e-08,7.59397e-09,4.95175,2.57783,1.48377,2.17551,4.53427e-05,4.99996,4.99997,7.97282e-05,0.000216014,4.94333,1.66832e-08,1.66832e-08,1.66832e-08,1.66832e-08,1.66832e-08,5,5,5,5,1.66833e-08,1.66835e-08,1.66835e-08,1.67897e-08,1.67899e-08,1.67899e-08,1.67899e-08,1.67889e-08,5,5,5,5,1.68007e-08,1.68009e-08,1.68009e-08,2.50012,2.49988,2.50001,2.49999,2.49999,2.50001,2.49988,2.50012,-0.0001,-0.0746147,-0.0745738
129.0000,2.5794,1.48635,2.17814,7.55851e-09,5,5,7.82861e-08,7.59397e-09,4.95175,2.57783,1.48377,2.17551,4.53427e-05,4.99996,4.99997,7.97282e-05,0.000216014,4.94333,1.66832e-08,1.66832e-08,1.66832e-08,1.66832e-08,1.66832e-08,5,5,5,5,1.66834e-08,1.66835e-08,1.66835e-08,1.67897e-08,1.67899e-08,1.67899e-08,1.67899e-08,1.67889e-08,5,5,5,5,1.68007e-08,1.68009e-08,1.68009e-08,2.50012,2.49988,2.50001,2.49999,2.49999,2.50001,2.49988,2.50012,-0.0001,-0.07464,-0.0745941
129.5000,2.5794,1.48635,2.17814,7.55851e-09,5,5,7.82861e-08,7.59397e-09,4.95175,2.57783,1.48377,2.17551,4.53427e-05,4.99996,4.99997,7.97282e-05,0.000216014,4.94333,1.66832e-08,1.66832e-08,1.66832e-08,1.66832e-08,1.66832e-08,5,5,5,5,1.66834e-08,1.66835e-08,1.66835e-08,1.67897e-08,1.67899e-08,1.67899e-08,1.67899e-08,1.67889e-08,5,5,5,5,1.68007e-08,1.68008e-08,1.68008e-08,2.50012,2.49988,2.50001,2.49999,2.49999,2.50001,2.49988,2.50012,-0.0001,-0.0746746,-0.074622
130.0000,2.5794,1.48635,2.17814,7.55851e-09,5,5,7.82861e-08,7.59397e-09,4.95175,2.57783,1.48377,2.17551,4.53427e-05,4.99996,4.99997,7.97282e-05,0.000216014,4.94333,1.66832e-08,1.66832e-08,1.66832e-08,1.66832e-08,1.66832e-08,5,5,5,5,1.66834e-08,1.66835e-08,1.66835e-08,1.67897e-08,1.67899e-08,1.67899e-08,1.67899e-08,1.67889e-08,5,5,5,5,1.68007e-08,1.68008e-08,1.68008e-08,2.50012,2.49988,2.50001,2.49999,2.49999,2.50001,2.49988,2.50012,-0.0001,-0.0747218,-0.0746599
130.5000,2.5794,1.48635,2.17814,7.55851e-09,5,5,7.82861e-08,7.59397e-09,4.95175,2.57783,1.48377,2.17551,4.53427e-05,4.99996,4.99997,7.97282e-05,0.000216014,4.94333,1.66832e-08,1.66832e-08,1.66832e-08,1.66832e-08,1.66832e-08,5,5,5,5,1.66834e-08,1.66834e-08,1.66834e-08,1.67897e-08,1.67899e-08,1.67899e-08,1.67899e-08,1.67889e-08,5,5,5,5,1.68007e-08,1.68008e-08,1.68008e-08,2.50012,2.49988,2.50001,2.49999,2.49999,2.50001,2.49988,2.50012,-0.0001,-0.0747863,-0.0747116
131.0000,2.5794,1.48635,2.17814,7.55851e-09,5,5,7.82861e-08,7.59397e-09,4.95175,2.57783,1.48377,2.17551,4.53427e-05,4.99996,4.99997,7.97282e-05,0.000216014,4.94333,1.66832e-08,1.66832e-08,1.66832e-08,1.66832e-08,1.66832e-08,5,5,5,5,1.66834e-08,1.66834e-08,1.66834e-08,1.67897e-08,1.67899e-08,1.67899e-08,1.67899e-08,1.67889e-08,5,5,5,5,1.68007e-08,1.68008e-08,1.68008e-08,2.50012,2.49988,2.50001,2.49999,2.49999,2.50001,2.49988,2.50012,-0.0001,-0.0748733,-0.0747818
131.5000,2.5794,1.48635,2.17814,7.55851e-09,5,5,7.82861e-08,7.59397e-09,4.95175,2.57783,1.48377,2.17551,4.53427e-05,4.99996,4.99997,7.97282e-05,0.000216014,4.94333,1.66832e-08,1.66832e-08,1.66832e-08,1.66832e-08,1.66832e-08,5,5,5,5,1.66834e-08,1.66834e-08,1.66834e-08,1.67897e-08,1.67899e-08,1.67899e-08,1.67899e-08,1.67889e-08,5,5,5,5,1.68007e-08,1.68008e-08,1.68008e-08,2.50012,2.49988,2.50001,2.49999,2.49999,2.50001,2.49988,2.50012,-0.0001,-0.0749765,-0.0748751
132.0000,2.5794,1.48635,2.17814,7.55851e-09,5,5,7.82861e-08,7.59397e-09,4.95175,2.57783,1.48377,2.17551,4.53427e-05,4.99996,4.99997,7.97282e-05,0.000216014,4.94333,1.66832e-08,1.66832e-08,1.66832e-08,1.66832e-08,1.66832e-08,5,5,5,5,1.66834e-08,1.66834e-08,1.66834e-08,1.67897e-08,1.67899e-08,1.67899e-08,1.67899e-08,1.67889e-08,5,5,5,5,1.68007e-08,1.68008e-08,1.68008e-08,2.50012,2.49988,2.50001,2.49999,2.49999,2.50001,2.49988,2.50012,-0.0001,-0.0750323,-0.0749731
132.5000,2.5794,1.48635,2.17814,7.55851e-09,5,5,7.82861e-08,7.59397e-09,4.95175,2.57783,1.48377,2.17551,4.53427e-05,4.99996,4.99997,7.97282e-05,0.000216014,4.94333,1.66832e-08,1.66832e-08,1.66832e-08,1.66832e-08,1.66832e-08,5,5,5,5,1.66834e-08,1.66834e-08,1.66834e-08,1.67897e-08,1.67899e-08,1.67899e-08,1.67899e-08,1.67889e-08,5,5,5,5,1.68008e-08,1.68008e-08,1.68008e-08,2.50012,2.49988,2.50001,2.49999,2.49999,2.50001,2.49988,2.50012,-0.0001,-0.0750549,-0.0750141
133.0000,2.5794,1.48635,2.17814,7.55851e-09,5,5,7.82861e-08,7.59397e-09,4.95175,2.57783,1.48377,2.17551,4.53427e-05,4.99996,4.99997,7.97282e-05,0.000216014,4.94333,1.66832e-08,1.66832e-08,1.66832e-08,1.66832e-08,1.66832e-08,5,5,5,5,1.66834e-08,1.66834e-08,1.66834e-08,1.67897e-08,1.67899e-08,1.67899e-08,1.67899e-08,1.67889e-08,5,5,5,5,1.68008e-08,1.68008e-08,1.68008e-08,2.50012,2.49988,2.5,2.5,2.5,2.5,2.49988,2.50012,-0.0001,-0.0750689,-0.0750336
133.5000,2.5794,1.48635,2.17814,7.55851e-09,5,5,7.82861e-08,7.59397e-09,4.95175,2.57783,1.48377,2.17551,4.53427e-05,4.99996,4.99997,7.97282e-05,0.000216014,4.94333,1.66832e-08,1.66832e-08,1.66832e-08,1.66832e-08,1.66832e-08,5,5,5,5,1.66834e-08,1.66834e-08,1.66834e-08,1.67897e-08,1.67899e-08,1.67899e-08,1.67899e-08,1.67889e-08,5,5,5,5,1.68008e-08,1.68008e-08,1.68008e-08,2.50012,2.49988,2.5,2.5,2.5,2.5,2.49988,2.50012,-0.0001,-0.0750794,-0.0750461
134.0000,2.5794,1.48635,2.17814,7.55851e-09,5,5,7.82861e-08,7.59397e-09,4.95175,2.57783,1.48377,2.17551,4.53427e-05,4.99996,4.99997,7.97282e-05,0.000216014,4.94333,1.66832e-08,1.66832e-08,1.66832e-08,1.66832e-08,1.66832e-08,5,5,5,5,1.66834e-08,1.66834e-08,1.66834e-08,1.67897e-08,1.67899e-08,1.67899e-08,1.67899e-08,1.67889e-08,5,5,5,5,1.68008e-08,1.68008e-08,1.68008e-08,2.50012,2.49988,2.5,2.5,2.5,2.5,2.49988,2.50012,-0.0001,-0.0751505,-0.0750623
134.5000,2.5794,1.48635,2.17814,7.55851e-09,5,5,7.82861e-08,7.59397e-09,4.95175,2.57783,1.48377,2.17551,4.53427e-05,4.99996,4.99997,7.97282e-05,0.000216014,4.94333,1.66832e-08,1.66832e-08,1.66832e-08,1.66832e-08,1.66832e-08,5,5,5,5,1.66834e-08,1.66834e-08,1.66834e-08,1.67897e-08,1.67899e-08,1.67899e-08,1.67899e-08,1.67889e-08,5,5,5,5,1.68008e-08,1.68008e-08,1.68008e-08,2.50013,2.49987,2.5,2.5,2.5,2.5,2.49987,2.50013,-0.0001,-0.0753525,-0.0751774
135.0000,2.5794,1.48635,2.17814,7.55851e-09,5,5,7.82861e-08,7.59397e-09,4.95175,2.57783,1.48377,2.17551,4.53427e-05,4.99996,4.99997,7.97282e-05,0.000216014,4.94333,1.66832e-08,1.66832e-08,1.66832e-08,1.66832e-08,1.66832e-08,5,5,5,5,1.66834e-08,1.66834e-08,1.66834e-08,1.67897e-08,1.67899e-08,1.67899e-08,1.67899e-08,1.67889e-08,5,5,5,5,1.68008e-08,1.68008e-08,1.68008e-08,2.50013,2.49987,2.5,2.5,2.5,2.5,2.49987,2.50013,-0.0001,-0.0756979,-0.0754183
135.5000,2.5794,1.21974,2.5794,7.55851e-09,5,5,8.10796e-09,7.55851e-09,5,2.57783,1.48377,2.17551,4.53427e-05,4.99996,4.99997,7.97282e-05,0.000216014,4.94333,1.66832e-08,1.66832e-08,1.66832e-08,1.66832e-08,5,5,5,5,0.00269528,1.66834e-08,1.66834e-08,8.93577e-09,1.67898e-08,1.67899e-08,1.67899e-08,1.67899e-08,1.67898e-08,5,5,5,5,1.68008e-08,1.68008e-08,1.68008e-08,2.50013,2.49987,2.5,2.5,2.5,2.5,2.49987,2.50013,-0.0001,-0.0755865,-0.075795
136.0000,2.5794,1.21974,2.5794,7.55851e-09,5,5,8.10796e-09,7.55851e-09,5,2.57783,1.21894,2.57783,4.53427e-05,4.99996,4.99997,0.000161058,4.53427e-05,4.99996,1.66832e-08,1.66832e-08,1.66832e-08,1.66832e-08,5,5,5,5,1.71352e-08,1.66834e-08,1.66834e-08,8.44478e-09,1.679e-08,1.67899e-08,1.67899e-08,1.67901e-08,5,5,5,5,2.29538e-08,1.68008e-08,1.68008e-08,8.63497e-09,2.50012,2.49988,2.5,2.5,2.5,2.5,2.49988,2.50012,-0.0001,-0.0751823,-0.0754156
136.5000,2.5794,1.21974,2.5794,7.55851e-09,5,5,8.10796e-09,7.55851e-09,5,2.57783,1.21894,2.57783,4.53427e-05,4.99996,4.99997,0.000161058,4.53427e-05,4.99996,1.66832e-08,1.66832e-08,1.66832e-08,1.66832e-08,5,5,5,5,1.68846e-08,1.66834e-08,1.66834e-08,8.39713e-09,1.67899e-08,1.67899e-08,1.67899e-08,1.67901e-08,5,5,5,5,1.71174e-08,1.68008e-08,1.68008e-08,8.5254e-09,2.50012,2.49988,2.5,2.5,2.5,2.5,2.49988,2.50012,-0.0001,-0.0748706,-0.0750042
137.0000,2.5794,1.21974,2.5794,7.55851e-09,5,5,8.10796e-09,7.55851e-09,5,2.57783,1.21894,2.57783,4.53427e-05,4.99996,4.99997,0.000161058,4.53427e-05,4.99996,1.66832e-08,1.66832e-08,1.66832e-08,1.66832e-08,5,5,5,5,1.67881e-08,1.66834e-08,1.66834e-08,8.37138e-09,1.67899e-08,1.67899e-08,1.67899e-08,1.67901e-08,5,5,5,5,1.696e-08,1.68008e-08,1.68008e-08,8.48836e-09,2.50012,2.49988,2.5,2.5,2.5,2.5,2.49988,2.50012,-0.0001,-0.0746835,-0.0747255
137.5000,2.5794,1.21974,2.5794,7.55851e-09,5,5,8.10796e-09,7.55851e-09,5,2.57783,1.21894,2.57783,4.53427e-05,4.99996,4.99997,0.000161058,4.53427e-05,4.99996,1.66832e-08,1.66832e-08,1.66832e-08,1.66832e-08,5,5,5,5,1.67372e-08,1.66834e-08,1.66834e-08,8.35708e-09,1.67899e-08,1.67899e-08,1.67899e-08,1.67901e-08,5,5,5,5,1.68768e-08,1.68008e-08,1.68008e-08,8.46548e-09,2.50012,2.49988,2.49999,2.50001,2.50001,2.49999,2.49988,2.50012,-0.0001,-0.0745809,-0.0746039
138.0000,2.5794,1.21974,2.5794,7.55851e-09,5,5,8.10796e-09,7.55851e-09,5,2.57783,1.21894,2.57783,4.53427e-05,4.99996,4.99997,0.000161058,4.53427e-05,4.99996,1.66832e-08,1.66832e-08,1.66832e-08,1.66832e-08,5,5,5,5,1.672e-08,1.66834e-08,1.66834e-08,8.35217e-09,1.67899e-08,1.67899e-08,1.67899e-08,1.67901e-08,5,5,5,5,1.6847e-08,1.68008e-08,1.68007e-08,8.45704e-09,2.50012,2.49988,2.49999,2.50001,2.50001,2.49999,2.49988,2.50012,-0.0001,-0.0744457,-0.0744688
138.5000,2.5794,1.21974,2.5794,7.55851e-09,5,5,8.10796e-09,7.55851e-09,5,2.57783,1.21894,2.57783,4.53427e-05,4.99996,4.99997,0.000161058,4.53427e-05,4.99996,1.66832e-08,1.66832e-08,1.66832e-08,1.66832e-08,5,5,5,5,1.67101e-08,1.66834e-08,1.66834e-08,8.34934e-09,1.67899e-08,1.67899e-08,1.67899e-08,1.67901e-08,5,5,5,5,1.68334e-08,1.68008e-08,1.68007e-08,8.45317e-09,2.50012,2.49988,2.49999,2.50001,2.50001,2.49999,2.49988,2.50012,-0.0001,-0.074348,-0.0743489
139.0000,2.5794,1.21974,2.5794,7.55851e-09,5,5,8.10796e-09,7.55851e-09,5,2.57783,1.21894,2.57783,4.53427e-05,4.99996,4.99997,0.000161058,4.53427e-05,4.99996,1.66832e-08,1.66832e-08,1.66832e-08,1.66832e-08,5,5,5,5,1.67036e-08,1.66834e-08,1.66834e-08,8.3475e-09,1.67899e-08,1.67899e-08,1.67899e-08,1.67901e-08,5,5,5,5,1.6825e-08,1.68008e-08,1.68007e-08,8.45077e-09,2.50012,2.49988,2.49999,2.50001,2.50001,2.49999,2.49988,2.50012,-0.0001,-0.0742811,-0.0742676
139.5000,2.5794,1.21974,2.5794,7.55851e-09,5,5,8.10796e-09,7.55851e-09,5,2.57783,1.21894,2.57783,4.53427e-05,4.99996,4.99997,0.000161058,4.53427e-05,4.99996,1.66832e-08,1.66832e-08,1.66832e-08,1.66832e-08,5,5,5,5,1.66992e-08,1.66834e-08,1.66834e-08,8.34622e-09,1.67899e-08,1.67899e-08,1.67899e-08,1.67901e-08,5,5,5,5,1.68194e-08,1.68008e-08,1.68007e-08,8.44916e-09,2.50012,2.49988,2.49999,2.50001,2.50001,2.49999,2.49988,2.50012,-0.0001,-0.0742336,-0.0742111
140.0000,2.5794,1.21974,2.5794,7.55851e-09,5,5,8.10796e-09,7.55851e-09,5,2.57783,1.21894,2.57783,4.53427e-05,4.99996,4.99997,0.000161058,4.53427e-05,4.99996,1.66832e-08,1.66832e-08,1.66832e-08,1.66832e-08,5,5,5,5,1.66961e-08,1.66835e-08,1.66834e-08,8.34533e-09,1.67899e-08,1.67899e-08,1.67899e-08,1.67901e-08,5,5,5,5,1.68156e-08,1.68008e-08,1.68007e-08,8.44805e-09,2.50012,2.49988,2.49999,2.50001,2.50001,2.49999,2.49988,2.50012,-0.0001,-0.0741995,-0.0741716
140.5000,2.5794,1.21974,2.5794,7.55851e-09,5,5,8.10796e-09,7.55851e-09,5,2.57783,1.21894,2.57783,4.53427e-05,4.99996,4.99997,0.000161058,4.53427e-05,4.99996,1.66832e-08,1.66832e-08,1.66832e-08,1.66832e-08,5,5,5,5,1.66937e-08,1.66835e-08,1.66834e-08,8.34466e-09,1.67899e-08,1.67899e-08,1.67899e-08,1.67901e-08,5,5,5,5,1.68128e-08,1.68008e-08,1.68007e-08,8.44725e-09,2.50012,2.49988,2.49999,2.50001,2.50001,2.49999,2.49988,2.50012,-0.0001,-0.0741739,-0.0741424
141.0000,2.5794,1.21974,2.5794,7.55851e-09,5,5,8.10796e-09,7.55851e-09,5,2.57783,1.21894,2.57783,4.53427e-05,4.99996,4.99997,0.000161058,4.53427e-05,4.99996,1.66832e-08,1.66832e-08,1.66832e-08,1.66832e-08,5,5,5,5,1.6692e-08,1.66835e-08,1.66834e-08,8.34415e-09,1.67899e-08,1.67899e-08,1.67899e-08,1.67901e-08,5,5,5,5,1.68107e-08,1.68009e-08,1.68007e-08,8.44664e-09,2.50012,2.49988,2.49999,2.50001,2.50001,2.49999,2.49988,2.50012,-0.0001,-0.0741542,-0.0741201
141.5000,2.5794,1.21974,2.5794,7.55851e-09,5,5,8.10796e-09,7.55851e-09,5,2.57783,1.21894,2.57783,4.53427e-05,4.99996,4.99997,0.000161058,4.53427e-05,4.99996,1.66832e-08,1.66832e-08,1.66832e-08,1.66832e-08,5,5,5,5,1.66906e-08,1.66835e-08,1.66833e-08,8.34375e-09,1.67899e-08,1.67899e-08,1.67899e-08,1.67901e-08,5,5,5,5,1.6809e-08,1.68009e-08,1.68007e-08,8.44617e-09,2.50012,2.49988,2.49999,2.50001,2.50001,2.49999,2.49988,2.50012,-0.0001,-0.0741387,-0.0741028
142.0000,2.5794,1.21974,2.5794,7.55851e-09,5,5,8.10796e-09,7.55851e-09,5,2.57783,1.21894,2.57783,4.53427e-05,4.99996,4.99997,0.000161058,4.53427e-05,4.99996,1.66832e-08,1.66832e-08,1.66832e-08,1.66832e-08,5,5,5,5,1.66895e-08,1.66835e-08,1.66833e-08,8.34344e-09,1.67899e-08,1.67899e-08,1.67899e-08,1.67901e-08,5,5,5,5,1.68077e-08,1.68009e-08,1.68007e-08,8.4458e-09,2.50012,2.49988,2.49998,2.50002,2.50002,2.49998,2.49988,2.50012,-0.0001,-0.0741263,-0.074089
142.5000,2.5794,1.21974,2.5794,7.55851e-09,5,5,8.10796e-09,7.55851e-09,5,2.57783,1.21894,2.57783,4.53427e-05,4.99996,4.99997,0.000161058,4.53427e-05,4.99996,1.66832e-08,1.66832e-08,1.66832e-08,1.66832e-08,5,5,5,5,1.66886e-08,1.66835e-08,1.66833e-08,8.34318e-09,1.67899e-08,1.67899e-08,1.67899e-08,1.67901e-08,5,5,5,5,1.68067e-08,1.68009e-08,1.68007e-08,8.4455e-09,2.50012,2.49988,2.49998,2.50002,2.50002,2.49998,2.49988,2.50012,-0.0001,-0.0741163,-0.074078
143.0000,2.5794,1.21974,2.5794,7.55851e-09,5,5,8.10796e-09,7.55851e-09,5,2.57783,1.21894,2.57783,4.53427e-05,4.99996,4.99997,0.000161058,4.53427e-05,4.99996,1.66832e-08,1.66832e-08,1.66832e-08,1.66832e-08,5,5,5,5,1.66879e-08,1.66835e-08,1.66833e-08,8.34298e-09,1.67899e-08,1.67899e-08,1.67899e-08,1.67901e-08,5,5,5,5,1.68059e-08,1.68009e-08,1.68007e-08,8.44526e-09,2.50012,2.49988,2.49998,2.50002,2.50002,2.49998,2.49988,2.50012,-0.0001,-0.0741081,-0.0740689
143.5000,2.5794,1.21974,2.5794,7.55851e-09,5,5,8.10796e-09,7.55851e-09,5,2.57783,1.21894,2.57783,4.53427e-05,4.99996,4.99997,0.000161058,4.53427e-05,4.99996,1.66832e-08,1.66832e-08,1.66832e-08,1.66832e-08,5,5,5,5,1.66873e-08,1.66835e-08,1.66833e-08,8.3428e-09,1.67899e-08,1.67899e-08,1.67899e-08,1.67901e-08,5,5,5,5,1.68052e-08,1.68009e-08,1.68007e-08,8.44506e-09,2.50012,2.49988,2.49998,2.50002,2.50002,2.49998,2.49988,2.50012,-0.0001,-0.0741013,-0.0740615
144.0000,2.5794,1.21974,2.5794,7.55851e-09,5,5,8.10796e-09,7.55851e-09,5,2.57783,1.21894,2.57783,4.53427e-05,4.99996,4.99997,0.000161058,4.53427e-05,4.99996,1.66832e-08,1.66832e-08,1.66832e-08,1.66832e-08,5,5,5,5,1.66868e-08,1.66835e-08,1.66833e-08,8.34265e-09,1.67899e-08,1.67899e-08,1.67899e-08,1.67901e-08,5,5,5,5,1.68046e-08,1.68009e-08,1.68007e-08,8.44489e-09,2.50012,2.49988,2.49998,2.50002,2.50002,2.49998,2.49988,2.50012,-0.0001,-0.0740956,-0.0740554
144.5000,2.5794,1.21974,2.5794,7.55851e-09,5,5,8.10796e-09,7.55851e-09,5,2.57783,1.21894,2.57783,4.53427e-05,4.99996,4.99997,0.000161058,4.53427e-05,4.99996,1.66832e-08,1.66832e-08,1.66832e-08,1.66832e-08,5,5,5,5,1.66864e-08,1.66835e-08,1.66833e-08,8.34252e-09,1.67899e-08,1.67899e-08,1.67899e-08,1.67901e-08,5,5,5,5,1.68041e-08,1.68009e-08,1.68007e-08,8.44476e-09,2.50012,2.49988,2.49998,2.50002,2.50002,2.49998,2.49988,2.50012,-0.0001,-0.0740909,-0.0740502
145.0000,2.5794,1.21974,2.5794,7.55851e-09,5,5,8.10796e-09,7.55851e-09,5,2.57783,1.21894,2.57783,4.53427e-05,4.99996,4.99997,0.000161058,4.53427e-05,4.99996,1.66832e-08,1.66832e-08,1.66832e-08,1.66832e-08,5,5,5,5,1.6686e-08,1.66835e-08,1.66833e-08,8.34244e-09,1.67899e-08,1.67899e-08,1.67899e-08,1.67901e-08,5,5,5,5,1.68037e-08,1.68009e-08,1.68007e-08,8.44464e-09,2.50012,2.49988,2.49998,2.50002,2.50002,2.49998,2.49988,2.50012,-0.0001,-0.074087,-0.0740459
145.5000,2.5794,1.21974,2.5794,7.55851e-09,5,5,8.10796e-09,7.55851e-09,5,2.57783,1.21894,2.57783,4.53427e-05,4.99996,4.99997,0.000161058,4.53427e-05,4.99996,1.66832e-08,1.66832e-08,1.66832e-08,1.66832e-08,5,5,5,5,1.66857e-08,1.66836e-08,1.66833e-08,8.34235e-09,1.67899e-08,1.67899e-08,1.67899e-08,1.67901e-08,5,5,5,5,1.68034e-08,1.6801e-08,1.68007e-08,8.44454e-09,2.50012,2.49988,2.49998,2.50002,2.50002,2.49998,2.49988,2.50012,-0.0001,-0.0740836,-0.0740423
146.0000,2.5794,1.21974,2.5794,7.55851e-09,5,5,8.10796e-09,7.55851e-09,5,2.57783,1.21894,2.57783,4.53427e-05,4.99996,4.99997,0.000161058,4.53427e-05,4.99996,1.66832e-08,1.66832e-08,1.66832e-08,1.66832e-08,5,5,5,5,1.66854e-08,1.66836e-08,1.66833e-08,8.34226e-09,1.67899e-08,1.67899e-08,1.67899e-08,1.67901e-08,5,5,5,5,1.68031e-08,1.6801e-08,1.68007e-08,8.44445e-09,2.50012,2.49988,2.49998,2.50002,2.50002,2.49998,2.49988,2.50012,-0.0001,-0.0740808,-0.0740392
146.5000,2.5794,1.21974,2.5794,7.55851e-09,5,5,8.10796e-09,7.55851e-09,5,2.57783,1.21894,2.57783,4.53427e-05,4.99996,4.99997,0.000161058,4.53427e-05,4.99996,1.66832e-08,1.66832e-08,1.66832e-08,1.66832e-08,5,5,5,5,1.66852e-08,1.66836e-08,1.66833e-08,8.3422e-09,1.67899e-08,1.67899e-08,1.67899e-08,1.67901e-08,5,5,5,5,1.68028e-08,1.6801e-08,1.68007e-08,8.44437e-09,2.50012,2.49988,2.49998,2.50002,2.50002,2.49998,2.49988,2.50012,-0.0001,-0.0740784,-0.0740366
147.0000,2.5794,1.21974,2.5794,7.55851e-09,5,5,8.10796e-09,7.55851e-09,5,2.57783,1.21894,2.57783,4.53427e-05,4.99996,4.99997,0.000161058,4.53427e-05,4.99996,1.66832e-08,1.66832e-08,1.66832e-08,1.66832e-08,5,5,5,5,1.6685e-08,1.66836e-08,1.66833e-08,8.34214e-09,1.67899e-08,1.67899e-08,1.67899e-08,1.67901e-08,5,5,5,5,1.68026e-08,1.6801e-08,1.68007e-08,8.44431e-09,2.50012,2.49988,2.49997,2.50003,2.50003,2.49997,2.49988,2.50012,-0.0001,-0.0740763,-0.0740344
147.5000,2.5794,1.21974,2.5794,7.55851e-09,5,5,8.10796e-09,7.55851e-09,5,2.57783,1.21894,2.57783,4.53427e-05,4.99996,4.99997,0.000161058,4.53427e-05,4.99996,1.66832e-08,1.66832e-08,1.66832e-08,1.66832e-08,5,5,5,5,1.66848e-08,1.66836e-08,1.66833e-08,8.34209e-09,1.67899e-08,1.67899e-08,1.67899e-08,1.67901e-08,5,5,5,5,1.68024e-08,1.6801e-08,1.68007e-08,8.44425e-09,2.50012,2.49988,2.49997,2.50003,2.50003,2.49997,2.49988,2.50012,-0.0001,-0.0740746,-0.0740325
148.0000,2.5794,1.21974,2.5794,7.55851e-09,5,5,8.10796e-09,7.55851e-09,5,2.57783,1.21894,2.57783,4.53427e-05,4.99996,4.99997,0.000161058,4.53427e-05,4.99996,1.66832e-08,1.66832e-08,1.66832e-08,1.66832e-08,5,5,5,5,1.66847e-08,1.66836e-08,1.66833e-08,8.34205e-09,1.67899e-08,1.67899e-08,1.67899e-08,1.67901e-08,5,5,5,5,1.68022e-08,1.6801e-08,1.68007e-08,8.4442e-09,2.50012,2.49988,2.49997,2.50003,2.50003,2.49997,2.49988,2.50012,-0.0001,-0.0740732,-0.0740309
148.5000,2.5794,1.21974,2.5794,7.55851e-09,5,5,8.10796e-09,7.55851e-09,5,2.57783,1.21894,2.57783,4.53427e-05,4.99996,4.99997,0.000161058,4.53427e-05,4.99996,1.66832e-08,1.66832e-08,1.66832e-08,1.66832e-08,5,5,5,5,1.66845e-08,1.66836e-08,1.66833e-08,8.342e-09,1.67899e-08,1.67899e-08,1.67899e-08,1.67901e-08,5,5,5,5,1.68021e-08,1.6801e-08,1.68007e-08,8.44416e-09,2.50012,2.49988,2.49997,2.50003,2.50003,2.49997,2.49988,2.50012,-0.0001,-0.0740719,-0.0740296
149.0000,2.5794,1.21974,2.5794,7.55851e-09,5,5,8.10796e-09,7.55851e-09,5,2.57783,1.21894,2.57783,4.53427e-05,4.99996,4.99997,0.000161058,4.53427e-05,4.99996,1.66832e-08,1.66832e-08,1.66832e-08,1.66832e-08,5,5,5,5,1.66844e-08,1.66837e-08,1.66833e-08,8.34198e-09,1.67899e-08,1.67899e-08,1.67899e-08,1.67901e-08,5,5,5,5,1.68019e-08,1.68011e-08,1.68007e-08,8.44412e-09,2.50012,2.49988,2.49997,2.50003,2.50003,2.49997,2.49988,2.50012,-0.0001,-0.0740709,-0.0740285
149.5000,2.5794,1.21974,2.5794,7.55851e-09,5,5,8.10796e-09,7.55851e-09,5,2.57783,1.21894,2.57783,4.53427e-05,4.99996,4.99997,0.000161058,4.53427e-05,4.99996,1.66832e-08,1.66832e-08,1.66832e-08,1.66832e-08,5,5,5,5,1.66843e-08,1.66837e-08,1.66833e-08,8.34194e-09,1.67899e-08,1.67899e-08,1.67899e-08,1.67901e-08,5,5,5,5,1.68018e-08,1.68011e-08,1.68007e-08,8.44409e-09,2.50012,2.49988,2.49997,2.50003,2.50003,2.49997,2.49988,2.50012,-0.0001,-0.0740701,-0.0740275
150.0000,2.5794,1.21974,2.5794,7.55851e-09,5,5,8.10796e-09,7.55851e-09,5,2.57783,1.21894,2.57783,4.53427e-05,4.99996,4.99997,0.000161058,4.53427e-05,4.99996,1.66832e-08,1.66832e-08,1.66832e-08,1.66832e-08,5,5,5,5,1.66842e-08,1.66837e-08,1.66833e-08,8.34192e-09,1.67899e-08,1.67899e-08,1.67899e-08,1.67901e-08,5,5,5,5,1.68017e-08,1.68011e-08,1.68007e-08,8.44406e-09,2.50012,2.49988,2.49997,2.50003,2.50003,2.49997,2.49988,2.50012,-0.0001,-0.0740694,-0.0740268
150.5000,2.5794,1.21974,2.5794,7.55851e-09,5,5,8.10796e-09,7.55851e-09,5,2.57783,1.21894,2.57783,4.53427e-05,4.99996,4.99997,0.000161058,4.53427e-05,4.99996,1.66832e-08,1.66832e-08,1.66832e-08,1.66832e-08,5,5,5,5,1.66842e-08,1.66837e-08,1.66833e-08,8.34189e-09,1.67899e-08,1.67899e-08,1.67899e-08,1.67901e-08,5,5,5,5,1.68016e-08,1.68011e-08,1.68007e-08,8.44403e-09,2.50012,2.49988,2.49997,2.50003,2.50003,2.49997,2.49988,2.50012,-0.0001,-0.0740689,-0.0740262
151.0000,2.5794,1.21974,2.5794,7.55851e-09,5,5,8.10796e-09,7.55851e-09,5,2.57783,1.21894,2.57783,4.53427e-05,4.99996,4.99997,0.000161058,4.53427e-05,4.99996,1.66832e-08,1.66832e-08,1.66832e-08,1.66832e-08,5,5,5,5,1.66841e-08,1.66837e-08,1.66833e-08,8.34188e-09,1.67899e-08,1.67899e-08,1.67899e-08,1.67901e-08,5,5,5,5,1.68015e-08,1.68012e-08,1.68007e-08,8.444e-09,2.50012,2.49988,2.49997,2.50003,2.50003,2.49997,2.49988,2.50012,-0.0001,-0.0740685,-0.0740257
151.5000,2.5794,1.21974,2.5794,7.55851e-09,5,5,8.10796e-09,7.55851e-09,5,2.57783,1.21894,2.57783,4.53427e-05,4.99996,4.99997,0.000161058,4.53427e-05,4.99996,1.66832e-08,1.66832e-08,1.66832e-08,1.66832e-08,5,5,5,5,1.6684e-08,1.66838e-08,1.66833e-08,8.34184e-09,1.67899e-08,1.67899e-08,1.67899e-08,1.67901e-08,5,5,5,5,1.68015e-08,1.68012e-08,1.68007e-08,8.44398e-09,2.50012,2.49988,2.49996,2.50004,2.50004,2.49996,2.49988,2.50012,-0.0001,-0.0740682,-0.0740254
152.0000,2.5794,1.21974,2.5794,7.55851e-09,5,5,8.10796e-09,7.55851e-09,5,2.57783,1.21894,2.57783,4.53427e-05,4.99996,4.99997,0.000161058,4.53427e-05,4.99996,1.66832e-08,1.66832e-08,1.66832e-08,1.66832e-08,5,5,5,5,1.6684e-08,1.66838e-08,1.66833e-08,8.34183e-09,1.67899e-08,1.67899e-08,1.67899e-08,1.67901e-08,5,5,5,5,1.68014e-08,1.68012e-08,1.68007e-08,8.44397e-09,2.50012,2.49988,2.49996,2.50004,2.50004,2.49996,2.49988,2.50012,-0.0001,-0.074068,-0.0740251
152.5000,2.5794,1.21974,2.5794,7.55851e-09,5,5,8.10796e-09,7.55851e-09,5,2.57783,1.21894,2.57783,4.53427e-05,4.99996,4.99997,0.000161058,4.53427e-05,4.99996,1.66832e-08,1.66832e-08,1.66832e-08,1.66832e-08,5,5,5,5,1.66839e-08,1.66838e-08,1.66833e-08,8.34182e-09,1.67899e-08,1.67899e-08,1.67899e-08,1.67901e-08,5,5,5,5,1.68013e-08,1.68012e-08,1.68007e-08,8.44395e-09,2.50012,2.49988,2.49996,2.50004,2.50004,2.49996,2.49988,2.50012,-0.0001,-0.0740679,-0.074025
153.0000,2.5794,1.21974,2.5794,7.55851e-09,5,5,8.10796e-09,7.55851e-09,5,2.57783,1.21894,2.57783,4.53427e-05,4.99996,4.99997,0.000161058,4.53427e-05,4.99996,1.66832e-08,1.66832e-08,1.66832e-08,1.66832e-08,5,5,5,5,1.66838e-08,1.66838e-08,1.66833e-08,8.34181e-09,1.67899e-08,1.67899e-08,1.67899e-08,1.67901e-08,5,5,5,5,1.68013e-08,1.68013e-08,1.68007e-08,8.44393e-09,2.50012,2.49988,2.49996,2.50004,2.50004,2.49996,2.49988,2.50012,-0.0001,-0.074068,-0.074025
153.5000,2.5794,1.21974,2.5794,7.55851e-09,5,5,8.10796e-09,7.55851e-09,5,2.57783,1.21894,2.57783,4.53427e-05,4.99996,4.99997,0.000161058,4.53427e-05,4.99996,1.66832e-08,1.66832e-08,1.66832e-08,1.66832e-08,5,5,5,5,1.66838e-08,1.66839e-08,1.66833e-08,8.34179e-09,1.67899e-08,1.67899e-08,1.67899e-08,1.67901e-08,5,5,5,5,1.68012e-08,1.68013e-08,1.68007e-08,8.44392e-09,2.50012,2.49988,2.49996,2.50004,2.50004,2.49996,2.49988,2.50012,-0.0001,-0.0740681,-0.074025
154.0000,2.5794,1.21974,2.5794,7.55851e-09,5,5,8.10796e-09,7.55851e-09,5,2.57783,1.21894,2.57783,4.53427e-05,4.99996,4.99997,0.000161058,4.53427e-05,4.99996,1.66832e-08,1.66832e-08,1.66832e-08,1.66832e-08,5,5,5,5,1.66838e-08,1.66839e-08,1.66833e-08,8.34178e-09,1.67899e-08,1.67899e-08,1.67899e-08,1.67901e-08,5,5,5,5,1.68012e-08,1.68013e-08,1.68007e-08,8.4439e-09,2.50012,2.49988,2.49996,2.50004,2.50004,2.49996,2.49988,2.50012,-0.0001,-0.0740682,-0.0740252
154.5000,2.5794,1.21974,2.5794,7.55851e-09,5,5,8.10796e-09,7.55851e-09,5,2.57783,1.21894,2.57783,4.53427e-05,4.99996,4.99997,0.000161058,4.53427e-05,4.99996,1.66832e-08,1.66832e-08,1.66832e-08,1.66832e-08,5,5,5,5,1.66837e-08,1.66839e-08,1.66833e-08,8.34177e-09,1.67899e-08,1.67899e-08,1.67899e-08,1.67901e-08,5,5,5,5,1.68011e-08,1.68014e-08,1.68007e-08,8.44389e-09,2.50012,2.49988,2.49996,2.50004,2.50004,2.49996,2.49988,2.50012,-0.0001,-0.0740685,-0.0740254
155.0000,2.5794,1.21974,2.5794,7.55851e-09,5,5,8.10796e-09,7.55851e-09,5,2.57783,1.21894,2.57783,4.53427e-05,4.99996,4.99997,0.000161058,4.53427e-05,4.99996,1.66832e-08,1.66832e-08,1.66832e-08,1.66832e-08,5,5,5,5,1.66837e-08,1.6684e-08,1.66833e-08,8.34176e-09,1.67899e-08,1.67899e-08,1.67899e-08,1.67901e-08,5,5,5,5,1.68011e-08,1.68014e-08,1.68007e-08,8.44388e-09,2.50012,2.49988,2.49996,2.50004,2.50004,2.49996,2.49988,2.50012,-0.0001,-0.0740688,-0.0740257
155.5000,2.5794,1.21974,2.5794,7.55851e-09,5,5,8.10796e-09,7.55851e-09,5,2.57783,1.21894,2.57783,4.53427e-05,4.99996,4.99997,0.000161058,4.53427e-05,4.99996,1.66832e-08,1.66832e-08,1.66832e-08,1.66832e-08,5,5,5,5,1.66837e-08,1.6684e-08,1.66833e-08,8.34176e-09,1.67899e-08,1.67899e-08,1.67899e-08,1.67901e-08,5,5,5,5,1.68011e-08,1.68015e-08,1.68007e-08,8.44387e-09,2.50012,2.49988,2.49996,2.50004,2.50004,2.49996,2.49988,2.50012,-0.0001,-0.0740692,-0.0740261
156.0000,2.5794,1.21974,2.5794,7.55851e-09,5,5,8.10796e-09,7.55851e-09,5,2.57783,1.21894,2.57783,4.53427e-05,4.99996,4.99997,0.000161058,4.53427e-05,4.99996,1.66832e-08,1.66832e-08,1.66832e-08,1.66832e-08,5,5,5,5,1.66836e-08,1.66841e-08,1.66833e-08,8.34174e-09,1.67899e-08,1.67899e-08,1.67899e-08,1.67901e-08,5,5,5,5,1.6801e-08,1.68015e-08,1.68007e-08,8.44386e-09,2.50012,2.49988,2.49996,2.50004,2.50004,2.49996,2.49988,2.50012,-0.0001,-0.0740697,-0.0740265
156.5000,2.5794,1.21974,2.5794,7.55851e-09,5,5,8.10796e-09,7.55851e-09,5,2.57783,1.21894,2.57783,4.53427e-05,4.99996,4.99997,0.000161058,4.53427e-05,4.99996,1.66832e-08,1.66832e-08,1.66832e-08,1.66832e-08,5,5,5,5,1.66836e-08,1.66841e-08,1.66833e-08,8.34174e-09,1.67899e-08,1.67899e-08,1.67899e-08,1.67901e-08,5,5,5,5,1.6801e-08,1.68016e-08,1.68007e-08,8.44385e-09,2.50012,2.49988,2.49995,2.50005,2.50005,2.49995,2.49988,2.50012,-0.0001,-0.0740703,-0.0740271
157.0000,2.5794,1.21974,2.5794,7.55851e-09,5,5,8.10796e-09,7.55851e-09,5,2.57783,1.21894,2.57783,4.53427e-05,4.99996,4.99997,0.000161058,4.53427e-05,4.99996,1.66832e-08,1.66832e-08,1.66832e-08,1.66832e-08,5,5,5,5,1.66836e-08,1.66842e-08,1.66833e-08,8.34172e-09,1.67899e-08,1.67899e-08,1.67899e-08,1.67901e-08,5,5,5,5,1.6801e-08,1.68016e-08,1.68007e-08,8.44385e-09,2.50012,2.49988,2.49995,2.50005,2.50005,2.49995,2.49988,2.50012,-0.0001,-0.0740709,-0.0740277
157.5000,2.5794,1.21974,2.5794,7.55851e-09,5,5,8.10796e-09,7.55851e-09,5,2.57783,1.21894,2.57783,4.53427e-05,4.99996,4.99997,0.000161058,4.53427e-05,4.99996,1.66832e-08,1.66832e-08,1.66832e-08,1.66832e-08,5,5,5,5,1.66836e-08,1.66842e-08,1.66833e-08,8.34173e-09,1.67899e-08,1.67899e-08,1.67899e-08,1.67901e-08,5,5,5,5,1.6801e-08,1.68017e-08,1.68007e-08,8.44384e-09,2.50012,2.49988,2.49995,2.50005,2.50005,2.49995,2.49988,2.50012,-0.0001,-0.0740716,-0.0740284
158.0000,2.5794,1.21974,2.5794,7.55851e-09,5,5,8.10796e-09,7.55851e-09,5,2.57783,1.21894,2.57783,4.53427e-05,4.99996,4.99997,0.000161058,4.53427e-05,4.99996,1.66832e-08,1.66832e-08,1.66832e-08,1.66832e-08,5,5,5,5,1.66835e-08,1.66843e-08,1.66833e-08,8.34171e-09,1.67899e-08,1.67899e-08,1.67899e-08,1.67901e-08,5,5,5,5,1.68009e-08,1.68018e-08,1.68007e-08,8.44383e-09,2.50012,2.49988,2.49995,2.50005,2.50005,2.49995,2.49988,2.50012,-0.0001,-0.0740724,-0.0740291
158.5000,2.5794,1.21974,2.5794,7.55851e-09,5,5,8.10796e-09,7.55851e-09,5,2.57783,1.21894,2.57783,4.53427e-05,4.99996,4.99997,0.000161058,4.53427e-05,4.99996,1.66832e-08,1.66832e-08,1.66832e-08,1.66832e-08,5,5,5,5,1.66835e-08,1.66843e-08,1.66833e-08,8.34171e-09,1.67899e-08,1.67899e-08,1.67899e-08,1.67901e-08,5,5,5,5,1.68009e-08,1.68018e-08,1.68007e-08,8.44383e-09,2.50011,2.49989,2.49995,2.50005,2.50005,2.49995,2.49989,2.50011,-0.0001,-0.0740733,-0.07403
159.0000,2.5794,1.21974,2.5794,7.55851e-09,5,5,8.10796e-09,7.55851e-09,5,2.57783,1.21894,2.57783,4.53427e-05,4.99996,4.99997,0.000161058,4.53427e-05,4.99996,1.66832e-08,1.66832e-08,1.66832e-08,1.66832e-08,5,5,5,5,1.66835e-08,1.66844e-08,1.66833e-08,8.3417e-09,1.67899e-08,1.67899e-08,1.67899e-08,1.67901e-08,5,5,5,5,1.68009e-08,1.68019e-08,1.68007e-08,8.44382e-09,2.50011,2.49989,2.49995,2.50005,2.50005,2.49995,2.49989,2.50011,-0.0001,-0.0740742,-0.0740309
159.5000,2.5794,1.21974,2.5794,7.55851e-09,5,5,8.10796e-09,7.55851e-09,5,2.57783,1.21894,2.57783,4.53427e-05,4.99996,4.99997,0.000161058,4.53427e-05,4.99996,1.66832e-08,1.66832e-08,1.66832e-08,1.66832e-08,5,5,5,5,1.66835e-08,1.66845e-08,1.66833e-08,8.3417e-09,1.67899e-08,1.67899e-08,1.67899e-08,1.67901e-08,5,5,5,5,1.68009e-08,1.6802e-08,1.68007e-08,8.44381e-09,2.50011,2.49989,2.49995,2.50005,2.50005,2.49995,2.49989,2.50011,-0.0001,-0.0740753,-0.0740319
160.0000,2.5794,1.21974,2.5794,7.55851e-09,5,5,8.10796e-09,7.55851e-09,5,2.57783,1.21894,2.57783,4.53427e-05,4.99996,4.99997,0.000161058,4.53427e-05,4.99996,1.66832e-08,1.66832e-08,1.66832e-08,1.66832e-08,5,5,5,5,1.66835e-08,1.66845e-08,1.66833e-08,8.34169e-09,1.67899e-08,1.67899e-08,1.67899e-08,1.67901e-08,5,5,5,5,1.68009e-08,1.68021e-08,1.68007e-08,8.44381e-09,2.50011,2.49989,2.49995,2.50005,2.50005,2.49995,2.49989,2.50011,-0.0001,-0.0740764,-0.074033
160.5000,2.5794,1.21974,2.5794,7.55851e-09,5,5,8.10796e-09,7.55851e-09,5,2.57783,1.21894,2.57783,4.53427e-05,4.99996,4.99997,0.000161058,4.53427e-05,4.99996,1.66832e-08,1.66832e-08,1.66832e-08,1.66832e-08,5,5,5,5,1.66835e-08,1.66846e-08,1.66833e-08,8.34169e-09,1.67899e-08,1.67899e-08,1.67899e-08,1.67901e-08,5,5,5,5,1.68009e-08,1.68022e-08,1.68007e-08,8.44381e-09,2.50011,2.49989,2.49995,2.50005,2.50005,2.49995,2.49989,2.50011,-0.0001,-0.0740777,-0.0740343
161.0000,2.5794,1.21974,2.5794,7.55851e-09,5,5,8.10796e-09,7.55851e-09,5,2.57783,1.21894,2.57783,4.53427e-05,4.99996,4.99997,0.000161058,4.53427e-05,4.99996,1.66832e-08,1.66832e-08,1.66832e-08,1.66832e-08,5,5,5,5,1.66835e-08,1.66847e-08,1.66833e-08,8.34169e-09,1.67899e-08,1.67899e-08,1.67899e-08,1.67901e-08,5,5,5,5,1.68008e-08,1.68023e-08,1.68007e-08,8.4438e-09,2.50011,2.49989,2.49995,2.50005,2.50005,2.49995,2.49989,2.50011,-0.0001,-0.0740791,-0.0740356
161.5000,2.5794,1.21974,2.5794,7.55851e-09,5,5,8.10796e-09,7.55851e-09,5,2.57783,1.21894,2.57783,4.53427e-05,4.99996,4.99997,0.000161058,4.53427e-05,4.99996,1.66832e-08,1.66832e-08,1.66832e-08,1.66832e-08,5,5,5,5,1.66834e-08,1.66848e-08,1.66833e-08,8.34169e-09,1.67899e-08,1.67899e-08,1.67899e-08,1.67901e-08,5,5,5,5,1.68008e-08,1.68024e-08,1.68007e-08,8.4438e-09,2.50011,2.49989,2.49994,2.50006,2.50006,2.49994,2.49989,2.50011,-0.0001,-0.0740806,-0.0740371
162.0000,2.5794,1.21974,2.5794,7.55851e-09,5,5,8.10796e-09,7.55851e-09,5,2.57783,1.21894,2.57783,4.53427e-05,4.99996,4.99997,0.000161058,4.53427e-05,4.99996,1.66832e-08,1.66832e-08,1.66832e-08,1.66832e-08,5,5,5,5,1.66834e-08,1.66849e-08,1.66833e-08,8.34168e-09,1.67899e-08,1.67899e-08,1.67899e-08,1.67901e-08,5,5,5,5,1.68008e-08,1.68025e-08,1.68007e-08,8.44379e-09,2.50011,2.49989,2.49994,2.50006,2.50006,2.49994,2.49989,2.50011,-0.0001,-0.0740823,-0.0740388
162.5000,2.5794,1.21974,2.5794,7.55851e-09,5,5,8.10796e-09,7.55851e-09,5,2.57783,1.21894,2.57783,4.53427e-05,4.99996,4.99997,0.000161058,4.53427e-05,4.99996,1.66832e-08,1.66832e-08,1.66832e-08,1.66832e-08,5,5,5,5,1.66834e-08,1.66851e-08,1.66833e-08,8.34168e-09,1.67899e-08,1.67899e-08,1.67899e-08,1.67901e-08,5,5,5,5,1.68008e-08,1.68027e-08,1.68007e-08,8.44379e-09,2.50011,2.49989,2.49994,2.50006,2.50006,2.49994,2.49989,2.50011,-0.0001,-0.0740841,-0.0740406
163.0000,2.5794,1.21974,2.5794,7.55851e-09,5,5,8.10796e-09,7.55851e-09,5,2.57783,1.21894,2.57783,4.53427e-05,4.99996,4.99997,0.000161058,4.53427e-05,4.99996,1.66832e-08,1.66832e-08,1.66832e-08,1.66832e-08,5,5,5,5,1.66834e-08,1.66852e-08,1.66833e-08,8.34167e-09,1.67899e-08,1.67899e-08,1.67899e-08,1.67901e-08,5,5,5,5,1.68008e-08,1.68028e-08,1.68007e-08,8.44379e-09,2.50011,2.49989,2.49994,2.50006,2.50006,2.49994,2.49989,2.50011,-0.0001,-0.0740862,-0.0740425
163.5000,2.5794,1.21974,2.5794,7.55851e-09,5,5,8.10796e-09,7.55851e-09,5,2.57783,1.21894,2.57783,4.53427e-05,4.99996,4.99997,0.000161058,4.53427e-05,4.99996,1.66832e-08,1.66832e-08,1.66832e-08,1.66832e-08,5,5,5,5,1.66834e-08,1.66853e-08,1.66833e-08,8.34167e-09,1.67899e-08,1.67899e-08,1.67899e-08,1.67901e-08,5,5,5,5,1.68008e-08,1.6803e-08,1.68007e-08,8.44378e-09,2.50011,2.49989,2.49994,2.50006,2.50006,2.49994,2.49989,2.50011,-0.0001,-0.0740885,-0.0740448
164.0000,2.5794,1.21974,2.5794,7.55851e-09,5,5,8.10796e-09,7.55851e-09,5,2.57783,1.21894,2.57783,4.53427e-05,4.99996,4.99997,0.000161058,4.53427e-05,4.99996,1.66832e-08,1.66832e-08,1.66832e-08,1.66832e-08,5,5,5,5,1.66834e-08,1.66855e-08,1.66833e-08,8.34167e-09,1.67899e-08,1.67899e-08,1.67899e-08,1.67901e-08,5,5,5,5,1.68008e-08,1.68032e-08,1.68007e-08,8.44378e-09,2.50011,2.49989,2.49994,2.50006,2.50006,2.49994,2.49989,2.50011,-0.0001,-0.074091,-0.0740472
164.5000,2.5794,1.21974,2.5794,7.55851e-09,5,5,8.10796e-09,7.55851e-09,5,2.57783,1.21894,2.57783,4.53427e-05,4.99996,4.99997,0.000161058,4.53427e-05,4.99996,1.66832e-08,1.66832e-08,1.66832e-08,1.66832e-08,5,5,5,5,1.66834e-08,1.66857e-08,1.66833e-08,8.34167e-09,1.67899e-08,1.67899e-08,1.67899e-08,1.67901e-08,5,5,5,5,1.68008e-08,1.68034e-08,1.68007e-08,8.44378e-09,2.50011,2.49989,2.49994,2.50006,2.50006,2.49994,2.49989,2.50011,-0.0001,-0.0740939,-0.07405
165.0000,2.5794,1.21974,2.5794,7.55851e-09,5,5,8.10796e-09,7.55851e-09,5,2.57783,1.21894,2.57783,4.53427e-05,4.99996,4.99997,0.000161058,4.53427e-05,4.99996,1.66832e-08,1.66832e-08,1.66832e-08,1.66832e-08,5,5,5,5,1.66834e-08,1.66859e-08,1.66833e-08,8.34166e-09,1.67899e-08,1.67899e-08,1.67899e-08,1.67901e-08,5,5,5,5,1.68008e-08,1.68036e-08,1.68007e-08,8.44378e-09,2.50011,2.49989,2.49994,2.50006,2.50006,2.49994,2.49989,2.50011,-0.0001,-0.0740972,-0.0740531
165.5000,2.5794,1.21974,2.5794,7.55851e-09,5,5,8.10796e-09,7.55851e-09,5,2.57783,1.21894,2.57783,4.53427e-05,4.99996,4.99997,0.000161058,4.53427e-05,4.99996,1.66832e-08,1.66832e-08,1.66832e-08,1.66832e-08,5,5,5,5,1.66834e-08,1.66861e-08,1.66833e-08,8.34166e-09,1.67899e-08,1.67899e-08,1.67899e-08,1.67901e-08,5,5,5,5,1.68008e-08,1.68038e-08,1.68007e-08,8.44377e-09,2.50011,2.49989,2.49994,2.50006,2.50006,2.49994,2.49989,2.50011,-0.0001,-0.074101,-0.0740567
166.0000,2.5794,1.21974,2.5794,7.55851e-09,5,5,8.10796e-09,7.55851e-09,5,2.57783,1.21894,2.57783,4.53427e-05,4.99996,4.99997,0.000161058,4.53427e-05,4.99996,1.66832e-08,1.66832e-08,1.66832e-08,1.66832e-08,5,5,5,5,1.66834e-08,1.66864e-08,1.66833e-08,8.34166e-09,1.67899e-08,1.67899e-08,1.67899e-08,1.67901e-08,5,5,5,5,1.68007e-08,1.68041e-08,1.68007e-08,8.44377e-09,2.50011,2.49989,2.49994,2.50006,2.50006,2.49994,2.49989,2.50011,-0.0001,-0.0741053,-0.0740608
166.5000,2.5794,1.21974,2.5794,7.55851e-09,5,5,8.10796e-09,7.55851e-09,5,2.57783,1.21894,2.57783,4.53427e-05,4.99996,4.99997,0.000161058,4.53427e-05,4.99996,1.66832e-08,1.66832e-08,1.66832e-08,1.66832e-08,5,5,5,5,1.66834e-08,1.66866e-08,1.66833e-08,8.34167e-09,1.67899e-08,1.67899e-08,1.67899e-08,1.67901e-08,5,5,5,5,1.68007e-08,1.68045e-08,1.68007e-08,8.44377e-09,2.50011,2.49989,2.49993,2.50007,2.50007,2.49993,2.49989,2.50011,-0.0001,-0.0741104,-0.0740654
167.0000,2.5794,1.21974,2.5794,7.55851e-09,5,5,8.10796e-09,7.55851e-09,5,2.57783,1.21894,2.57783,4.53427e-05,4.99996,4.99997,0.000161058,4.53427e-05,4.99996,1.66832e-08,1.66832e-08,1.66832e-08,1.66832e-08,5,5,5,5,1.66834e-08,1.66869e-08,1.66833e-08,8.34165e-09,1.67899e-08,1.67899e-08,1.67899e-08,1.67901e-08,5,5,5,5,1.68007e-08,1.68048e-08,1.68007e-08,8.44377e-09,2.50011,2.49989,2.49993,2.50007,2.50007,2.49993,2.49989,2.50011,-0.0001,-0.0741163,-0.0740709
167.5000,2.5794,1.21974,2.5794,7.55851e-09,5,5,8.10796e-09,7.55851e-09,5,2.57783,1.21894,2.57783,4.53427e-05,4.99996,4.99997,0.000161058,4.53427e-05,4.99996,1.66832e-08,1.66832e-08,1.66832e-08,1.66832e-08,5,5,5,5,1.66834e-08,1.66873e-08,1.66833e-08,8.34166e-09,1.67899e-08,1.67899e-08,1.67899e-08,1.67901e-08,5,5,5,5,1.68007e-08,1.68052e-08,1.68007e-08,8.44377e-09,2.50011,2.49989,2.49993,2.50007,2.50007,2.49993,2.49989,2.50011,-0.0001,-0.0741233,-0.0740773
168.0000,2.5794,1.21974,2.5794,7.55851e-09,5,5,8.10796e-09,7.55851e-09,5,2.57783,1.21894,2.57783,4.53427e-05,4.99996,4.99997,0.000161058,4.53427e-05,4.99996,1.66832e-08,1.66832e-08,1.66832e-08,1.66832e-08,5,5,5,5,1.66833e-08,1.66877e-08,1.66833e-08,8.34165e-09,1.67899e-08,1.67899e-08,1.67899e-08,1.67901e-08,5,5,5,5,1.68007e-08,1.68057e-08,1.68007e-08,8.44376e-09,2.5001,2.4999,2.49993,2.50007,2.50007,2.49993,2.4999,2.5001,-0.0001,-0.0741317,-0.0740848
168.5000,2.5794,1.21974,2.5794,7.55851e-09,5,5,8.10796e-09,7.55851e-09,5,2.57783,1.21894,2.57783,4.53427e-05,4.99996,4.99997,0.000161058,4.53427e-05,4.99996,1.66832e-08,1.66832e-08,1.66832e-08,1.66832e-08,5,5,5,5,1.66833e-08,1.66881e-08,1.66833e-08,8.34166e-09,1.67899e-08,1.67899e-08,1.67899e-08,1.67901e-08,5,5,5,5,1.68007e-08,1.68062e-08,1.68007e-08,8.44377e-09,2.5001,2.4999,2.49993,2.50007,2.50007,2.49993,2.4999,2.5001,-0.0001,-0.0741417,-0.0740938
169.0000,2.5794,1.21974,2.5794,7.55851e-09,5,5,8.10796e-09,7.55851e-09,5,2.57783,1.21894,2.57783,4.53427e-05,4.99996,4.99997,0.000161058,4.53427e-05,4.99996,1.66832e-08,1.66832e-08,1.66832e-08,1.66832e-08,5,5,5,5,1.66833e-08,1.66886e-08,1.66833e-08,8.34165e-09,1.67899e-08,1.67899e-08,1.67899e-08,1.67901e-08,5,5,5,5,1.68007e-08,1.68068e-08,1.68007e-08,8.44376e-09,2.5001,2.4999,2.49993,2.50007,2.50007,2.49993,2.4999,2.5001,-0.0001,-0.0741539,-0.0741046
169.5000,2.5794,1.21974,2.5794,7.55851e-09,5,5,8.10796e-09,7.55851e-09,5,2.57783,1.21894,2.57783,4.53427e-05,4.99996,4.99997,0.000161058,4.53427e-05,4.99996,1.66832e-08,1.66832e-08,1.66832e-08,1.66832e-08,5,5,5,5,1.66833e-08,1.66892e-08,1.66833e-08,8.34166e-09,1.67899e-08,1.67899e-08,1.67899e-08,1.67901e-08,5,5,5,5,1.68007e-08,1.68075e-08,1.68007e-08,8.44376e-09,2.5001,2.4999,2.49993,2.50007,2.50007,2.49993,2.4999,2.5001,-0.0001,-0.0741686,-0.0741175
170.0000,2.5794,1.21974,2.5794,7.55851e-09,5,5,8.10796e-09,7.55851e-09,5,2.57783,1.21894,2.57783,4.53427e-05,4.99996,4.99997,0.000161058,4.53427e-05,4.99996,1.66832e-08,1.66832e-08,1.66832e-08,1.66832e-08,5,5,5,5,1.66833e-08,1.66899e-08,1.66833e-08,8.34165e-09,1.67899e-08,1.67899e-08,1.67899e-08,1.67901e-08,5,5,5,5,1.68007e-08,1.68083e-08,1.68007e-08,8.44376e-09,2.5001,2.4999,2.49993,2.50007,2.50007,2.49993,2.4999,2.5001,-0.0001,-0.0741866,-0.0741333
170.5000,2.5794,1.21974,2.5794,7.55851e-09,5,5,8.10796e-09,7.55851e-09,5,2.57783,1.21894,2.57783,4.53427e-05,4.99996,4.99997,0.000161058,4.53427e-05,4.99996,1.66832e-08,1.66832e-08,1.66832e-08,1.66832e-08,5,5,5,5,1.66833e-08,1.66907e-08,1.66833e-08,8.34165e-09,1.67899e-08,1.67899e-08,1.67899e-08,1.67901e-08,5,5,5,5,1.68007e-08,1.68092e-08,1.68007e-08,8.44376e-09,2.5001,2.4999,2.49993,2.50007,2.50007,2.49993,2.4999,2.5001,-0.0001,-0.0742086,-0.0741525
171.0000,2.5794,1.21974,2.5794,7.55851e-09,5,5,8.10796e-09,7.55851e-09,5,2.57783,1.21894,2.57783,4.53427e-05,4.99996,4.99997,0.000161058,4.53427e-05,4.99996,1.66832e-08,1.66832e-08,1.66832e-08,1.66832e-08,5,5,5,5,1.66833e-08,1.66916e-08,1.66833e-08,8.34164e-09,1.67899e-08,1.67899e-08,1.67899e-08,1.67901e-08,5,5,5,5,1.68007e-08,1.68103e-08,1.68007e-08,8.44376e-09,2.5001,2.4999,2.49993,2.50007,2.50007,2.49993,2.4999,2.5001,-0.0001,-0.0742357,-0.074176
171.5000,2.5794,1.21974,2.5794,7.55851e-09,5,5,8.10796e-09,7.55851e-09,5,2.57783,1.21894,2.57783,4.53427e-05,4.99996,4.99997,0.000161058,4.53427e-05,4.99996,1.66832e-08,1.66832e-08,1.66832e-08,1.66832e-08,5,5,5,5,1.66833e-08,1.66927e-08,1.66833e-08,8.34165e-09,1.67899e-08,1.67899e-08,1.67899e-08,1.67901e-08,5,5,5,5,1.68007e-08,1.68116e-08,1.68006e-08,8.44376e-09,2.5001,2.4999,2.49993,2.50007,2.50007,2.49993,2.4999,2.5001,-0.0001,-0.0742691,-0.0742049
172.0000,2.5794,1.21974,2.5794,7.55851e-09,5,5,8.10796e-09,7.55851e-09,5,2.57783,1.21894,2.57783,4.53427e-05,4.99996,4.99997,0.000161058,4.53427e-05,4.99996,1.66832e-08,1.66832e-08,1.66832e-08,1.66832e-08,5,5,5,5,1.66833e-08,1.66939e-08,1.66833e-08,8.34164e-09,1.67899e-08,1.67899e-08,1.67899e-08,1.67901e-08,5,5,5,5,1.68007e-08,1.68131e-08,1.68006e-08,8.44376e-09,2.5001,2.4999,2.49992,2.50008,2.50008,2.49992,2.4999,2.5001,-0.0001,-0.0743103,-0.0742406
172.5000,2.5794,1.21974,2.5794,7.55851e-09,5,5,8.10796e-09,7.55851e-09,5,2.57783,1.21894,2.57783,4.53427e-05,4.99996,4.99997,0.000161058,4.53427e-05,4.99996,1.66832e-08,1.66832e-08,1.66832e-08,1.66832e-08,5,5,5,5,1.66833e-08,1.66955e-08,1.66833e-08,8.34165e-09,1.67899e-08,1.67899e-08,1.67899e-08,1.67901e-08,5,5,5,5,1.68007e-08,1.6815e-08,1.68006e-08,8.44376e-09,2.5001,2.4999,2.49992,2.50008,2.50008,2.49992,2.4999,2.5001,-0.0001,-0.0743613,-0.0742846
173.0000,2.5794,1.21974,2.5794,7.55851e-09,5,5,8.10796e-09,7.55851e-09,5,2.57783,1.21894,2.57783,4.53427e-05,4.99996,4.99997,0.000161058,4.53427e-05,4.99996,1.66832e-08,1.66832e-08,1.66832e-08,1.66832e-08,5,5,5,5,1.66833e-08,1.66974e-08,1.66833e-08,8.34164e-09,1.67899e-08,1.67899e-08,1.67899e-08,1.67901e-08,5,5,5,5,1.68007e-08,1.68173e-08,1.68006e-08,8.44375e-09,2.5001,2.4999,2.49992,2.50008,2.50008,2.49992,2.4999,2.5001,-0.0001,-0.0744245,-0.0743391
173.5000,2.5794,1.21974,2.5794,7.55851e-09,5,5,8.10796e-09,7.55851e-09,5,2.57783,1.21894,2.57783,4.53427e-05,4.99996,4.99997,0.000161058,4.53427e-05,4.99996,1.66832e-08,1.66832e-08,1.66832e-08,1.66832e-08,5,5,5,5,1.66833e-08,1.66997e-08,1.66833e-08,8.34164e-09,1.67899e-08,1.67899e-08,1.67899e-08,1.67901e-08,5,5,5,5,1.68007e-08,1.68202e-08,1.68006e-08,8.44375e-09,2.5001,2.4999,2.49992,2.50008,2.50008,2.49992,2.4999,2.5001,-0.0001,-0.074503,-0.0744068
174.0000,2.5794,1.21974,2.5794,7.55851e-09,5,5,8.10796e-09,7.55851e-09,5,2.57783,1.21894,2.57783,4.53427e-05,4.99996,4.99997,0.000161058,4.53427e-05,4.99996,1.66832e-08,1.66832e-08,1.66832e-08,1.66832e-08,5,5,5,5,1.66833e-08,1.67026e-08,1.66833e-08,8.34165e-09,1.67899e-08,1.67899e-08,1.67899e-08,1.67901e-08,5,5,5,5,1.68007e-08,1.6824e-08,1.68006e-08,8.44375e-09,2.5001,2.4999,2.49992,2.50008,2.50008,2.49992,2.4999,2.5001,-0.0001,-0.0746006,-0.0744914
174.5000,2.5794,1.21974,2.5794,7.55851e-09,5,5,8.10796e-09,7.55851e-09,5,2.57783,1.21894,2.57783,4.53427e-05,4.99996,4.99997,0.000161058,4.53427e-05,4.99996,1.66832e-08,1.66832e-08,1.66832e-08,1.66832e-08,5,5,5,5,1.66833e-08,1.67064e-08,1.66833e-08,8.34164e-09,1.67899e-08,1.67899e-08,1.67899e-08,1.67901e-08,5,5,5,5,1.68007e-08,1.68289e-08,1.68006e-08,8.44375e-09,2.5001,2.4999,2.49992,2.50008,2.50008,2.49992,2.4999,2.5001,-0.0001,-0.0747205,-0.074597
175.0000,2.5794,1.21974,2.5794,7.55851e-09,5,5,8.10796e-09,7.55851e-09,5,2.57783,1.21894,2.57783,4.53427e-05,4.99996,4.99997,0.000161058,4.53427e-05,4.99996,1.66832e-08,1.66832e-08,1.66832e-08,1.66832e-08,5,5,5,5,1.66833e-08,1.67114e-08,1.66833e-08,8.34164e-09,1.67899e-08,1.67899e-08,1.67899e-08,1.67901e-08,5,5,5,5,1.68007e-08,1.68355e-08,1.68006e-08,8.44375e-09,2.5001,2.4999,2.49992,2.50008,2.50008,2.49992,2.4999,2.5001,-0.0001,-0.0748559,-0.0747279
175.5000,2.5794,1.21974,2.5794,7.55851e-09,5,5,8.10796e-09,7.55851e-09,5,2.57783,1.21894,2.57783,4.53427e-05,4.99996,4.99997,0.000161058,4.53427e-05,4.99996,1.66832e-08,1.66832e-08,1.66832e-08,1.66832e-08,5,5,5,5,1.66833e-08,1.67182e-08,1.66833e-08,8.34165e-09,1.67899e-08,1.67899e-08,1.67899e-08,1.67901e-08,5,5,5,5,1.68007e-08,1.68448e-08,1.68006e-08,8.44375e-09,2.5001,2.4999,2.49992,2.50008,2.50008,2.49992,2.4999,2.5001,-0.0001,-0.0749719,-0.074879
176.0000,2.5794,1.21974,2.5794,7.55851e-09,5,5,8.10796e-09,7.55851e-09,5,2.57783,1.21894,2.57783,4.53427e-05,4.99996,4.99997,0.000161058,4.53427e-05,4.99996,1.66832e-08,1.66832e-08,1.66832e-08,1.66832e-08,5,5,5,5,1.66833e-08,1.67277e-08,1.66833e-08,8.34163e-09,1.67899e-08,1.67899e-08,1.67899e-08,1.67901e-08,5,5,5,5,1.68007e-08,1.68595e-08,1.68006e-08,8.44375e-09,2.50009,2.49991,2.49992,2.50008,2.50008,2.49992,2.49991,2.50009,-0.0001,-0.0750532,-0.075012
176.5000,2.5794,1.21974,2.5794,7.55851e-09,5,5,8.10796e-09,7.55851e-09,5,2.57783,1.21894,2.57783,4.53427e-05,4.99996,4.99997,0.000161058,4.53427e-05,4.99996,1.66832e-08,1.66832e-08,1.66832e-08,1.66832e-08,5,5,5,5,1.66833e-08,1.67435e-08,1.66833e-08,8.34163e-09,1.67899e-08,1.67899e-08,1.67899e-08,1.67901e-08,5,5,5,5,1.68007e-08,1.68914e-08,1.68006e-08,8.44375e-09,2.50009,2.49991,2.49992,2.50008,2.50008,2.49992,2.49991,2.50009,-0.0001,-0.0751236,-0.0750887
177.0000,2.5794,1.21974,2.5794,7.55851e-09,5,5,8.10796e-09,7.55851e-09,5,2.57783,1.21894,2.57783,4.53427e-05,4.99996,4.99997,0.000161058,4.53427e-05,4.99996,1.66832e-08,1.66832e-08,1.66832e-08,1.66832e-08,5,5,5,5,1.66833e-08,1.67801e-08,1.66833e-08,8.34164e-09,1.67899e-08,1.67899e-08,1.67899e-08,1.67901e-08,5,5,5,5,1.68007e-08,1.69527e-08,1.68006e-08,8.44375e-09,2.50009,2.49991,2.49992,2.50008,2.50008,2.49992,2.49991,2.50009,-0.0001,-0.0751731,-0.0751541
177.5000,2.5794,1.21974,2.5794,7.55851e-09,5,5,8.10796e-09,7.55851e-09,5,2.57783,1.21894,2.57783,4.53427e-05,4.99996,4.99997,0.000161058,4.53427e-05,4.99996,1.66832e-08,1.66832e-08,1.66832e-08,1.66832e-08,5,5,5,5,1.66833e-08,1.68408e-08,1.66833e-08,8.34163e-09,1.67899e-08,1.67899e-08,1.67899e-08,1.67901e-08,5,5,5,5,1.68007e-08,1.70344e-08,1.68006e-08,8.44375e-09,2.50009,2.49991,2.49992,2.50008,2.50008,2.49992,2.49991,2.50009,-0.0001,-0.0752341,-0.0752555
178.0000,2.5794,1.21974,2.5794,7.55851e-09,5,5,8.10796e-09,7.55851e-09,5,2.57783,1.21894,2.57783,4.53427e-05,4.99996,4.99997,0.000161058,4.53427e-05,4.99996,1.66832e-08,1.66832e-08,1.66832e-08,1.66832e-08,5,5,5,5,1.66833e-08,1.69231e-08,1.66833e-08,8.34163e-09,1.67899e-08,1.67899e-08,1.67899e-08,1.67901e-08,5,5,5,5,1.68007e-08,1.72238e-08,1.68006e-08,8.44375e-09,2.50009,2.49991,2.49991,2.50009,2.50009,2.49991,2.49991,2.50009,-0.0001,-0.0753335,-0.0753814
178.5000,2.5794,1.21974,2.5794,7.55851e-09,5,5,8.10796e-09,7.55851e-09,5,2.57783,1.21894,2.57783,4.53427e-05,4.99996,4.99997,0.000161058,4.53427e-05,4.99996,1.66832e-08,1.66832e-08,1.66832e-08,1.66832e-08,5,5,5,5,1.66833e-08,1.71113e-08,1.66833e-08,8.34164e-09,1.67899e-08,1.679e-08,1.67899e-08,1.67901e-08,5,5,5,5,1.68007e-08,2.10514e-08,1.68006e-08,8.44375e-09,2.50009,2.49991,2.49991,2.50009,2.50009,2.49991,2.49991,2.50009,-0.0001,-0.0755186,-0.0755423
179.0000,2.5794,1.21974,2.5794,7.55851e-09,5,5,8.10796e-09,7.55851e-09,5,2.57783,1.48437,2.17483,4.53427e-05,4.99996,4.99997,0.000166797,8.20082e-05,4.94294,1.66832e-08,1.66832e-08,1.66832e-08,1.66832e-08,5,5,5,5,1.66833e-08,2.02236e-08,1.66833e-08,8.34163e-09,1.67899e-08,1.68137e-08,1.67899e-08,1.67901e-08,5,1.70722e-08,5,5,1.68006e-08,4.99999,1.68006e-08,8.44375e-09,2.50009,2.49991,2.49991,2.50009,2.50009,2.49991,2.49991,2.50009,-0.0001,-0.0758339,-0.07616
179.5000,2.5794,1.48635,2.17814,7.55851e-09,5,5,7.82861e-08,7.59397e-09,4.95175,2.57783,1.48437,2.17483,4.53427e-05,4.99996,4.99997,0.000166797,8.20082e-05,4.94294,1.66832e-08,1.66832e-08,1.66832e-08,1.66832e-08,5,1.66833e-08,5,5,1.66833e-08,4.99986,1.66833e-08,8.34164e-09,1.67899e-08,1.67898e-08,1.67899e-08,1.67901e-08,5,1.67891e-08,5,5,1.68006e-08,5,1.68006e-08,8.44375e-09,2.50009,2.49991,2.49991,2.50009,2.50009,2.49991,2.49991,2.50009,-0.0001,-0.0766462,-0.0761921
180.0000,2.5794,1.48635,2.17814,7.55851e-09,5,5,7.82861e-08,7.59397e-09,4.95175,2.57783,1.48437,2.17483,4.53427e-05,4.99996,4.99997,0.000166797,8.20082e-05,4.94294,1.66832e-08,1.66832e-08,1.66832e-08,1.66832e-08,5,1.66832e-08,5,5,1.66833e-08,5,1.66833e-08,8.34163e-09,1.67899e-08,1.67897e-08,1.67899e-08,1.67901e-08,5,1.67889e-08,5,5,1.68006e-08,5,1.68006e-08,8.44375e-09,2.50009,2.49991,2.49991,2.50009,2.50009,2.49991,2.49991,2.50009,-0.0001,-0.0768827,-0.0763507
180.5000,2.5794,1.48635,2.17814,7.55851e-09,5,5,7.82861e-08,7.59397e-09,4.95175,2.57783,1.48437,2.17483,4.53427e-05,4.99996,4.99997,0.000166797,8.20082e-05,4.94294,1.66832e-08,1.66832e-08,1.66832e-08,1.66833e-08,5,1.66832e-08,5,5,1.51314e-08,5,1.51314e-08,8.34164e-09,1.67899e-08,1.67897e-08,1.67899e-08,1.67902e-08,5,1.67889e-08,5,5,1.68006e-08,5,1.68006e-08,8.44381e-09,2.50009,2.49991,2.49991,2.50009,2.50009,2.49991,2.49991,2.50009,-0.0001,-0.077256,-0.0766478
181.0000,2.17814,1.81384,2.17814,2.62675e-09,4.95175,5,0.00123953,7.59397e-09,4.95175,2.57783,1.48437,2.17483,4.53427e-05,4.99996,4.99997,0.000166797,8.20082e-05,4.94294,1.66832e-08,1.66832e-08,1.66832e-08,5,5,1.66832e-08,5,1.66832e-08,8.49895e-09,5,8.49895e-09,8.34163e-09,1.67899e-08,1.67897e-08,1.67899e-08,1.69927e-08,5,1.67889e-08,5,5,1.4602e-08,5,1.4602e-08,8.5256e-09,2.50009,2.49991,2.49991,2.50009,2.50009,2.49991,2.49991,2.50009,-0.0001,-0.077441,-0.0770615
181.5000,2.17814,1.81384,2.17814,7.59397e-09,4.95175,5,0.00123953,7.59397e-09,4.95175,2.17665,1.81068,2.17483,8.55923e-05,4.94632,4.99997,0.00128,8.20082e-05,4.94294,1.66832e-08,1.66832e-08,1.66832e-08,5,5,1.66832e-08,5,1.66832e-08,8.43109e-09,5,8.43109e-09,8.34163e-09,1.67901e-08,1.67897e-08,1.67901e-08,5,5,1.67889e-08,5,1.67953e-08,8.59354e-09,5,8.59354e-09,8.44416e-09,2.50009,2.49991,2.49991,2.50009,2.50009,2.49991,2.49991,2.50009,-0.0001,-0.0769586,-0.0772963
182.0000,2.17814,1.81384,2.17814,7.59397e-09,4.95175,5,0.00123953,7.59397e-09,4.95175,2.17665,1.81068,2.17483,8.55923e-05,4.94632,4.99997,0.00128,8.20082e-05,4.94294,1.66832e-08,1.66832e-08,1.66832e-08,5,5,1.66832e-08,5,1.66832e-08,8.3989e-09,5,8.39891e-09,8.34164e-09,1.67901e-08,1.67897e-08,1.67901e-08,5,5,1.67889e-08,5,1.67943e-08,8.52798e-09,5,8.52799e-09,8.44398e-09,2.50009,2.49991,2.49991,2.50009,2.50009,2.49991,2.49991,2.50009,-0.0001,-0.0765969,-0.0768504
182.5000,2.17814,1.81384,2.17814,7.59397e-09,4.95175,5,0.00123953,7.59397e-09,4.95175,2.17665,1.81068,2.17483,8.55923e-05,4.94632,4.99997,0.00128,8.20082e-05,4.94294,1.66832e-08,1.66832e-08,1.66832e-08,5,5,1.66832e-08,5,1.66832e-08,8.37937e-09,5,8.37938e-09,8.34163e-09,1.67901e-08,1.67897e-08,1.67901e-08,5,5,1.67889e-08,5,1.67943e-08,8.49714e-09,5,8.49714e-09,8.44397e-09,2.50008,2.49992,2.49991,2.50009,2.50009,2.49991,2.49992,2.50008,-0.0001,-0.0763423,-0.0765121
183.0000,2.17814,1.81384,2.17814,7.59397e-09,4.95175,5,0.00123953,7.59397e-09,4.95175,2.17665,1.81068,2.17483,8.55923e-05,4.94632,4.99997,0.00128,8.20082e-05,4.94294,1.66832e-08,1.66832e-08,1.66832e-08,5,5,1.66832e-08,5,1.66832e-08,8.36324e-09,5,8.36323e-09,8.34162e-09,1.67901e-08,1.67897e-08,1.67901e-08,5,5,1.67889e-08,5,1.67943e-08,8.47775e-09,5,8.47775e-09,8.44398e-09,2.50008,2.49992,2.49991,2.50009,2.50009,2.49991,2.49992,2.50008,-0.0001,-0.0762215,-0.0762742
183.5000,2.17814,1.81384,2.17814,7.59397e-09,4.95175,5,0.00123953,7.59397e-09,4.95175,2.17665,1.81068,2.17483,8.55923e-05,4.94632,4.99997,0.00128,8.20082e-05,4.94294,1.66832e-08,1.66832e-08,1.66832e-08,5,5,1.66832e-08,5,1.66832e-08,8.35613e-09,5,8.35613e-09,8.34164e-09,1.67901e-08,1.67897e-08,1.67901e-08,5,5,1.67889e-08,5,1.67943e-08,8.46344e-09,5,8.46344e-09,8.44398e-09,2.50008,2.49992,2.49991,2.50009,2.50009,2.49991,2.49992,2.50008,-0.0001,-0.0760924,-0.0761627
184.0000,2.17814,1.81384,2.17814,7.59397e-09,4.95175,5,0.00123953,7.59397e-09,4.95175,2.17665,1.81068,2.17483,8.55923e-05,4.94632,4.99997,0.00128,8.20082e-05,4.94294,1.66832e-08,1.66832e-08,1.66832e-08,5,5,1.66832e-08,5,1.66832e-08,8.35262e-09,5,8.35263e-09,8.34162e-09,1.67901e-08,1.67897e-08,1.67901e-08,5,5,1.67889e-08,5,1.67943e-08,8.45762e-09,5,8.45762e-09,8.44398e-09,2.50008,2.49992,2.49991,2.50009,2.50009,2.49991,2.49992,2.50008,-0.0001,-0.075938,-0.0760126
184.5000,2.17814,1.81384,2.17814,7.59397e-09,4.95175,5,0.00123953,7.59397e-09,4.95175,2.17665,1.81068,2.17483,8.55923e-05,4.94632,4.99997,0.00128,8.20082e-05,4.94294,1.66832e-08,1.66832e-08,1.66832e-08,5,5,1.66832e-08,5,1.66832e-08,8.35029e-09,5,8.35029e-09,8.34162e-09,1.67901e-08,1.67897e-08,1.67901e-08,5,5,1.67889e-08,5,1.67943e-08,8.45439e-09,5,8.45439e-09,8.44397e-09,2.50008,2.49992,2.4999,2.5001,2.5001,2.4999,2.49992,2.50008,-0.0001,-0.075807,-0.0758485
185.0000,2.17814,1.81384,2.17814,7.59397e-09,4.95175,5,0.00123953,7.59397e-09,4.95175,2.17665,1.81068,2.17483,8.55923e-05,4.94632,4.99997,0.00128,8.20082e-05,4.94294,1.66832e-08,1.66832e-08,1.66832e-08,5,5,1.66832e-08,5,1.66832e-08,8.34861e-09,5,8.34862e-09,8.34163e-09,1.67901e-08,1.67897e-08,1.67901e-08,5,5,1.67889e-08,5,1.67943e-08,8.45217e-09,5,8.45217e-09,8.44398e-09,2.50008,2.49992,2.4999,2.5001,2.5001,2.4999,2.49992,2.50008,-0.0001,-0.0756959,-0.0757005
185.5000,2.17814,1.81384,2.17814,7.59397e-09,4.95175,5,0.00123953,7.59397e-09,4.95175,2.17665,1.81068,2.17483,8.55923e-05,4.94632,4.99997,0.00128,8.20082e-05,4.94294,1.66832e-08,1.66832e-08,1.66832e-08,5,5,1.66832e-08,5,1.66832e-08,8.34737e-09,5,8.34737e-09,8.34163e-09,1.67901e-08,1.67897e-08,1.67901e-08,5,5,1.67889e-08,5,1.67943e-08,8.45057e-09,5,8.45057e-09,8.44397e-09,2.50008,2.49992,2.4999,2.5001,2.5001,2.4999,2.49992,2.50008,-0.0001,-0.0755911,-0.07558
186.0000,2.17814,1.81384,2.17814,7.59397e-09,4.95175,5,0.00123953,7.59397e-09,4.95175,2.17665,1.81068,2.17483,8.55923e-05,4.94632,4.99997,0.00128,8.20082e-05,4.94294,1.66832e-08,1.66832e-08,1.66832e-08,5,5,1.66832e-08,5,1.66832e-08,8.34642e-09,5,8.34642e-09,8.34163e-09,1.67901e-08,1.67897e-08,1.67901e-08,5,5,1.67889e-08,5,1.67943e-08,8.44939e-09,5,8.44939e-09,8.44398e-09,2.50008,2.49992,2.4999,2.5001,2.5001,2.4999,2.49992,2.50008,-0.0001,-0.0755013,-0.0754852
186.5000,2.17814,1.81384,2.17814,7.59397e-09,4.95175,5,0.00123953,7.59397e-09,4.95175,2.17665,1.81068,2.17483,8.55923e-05,4.94632,4.99997,0.00128,8.20082e-05,4.94294,1.66832e-08,1.66832e-08,1.66832e-08,5,5,1.66832e-08,5,1.66832e-08,8.34569e-09,5,8.34569e-09,8.34163e-09,1.67901e-08,1.67897e-08,1.67901e-08,5,5,1.67889e-08,5,1.67943e-08,8.44848e-09,5,8.44848e-09,8.44397e-09,2.50008,2.49992,2.4999,2.5001,2.5001,2.4999,2.49992,2.50008,-0.0001,-0.0754284,-0.0754103
187.0000,2.17814,1.81384,2.17814,7.59397e-09,4.95175,5,0.00123953,7.59397e-09,4.95175,2.17665,1.81068,2.17483,8.55923e-05,4.94632,4.99997,0.00128,8.20082e-05,4.94294,1.66832e-08,1.66832e-08,1.66832e-08,5,5,1.66832e-08,5,1.66832e-08,8.3451e-09,5,8.34511e-09,8.34163e-09,1.67901e-08,1.67897e-08,1.67901e-08,5,5,1.67889e-08,5,1.67943e-08,8.44777e-09,5,8.44777e-09,8.44398e-09,2.50008,2.49992,2.4999,2.5001,2.5001,2.4999,2.49992,2.50008,-0.0001,-0.0753697,-0.0753507
187.5000,2.17814,1.81384,2.17814,7.59397e-09,4.95175,5,0.00123953,7.59397e-09,4.95175,2.17665,1.81068,2.17483,8.55923e-05,4.94632,4.99997,0.00128,8.20082e-05,4.94294,1.66832e-08,1.66832e-08,1.66832e-08,5,5,1.66832e-08,5,1.66832e-08,8.34464e-09,5,8.34464e-09,8.34164e-09,1.67901e-08,1.67897e-08,1.67901e-08,5,5,1.67889e-08,5,1.67943e-08,8.4472e-09,5,8.44721e-09,8.44397e-09,2.50008,2.49992,2.4999,2.5001,2.5001,2.4999,2.49992,2.50008,-0.0001,-0.0753221,-0.0753028
188.0000,2.17814,1.81384,2.17814,7.59397e-09,4.95175,5,0.00123953,7.59397e-09,4.95175,2.17665,1.81068,2.17483,8.55923e-05,4.94632,4.99997,0.00128,8.20082e-05,4.94294,1.66832e-08,1.66832e-08,1.66832e-08,5,5,1.66832e-08,5,1.66832e-08,8.34426e-09,5,8.34426e-09,8.34162e-09,1.67901e-08,1.67897e-08,1.67901e-08,5,5,1.67889e-08,5,1.67943e-08,8.44675e-09,5,8.44675e-09,8.44398e-09,2.50008,2.49992,2.4999,2.5001,2.5001,2.4999,2.49992,2.50008,-0.0001,-0.0752832,-0.0752637
188.5000,2.17814,1.81384,2.17814,7.59397e-09,4.95175,5,0.00123953,7.59397e-09,4.95175,2.17665,1.81068,2.17483,8.55923e-05,4.94632,4.99997,0.00128,8.20082e-05,4.94294,1.66832e-08,1.66832e-08,1.66832e-08,5,5,1.66832e-08,5,1.66832e-08,8.34394e-09,5,8.34394e-09,8.34163e-09,1.67901e-08,1.67897e-08,1.67901e-08,5,5,1.67889e-08,5,1.67943e-08,8.44637e-09,5,8.44638e-09,8.44397e-09,2.50007,2.49993,2.4999,2.5001,2.5001,2.4999,2.49993,2.50007,-0.0001,-0.0752512,-0.0752316
189.0000,2.17814,1.81384,2.17814,7.59397e-09,4.95175,5,0.00123953,7.59397e-09,4.95175,2.17665,1.81068,2.17483,8.55923e-05,4.94632,4.99997,0.00128,8.20082e-05,4.94294,1.66832e-08,1.66832e-08,1.66832e-08,5,5,1.66832e-08,5,1.66832e-08,8.34367e-09,5,8.34367e-09,8.34162e-09,1.67901e-08,1.67897e-08,1.67901e-08,5,5,1.67889e-08,5,1.67943e-08,8.44605e-09,5,8.44606e-09,8.44398e-09,2.50007,2.49993,2.4999,2.5001,2.5001,2.4999,2.49993,2.50007,-0.0001,-0.0752246,-0.075205
189.5000,2.17814,1.81384,2.17814,7.59397e-09,4.95175,5,0.00123953,7.59397e-09,4.95175,2.17665,1.81068,2.17483,8.55923e-05,4.94632,4.99997,0.00128,8.20082e-05,4.94294,1.66832e-08,1.66832e-08,1.66832e-08,5,5,1.66832e-08,5,1.66832e-08,8.34344e-09,5,8.34344e-09,8.34163e-09,1.67901e-08,1.67897e-08,1.67901e-08,5,5,1.67889e-08,5,1.67943e-08,8.44579e-09,5,8.44579e-09,8.44397e-09,2.50007,2.49993,2.4999,2.5001,2.5001,2.4999,2.49993,2.50007,-0.0001,-0.0752025,-0.0751829
190.0000,2.17814,1.81384,2.17814,7.59397e-09,4.95175,5,0.00123953,7.59397e-09,4.95175,2.17665,1.81068,2.17483,8.55923e-05,4.94632,4.99997,0.00128,8.20082e-05,4.94294,1.66832e-08,1.66832e-08,1.66832e-08,5,5,1.66832e-08,5,1.66832e-08,8.34325e-09,5,8.34325e-09,8.34163e-09,1.67901e-08,1.67897e-08,1.67901e-08,5,5,1.67889e-08,5,1.67943e-08,8.44556e-09,5,8.44557e-09,8.44398e-09,2.50007,2.49993,2.4999,2.5001,2.5001,2.4999,2.49993,2.50007,-0.0001,-0.075184,-0.0751643
190.5000,2.17814,1.81384,2.17814,7.59397e-09,4.95175,5,0.00123953,7.59397e-09,4.95175,2.17665,1.81068,2.17483,8.55923e-05,4.94632,4.99997,0.00128,8.20082e-05,4.94294,1.66832e-08,1.66832e-08,1.66832e-08,5,5,1.66832e-08,5,1.66832e-08,8.34308e-09,5,8.34309e-09,8.34163e-09,1.67901e-08,1.67897e-08,1.67901e-08,5,5,1.67889e-08,5,1.67943e-08,8.44537e-09,5,8.44537e-09,8.44397e-09,2.50007,2.49993,2.4999,2.5001,2.5001,2.4999,2.49993,2.50007,-0.0001,-0.0751684,-0.0751487
191.0000,2.17814,1.81384,2.17814,7.59397e-09,4.95175,5,0.00123953,7.59397e-09,4.95175,2.17665,1.81068,2.17483,8.55923e-05,4.94632,4.99997,0.00128,8.20082e-05,4.94294,1.66832e-08,1.66832e-08,1.66832e-08,5,5,1.66832e-08,5,1.66832e-08,8.34293e-09,5,8.34294e-09,8.34163e-09,1.67901e-08,1.67897e-08,1.67901e-08,5,5,1.67889e-08,5,1.67943e-08,8.4452e-09,5,8.44522e-09,8.44398e-09,2.50007,2.49993,2.4999,2.5001,2.5001,2.4999,2.49993,2.50007,-0.0001,-0.0751552,-0.0751354
191.5000,2.17814,1.81384,2.17814,7.59397e-09,4.95175,5,0.00123953,7.59397e-09,4.95175,2.17665,1.81068,2.17483,8.55923e-05,4.94632,4.99997,0.00128,8.20082e-05,4.94294,1.66832e-08,1.66832e-08,1.66832e-08,5,5,1.66832e-08,5,1.66832e-08,8.3428e-09,5,8.3428e-09,8.34163e-09,1.67901e-08,1.67897e-08,1.67901e-08,5,5,1.67889e-08,5,1.67943e-08,8.44506e-09,5,8.44507e-09,8.44397e-09,2.50007,2.49993,2.4999,2.5001,2.5001,2.4999,2.49993,2.50007,-0.0001,-0.0751441,-0.0751241
192.0000,2.17814,1.81384,2.17814,7.59397e-09,4.95175,5,0.00123953,7.59397e-09,4.95175,2.17665,1.81068,2.17483,8.55923e-05,4.94632,4.99997,0.00128,8.20082e-05,4.94294,1.66832e-08,1.66832e-08,1.66832e-08,5,5,1.66832e-08,5,1.66832e-08,8.34269e-09,5,8.34271e-09,8.34164e-09,1.67901e-08,1.67897e-08,1.67901e-08,5,5,1.67889e-08,5,1.67943e-08,8.44493e-09,5,8.44494e-09,8.44397e-09,2.50007,2.49993,2.4999,2.5001,2.5001,2.4999,2.49993,2.50007,-0.0001,-0.0751345,-0.0751144
192.5000,2.17814,1.81384,2.17814,7.59397e-09,4.95175,5,0.00123953,7.59397e-09,4.95175,2.17665,1.81068,2.17483,8.55923e-05,4.94632,4.99997,0.00128,8.20082e-05,4.94294,1.66832e-08,1.66832e-08,1.66832e-08,5,5,1.66832e-08,5,1.66832e-08,8.34261e-09,5,8.34261e-09,8.34162e-09,1.67901e-08,1.67897e-08,1.67901e-08,5,5,1.67889e-08,5,1.67943e-08,8.44482e-09,5,8.44483e-09,8.44397e-09,2.50007,2.49993,2.49989,2.50011,2.50011,2.49989,2.49993,2.50007,-0.0001,-0.0751263,-0.075106
193.0000,2.17814,1.81384,2.17814,7.59397e-09,4.95175,5,0.00123953,7.59397e-09,4.95175,2.17665,1.81068,2.17483,8.55923e-05,4.94632,4.99997,0.00128,8.20082e-05,4.94294,1.66832e-08,1.66832e-08,1.66832e-08,5,5,1.66832e-08,5,1.66832e-08,8.34252e-09,5,8.34252e-09,8.34163e-09,1.67901e-08,1.67897e-08,1.67901e-08,5,5,1.67889e-08,5,1.67943e-08,8.44472e-09,5,8.44473e-09,8.44397e-09,2.50007,2.49993,2.49989,2.50011,2.50011,2.49989,2.49993,2.50007,-0.0001,-0.0751192,-0.0750988
193.5000,2.17814,1.81384,2.17814,7.59397e-09,4.95175,5,0.00123953,7.59397e-09,4.95175,2.17665,1.81068,2.17483,8.55923e-05,4.94632,4.99997,0.00128,8.20082e-05,4.94294,1.66832e-08,1.66832e-08,1.66832e-08,5,5,1.66832e-08,5,1.66832e-08,8.34243e-09,5,8.34243e-09,8.34164e-09,1.67901e-08,1.67897e-08,1.67901e-08,5,5,1.67889e-08,5,1.67943e-08,8.44464e-09,5,8.44464e-09,8.44397e-09,2.50007,2.49993,2.49989,2.50011,2.50011,2.49989,2.49993,2.50007,-0.0001,-0.0751131,-0.0750925
194.0000,2.17814,1.81384,2.17814,7.59397e-09,4.95175,5,0.00123953,7.59397e-09,4.95175,2.17665,1.81068,2.17483,8.55923e-05,4.94632,4.99997,0.00128,8.20082e-05,4.94294,1.66832e-08,1.66832e-08,1.66832e-08,5,5,1.66832e-08,5,1.66832e-08,8.34238e-09,5,8.34237e-09,8.34163e-09,1.67901e-08,1.67897e-08,1.67901e-08,5,5,1.67889e-08,5,1.67943e-08,8.44456e-09,5,8.44457e-09,8.44397e-09,2.50006,2.49994,2.49989,2.50011,2.50011,2.49989,2.49994,2.50006,-0.0001,-0.0751078,-0.075087
194.5000,2.17814,1.81384,2.17814,7.59397e-09,4.95175,5,0.00123953,7.59397e-09,4.95175,2.17665,1.81068,2.17483,8.55923e-05,4.94632,4.99997,0.00128,8.20082e-05,4.94294,1.66832e-08,1.66832e-08,1.66832e-08,5,5,1.66832e-08,5,1.66832e-08,8.34232e-09,5,8.34231e-09,8.34163e-09,1.67901e-08,1.67897e-08,1.67901e-08,5,5,1.67889e-08,5,1.67943e-08,8.44449e-09,5,8.4445e-09,8.44397e-09,2.50006,2.49994,2.49989,2.50011,2.50011,2.49989,2.49994,2.50006,-0.0001,-0.0751031,-0.0750822
195.0000,2.17814,1.81384,2.17814,7.59397e-09,4.95175,5,0.00123953,7.59397e-09,4.95175,2.17665,1.81068,2.17483,8.55923e-05,4.94632,4.99997,0.00128,8.20082e-05,4.94294,1.66832e-08,1.66832e-08,1.66832e-08,5,5,1.66832e-08,5,1.66832e-08,8.34226e-09,5,8.34227e-09,8.34162e-09,1.67901e-08,1.67897e-08,1.67901e-08,5,5,1.67889e-08,5,1.67943e-08,8.44444e-09,5,8.44444e-09,8.44397e-09,2.50006,2.49994,2.49989,2.50011,2.50011,2.49989,2.49994,2.50006,-0.0001,-0.075099,-0.0750779
195.5000,2.17814,1.81384,2.17814,7.59397e-09,4.95175,5,0.00123953,7.59397e-09,4.95175,2.17665,1.81068,2.17483,8.55923e-05,4.94632,4.99997,0.00128,8.20082e-05,4.94294,1.66832e-08,1.66832e-08,1.66832e-08,5,5,1.66832e-08,5,1.66832e-08,8.3422e-09,5,8.34221e-09,8.34163e-09,1.67901e-08,1.67897e-08,1.67901e-08,5,5,1.67889e-08,5,1.67943e-08,8.44438e-09,5,8.44438e-09,8.44397e-09,2.50006,2.49994,2.49989,2.50011,2.50011,2.49989,2.49994,2.50006,-0.0001,-0.0750955,-0.0750742
196.0000,2.17814,1.81384,2.17814,7.59397e-09,4.95175,5,0.00123953,7.59397e-09,4.95175,2.17665,1.81068,2.17483,8.55923e-05,4.94632,4.99997,0.00128,8.20082e-05,4.94294,1.66832e-08,1.66832e-08,1.66832e-08,5,5,1.66832e-08,5,1.66832e-08,8.34216e-09,5,8.34216e-09,8.34162e-09,1.67901e-08,1.67897e-08,1.67901e-08,5,5,1.67889e-08,5,1.67943e-08,8.44433e-09,5,8.44434e-09,8.44397e-09,2.50006,2.49994,2.49989,2.50011,2.50011,2.49989,2.49994,2.50006,-0.0001,-0.0750923,-0.0750708
196.5000,2.17814,1.81384,2.17814,7.59397e-09,4.95175,5,0.00123953,7.59397e-09,4.95175,2.17665,1.81068,2.17483,8.55923e-05,4.94632,4.99997,0.00128,8.20082e-05,4.94294,1.66832e-08,1.66832e-08,1.66832e-08,5,5,1.66832e-08,5,1.66832e-08,8.34212e-09,5,8.34213e-09,8.34163e-09,1.67901e-08,1.67897e-08,1.67901e-08,5,5,1.67889e-08,5,1.67943e-08,8.44428e-09,5,8.44429e-09,8.44397e-09,2.50006,2.49994,2.49989,2.50011,2.50011,2.49989,2.49994,2.50006,-0.0001,-0.0750895,-0.0750679
197.0000,2.17814,1.81384,2.17814,7.59397e-09,4.95175,5,0.00123953,7.59397e-09,4.95175,2.17665,1.81068,2.17483,8.55923e-05,4.94632,4.99997,0.00128,8.20082e-05,4.94294,1.66832e-08,1.66832e-08,1.66832e-08,5,5,1.66832e-08,5,1.66832e-08,8.34209e-09,5,8.34209e-09,8.34163e-09,1.67901e-08,1.67897e-08,1.67901e-08,5,5,1.67889e-08,5,1.67943e-08,8.44424e-09,5,8.44425e-09,8.44397e-09,2.50006,2.49994,2.49989,2.50011,2.50011,2.49989,2.49994,2.50006,-0.0001,-0.075087,-0.0750653
197.5000,2.17814,1.81384,2.17814,7.59397e-09,4.95175,5,0.00123953,7.59397e-09,4.95175,2.17665,1.81068,2.17483,8.55923e-05,4.94632,4.99997,0.00128,8.20082e-05,4.94294,1.66832e-08,1.66832e-08,1.66832e-08,5,5,1.66832e-08,5,1.66832e-08,8.34205e-09,5,8.34207e-09,8.34163e-09,1.67901e-08,1.67897e-08,1.67901e-08,5,5,1.67889e-08,5,1.67943e-08,8.44421e-09,5,8.44422e-09,8.44397e-09,2.50006,2.49994,2.49989,2.50011,2.50011,2.49989,2.49994,2.50006,-0.0001,-0.0750848,-0.0750629
198.0000,2.17814,1.81384,2.17814,7.59397e-09,4.95175,5,0.00123953,7.59397e-09,4.95175,2.17665,1.81068,2.17483,8.55923e-05,4.94632,4.99997,0.00128,8.20082e-05,4.94294,1.66832e-08,1.66832e-08,1.66832e-08,5,5,1.66832e-08,5,1.66832e-08,8.34202e-09,5,8.34204e-09,8.34163e-09,1.67901e-08,1.67897e-08,1.67901e-08,5,5,1.67889e-08,5,1.67943e-08,8.44417e-09,5,8.44418e-09,8.44397e-09,2.50006,2.49994,2.49989,2.50011,2.50011,2.49989,2.49994,2.50006,-0.0001,-0.0750828,-0.0750609
198.5000,2.17814,1.81384,2.17814,7.59397e-09,4.95175,5,0.00123953,7.59397e-09,4.95175,2.17665,1.81068,2.17483,8.55923e-05,4.94632,4.99997,0.00128,8.20082e-05,4.94294,1.66832e-08,1.66832e-08,1.66832e-08,5,5,1.66832e-08,5,1.66832e-08,8.342e-09,5,8.342e-09,8.34163e-09,1.67901e-08,1.67897e-08,1.67901e-08,5,5,1.67889e-08,5,1.67943e-08,8.44414e-09,5,8.44415e-09,8.44397e-09,2.50006,2.49994,2.49989,2.50011,2.50011,2.49989,2.49994,2.50006,-0.0001,-0.0750811,-0.075059
199.0000,2.17814,1.81384,2.17814,7.59397e-09,4.95175,5,0.00123953,7.59397e-09,4.95175,2.17665,1.81068,2.17483,8.55923e-05,4.94632,4.99997,0.00128,8.20082e-05,4.94294,1.66832e-08,1.66832e-08,1.66832e-08,5,5,1.66832e-08,5,1.66832e-08,8.34197e-09,5,8.34198e-09,8.34162e-09,1.67901e-08,1.67897e-08,1.67901e-08,5,5,1.67889e-08,5,1.67943e-08,8.44411e-09,5,8.44412e-09,8.44397e-09,2.50005,2.49995,2.49989,2.50011,2.50011,2.49989,2.49995,2.50005,-0.0001,-0.0750795,-0.0750574
199.5000,2.17814,1.81384,2.17814,7.59397e-09,4.95175,5,0.00123953,7.59397e-09,4.95175,2.17665,1.81068,2.17483,8.55923e-05,4.94632,4.99997,0.00128,8.20082e-05,4.94294,1.66832e-08,1.66832e-08,1.66832e-08,5,5,1.66832e-08,5,1.66832e-08,8.34195e-09,5,8.34195e-09,8.34163e-09,1.67901e-08,1.67897e-08,1.67901e-08,5,5,1.67889e-08,5,1.67943e-08,8.44409e-09,5,8.4441e-09,8.44397e-09,2.50005,2.49995,2.49989,2.50011,2.50011,2.49989,2.49995,2.50005,-0.0001,-0.0750781,-0.0750559
200.0000,2.17814,1.81384,2.17814,7.59397e-09,4.95175,5,0.00123953,7.59397e-09,4.95175,2.17665,1.81068,2.17483,8.55923e-05,4.94632,4.99997,0.00128,8.20082e-05,4.94294,1.66832e-08,1.66832e-08,1.66832e-08,5,5,1.66832e-08,5,1.66832e-08,8.34192e-09,5,8.34194e-09,8.34162e-09,1.67901e-08,1.67897e-08,1.67901e-08,5,5,1.67889e-08,5,1.67943e-08,8.44407e-09,5,8.44408e-09,8.44397e-09,2.50005,2.49995,2.49989,2.50011,2.50011,2.49989,2.49995,2.50005,-0.0001,-0.0750769,-0.0750546
200.5000,2.17814,1.81384,2.17814,7.59397e-09,4.95175,5,0.00123953,7.59397e-09,4.95175,2.17665,1.81068,2.17483,8.55923e-05,4.94632,4.99997,0.00128,8.20082e-05,4.94294,1.66832e-08,1.66832e-08,1.66832e-08,5,5,1.66832e-08,5,1.66832e-08,8.34191e-09,5,8.34191e-09,8.34163e-09,1.67901e-08,1.67897e-08,1.67901e-08,5,5,1.67889e-08,5,1.67943e-08,8.44404e-09,5,8.44406e-09,8.44397e-09,2.50005,2.49995,2.49989,2.50011,2.50011,2.49989,2.49995,2.50005,-0.0001,-0.0750758,-0.0750534
201.0000,2.17814,1.81384,2.17814,7.59397e-09,4.95175,5,0.00123953,7.59397e-09,4.95175,2.17665,1.81068,2.17483,8.55923e-05,4.94632,4.99997,0.00128,8.20082e-05,4.94294,1.66832e-08,1.66832e-08,1.66832e-08,5,5,1.66832e-08,5,1.66832e-08,8.34189e-09,5,8.34191e-09,8.34162e-09,1.67901e-08,1.67897e-08,1.67901e-08,5,5,1.67889e-08,5,1.67943e-08,8.44403e-09,5,8.44403e-09,8.44397e-09,2.50005,2.49995,2.49989,2.50011,2.50011,2.49989,2.49995,2.50005,-0.0001,-0.0750749,-0.0750524
201.5000,2.17814,1.81384,2.17814,7.59397e-09,4.95175,5,0.00123953,7.59397e-09,4.95175,2.17665,1.81068,2.17483,8.55923e-05,4.94632,4.99997,0.00128,8.20082e-05,4.94294,1.66832e-08,1.66832e-08,1.66832e-08,5,5,1.66832e-08,5,1.66832e-08,8.34187e-09,5,8.34188e-09,8.34162e-09,1.67901e-08,1.67897e-08,1.67901e-08,5,5,1.67889e-08,5,1.67943e-08,8.44401e-09,5,8.44402e-09,8.44397e-09,2.50005,2.49995,2.49989,2.50011,2.50011,2.49989,2.49995,2.50005,-0.0001,-0.075074,-0.0750514
202.0000,2.17814,1.81384,2.17814,7.59397e-09,4.95175,5,0.00123953,7.59397e-09,4.95175,2.17665,1.81068,2.17483,8.55923e-05,4.94632,4.99997,0.00128,8.20082e-05,4.94294,1.66832e-08,1.66832e-08,1.66832e-08,5,5,1.66832e-08,5,1.66832e-08,8.34185e-09,5,8.34188e-09,8.34164e-09,1.67901e-08,1.67897e-08,1.67901e-08,5,5,1.67889e-08,5,1.67943e-08,8.44399e-09,5,8.444e-09,8.44397e-09,2.50005,2.49995,2.49988,2.50012,2.50012,2.49988,2.49995,2.50005,-0.0001,-0.0750733,-0.0750506
202.5000,2.17814,1.81384,2.17814,7.59397e-09,4.95175,5,0.00123953,7.59397e-09,4.95175,2.17665,1.81068,2.17483,8.55923e-05,4.94632,4.99997,0.00128,8.20082e-05,4.94294,1.66832e-08,1.66832e-08,1.66832e-08,5,5,1.66832e-08,5,1.66832e-08,8.34184e-09,5,8.34185e-09,8.34163e-09,1.67901e-08,1.67897e-08,1.67901e-08,5,5,1.67889e-08,5,1.67943e-08,8.44398e-09,5,8.44398e-09,8.44397e-09,2.50005,2.49995,2.49988,2.50012,2.50012,2.49988,2.49995,2.50005,-0.0001,-0.0750727,-0.0750499
203.0000,2.17814,1.81384,2.17814,7.59397e-09,4.95175,5,0.00123953,7.59397e-09,4.95175,2.17665,1.81068,2.17483,8.55923e-05,4.94632,4.99997,0.00128,8.20082e-05,4.94294,1.66832e-08,1.66832e-08,1.66832e-08,5,5,1.66832e-08,5,1.66832e-08,8.34183e-09,5,8.34185e-09,8.34163e-09,1.67901e-08,1.67897e-08,1.67901e-08,5,5,1.67889e-08,5,1.67943e-08,8.44396e-09,5,8.44397e-09,8.44397e-09,2.50005,2.49995,2.49988,2.50012,2.50012,2.49988,2.49995,2.50005,-0.0001,-0.0750721,-0.0750493
203.5000,2.17814,1.81384,2.17814,7.59397e-09,4.95175,5,0.00123953,7.59397e-09,4.95175,2.17665,1.81068,2.17483,8.55923e-05,4.94632,4.99997,0.00128,8.20082e-05,4.94294,1.66832e-08,1.66832e-08,1.66832e-08,5,5,1.66832e-08,5,1.66832e-08,8.34182e-09,5,8.34183e-09,8.34163e-09,1.67901e-08,1.67897e-08,1.67901e-08,5,5,1.67889e-08,5,1.67943e-08,8.44395e-09,5,8.44396e-09,8.44397e-09,2.50005,2.49995,2.49988,2.50012,2.50012,2.49988,2.49995,2.50005,-0.0001,-0.0750716,-0.0750488
204.0000,2.17814,1.81384,2.17814,7.59397e-09,4.95175,5,0.00123953,7.59397e-09,4.95175,2.17665,1.81068,2.17483,8.55923e-05,4.94632,4.99997,0.00128,8.20082e-05,4.94294,1.66832e-08,1.66832e-08,1.66832e-08,5,5,1.66832e-08,5,1.66832e-08,8.34181e-09,5,8.34182e-09,8.34162e-09,1.67901e-08,1.67897e-08,1.67901e-08,5,5,1.67889e-08,5,1.67943e-08,8.44394e-09,5,8.44395e-09,8.44397e-09,2.50004,2.49996,2.49988,2.50012,2.50012,2.49988,2.49996,2.50004,-0.0001,-0.0750712,-0.0750483
204.5000,2.17814,1.81384,2.17814,7.59397e-09,4.95175,5,0.00123953,7.59397e-09,4.95175,2.17665,1.81068,2.17483,8.55923e-05,4.94632,4.99997,0.00128,8.20082e-05,4.94294,1.66832e-08,1.66832e-08,1.66832e-08,5,5,1.66832e-08,5,1.66832e-08,8.3418e-09,5,8.34182e-09,8.34163e-09,1.67901e-08,1.67897e-08,1.67901e-08,5,5,1.67889e-08,5,1.67943e-08,8.44393e-09,5,8.44393e-09,8.44397e-09,2.50004,2.49996,2.49988,2.50012,2.50012,2.49988,2.49996,2.50004,-0.0001,-0.0750709,-0.0750479
205.0000,2.17814,1.81384,2.17814,7.59397e-09,4.95175,5,0.00123953,7.59397e-09,4.95175,2.17665,1.81068,2.17483,8.55923e-05,4.94632,4.99997,0.00128,8.20082e-05,4.94294,1.66832e-08,1.66832e-08,1.66832e-08,5,5,1.66832e-08,5,1.66832e-08,8.34178e-09,5,8.3418e-09,8.34163e-09,1.67901e-08,1.67897e-08,1.67901e-08,5,5,1.67889e-08,5,1.67943e-08,8.44391e-09,5,8.44392e-09,8.44397e-09,2.50004,2.49996,2.49988,2.50012,2.50012,2.49988,2.49996,2.50004,-0.0001,-0.0750707,-0.0750476
205.5000,2.17814,1.81384,2.17814,7.59397e-09,4.95175,5,0.00123953,7.59397e-09,4.95175,2.17665,1.81068,2.17483,8.55923e-05,4.94632,4.99997,0.00128,8.20082e-05,4.94294,1.66832e-08,1.66832e-08,1.66832e-08,5,5,1.66832e-08,5,1.66832e-08,8.34178e-09,5,8.34179e-09,8.34163e-09,1.67901e-08,1.67897e-08,1.67901e-08,5,5,1.67889e-08,5,1.67943e-08,8.44391e-09,5,8.44392e-09,8.44397e-09,2.50004,2.49996,2.49988,2.50012,2.50012,2.49988,2.49996,2.50004,-0.0001,-0.0750705,-0.0750474
206.0000,2.17814,1.81384,2.17814,7.59397e-09,4.95175,5,0.00123953,7.59397e-09,4.95175,2.17665,1.81068,2.17483,8.55923e-05,4.94632,4.99997,0.00128,8.20082e-05,4.94294,1.66832e-08,1.66832e-08,1.66832e-08,5,5,1.66832e-08,5,1.66832e-08,8.34178e-09,5,8.34177e-09,8.34164e-09,1.67901e-08,1.67897e-08,1.67901e-08,5,5,1.67889e-08,5,1.67943e-08,8.4439e-09,5,8.44391e-09,8.44397e-09,2.50004,2.49996,2.49988,2.50012,2.50012,2.49988,2.49996,2.50004,-0.0001,-0.0750703,-0.0750472
206.5000,2.17814,1.81384,2.17814,7.59397e-09,4.95175,5,0.00123953,7.59397e-09,4.95175,2.17665,1.81068,2.17483,8.55923e-05,4.94632,4.99997,0.00128,8.20082e-05,4.94294,1.66832e-08,1.66832e-08,1.66832e-08,5,5,1.66832e-08,5,1.66832e-08,8.34176e-09,5,8.34177e-09,8.34163e-09,1.67901e-08,1.67897e-08,1.67901e-08,5,5,1.67889e-08,5,1.67943e-08,8.44389e-09,5,8.4439e-09,8.44397e-09,2.50004,2.49996,2.49988,2.50012,2.50012,2.49988,2.49996,2.50004,-0.0001,-0.0750702,-0.0750471
207.0000,2.17814,1.81384,2.17814,7.59397e-09,4.95175,5,0.00123953,7.59397e-09,4.95175,2.17665,1.81068,2.17483,8.55923e-05,4.94632,4.99997,0.00128,8.20082e-05,4.94294,1.66832e-08,1.66832e-08,1.66832e-08,5,5,1.66832e-08,5,1.66832e-08,8.34176e-09,5,8.34177e-09,8.34163e-09,1.67901e-08,1.67897e-08,1.67901e-08,5,5,1.67889e-08,5,1.67943e-08,8.44388e-09,5,8.44389e-09,8.44397e-09,2.50004,2.49996,2.49988,2.50012,2.50012,2.49988,2.49996,2.50004,-0.0001,-0.0750702,-0.075047
207.5000,2.17814,1.81384,2.17814,7.59397e-09,4.95175,5,0.00123953,7.59397e-09,4.95175,2.17665,1.81068,2.17483,8.55923e-05,4.94632,4.99997,0.00128,8.20082e-05,4.94294,1.66832e-08,1.66832e-08,1.66832e-08,5,5,1.66832e-08,5,1.66832e-08,8.34174e-09,5,8.34177e-09,8.34162e-09,1.67901e-08,1.67897e-08,1.67901e-08,5,5,1.67889e-08,5,1.67943e-08,8.44387e-09,5,8.44388e-09,8.44397e-09,2.50004,2.49996,2.49988,2.50012,2.50012,2.49988,2.49996,2.50004,-0.0001,-0.0750703,-0.075047
208.0000,2.17814,1.81384,2.17814,7.59397e-09,4.95175,5,0.00123953,7.59397e-09,4.95175,2.17665,1.81068,2.17483,8.55923e-05,4.94632,4.99997,0.00128,8.20082e-05,4.94294,1.66832e-08,1.66832e-08,1.66832e-08,5,5,1.66832e-08,5,1.66832e-08,8.34174e-09,5,8.34175e-09,8.34163e-09,1.67901e-08,1.67897e-08,1.67901e-08,5,5,1.67889e-08,5,1.67943e-08,8.44386e-09,5,8.44388e-09,8.44397e-09,2.50004,2.49996,2.49988,2.50012,2.50012,2.49988,2.49996,2.50004,-0.0001,-0.0750704,-0.075047
208.5000,2.17814,1.81384,2.17814,7.59397e-09,4.95175,5,0.00123953,7.59397e-09,4.95175,2.17665,1.81068,2.17483,8.55923e-05,4.94632,4.99997,0.00128,8.20082e-05,4.94294,1.66832e-08,1.66832e-08,1.66832e-08,5,5,1.66832e-08,5,1.66832e-08,8.34174e-09,5,8.34176e-09,8.34163e-09,1.67901e-08,1.67897e-08,1.67901e-08,5,5,1.67889e-08,5,1.67943e-08,8.44386e-09,5,8.44387e-09,8.44397e-09,2.50004,2.49996,2.49988,2.50012,2.50012,2.49988,2.49996,2.50004,-0.0001,-0.0750705,-0.0750471
209.0000,2.17814,1.81384,2.17814,7.59397e-09,4.95175,5,0.00123953,7.59397e-09,4.95175,2.17665,1.81068,2.17483,8.55923e-05,4.94632,4.99997,0.00128,8.20082e-05,4.94294,1.66832e-08,1.66832e-08,1.66832e-08,5,5,1.66832e-08,5,1.66832e-08,8.34174e-09,5,8.34174e-09,8.34163e-09,1.67901e-08,1.67897e-08,1.67901e-08,5,5,1.67889e-08,5,1.67943e-08,8.44385e-09,5,8.44387e-09,8.44397e-09,2.50003,2.49997,2.49988,2.50012,2.50012,2.49988,2.49997,2.50003,-0.0001,-0.0750707,-0.0750473
209.5000,2.17814,1.81384,2.17814,7.59397e-09,4.95175,5,0.00123953,7.59397e-09,4.95175,2.17665,1.81068,2.17483,8.55923e-05,4.94632,4.99997,0.00128,8.20082e-05,4.94294,1.66832e-08,1.66832e-08,1.66832e-08,5,5,1.66832e-08,5,1.66832e-08,8.34173e-09,5,8.34174e-09,8.34162e-09,1.67901e-08,1.67897e-08,1.67901e-08,5,5,1.67889e-08,5,1.67943e-08,8.44384e-09,5,8.44386e-09,8.44397e-09,2.50003,2.49997,2.49988,2.50012,2.50012,2.49988,2.49997,2.50003,-0.0001,-0.075071,-0.0750475
210.0000,2.17814,1.81384,2.17814,7.59397e-09,4.95175,5,0.00123953,7.59397e-09,4.95175,2.17665,1.81068,2.17483,8.55923e-05,4.94632,4.99997,0.00128,8.20082e-05,4.94294,1.66832e-08,1.66832e-08,1.66832e-08,5,5,1.66832e-08,5,1.66832e-08,8.34173e-09,5,8.34174e-09,8.34164e-09,1.67901e-08,1.67897e-08,1.67901e-08,5,5,1.67889e-08,5,1.67943e-08,8.44384e-09,5,8.44385e-09,8.44397e-09,2.50003,2.49997,2.49988,2.50012,2.50012,2.49988,2.49997,2.50003,-0.0001,-0.0750713,-0.0750478
210.5000,2.17814,1.81384,2.17814,7.59397e-09,4.95175,5,0.00123953,7.59397e-09,4.95175,2.17665,1.81068,2.17483,8.55923e-05,4.94632,4.99997,0.00128,8.20082e-05,4.94294,1.66832e-08,1.66832e-08,1.66832e-08,5,5,1.66832e-08,5,1.66832e-08,8.34172e-09,5,8.34173e-09,8.34163e-09,1.67901e-08,1.67897e-08,1.67901e-08,5,5,1.67889e-08,5,1.67943e-08,8.44384e-09,5,8.44385e-09,8.44398e-09,2.50003,2.49997,2.49988,2.50012,2.50012,2.49988,2.49997,2.50003,-0.0001,-0.0750717,-0.0750481
211.0000,2.17814,1.81384,2.17814,7.59397e-09,4.95175,5,0.00123953,7.59397e-09,4.95175,2.17665,1.81068,2.17483,8.55923e-05,4.94632,4.99997,0.00128,8.20082e-05,4.94294,1.66832e-08,1.66832e-08,1.66832e-08,5,5,1.66832e-08,5,1.66832e-08,8.34171e-09,5,8.34173e-09,8.34164e-09,1.67901e-08,1.67897e-08,1.67901e-08,5,5,1.67889e-08,5,1.67943e-08,8.44383e-09,5,8.44384e-09,8.44397e-09,2.50003,2.49997,2.49988,2.50012,2.50012,2.49988,2.49997,2.50003,-0.0001,-0.0750722,-0.0750486
211.5000,2.17814,1.81384,2.17814,7.59397e-09,4.95175,5,0.00123953,7.59397e-09,4.95175,2.17665,1.81068,2.17483,8.55923e-05,4.94632,4.99997,0.00128,8.20082e-05,4.94294,1.66832e-08,1.66832e-08,1.66832e-08,5,5,1.66832e-08,5,1.66832e-08,8.3417e-09,5,8.34172e-09,8.34163e-09,1.67901e-08,1.67897e-08,1.67901e-08,5,5,1.67889e-08,5,1.67943e-08,8.44383e-09,5,8.44384e-09,8.44398e-09,2.50003,2.49997,2.49988,2.50012,2.50012,2.49988,2.49997,2.50003,-0.0001,-0.0750728,-0.0750491
212.0000,2.17814,1.81384,2.17814,7.59397e-09,4.95175,5,0.00123953,7.59397e-09,4.95175,2.17665,1.81068,2.17483,8.55923e-05,4.94632,4.99997,0.00128,8.20082e-05,4.94294,1.66832e-08,1.66832e-08,1.66832e-08,5,5,1.66832e-08,5,1.66832e-08,8.34171e-09,5,8.34172e-09,8.34164e-09,1.67901e-08,1.67897e-08,1.67901e-08,5,5,1.67889e-08,5,1.67943e-08,8.44382e-09,5,8.44384e-09,8.44398e-09,2.50003,2.49997,2.49988,2.50012,2.50012,2.49988,2.49997,2.50003,-0.0001,-0.0750734,-0.0750497
212.5000,2.17814,1.81384,2.17814,7.59397e-09,4.95175,5,0.00123953,7.59397e-09,4.95175,2.17665,1.81068,2.17483,8.55923e-05,4.94632,4.99997,0.00128,8.20082e-05,4.94294,1.66832e-08,1.66832e-08,1.66832e-08,5,5,1.66832e-08,5,1.66832e-08,8.3417e-09,5,8.34171e-09,8.34163e-09,1.67901e-08,1.67897e-08,1.67901e-08,5,5,1.67889e-08,5,1.67943e-08,8.44382e-09,5,8.44383e-09,8.44398e-09,2.50003,2.49997,2.49988,2.50012,2.50012,2.49988,2.49997,2.50003,-0.0001,-0.0750743,-0.0750504
213.0000,2.17814,1.81384,2.17814,7.59397e-09,4.95175,5,0.00123953,7.59397e-09,4.95175,2.17665,1.81068,2.17483,8.55923e-05,4.94632,4.99997,0.00128,8.20082e-05,4.94294,1.66832e-08,1.66832e-08,1.66832e-08,5,5,1.66832e-08,5,1.66832e-08,8.3417e-09,5,8.34171e-09,8.34164e-09,1.67901e-08,1.67897e-08,1.67901e-08,5,5,1.67889e-08,5,1.67943e-08,8.44382e-09,5,8.44383e-09,8.44398e-09,2.50003,2.49997,2.49988,2.50012,2.50012,2.49988,2.49997,2.50003,-0.0001,-0.0750752,-0.0750513
213.5000,2.17814,1.81384,2.17814,7.59397e-09,4.95175,5,0.00123953,7.59397e-09,4.95175,2.17665,1.81068,2.17483,8.55923e-05,4.94632,4.99997,0.00128,8.20082e-05,4.94294,1.66832e-08,1.66832e-08,1.66832e-08,5,5,1.66832e-08,5,1.66832e-08,8.34169e-09,5,8.3417e-09,8.34162e-09,1.67901e-08,1.67897e-08,1.67901e-08,5,5,1.67889e-08,5,1.67943e-08,8.44381e-09,5,8.44383e-09,8.44398e-09,2.50002,2.49998,2.49988,2.50012,2.50012,2.49988,2.49998,2.50002,-0.0001,-0.0750764,-0.0750523
214.0000,2.17814,1.81384,2.17814,7.59397e-09,4.95175,5,0.00123953,7.59397e-09,4.95175,2.17665,1.81068,2.17483,8.55923e-05,4.94632,4.99997,0.00128,8.20082e-05,4.94294,1.66832e-08,1.66832e-08,1.66832e-08,5,5,1.66832e-08,5,1.66832e-08,8.3417e-09,5,8.3417e-09,8.34163e-09,1.67901e-08,1.67897e-08,1.67901e-08,5,5,1.67889e-08,5,1.67943e-08,8.44381e-09,5,8.44382e-09,8.44398e-09,2.50002,2.49998,2.49988,2.50012,2.50012,2.49988,2.49998,2.50002,-0.0001,-0.0750779,-0.0750536
214.5000,2.17814,1.81384,2.17814,7.59397e-09,4.95175,5,0.00123953,7.59397e-09,4.95175,2.17665,1.81068,2.17483,8.55923e-05,4.94632,4.99997,0.00128,8.20082e-05,4.94294,1.66832e-08,1.66832e-08,1.66832e-08,5,5,1.66832e-08,5,1.66832e-08,8.34168e-09,5,8.3417e-09,8.34164e-09,1.67901e-08,1.67897e-08,1.67901e-08,5,5,1.67889e-08,5,1.67943e-08,8.4438e-09,5,8.44382e-09,8.44398e-09,2.50002,2.49998,2.49988,2.50012,2.50012,2.49988,2.49998,2.50002,-0.0001,-0.0750798,-0.0750552
215.0000,2.17814,1.81384,2.17814,7.59397e-09,4.95175,5,0.00123953,7.59397e-09,4.95175,2.17665,1.81068,2.17483,8.55923e-05,4.94632,4.99997,0.00128,8.20082e-05,4.94294,1.66832e-08,1.66832e-08,1.66832e-08,5,5,1.66832e-08,5,1.66832e-08,8.34169e-09,5,8.3417e-09,8.34163e-09,1.67901e-08,1.67897e-08,1.67901e-08,5,5,1.67889e-08,5,1.67943e-08,8.4438e-09,5,8.44382e-09,8.44398e-09,2.50002,2.49998,2.49988,2.50012,2.50012,2.49988,2.49998,2.50002,-0.0001,-0.0750822,-0.0750572
215.5000,2.17814,1.81384,2.17814,7.59397e-09,4.95175,5,0.00123953,7.59397e-09,4.95175,2.17665,1.81068,2.17483,8.55923e-05,4.94632,4.99997,0.00128,8.20082e-05,4.94294,1.66832e-08,1.66832e-08,1.66832e-08,5,5,1.66832e-08,5,1.66832e-08,8.34168e-09,5,8.3417e-09,8.34163e-09,1.67901e-08,1.67897e-08,1.67901e-08,5,5,1.67889e-08,5,1.67943e-08,8.4438e-09,5,8.44382e-09,8.44398e-09,2.50002,2.49998,2.49988,2.50012,2.50012,2.49988,2.49998,2.50002,-0.0001,-0.0750852,-0.0750598
216.0000,2.17814,1.81384,2.17814,7.59397e-09,4.95175,5,0.00123953,7.59397e-09,4.95175,2.17665,1.81068,2.17483,8.55923e-05,4.94632,4.99997,0.00128,8.20082e-05,4.94294,1.66832e-08,1.66832e-08,1.66832e-08,5,5,1.66832e-08,5,1.66832e-08,8.34168e-09,5,8.3417e-09,8.34164e-09,1.67901e-08,1.67897e-08,1.67901e-08,5,5,1.67889e-08,5,1.67943e-08,8.44379e-09,5,8.44381e-09,8.44398e-09,2.50002,2.49998,2.49988,2.50012,2.50012,2.49988,2.49998,2.50002,-0.0001,-0.0750893,-0.0750632
216.5000,2.17814,1.81384,2.17814,7.59397e-09,4.95175,5,0.00123953,7.59397e-09,4.95175,2.17665,1.81068,2.17483,8.55923e-05,4.94632,4.99997,0.00128,8.20082e-05,4.94294,1.66832e-08,1.66832e-08,1.66832e-08,5,5,1.66832e-08,5,1.66832e-08,8.34168e-09,5,8.34169e-09,8.34162e-09,1.67901e-08,1.67897e-08,1.67901e-08,5,5,1.67889e-08,5,1.67943e-08,8.44379e-09,5,8.44381e-09,8.44398e-09,2.50002,2.49998,2.49988,2.50012,2.50012,2.49988,2.49998,2.50002,-0.0001,-0.0750947,-0.0750676
217.0000,2.17814,1.81384,2.17814,7.59397e-09,4.95175,5,0.00123953,7.59397e-09,4.95175,2.17665,1.81068,2.17483,8.55923e-05,4.94632,4.99997,0.00128,8.20082e-05,4.94294,1.66832e-08,1.66832e-08,1.66832e-08,5,5,1.66832e-08,5,1.66832e-08,8.34168e-09,5,8.34169e-09,8.34163e-09,1.67901e-08,1.67897e-08,1.67901e-08,5,5,1.67889e-08,5,1.67943e-08,8.44379e-09,5,8.44381e-09,8.44398e-09,2.50002,2.49998,2.49988,2.50012,2.50012,2.49988,2.49998,2.50002,-0.0001,-0.075102,-0.0750736
217.5000,2.17814,1.81384,2.17814,7.59397e-09,4.95175,5,0.00123953,7.59397e-09,4.95175,2.17665,1.81068,2.17483,8.55923e-05,4.94632,4.99997,0.00128,8.20082e-05,4.94294,1.66832e-08,1.66832e-08,1.66832e-08,5,5,1.66832e-08,5,1.66832e-08,8.34167e-09,5,8.3417e-09,8.34164e-09,1.67901e-08,1.67897e-08,1.67901e-08,5,5,1.67889e-08,5,1.67943e-08,8.44379e-09,5,8.4438e-09,8.44398e-09,2.50002,2.49998,2.49988,2.50012,2.50012,2.49988,2.49998,2.50002,-0.0001,-0.0751119,-0.0750816
218.0000,2.17814,1.81384,2.17814,7.59397e-09,4.95175,5,0.00123953,7.59397e-09,4.95175,2.17665,1.81068,2.17483,8.55923e-05,4.94632,4.99997,0.00128,8.20082e-05,4.94294,1.66832e-08,1.66832e-08,1.66832e-08,5,5,1.66832e-08,5,1.66832e-08,8.34168e-09,5,8.34169e-09,8.34163e-09,1.67901e-08,1.67897e-08,1.67901e-08,5,5,1.67889e-08,5,1.67943e-08,8.44378e-09,5,8.44381e-09,8.44398e-09,2.50002,2.49998,2.49988,2.50012,2.50012,2.49988,2.49998,2.50002,-0.0001,-0.0751254,-0.0750925
218.5000,2.17814,1.81384,2.17814,7.59397e-09,4.95175,5,0.00123953,7.59397e-09,4.95175,2.17665,1.81068,2.17483,8.55923e-05,4.94632,4.99997,0.00128,8.20082e-05,4.94294,1.66832e-08,1.66832e-08,1.66832e-08,5,5,1.66832e-08,5,1.66832e-08,8.34167e-09,5,8.34169e-09,8.34164e-09,1.67901e-08,1.67897e-08,1.67901e-08,5,5,1.67889e-08,5,1.67943e-08,8.44378e-09,5,8.44381e-09,8.44398e-09,2.50001,2.49999,2.49988,2.50012,2.50012,2.49988,2.49999,2.50001,-0.0001,-0.075144,-0.0751075
219.0000,2.17814,1.81384,2.17814,7.59397e-09,4.95175,5,0.00123953,7.59397e-09,4.95175,2.17665,1.81068,2.17483,8.55923e-05,4.94632,4.99997,0.00128,8.20082e-05,4.94294,1.66832e-08,1.66832e-08,1.66832e-08,5,5,1.66832e-08,5,1.66832e-08,8.34167e-09,5,8.34168e-09,8.34163e-09,1.67901e-08,1.67897e-08,1.67901e-08,5,5,1.67889e-08,5,1.67943e-08,8.44378e-09,5,8.4438e-09,8.44398e-09,2.50001,2.49999,2.49988,2.50012,2.50012,2.49988,2.49999,2.50001,-0.0001,-0.0751693,-0.0751279
219.5000,2.17814,1.81384,2.17814,7.59397e-09,4.95175,5,0.00123953,7.59397e-09,4.95175,2.17665,1.81068,2.17483,8.55923e-05,4.94632,4.99997,0.00128,8.20082e-05,4.94294,1.66832e-08,1.66832e-08,1.66832e-08,5,5,1.66832e-08,5,1.66832e-08,8.34166e-09,5,8.34169e-09,8.34164e-09,1.67901e-08,1.67897e-08,1.67901e-08,5,5,1.67889e-08,5,1.67943e-08,8.44378e-09,5,8.4438e-09,8.44398e-09,2.50001,2.49999,2.49988,2.50012,2.50012,2.49988,2.49999,2.50001,-0.0001,-0.075204,-0.0751558
220.0000,2.17814,1.81384,2.17814,7.59397e-09,4.95175,5,0.00123953,7.59397e-09,4.95175,2.17665,1.81068,2.17483,8.55923e-05,4.94632,4.99997,0.00128,8.20082e-05,4.94294,1.66832e-08,1.66832e-08,1.66832e-08,5,5,1.66832e-08,5,1.66832e-08,8.34167e-09,5,8.34168e-09,8.34163e-09,1.67901e-08,1.67897e-08,1.67901e-08,5,5,1.67889e-08,5,1.67943e-08,8.44378e-09,5,8.4438e-09,8.44398e-09,2.50001,2.49999,2.49988,2.50012,2.50012,2.49988,2.49999,2.50001,-0.0001,-0.0752512,-0.0751937
220.5000,2.17814,1.81384,2.17814,7.59397e-09,4.95175,5,0.00123953,7.59397e-09,4.95175,2.17665,1.81068,2.17483,8.55923e-05,4.94632,4.99997,0.00128,8.20082e-05,4.94294,1.66832e-08,1.66832e-08,1.66832e-08,5,5,1.66832e-08,5,1.66832e-08,8.34167e-09,5,8.34169e-09,8.34164e-09,1.67901e-08,1.67897e-08,1.67901e-08,5,5,1.67889e-08,5,1.67943e-08,8.44378e-09,5,8.4438e-09,8.44398e-09,2.50001,2.49999,2.49988,2.50012,2.50012,2.49988,2.49999,2.50001,-0.0001,-0.0753157,-0.0752455
221.0000,2.17814,1.81384,2.17814,7.59397e-09,4.95175,5,0.00123953,7.59397e-09,4.95175,2.17665,1.81068,2.17483,8.55923e-05,4.94632,4.99997,0.00128,8.20082e-05,4.94294,1.66832e-08,1.66832e-08,1.66832e-08,5,5,1.66832e-08,5,1.66832e-08,8.34166e-09,5,8.34169e-09,8.34164e-09,1.67901e-08,1.67897e-08,1.67901e-08,5,5,1.67889e-08,5,1.67943e-08,8.44377e-09,5,8.4438e-09,8.44398e-09,2.50001,2.49999,2.49988,2.50012,2.50012,2.49988,2.49999,2.50001,-0.0001,-0.0754027,-0.0753157
221.5000,2.17814,1.81384,2.17814,7.59397e-09,4.95175,5,0.00123953,7.59397e-09,4.95175,2.17665,1.81068,2.17483,8.55923e-05,4.94632,4.99997,0.00128,8.20082e-05,4.94294,1.66832e-08,1.66832e-08,1.66832e-08,5,5,1.66832e-08,5,1.66832e-08,8.34167e-09,5,8.34168e-09,8.34164e-09,1.67901e-08,1.67897e-08,1.67901e-08,5,5,1.67889e-08,5,1.67943e-08,8.44377e-09,5,8.4438e-09,8.44398e-09,2.50001,2.49999,2.49988,2.50012,2.50012,2.49988,2.49999,2.50001,-0.0001,-0.075506,-0.075409
222.0000,2.17814,1.81384,2.17814,7.59397e-09,4.95175,5,0.00123953,7.59397e-09,4.95175,2.17665,1.81068,2.17483,8.55923e-05,4.94632,4.99997,0.00128,8.20082e-05,4.94294,1.66832e-08,1.66832e-08,1.66832e-08,5,5,1.66832e-08,5,1.66832e-08,8.34166e-09,5,8.34168e-09,8.34164e-09,1.67901e-08,1.67897e-08,1.67901e-08,5,5,1.67889e-08,5,1.67943e-08,8.44377e-09,5,8.44379e-09,8.44398e-09,2.50001,2.49999,2.49988,2.50012,2.50012,2.49988,2.49999,2.50001,-0.0001,-0.0755618,-0.075507
222.5000,2.17814,1.81384,2.17814,7.59397e-09,4.95175,5,0.00123953,7.59397e-09,4.95175,2.17665,1.81068,2.17483,8.55923e-05,4.94632,4.99997,0.00128,8.20082e-05,4.94294,1.66832e-08,1.66832e-08,1.66832e-08,5,5,1.66832e-08,5,1.66832e-08,8.34167e-09,5,8.34169e-09,8.34164e-09,1.67901e-08,1.67897e-08,1.67901e-08,5,5,1.67889e-08,5,1.67943e-08,8.44377e-09,5,8.44379e-09,8.44398e-09,2.50001,2.49999,2.49988,2.50012,2.50012,2.49988,2.49999,2.50001,-0.0001,-0.0755845,-0.0755481
223.0000,2.17814,1.81384,2.17814,7.59397e-09,4.95175,5,0.00123953,7.59397e-09,4.95175,2.17665,1.81068,2.17483,8.55923e-05,4.94632,4.99997,0.00128,8.20082e-05,4.94294,1.66832e-08,1.66832e-08,1.66832e-08,5,5,1.66832e-08,5,1.66832e-08,8.34166e-09,5,8.34169e-09,8.34164e-09,1.67901e-08,1.67897e-08,1.67901e-08,5,5,1.67889e-08,5,1.67943e-08,8.44377e-09,5,8.44379e-09,8.44398e-09,2.5,2.5,2.49988,2.50012,2.50012,2.49988,2.5,2.5,-0.0001,-0.0755984,-0.0755676
223.5000,2.17814,1.81384,2.17814,7.59397e-09,4.95175,5,0.00123953,7.59397e-09,4.95175,2.17665,1.81068,2.17483,8.55923e-05,4.94632,4.99997,0.00128,8.20082e-05,4.94294,1.66832e-08,1.66832e-08,1.66832e-08,5,5,1.66832e-08,5,1.66832e-08,8.34165e-09,5,8.34169e-09,8.34164e-09,1.67901e-08,1.67897e-08,1.67901e-08,5,5,1.67889e-08,5,1.67943e-08,8.44377e-09,5,8.44379e-09,8.44399e-09,2.5,2.5,2.49988,2.50012,2.50012,2.49988,2.5,2.5,-0.0001,-0.075609,-0.0755801
224.0000,2.17814,1.81384,2.17814,7.59397e-09,4.95175,5,0.00123953,7.59397e-09,4.95175,2.17665,1.81068,2.17483,8.55923e-05,4.94632,4.99997,0.00128,8.20082e-05,4.94294,1.66832e-08,1.66832e-08,1.66832e-08,5,5,1.66832e-08,5,1.66832e-08,8.34166e-09,5,8.34167e-09,8.34165e-09,1.67901e-08,1.67897e-08,1.67901e-08,5,5,1.67889e-08,5,1.67943e-08,8.44377e-09,5,8.44379e-09,8.44399e-09,2.5,2.5,2.49988,2.50012,2.50012,2.49988,2.5,2.5,-0.0001,-0.0756801,-0.0755963
224.5000,2.17814,1.81384,2.17814,7.59397e-09,4.95175,5,0.00123953,7.59397e-09,4.95175,2.17665,1.81068,2.17483,8.55923e-05,4.94632,4.99997,0.00128,8.20082e-05,4.94294,1.66832e-08,1.66832e-08,1.66832e-08,5,5,1.66832e-08,5,1.66832e-08,8.34166e-09,5,8.34168e-09,8.34165e-09,1.67901e-08,1.67897e-08,1.67901e-08,5,5,1.67889e-08,5,1.67943e-08,8.44376e-09,5,8.44379e-09,8.44399e-09,2.5,2.5,2.49987,2.50013,2.50013,2.49987,2.5,2.5,-0.0001,-0.0758821,-0.0757114
225.0000,2.17814,1.81384,2.17814,7.59397e-09,4.95175,5,0.00123953,7.59397e-09,4.95175,2.17665,1.81068,2.17483,8.55923e-05,4.94632,4.99997,0.00128,8.20082e-05,4.94294,1.66832e-08,1.66832e-08,1.66832e-08,5,5,1.66832e-08,5,1.66832e-08,8.34166e-09,5,8.34169e-09,8.34165e-09,1.67901e-08,1.67897e-08,1.67901e-08,5,5,1.67889e-08,5,1.67943e-08,8.44376e-09,5,8.4438e-09,8.44399e-09,2.5,2.5,2.49987,2.50013,2.50013,2.49987,2.5,2.5,-0.0001,-0.0762275,-0.0759523
225.5000,1.81384,2.17814,2.17814,5,0.00123953,7.59397e-09,4.95175,7.59397e-09,4.95175,2.17665,1.81068,2.17483,8.55923e-05,4.94632,4.99997,0.00128,8.20082e-05,4.94294,1.66832e-08,1.66832e-08,5,5,5,1.66832e-08,1.66832e-08,1.66832e-08,8.34166e-09,5,8.34168e-09,8.34165e-09,1.67901e-08,1.67898e-08,1.67907e-08,5,5,1.67902e-08,5,1.67943e-08,8.44376e-09,5,8.44406e-09,8.44399e-09,2.5,2.5,2.49987,2.50013,2.50013,2.49987,2.5,2.5,-0.0001,-0.0766166,-0.076329
226.0000,1.81384,2.17814,2.17814,5,0.00123953,7.59397e-09,4.95175,7.59397e-09,4.95175,1.81193,2.17551,2.17483,4.99997,0.00124332,0.000216014,4.94333,8.20082e-05,4.94294,1.66832e-08,1.66832e-08,5,5,5,1.66832e-08,1.66832e-08,1.66832e-08,8.34166e-09,5,8.34168e-09,8.34165e-09,1.67901e-08,1.67901e-08,5,5,5,1.67944e-08,1.67957e-08,1.67943e-08,8.44376e-09,5,8.4443e-09,8.44399e-09,2.5,2.5,2.49988,2.50012,2.50012,2.49988,2.5,2.5,-0.0001,-0.0762081,-0.076465
226.5000,1.81384,2.17814,2.17814,5,0.00123953,7.59397e-09,4.95175,7.59397e-09,4.95175,1.81193,2.17551,2.17483,4.99997,0.00124332,0.000216014,4.94333,8.20082e-05,4.94294,1.66832e-08,1.66832e-08,5,5,5,1.66832e-08,1.66832e-08,1.66832e-08,8.34165e-09,5,8.34168e-09,8.34166e-09,1.67901e-08,1.679e-08,5,5,5,1.67931e-08,1.67943e-08,1.67943e-08,8.44376e-09,5,8.44403e-09,8.44399e-09,2.5,2.5,2.49988,2.50012,2.50012,2.49988,2.5,2.5,-0.0001,-0.0758964,-0.0760537
227.0000,1.81384,2.17814,2.17814,5,0.00123953,7.59397e-09,4.95175,7.59397e-09,4.95175,1.81193,2.17551,2.17483,4.99997,0.00124332,0.000216014,4.94333,8.20082e-05,4.94294,1.66832e-08,1.66832e-08,5,5,5,1.66832e-08,1.66832e-08,1.66832e-08,8.34164e-09,5,8.34168e-09,8.34165e-09,1.67901e-08,1.679e-08,5,5,5,1.67931e-08,1.67943e-08,1.67943e-08,8.44376e-09,5,8.44403e-09,8.44399e-09,2.5,2.5,2.49988,2.50012,2.50012,2.49988,2.5,2.5,-0.0001,-0.0757092,-0.0757749
227.5000,1.81384,2.17814,2.17814,5,0.00123953,7.59397e-09,4.95175,7.59397e-09,4.95175,1.81193,2.17551,2.17483,4.99997,0.00124332,0.000216014,4.94333,8.20082e-05,4.94294,1.66832e-08,1.66832e-08,5,5,5,1.66832e-08,1.66832e-08,1.66832e-08,8.34165e-09,5,8.34167e-09,8.34164e-09,1.67901e-08,1.679e-08,5,5,5,1.67931e-08,1.67943e-08,1.67943e-08,8.44376e-09,5,8.44403e-09,8.44399e-09,2.49999,2.50001,2.49988,2.50012,2.50012,2.49988,2.50001,2.49999,-0.0001,-0.0756066,-0.0756533
228.0000,1.81384,2.17814,2.17814,5,0.00123953,7.59397e-09,4.95175,7.59397e-09,4.95175,1.81193,2.17551,2.17483,4.99997,0.00124332,0.000216014,4.94333,8.20082e-05,4.94294,1.66832e-08,1.66832e-08,5,5,5,1.66832e-08,1.66832e-08,1.66832e-08,8.34165e-09,5,8.34168e-09,8.34166e-09,1.67901e-08,1.679e-08,5,5,5,1.67931e-08,1.67943e-08,1.67943e-08,8.44376e-09,5,8.44403e-09,8.44399e-09,2.49999,2.50001,2.49988,2.50012,2.50012,2.49988,2.50001,2.49999,-0.0001,-0.0754714,-0.0755182
228.5000,1.81384,2.17814,2.17814,5,0.00123953,7.59397e-09,4.95175,7.59397e-09,4.95175,1.81193,2.17551,2.17483,4.99997,0.00124332,0.000216014,4.94333,8.20082e-05,4.94294,1.66832e-08,1.66832e-08,5,5,5,1.66832e-08,1.66832e-08,1.66832e-08,8.34165e-09,5,8.34167e-09,8.34165e-09,1.67901e-08,1.679e-08,5,5,5,1.67931e-08,1.67943e-08,1.67943e-08,8.44376e-09,5,8.44403e-09,8.444e-09,2.49999,2.50001,2.49988,2.50012,2.50012,2.49988,2.50001,2.49999,-0.0001,-0.0753737,-0.0753983
229.0000,1.81384,2.17814,2.17814,5,0.00123953,7.59397e-09,4.95175,7.59397e-09,4.95175,1.81193,2.17551,2.17483,4.99997,0.00124332,0.000216014,4.94333,8.20082e-05,4.94294,1.66832e-08,1.66832e-08,5,5,5,1.66832e-08,1.66832e-08,1.66832e-08,8.34165e-09,5,8.34169e-09,8.34164e-09,1.67901e-08,1.679e-08,5,5,5,1.67931e-08,1.67943e-08,1.67943e-08,8.44375e-09,5,8.44403e-09,8.444e-09,2.49999,2.50001,2.49988,2.50012,2.50012,2.49988,2.50001,2.49999,-0.0001,-0.0753067,-0.075317
229.5000,1.81384,2.17814,2.17814,5,0.00123953,7.59397e-09,4.95175,7.59397e-09,4.95175,1.81193,2.17551,2.17483,4.99997,0.00124332,0.000216014,4.94333,8.20082e-05,4.94294,1.66832e-08,1.66832e-08,5,5,5,1.66832e-08,1.66832e-08,1.66832e-08,8.34165e-09,5,8.34168e-09,8.34165e-09,1.67901e-08,1.679e-08,5,5,5,1.67931e-08,1.67943e-08,1.67943e-08,8.44376e-09,5,8.44403e-09,8.444e-09,2.49999,2.50001,2.49988,2.50012,2.50012,2.49988,2.50001,2.49999,-0.0001,-0.0752592,-0.0752605
230.0000,1.81384,2.17814,2.17814,5,0.00123953,7.59397e-09,4.95175,7.59397e-09,4.95175,1.81193,2.17551,2.17483,4.99997,0.00124332,0.000216014,4.94333,8.20082e-05,4.94294,1.66832e-08,1.66832e-08,5,5,5,1.66832e-08,1.66832e-08,1.66832e-08,8.34165e-09,5,8.34168e-09,8.34165e-09,1.67901e-08,1.679e-08,5,5,5,1.67931e-08,1.67943e-08,1.67943e-08,8.44375e-09,5,8.44403e-09,8.444e-09,2.49999,2.50001,2.49988,2.50012,2.50012,2.49988,2.50001,2.49999,-0.0001,-0.075225,-0.0752209
230.5000,1.81384,2.17814,2.17814,5,0.00123953,7.59397e-09,4.95175,7.59397e-09,4.95175,1.81193,2.17551,2.17483,4.99997,0.00124332,0.000216014,4.94333,8.20082e-05,4.94294,1.66832e-08,1.66832e-08,5,5,5,1.66832e-08,1.66832e-08,1.66832e-08,8.34164e-09,5,8.34168e-09,8.34165e-09,1.67901e-08,1.679e-08,5,5,5,1.67931e-08,1.67943e-08,1.67943e-08,8.44375e-09,5,8.44403e-09,8.444e-09,2.49999,2.50001,2.49988,2.50012,2.50012,2.49988,2.50001,2.49999,-0.0001,-0.0751994,-0.0751916
231.0000,1.81384,2.17814,2.17814,5,0.00123953,7.59397e-09,4.95175,7.59397e-09,4.95175,1.81193,2.17551,2.17483,4.99997,0.00124332,0.000216014,4.94333,8.20082e-05,4.94294,1.66832e-08,1.66832e-08,5,5,5,1.66832e-08,1.66832e-08,1.66832e-08,8.34164e-09,5,8.34168e-09,8.34166e-09,1.67901e-08,1.679e-08,5,5,5,1.67931e-08,1.67943e-08,1.67943e-08,8.44375e-09,5,8.44403e-09,8.444e-09,2.49999,2.50001,2.49988,2.50012,2.50012,2.49988,2.50001,2.49999,-0.0001,-0.0751797,-0.0751693
231.5000,1.81384,2.17814,2.17814,5,0.00123953,7.59397e-09,4.95175,7.59397e-09,4.95175,1.81193,2.17551,2.17483,4.99997,0.00124332,0.000216014,4.94333,8.20082e-05,4.94294,1.66832e-08,1.66832e-08,5,5,5,1.66832e-08,1.66832e-08,1.66832e-08,8.34163e-09,5,8.34169e-09,8.34165e-09,1.67901e-08,1.679e-08,5,5,5,1.67931e-08,1.67943e-08,1.67943e-08,8.44375e-09,5,8.44403e-09,8.444e-09,2.49999,2.50001,2.49988,2.50012,2.50012,2.49988,2.50001,2.49999,-0.0001,-0.0751641,-0.075152
232.0000,1.81384,2.17814,2.17814,5,0.00123953,7.59397e-09,4.95175,7.59397e-09,4.95175,1.81193,2.17551,2.17483,4.99997,0.00124332,0.000216014,4.94333,8.20082e-05,4.94294,1.66832e-08,1.66832e-08,5,5,5,1.66832e-08,1.66832e-08,1.66832e-08,8.34164e-09,5,8.34168e-09,8.34166e-09,1.67901e-08,1.679e-08,5,5,5,1.67931e-08,1.67943e-08,1.67943e-08,8.44375e-09,5,8.44403e-09,8.444e-09,2.49998,2.50002,2.49988,2.50012,2.50012,2.49988,2.50002,2.49998,-0.0001,-0.0751517,-0.0751382
232.5000,1.81384,2.17814,2.17814,5,0.00123953,7.59397e-09,4.95175,7.59397e-09,4.95175,1.81193,2.17551,2.17483,4.99997,0.00124332,0.000216014,4.94333,8.20082e-05,4.94294,1.66832e-08,1.66832e-08,5,5,5,1.66832e-08,1.66832e-08,1.66832e-08,8.34164e-09,5,8.34169e-09,8.34165e-09,1.67901e-08,1.679e-08,5,5,5,1.67931e-08,1.67943e-08,1.67943e-08,8.44375e-09,5,8.44403e-09,8.44401e-09,2.49998,2.50002,2.49988,2.50012,2.50012,2.49988,2.50002,2.49998,-0.0001,-0.0751416,-0.0751271
233.0000,1.81384,2.17814,2.17814,5,0.00123953,7.59397e-09,4.95175,7.59397e-09,4.95175,1.81193,2.17551,2.17483,4.99997,0.00124332,0.000216014,4.94333,8.20082e-05,4.94294,1.66832e-08,1.66832e-08,5,5,5,1.66832e-08,1.66832e-08,1.66832e-08,8.34164e-09,5,8.34168e-09,8.34166e-09,1.67901e-08,1.679e-08,5,5,5,1.67931e-08,1.67943e-08,1.67943e-08,8.44375e-09,5,8.44403e-09,8.44401e-09,2.49998,2.50002,2.49988,2.50012,2.50012,2.49988,2.50002,2.49998,-0.0001,-0.0751333,-0.075118
233.5000,1.81384,2.17814,2.17814,5,0.00123953,7.59397e-09,4.95175,7.59397e-09,4.95175,1.81193,2.17551,2.17483,4.99997,0.00124332,0.000216014,4.94333,8.20082e-05,4.94294,1.66832e-08,1.66832e-08,5,5,5,1.66832e-08,1.66832e-08,1.66832e-08,8.34164e-09,5,8.34169e-09,8.34166e-09,1.67901e-08,1.679e-08,5,5,5,1.67931e-08,1.67943e-08,1.67943e-08,8.44375e-09,5,8.44403e-09,8.44401e-09,2.49998,2.50002,2.49988,2.50012,2.50012,2.49988,2.50002,2.49998,-0.0001,-0.0751265,-0.0751105
234.0000,1.81384,2.17814,2.17814,5,0.00123953,7.59397e-09,4.95175,7.59397e-09,4.95175,1.81193,2.17551,2.17483,4.99997,0.00124332,0.000216014,4.94333,8.20082e-05,4.94294,1.66832e-08,1.66832e-08,5,5,5,1.66832e-08,1.66832e-08,1.66832e-08,8.34164e-09,5,8.34168e-09,8.34167e-09,1.67901e-08,1.679e-08,5,5,5,1.67931e-08,1.67943e-08,1.67943e-08,8.44375e-09,5,8.44404e-09,8.44401e-09,2.49998,2.50002,2.49988,2.50012,2.50012,2.49988,2.50002,2.49998,-0.0001,-0.0751208,-0.0751043
234.5000,1.81384,2.17814,2.17814,5,0.00123953,7.59397e-09,4.95175,7.59397e-09,4.95175,1.81193,2.17551,2.17483,4.99997,0.00124332,0.000216014,4.94333,8.20082e-05,4.94294,1.66832e-08,1.66832e-08,5,5,5,1.66832e-08,1.66832e-08,1.66832e-08,8.34164e-09,5,8.34169e-09,8.34166e-09,1.67901e-08,1.679e-08,5,5,5,1.67931e-08,1.67943e-08,1.67943e-08,8.44375e-09,5,8.44404e-09,8.44401e-09,2.49998,2.50002,2.49988,2.50012,2.50012,2.49988,2.50002,2.49998,-0.0001,-0.075116,-0.0750991
235.0000,1.81384,2.17814,2.17814,5,0.00123953,7.59397e-09,4.95175,7.59397e-09,4.95175,1.81193,2.17551,2.17483,4.99997,0.00124332,0.000216014,4.94333,8.20082e-05,4.94294,1.66832e-08,1.66832e-08,5,5,5,1.66832e-08,1.66832e-08,1.66832e-08,8.34163e-09,5,8.34169e-09,8.34167e-09,1.67901e-08,1.679e-08,5,5,5,1.67931e-08,1.67943e-08,1.67943e-08,8.44375e-09,5,8.44404e-09,8.44402e-09,2.49998,2.50002,2.49988,2.50012,2.50012,2.49988,2.50002,2.49998,-0.0001,-0.075112,-0.0750947
235.5000,1.81384,2.17814,2.17814,5,0.00123953,7.59397e-09,4.95175,7.59397e-09,4.95175,1.81193,2.17551,2.17483,4.99997,0.00124332,0.000216014,4.94333,8.20082e-05,4.94294,1.66832e-08,1.66832e-08,5,5,5,1.66832e-08,1.66832e-08,1.66832e-08,8.34164e-09,5,8.34169e-09,8.34167e-09,1.67901e-08,1.679e-08,5,5,5,1.67931e-08,1.67943e-08,1.67943e-08,8.44375e-09,5,8.44404e-09,8.44402e-09,2.49998,2.50002,2.49988,2.50012,2.50012,2.49988,2.50002,2.49998,-0.0001,-0.0751086,-0.075091
236.0000,1.81384,2.17814,2.17814,5,0.00123953,7.59397e-09,4.95175,7.59397e-09,4.95175,1.81193,2.17551,2.17483,4.99997,0.00124332,0.000216014,4.94333,8.20082e-05,4.94294,1.66832e-08,1.66832e-08,5,5,5,1.66832e-08,1.66832e-08,1.66832e-08,8.34163e-09,5,8.34169e-09,8.34167e-09,1.67901e-08,1.679e-08,5,5,5,1.67931e-08,1.67943e-08,1.67943e-08,8.44375e-09,5,8.44404e-09,8.44402e-09,2.49998,2.50002,2.49988,2.50012,2.50012,2.49988,2.50002,2.49998,-0.0001,-0.0751056,-0.0750879
236.5000,1.81384,2.17814,2.17814,5,0.00123953,7.59397e-09,4.95175,7.59397e-09,4.95175,1.81193,2.17551,2.17483,4.99997,0.00124332,0.000216014,4.94333,8.20082e-05,4.94294,1.66832e-08,1.66832e-08,5,5,5,1.66832e-08,1.66832e-08,1.66832e-08,8.34164e-09,5,8.34169e-09,8.34168e-09,1.67901e-08,1.679e-08,5,5,5,1.67931e-08,1.67943e-08,1.67943e-08,8.44374e-09,5,8.44404e-09,8.44402e-09,2.49998,2.50002,2.49988,2.50012,2.50012,2.49988,2.50002,2.49998,-0.0001,-0.0751032,-0.0750852
237.0000,1.81384,2.17814,2.17814,5,0.00123953,7.59397e-09,4.95175,7.59397e-09,4.95175,1.81193,2.17551,2.17483,4.99997,0.00124332,0.000216014,4.94333,8.20082e-05,4.94294,1.66832e-08,1.66832e-08,5,5,5,1.66832e-08,1.66832e-08,1.66832e-08,8.34163e-09,5,8.3417e-09,8.34167e-09,1.67901e-08,1.679e-08,5,5,5,1.67931e-08,1.67943e-08,1.67943e-08,8.44375e-09,5,8.44405e-09,8.44403e-09,2.49997,2.50003,2.49988,2.50012,2.50012,2.49988,2.50003,2.49997,-0.0001,-0.075101,-0.0750829
237.5000,1.81384,2.17814,2.17814,5,0.00123953,7.59397e-09,4.95175,7.59397e-09,4.95175,1.81193,2.17551,2.17483,4.99997,0.00124332,0.000216014,4.94333,8.20082e-05,4.94294,1.66832e-08,1.66832e-08,5,5,5,1.66832e-08,1.66832e-08,1.66832e-08,8.34163e-09,5,8.34169e-09,8.34168e-09,1.67901e-08,1.679e-08,5,5,5,1.67931e-08,1.67943e-08,1.67943e-08,8.44375e-09,5,8.44405e-09,8.44403e-09,2.49997,2.50003,2.49988,2.50012,2.50012,2.49988,2.50003,2.49997,-0.0001,-0.0750992,-0.075081
238.0000,1.81384,2.17814,2.17814,5,0.00123953,7.59397e-09,4.95175,7.59397e-09,4.95175,1.81193,2.17551,2.17483,4.99997,0.00124332,0.000216014,4.94333,8.20082e-05,4.94294,1.66832e-08,1.66832e-08,5,5,5,1.66832e-08,1.66832e-08,1.66832e-08,8.34163e-09,5,8.3417e-09,8.34168e-09,1.67901e-08,1.679e-08,5,5,5,1.67931e-08,1.67943e-08,1.67943e-08,8.44374e-09,5,8.44405e-09,8.44403e-09,2.49997,2.50003,2.49988,2.50012,2.50012,2.49988,2.50003,2.49997,-0.0001,-0.0750977,-0.0750793
238.5000,1.81384,2.17814,2.17814,5,0.00123953,7.59397e-09,4.95175,7.59397e-09,4.95175,1.81193,2.17551,2.17483,4.99997,0.00124332,0.000216014,4.94333,8.20082e-05,4.94294,1.66832e-08,1.66832e-08,5,5,5,1.66832e-08,1.66832e-08,1.66832e-08,8.34163e-09,5,8.34169e-09,8.34169e-09,1.67901e-08,1.679e-08,5,5,5,1.67931e-08,1.67943e-08,1.67943e-08,8.44375e-09,5,8.44405e-09,8.44404e-09,2.49997,2.50003,2.49988,2.50012,2.50012,2.49988,2.50003,2.49997,-0.0001,-0.0750964,-0.0750779
239.0000,1.81384,2.17814,2.17814,5,0.00123953,7.59397e-09,4.95175,7.59397e-09,4.95175,1.81193,2.17551,2.17483,4.99997,0.00124332,0.000216014,4.94333,8.20082e-05,4.94294,1.66832e-08,1.66832e-08,5,5,5,1.66832e-08,1.66832e-08,1.66832e-08,8.34164e-09,5,8.3417e-09,8.34168e-09,1.67901e-08,1.679e-08,5,5,5,1.67931e-08,1.67943e-08,1.67943e-08,8.44375e-09,5,8.44406e-09,8.44404e-09,2.49997,2.50003,2.49988,2.50012,2.50012,2.49988,2.50003,2.49997,-0.0001,-0.0750953,-0.0750767
239.5000,1.81384,2.17814,2.17814,5,0.00123953,7.59397e-09,4.95175,7.59397e-09,4.95175,1.81193,2.17551,2.17483,4.99997,0.00124332,0.000216014,4.94333,8.20082e-05,4.94294,1.66832e-08,1.66832e-08,5,5,5,1.66832e-08,1.66832e-08,1.66832e-08,8.34163e-09,5,8.34172e-09,8.34169e-09,1.67901e-08,1.679e-08,5,5,5,1.67931e-08,1.67943e-08,1.67943e-08,8.44374e-09,5,8.44406e-09,8.44404e-09,2.49997,2.50003,2.49988,2.50012,2.50012,2.49988,2.50003,2.49997,-0.0001,-0.0750944,-0.0750757
240.0000,1.81384,2.17814,2.17814,5,0.00123953,7.59397e-09,4.95175,7.59397e-09,4.95175,1.81193,2.17551,2.17483,4.99997,0.00124332,0.000216014,4.94333,8.20082e-05,4.94294,1.66832e-08,1.66832e-08,5,5,5,1.66832e-08,1.66832e-08,1.66832e-08,8.34163e-09,5,8.34171e-09,8.34169e-09,1.67901e-08,1.679e-08,5,5,5,1.67931e-08,1.67943e-08,1.67943e-08,8.44374e-09,5,8.44406e-09,8.44405e-09,2.49997,2.50003,2.49988,2.50012,2.50012,2.49988,2.50003,2.49997,-0.0001,-0.0750936,-0.0750749
240.5000,1.81384,2.17814,2.17814,5,0.00123953,7.59397e-09,4.95175,7.59397e-09,4.95175,1.81193,2.17551,2.17483,4.99997,0.00124332,0.000216014,4.94333,8.20082e-05,4.94294,1.66832e-08,1.66832e-08,5,5,5,1.66832e-08,1.66832e-08,1.66832e-08,8.34163e-09,5,8.34172e-09,8.3417e-09,1.67901e-08,1.679e-08,5,5,5,1.67931e-08,1.67943e-08,1.67943e-08,8.44374e-09,5,8.44407e-09,8.44405e-09,2.49997,2.50003,2.49988,2.50012,2.50012,2.49988,2.50003,2.49997,-0.0001,-0.075093,-0.0750742
241.0000,1.81384,2.17814,2.17814,5,0.00123953,7.59397e-09,4.95175,7.59397e-09,4.95175,1.81193,2.17551,2.17483,4.99997,0.00124332,0.000216014,4.94333,8.20082e-05,4.94294,1.66832e-08,1.66832e-08,5,5,5,1.66832e-08,1.66832e-08,1.66832e-08,8.34163e-09,5,8.34172e-09,8.3417e-09,1.67901e-08,1.679e-08,5,5,5,1.67931e-08,1.67943e-08,1.67943e-08,8.44374e-09,5,8.44407e-09,8.44405e-09,2.49997,2.50003,2.49988,2.50012,2.50012,2.49988,2.50003,2.49997,-0.0001,-0.0750925,-0.0750737
241.5000,1.81384,2.17814,2.17814,5,0.00123953,7.59397e-09,4.95175,7.59397e-09,4.95175,1.81193,2.17551,2.17483,4.99997,0.00124332,0.000216014,4.94333,8.20082e-05,4.94294,1.66832e-08,1.66832e-08,5,5,5,1.66832e-08,1.66832e-08,1.66832e-08,8.34164e-09,5,8.34172e-09,8.34171e-09,1.67901e-08,1.679e-08,5,5,5,1.67931e-08,1.67943e-08,1.67943e-08,8.44374e-09,5,8.44408e-09,8.44406e-09,2.49996,2.50004,2.49988,2.50012,2.50012,2.49988,2.50004,2.49996,-0.0001,-0.0750921,-0.0750732
242.0000,1.81384,2.17814,2.17814,5,0.00123953,7.59397e-09,4.95175,7.59397e-09,4.95175,1.81193,2.17551,2.17483,4.99997,0.00124332,0.000216014,4.94333,8.20082e-05,4.94294,1.66832e-08,1.66832e-08,5,5,5,1.66832e-08,1.66832e-08,1.66832e-08,8.34163e-09,5,8.34174e-09,8.34172e-09,1.67901e-08,1.679e-08,5,5,5,1.67931e-08,1.67943e-08,1.67943e-08,8.44374e-09,5,8.44408e-09,8.44406e-09,2.49996,2.50004,2.49988,2.50012,2.50012,2.49988,2.50004,2.49996,-0.0001,-0.0750919,-0.0750729
242.5000,1.81384,2.17814,2.17814,5,0.00123953,7.59397e-09,4.95175,7.59397e-09,4.95175,1.81193,2.17551,2.17483,4.99997,0.00124332,0.000216014,4.94333,8.20082e-05,4.94294,1.66832e-08,1.66832e-08,5,5,5,1.66832e-08,1.66832e-08,1.66832e-08,8.34163e-09,5,8.34173e-09,8.34171e-09,1.67901e-08,1.679e-08,5,5,5,1.67931e-08,1.67943e-08,1.67943e-08,8.44374e-09,5,8.44409e-09,8.44407e-09,2.49996,2.50004,2.49988,2.50012,2.50012,2.49988,2.50004,2.49996,-0.0001,-0.0750917,-0.0750727
243.0000,1.81384,2.17814,2.17814,5,0.00123953,7.59397e-09,4.95175,7.59397e-09,4.95175,1.81193,2.17551,2.17483,4.99997,0.00124332,0.000216014,4.94333,8.20082e-05,4.94294,1.66832e-08,1.66832e-08,5,5,5,1.66832e-08,1.66832e-08,1.66832e-08,8.34163e-09,5,8.34174e-09,8.34172e-09,1.67901e-08,1.679e-08,5,5,5,1.67931e-08,1.67943e-08,1.67943e-08,8.44374e-09,5,8.44409e-09,8.44407e-09,2.49996,2.50004,2.49988,2.50012,2.50012,2.49988,2.50004,2.49996,-0.0001,-0.0750916,-0.0750726
243.5000,1.81384,2.17814,2.17814,5,0.00123953,7.59397e-09,4.95175,7.59397e-09,4.95175,1.81193,2.17551,2.17483,4.99997,0.00124332,0.000216014,4.94333,8.20082e-05,4.94294,1.66832e-08,1.66832e-08,5,5,5,1.66832e-08,1.66832e-08,1.66832e-08,8.34163e-09,5,8.34175e-09,8.34173e-09,1.67901e-08,1.679e-08,5,5,5,1.67931e-08,1.67943e-08,1.67943e-08,8.44374e-09,5,8.44409e-09,8.44408e-09,2.49996,2.50004,2.49988,2.50012,2.50012,2.49988,2.50004,2.49996,-0.0001,-0.0750917,-0.0750726
244.0000,1.81384,2.17814,2.17814,5,0.00123953,7.59397e-09,4.95175,7.59397e-09,4.95175,1.81193,2.17551,2.17483,4.99997,0.00124332,0.000216014,4.94333,8.20082e-05,4.94294,1.66832e-08,1.66832e-08,5,5,5,1.66832e-08,1.66832e-08,1.66832e-08,8.34164e-09,5,8.34174e-09,8.34172e-09,1.67901e-08,1.679e-08,5,5,5,1.67931e-08,1.67943e-08,1.67943e-08,8.44374e-09,5,8.4441e-09,8.44409e-09,2.49996,2.50004,2.49988,2.50012,2.50012,2.49988,2.50004,2.49996,-0.0001,-0.0750918,-0.0750727
244.5000,1.81384,2.17814,2.17814,5,0.00123953,7.59397e-09,4.95175,7.59397e-09,4.95175,1.81193,2.17551,2.17483,4.99997,0.00124332,0.000216014,4.94333,8.20082e-05,4.94294,1.66832e-08,1.66832e-08,5,5,5,1.66832e-08,1.66832e-08,1.66832e-08,8.34163e-09,5,8.34175e-09,8.34174e-09,1.67901e-08,1.679e-08,5,5,5,1.67931e-08,1.67943e-08,1.67943e-08,8.44374e-09,5,8.44411e-09,8.44409e-09,2.49996,2.50004,2.49988,2.50012,2.50012,2.49988,2.50004,2.49996,-0.0001,-0.0750919,-0.0750728
245.0000,1.81384,2.17814,2.17814,5,0.00123953,7.59397e-09,4.95175,7.59397e-09,4.95175,1.81193,2.17551,2.17483,4.99997,0.00124332,0.000216014,4.94333,8.20082e-05,4.94294,1.66832e-08,1.66832e-08,5,5,5,1.66832e-08,1.66832e-08,1.66832e-08,8.34163e-09,5,8.34176e-09,8.34175e-09,1.67901e-08,1.679e-08,5,5,5,1.67931e-08,1.67943e-08,1.67943e-08,8.44374e-09,5,8.44412e-09,8.4441e-09,2.49996,2.50004,2.49988,2.50012,2.50012,2.49988,2.50004,2.49996,-0.0001,-0.0750922,-0.0750731
245.5000,1.81384,2.17814,2.17814,5,0.00123953,7.59397e-09,4.95175,7.59397e-09,4.95175,1.81193,2.17551,2.17483,4.99997,0.00124332,0.000216014,4.94333,8.20082e-05,4.94294,1.66832e-08,1.66832e-08,5,5,5,1.66832e-08,1.66832e-08,1.66832e-08,8.34163e-09,5,8.34176e-09,8.34176e-09,1.67901e-08,1.679e-08,5,5,5,1.67931e-08,1.67943e-08,1.67943e-08,8.44374e-09,5,8.44412e-09,8.44411e-09,2.49996,2.50004,2.49988,2.50012,2.50012,2.49988,2.50004,2.49996,-0.0001,-0.0750925,-0.0750734
246.0000,1.81384,2.17814,2.17814,5,0.00123953,7.59397e-09,4.95175,7.59397e-09,4.95175,1.81193,2.17551,2.17483,4.99997,0.00124332,0.000216014,4.94333,8.20082e-05,4.94294,1.66832e-08,1.66832e-08,5,5,5,1.66832e-08,1.66832e-08,1.66832e-08,8.34163e-09,5,8.34177e-09,8.34176e-09,1.67901e-08,1.679e-08,5,5,5,1.67931e-08,1.67943e-08,1.67943e-08,8.44374e-09,5,8.44413e-09,8.44412e-09,2.49996,2.50004,2.49988,2.50012,2.50012,2.49988,2.50004,2.49996,-0.0001,-0.0750929,-0.0750738
246.5000,1.81384,2.17814,2.17814,5,0.00123953,7.59397e-09,4.95175,7.59397e-09,4.95175,1.81193,2.17551,2.17483,4.99997,0.00124332,0.000216014,4.94333,8.20082e-05,4.94294,1.66832e-08,1.66832e-08,5,5,5,1.66832e-08,1.66832e-08,1.66832e-08,8.34164e-09,5,8.34177e-09,8.34177e-09,1.67901e-08,1.679e-08,5,5,5,1.67931e-08,1.67943e-08,1.67943e-08,8.44374e-09,5,8.44414e-09,8.44413e-09,2.49995,2.50005,2.49988,2.50012,2.50012,2.49988,2.50005,2.49995,-0.0001,-0.0750934,-0.0750743
247.0000,1.81384,2.17814,2.17814,5,0.00123953,7.59397e-09,4.95175,7.59397e-09,4.95175,1.81193,2.17551,2.17483,4.99997,0.00124332,0.000216014,4.94333,8.20082e-05,4.94294,1.66832e-08,1.66832e-08,5,5,5,1.66832e-08,1.66832e-08,1.66832e-08,8.34163e-09,5,8.34179e-09,8.34177e-09,1.67901e-08,1.679e-08,5,5,5,1.67931e-08,1.67943e-08,1.67943e-08,8.44374e-09,5,8.44415e-09,8.44414e-09,2.49995,2.50005,2.49988,2.50012,2.50012,2.49988,2.50005,2.49995,-0.0001,-0.075094,-0.0750749
247.5000,1.81384,2.17814,2.17814,5,0.00123953,7.59397e-09,4.95175,7.59397e-09,4.95175,1.81193,2.17551,2.17483,4.99997,0.00124332,0.000216014,4.94333,8.20082e-05,4.94294,1.66832e-08,1.66832e-08,5,5,5,1.66832e-08,1.66832e-08,1.66832e-08,8.34163e-09,5,8.34179e-09,8.34178e-09,1.67901e-08,1.679e-08,5,5,5,1.67931e-08,1.67943e-08,1.67943e-08,8.44374e-09,5,8.44416e-09,8.44414e-09,2.49995,2.50005,2.49988,2.50012,2.50012,2.49988,2.50005,2.49995,-0.0001,-0.0750947,-0.0750755
248.0000,1.81384,2.17814,2.17814,5,0.00123953,7.59397e-09,4.95175,7.59397e-09,4.95175,1.81193,2.17551,2.17483,4.99997,0.00124332,0.000216014,4.94333,8.20082e-05,4.94294,1.66832e-08,1.66832e-08,5,5,5,1.66832e-08,1.66832e-08,1.66832e-08,8.34162e-09,5,8.34181e-09,8.3418e-09,1.67901e-08,1.679e-08,5,5,5,1.67931e-08,1.67943e-08,1.67943e-08,8.44374e-09,5,8.44417e-09,8.44416e-09,2.49995,2.50005,2.49988,2.50012,2.50012,2.49988,2.50005,2.49995,-0.0001,-0.0750954,-0.0750763
248.5000,1.81384,2.17814,2.17814,5,0.00123953,7.59397e-09,4.95175,7.59397e-09,4.95175,1.81193,2.17551,2.17483,4.99997,0.00124332,0.000216014,4.94333,8.20082e-05,4.94294,1.66832e-08,1.66832e-08,5,5,5,1.66832e-08,1.66832e-08,1.66832e-08,8.34163e-09,5,8.34183e-09,8.3418e-09,1.67901e-08,1.679e-08,5,5,5,1.67931e-08,1.67943e-08,1.67943e-08,8.44374e-09,5,8.44418e-09,8.44417e-09,2.49995,2.50005,2.49989,2.50011,2.50011,2.49989,2.50005,2.49995,-0.0001,-0.0750962,-0.0750771
249.0000,1.81384,2.17814,2.17814,5,0.00123953,7.59397e-09,4.95175,7.59397e-09,4.95175,1.81193,2.17551,2.17483,4.99997,0.00124332,0.000216014,4.94333,8.20082e-05,4.94294,1.66832e-08,1.66832e-08,5,5,5,1.66832e-08,1.66832e-08,1.66832e-08,8.34164e-09,5,8.34182e-09,8.34182e-09,1.67901e-08,1.679e-08,5,5,5,1.67931e-08,1.67943e-08,1.67943e-08,8.44374e-09,5,8.4442e-09,8.44418e-09,2.49995,2.50005,2.49989,2.50011,2.50011,2.49989,2.50005,2.49995,-0.0001,-0.0750972,-0.075078
249.5000,1.81384,2.17814,2.17814,5,0.00123953,7.59397e-09,4.95175,7.59397e-09,4.95175,1.81193,2.17551,2.17483,4.99997,0.00124332,0.000216014,4.94333,8.20082e-05,4.94294,1.66832e-08,1.66832e-08,5,5,5,1.66832e-08,1.66832e-08,1.66832e-08,8.34163e-09,5,8.34184e-09,8.34184e-09,1.67901e-08,1.679e-08,5,5,5,1.67931e-08,1.67943e-08,1.67943e-08,8.44374e-09,5,8.44421e-09,8.4442e-09,2.49995,2.50005,2.49989,2.50011,2.50011,2.49989,2.50005,2.49995,-0.0001,-0.0750982,-0.0750791
250.0000,1.81384,2.17814,2.17814,5,0.00123953,7.59397e-09,4.95175,7.59397e-09,4.95175,1.81193,2.17551,2.17483,4.99997,0.00124332,0.000216014,4.94333,8.20082e-05,4.94294,1.66832e-08,1.66832e-08,5,5,5,1.66832e-08,1.66832e-08,1.66832e-08,8.34163e-09,5,8.34187e-09,8.34185e-09,1.67901e-08,1.679e-08,5,5,5,1.67931e-08,1.67943e-08,1.67943e-08,8.44374e-09,5,8.44422e-09,8.44421e-09,2.49995,2.50005,2.49989,2.50011,2.50011,2.49989,2.50005,2.49995,-0.0001,-0.0750994,-0.0750802
250.5000,1.81384,2.17814,2.17814,5,0.00123953,7.59397e-09,4.95175,7.59397e-09,4.95175,1.81193,2.17551,2.17483,4.99997,0.00124332,0.000216014,4.94333,8.20082e-05,4.94294,1.66832e-08,1.66832e-08,5,5,5,1.66832e-08,1.66832e-08,1.66832e-08,8.34163e-09,5,8.34187e-09,8.34186e-09,1.67901e-08,1.679e-08,5,5,5,1.67931e-08,1.67943e-08,1.67943e-08,8.44374e-09,5,8.44424e-09,8.44423e-09,2.49995,2.50005,2.49989,2.50011,2.50011,2.49989,2.50005,2.49995,-0.0001,-0.0751007,-0.0750815
251.0000,1.81384,2.17814,2.17814,5,0.00123953,7.59397e-09,4.95175,7.59397e-09,4.95175,1.81193,2.17551,2.17483,4.99997,0.00124332,0.000216014,4.94333,8.20082e-05,4.94294,1.66832e-08,1.66832e-08,5,5,5,1.66832e-08,1.66832e-08,1.66832e-08,8.34163e-09,5,8.34189e-09,8.34189e-09,1.67901e-08,1.679e-08,5,5,5,1.67931e-08,1.67943e-08,1.67943e-08,8.44374e-09,5,8.44426e-09,8.44425e-09,2.49995,2.50005,2.49989,2.50011,2.50011,2.49989,2.50005,2.49995,-0.0001,-0.0751021,-0.0750829
251.5000,1.81384,2.17814,2.17814,5,0.00123953,7.59397e-09,4.95175,7.59397e-09,4.95175,1.81193,2.17551,2.17483,4.99997,0.00124332,0.000216014,4.94333,8.20082e-05,4.94294,1.66832e-08,1.66832e-08,5,5,5,1.66832e-08,1.66832e-08,1.66832e-08,8.34163e-09,5,8.3419e-09,8.3419e-09,1.67901e-08,1.679e-08,5,5,5,1.67931e-08,1.67943e-08,1.67943e-08,8.44374e-09,5,8.44428e-09,8.44427e-09,2.49994,2.50006,2.49989,2.50011,2.50011,2.49989,2.50006,2.49994,-0.0001,-0.0751036,-0.0750845
252.0000,1.81384,2.17814,2.17814,5,0.00123953,7.59397e-09,4.95175,7.59397e-09,4.95175,1.81193,2.17551,2.17483,4.99997,0.00124332,0.000216014,4.94333,8.20082e-05,4.94294,1.66832e-08,1.66832e-08,5,5,5,1.66832e-08,1.66832e-08,1.66832e-08,8.34164e-09,5,8.34193e-09,8.34192e-09,1.67901e-08,1.679e-08,5,5,5,1.67931e-08,1.67943e-08,1.67943e-08,8.44374e-09,5,8.4443e-09,8.44429e-09,2.49994,2.50006,2.49989,2.50011,2.50011,2.49989,2.50006,2.49994,-0.0001,-0.0751054,-0.0750863
252.5000,1.81384,2.17814,2.17814,5,0.00123953,7.59397e-09,4.95175,7.59397e-09,4.95175,1.81193,2.17551,2.17483,4.99997,0.00124332,0.000216014,4.94333,8.20082e-05,4.94294,1.66832e-08,1.66832e-08,5,5,5,1.66832e-08,1.66832e-08,1.66832e-08,8.34162e-09,5,8.34194e-09,8.34195e-09,1.67901e-08,1.679e-08,5,5,5,1.67931e-08,1.67943e-08,1.67943e-08,8.44374e-09,5,8.44433e-09,8.44432e-09,2.49994,2.50006,2.49989,2.50011,2.50011,2.49989,2.50006,2.49994,-0.0001,-0.0751073,-0.0750882
253.0000,1.81384,2.17814,2.17814,5,0.00123953,7.59397e-09,4.95175,7.59397e-09,4.95175,1.81193,2.17551,2.17483,4.99997,0.00124332,0.000216014,4.94333,8.20082e-05,4.94294,1.66832e-08,1.66832e-08,5,5,5,1.66832e-08,1.66832e-08,1.66832e-08,8.34163e-09,5,8.34197e-09,8.34195e-09,1.67901e-08,1.679e-08,5,5,5,1.67931e-08,1.67943e-08,1.67943e-08,8.44374e-09,5,8.44435e-09,8.44434e-09,2.49994,2.50006,2.49989,2.50011,2.50011,2.49989,2.50006,2.49994,-0.0001,-0.0751095,-0.0750904
253.5000,1.81384,2.17814,2.17814,5,0.00123953,7.59397e-09,4.95175,7.59397e-09,4.95175,1.81193,2.17551,2.17483,4.99997,0.00124332,0.000216014,4.94333,8.20082e-05,4.94294,1.66832e-08,1.66832e-08,5,5,5,1.66832e-08,1.66832e-08,1.66832e-08,8.34163e-09,5,8.34201e-09,8.34199e-09,1.67901e-08,1.679e-08,5,5,5,1.67931e-08,1.67943e-08,1.67943e-08,8.44374e-09,5,8.44438e-09,8.44437e-09,2.49994,2.50006,2.49989,2.50011,2.50011,2.49989,2.50006,2.49994,-0.0001,-0.0751119,-0.0750928
254.0000,1.81384,2.17814,2.17814,5,0.00123953,7.59397e-09,4.95175,7.59397e-09,4.95175,1.81193,2.17551,2.17483,4.99997,0.00124332,0.000216014,4.94333,8.20082e-05,4.94294,1.66832e-08,1.66832e-08,5,5,5,1.66832e-08,1.66832e-08,1.66832e-08,8.34163e-09,5,8.34202e-09,8.34201e-09,1.67901e-08,1.679e-08,5,5,5,1.67931e-08,1.67943e-08,1.67943e-08,8.44374e-09,5,8.44442e-09,8.4444e-09,2.49994,2.50006,2.49989,2.50011,2.50011,2.49989,2.50006,2.49994,-0.0001,-0.0751147,-0.0750955
254.5000,1.81384,2.17814,2.17814,5,0.00123953,7.59397e-09,4.95175,7.59397e-09,4.95175,1.81193,2.17551,2.17483,4.99997,0.00124332,0.000216014,4.94333,8.20082e-05,4.94294,1.66832e-08,1.66832e-08,5,5,5,1.66832e-08,1.66832e-08,1.66832e-08,8.34164e-09,5,8.34206e-09,8.34205e-09,1.67901e-08,1.679e-08,5,5,5,1.67931e-08,1.67943e-08,1.67943e-08,8.44374e-09,5,8.44445e-09,8.44444e-09,2.49994,2.50006,2.49989,2.50011,2.50011,2.49989,2.50006,2.49994,-0.0001,-0.0751178,-0.0750986
255.0000,1.81384,2.17814,2.17814,5,0.00123953,7.59397e-09,4.95175,7.59397e-09,4.95175,1.81193,2.17551,2.17483,4.99997,0.00124332,0.000216014,4.94333,8.20082e-05,4.94294,1.66832e-08,1.66832e-08,5,5,5,1.66832e-08,1.66832e-08,1.66832e-08,8.34163e-09,5,8.3421e-09,8.34209e-09,1.67901e-08,1.679e-08,5,5,5,1.67931e-08,1.67943e-08,1.67943e-08,8.44374e-09,5,8.44449e-09,8.44448e-09,2.49994,2.50006,2.49989,2.50011,2.50011,2.49989,2.50006,2.49994,-0.0001,-0.0751213,-0.075102
255.5000,1.81384,2.17814,2.17814,5,0.00123953,7.59397e-09,4.95175,7.59397e-09,4.95175,1.81193,2.17551,2.17483,4.99997,0.00124332,0.000216014,4.94333,8.20082e-05,4.94294,1.66832e-08,1.66832e-08,5,5,5,1.66832e-08,1.66832e-08,1.66832e-08,8.34164e-09,5,8.34214e-09,8.34212e-09,1.67901e-08,1.679e-08,5,5,5,1.67931e-08,1.67943e-08,1.67943e-08,8.44374e-09,5,8.44454e-09,8.44453e-09,2.49994,2.50006,2.49989,2.50011,2.50011,2.49989,2.50006,2.49994,-0.0001,-0.0751253,-0.0751059
256.0000,1.81384,2.17814,2.17814,5,0.00123953,7.59397e-09,4.95175,7.59397e-09,4.95175,1.81193,2.17551,2.17483,4.99997,0.00124332,0.000216014,4.94333,8.20082e-05,4.94294,1.66832e-08,1.66832e-08,5,5,5,1.66832e-08,1.66832e-08,1.66832e-08,8.34162e-09,5,8.34218e-09,8.34218e-09,1.67901e-08,1.679e-08,5,5,5,1.67931e-08,1.67943e-08,1.67943e-08,8.44374e-09,5,8.44459e-09,8.44458e-09,2.49994,2.50006,2.49989,2.50011,2.50011,2.49989,2.50006,2.49994,-0.0001,-0.0751299,-0.0751104
256.5000,1.81384,2.17814,2.17814,5,0.00123953,7.59397e-09,4.95175,7.59397e-09,4.95175,1.81193,2.17551,2.17483,4.99997,0.00124332,0.000216014,4.94333,8.20082e-05,4.94294,1.66832e-08,1.66832e-08,5,5,5,1.66832e-08,1.66832e-08,1.66832e-08,8.34163e-09,5,8.34223e-09,8.34222e-09,1.67901e-08,1.679e-08,5,5,5,1.67931e-08,1.67943e-08,1.67943e-08,8.44374e-09,5,8.44464e-09,8.44463e-09,2.49993,2.50007,2.49989,2.50011,2.50011,2.49989,2.50007,2.49993,-0.0001,-0.0751352,-0.0751155
257.0000,1.81384,2.17814,2.17814,5,0.00123953,7.59397e-09,4.95175,7.59397e-09,4.95175,1.81193,2.17551,2.17483,4.99997,0.00124332,0.000216014,4.94333,8.20082e-05,4.94294,1.66832e-08,1.66832e-08,5,5,5,1.66832e-08,1.66832e-08,1.66832e-08,8.34163e-09,5,8.34229e-09,8.34228e-09,1.67901e-08,1.679e-08,5,5,5,1.67931e-08,1.67943e-08,1.67943e-08,8.44374e-09,5,8.44471e-09,8.4447e-09,2.49993,2.50007,2.49989,2.50011,2.50011,2.49989,2.50007,2.49993,-0.0001,-0.0751414,-0.0751214
257.5000,1.81384,2.17814,2.17814,5,0.00123953,7.59397e-09,4.95175,7.59397e-09,4.95175,1.81193,2.17551,2.17483,4.99997,0.00124332,0.000216014,4.94333,8.20082e-05,4.94294,1.66832e-08,1.66832e-08,5,5,5,1.66832e-08,1.66832e-08,1.66832e-08,8.34163e-09,5,8.34235e-09,8.34235e-09,1.67901e-08,1.679e-08,5,5,5,1.67931e-08,1.67943e-08,1.67943e-08,8.44374e-09,5,8.44478e-09,8.44477e-09,2.49993,2.50007,2.49989,2.50011,2.50011,2.49989,2.50007,2.49993,-0.0001,-0.0751486,-0.0751283
258.0000,1.81384,2.17814,2.17814,5,0.00123953,7.59397e-09,4.95175,7.59397e-09,4.95175,1.81193,2.17551,2.17483,4.99997,0.00124332,0.000216014,4.94333,8.20082e-05,4.94294,1.66832e-08,1.66832e-08,5,5,5,1.66832e-08,1.66832e-08,1.66832e-08,8.34164e-09,5,8.34242e-09,8.34241e-09,1.67901e-08,1.679e-08,5,5,5,1.67931e-08,1.67943e-08,1.67943e-08,8.44374e-09,5,8.44486e-09,8.44485e-09,2.49993,2.50007,2.4999,2.5001,2.5001,2.4999,2.50007,2.49993,-0.0001,-0.0751571,-0.0751363
258.5000,1.81384,2.17814,2.17814,5,0.00123953,7.59397e-09,4.95175,7.59397e-09,4.95175,1.81193,2.17551,2.17483,4.99997,0.00124332,0.000216014,4.94333,8.20082e-05,4.94294,1.66832e-08,1.66832e-08,5,5,5,1.66832e-08,1.66832e-08,1.66832e-08,8.34162e-09,5,8.34251e-09,8.34249e-09,1.67901e-08,1.679e-08,5,5,5,1.67931e-08,1.67943e-08,1.67943e-08,8.44374e-09,5,8.44495e-09,8.44495e-09,2.49993,2.50007,2.4999,2.5001,2.5001,2.4999,2.50007,2.49993,-0.0001,-0.0751672,-0.0751458
259.0000,1.81384,2.17814,2.17814,5,0.00123953,7.59397e-09,4.95175,7.59397e-09,4.95175,1.81193,2.17551,2.17483,4.99997,0.00124332,0.000216014,4.94333,8.20082e-05,4.94294,1.66832e-08,1.66832e-08,5,5,5,1.66832e-08,1.66832e-08,1.66832e-08,8.34163e-09,5,8.34259e-09,8.3426e-09,1.67901e-08,1.679e-08,5,5,5,1.67931e-08,1.67943e-08,1.67943e-08,8.44374e-09,5,8.44506e-09,8.44505e-09,2.49993,2.50007,2.4999,2.5001,2.5001,2.4999,2.50007,2.49993,-0.0001,-0.0751793,-0.075157
259.5000,1.81384,2.17814,2.17814,5,0.00123953,7.59397e-09,4.95175,7.59397e-09,4.95175,1.81193,2.17551,2.17483,4.99997,0.00124332,0.000216014,4.94333,8.20082e-05,4.94294,1.66832e-08,1.66832e-08,5,5,5,1.66832e-08,1.66832e-08,1.66832e-08,8.34164e-09,5,8.3427e-09,8.34269e-09,1.67901e-08,1.679e-08,5,5,5,1.67931e-08,1.67943e-08,1.67943e-08,8.44374e-09,5,8.44518e-09,8.44517e-09,2.49993,2.50007,2.4999,2.5001,2.5001,2.4999,2.50007,2.49993,-0.0001,-0.0751937,-0.0751703
260.0000,1.81384,2.17814,2.17814,5,0.00123953,7.59397e-09,4.95175,7.59397e-09,4.95175,1.81193,2.17551,2.17483,4.99997,0.00124332,0.000216014,4.94333,8.20082e-05,4.94294,1.66832e-08,1.66832e-08,5,5,5,1.66832e-08,1.66832e-08,1.66832e-08,8.34163e-09,5,8.34281e-09,8.34282e-09,1.67901e-08,1.679e-08,5,5,5,1.67931e-08,1.67943e-08,1.67943e-08,8.44374e-09,5,8.44532e-09,8.44532e-09,2.49993,2.50007,2.4999,2.5001,2.5001,2.4999,2.50007,2.49993,-0.0001,-0.0752111,-0.0751863
260.5000,1.81384,2.17814,2.17814,5,0.00123953,7.59397e-09,4.95175,7.59397e-09,4.95175,1.81193,2.17551,2.17483,4.99997,0.00124332,0.000216014,4.94333,8.20082e-05,4.94294,1.66832e-08,1.66832e-08,5,5,5,1.66832e-08,1.66832e-08,1.66832e-08,8.34163e-09,5,8.34297e-09,8.34297e-09,1.67901e-08,1.679e-08,5,5,5,1.67931e-08,1.67943e-08,1.67943e-08,8.44374e-09,5,8.44549e-09,8.44548e-09,2.49993,2.50007,2.4999,2.5001,2.5001,2.4999,2.50007,2.49993,-0.0001,-0.0752321,-0.0752056
261.0000,1.81384,2.17814,2.17814,5,0.00123953,7.59397e-09,4.95175,7.59397e-09,4.95175,1.81193,2.17551,2.17483,4.99997,0.00124332,0.000216014,4.94333,8.20082e-05,4.94294,1.66832e-08,1.66832e-08,5,5,5,1.66832e-08,1.66832e-08,1.66832e-08,8.34163e-09,5,8.34313e-09,8.34312e-09,1.67901e-08,1.679e-08,5,5,5,1.67931e-08,1.67943e-08,1.67943e-08,8.44374e-09,5,8.44568e-09,8.44567e-09,2.49993,2.50007,2.4999,2.5001,2.5001,2.4999,2.50007,2.49993,-0.0001,-0.0752575,-0.0752289
261.5000,1.81384,2.17814,2.17814,5,0.00123953,7.59397e-09,4.95175,7.59397e-09,4.95175,1.81193,2.17551,2.17483,4.99997,0.00124332,0.000216014,4.94333,8.20082e-05,4.94294,1.66832e-08,1.66832e-08,5,5,5,1.66832e-08,1.66832e-08,1.66832e-08,8.34162e-09,5,8.34334e-09,8.34333e-09,1.67901e-08,1.679e-08,5,5,5,1.67931e-08,1.67943e-08,1.67943e-08,8.44374e-09,5,8.44592e-09,8.44591e-09,2.49993,2.50007,2.4999,2.5001,2.5001,2.4999,2.50007,2.49993,-0.0001,-0.0752885,-0.0752571
262.0000,1.81384,2.17814,2.17814,5,0.00123953,7.59397e-09,4.95175,7.59397e-09,4.95175,1.81193,2.17551,2.17483,4.99997,0.00124332,0.000216014,4.94333,8.20082e-05,4.94294,1.66832e-08,1.66832e-08,5,5,5,1.66832e-08,1.66832e-08,1.66832e-08,8.34163e-09,5,8.34356e-09,8.34356e-09,1.67901e-08,1.679e-08,5,5,5,1.67931e-08,1.67943e-08,1.67943e-08,8.44374e-09,5,8.44619e-09,8.44619e-09,2.49992,2.50008,2.4999,2.5001,2.5001,2.4999,2.50008,2.49992,-0.0001,-0.0753262,-0.0752915
262.5000,1.81384,2.17814,2.17814,5,0.00123953,7.59397e-09,4.95175,7.59397e-09,4.95175,1.81193,2.17551,2.17483,4.99997,0.00124332,0.000216014,4.94333,8.20082e-05,4.94294,1.66832e-08,1.66832e-08,5,5,5,1.66832e-08,1.66832e-08,1.66832e-08,8.34163e-09,5,8.34385e-09,8.34386e-09,1.67901e-08,1.679e-08,5,5,5,1.67931e-08,1.67943e-08,1.67943e-08,8.44374e-09,5,8.44653e-09,8.44652e-09,2.49992,2.50008,2.4999,2.5001,2.5001,2.4999,2.50008,2.49992,-0.0001,-0.0753725,-0.0753336
263.0000,1.81384,2.17814,2.17814,5,0.00123953,7.59397e-09,4.95175,7.59397e-09,4.95175,1.81193,2.17551,2.17483,4.99997,0.00124332,0.000216014,4.94333,8.20082e-05,4.94294,1.66832e-08,1.66832e-08,5,5,5,1.66832e-08,1.66832e-08,1.66832e-08,8.34163e-09,5,8.34419e-09,8.34419e-09,1.67901e-08,1.679e-08,5,5,5,1.67931e-08,1.67943e-08,1.67943e-08,8.44374e-09,5,8.44694e-09,8.44694e-09,2.49992,2.50008,2.4999,2.5001,2.5001,2.4999,2.50008,2.49992,-0.0001,-0.0754293,-0.0753855
263.5000,1.81384,2.17814,2.17814,5,0.00123953,7.59397e-09,4.95175,7.59397e-09,4.95175,1.81193,2.17551,2.17483,4.99997,0.00124332,0.000216014,4.94333,8.20082e-05,4.94294,1.66832e-08,1.66832e-08,5,5,5,1.66832e-08,1.66832e-08,1.66832e-08,8.34164e-09,5,8.34464e-09,8.34462e-09,1.67901e-08,1.679e-08,5,5,5,1.67931e-08,1.67943e-08,1.67943e-08,8.44374e-09,5,8.44747e-09,8.44746e-09,2.49992,2.50008,2.4999,2.5001,2.5001,2.4999,2.50008,2.49992,-0.0001,-0.0754995,-0.0754496
264.0000,1.81384,2.17814,2.17814,5,0.00123953,7.59397e-09,4.95175,7.59397e-09,4.95175,1.81193,2.17551,2.17483,4.99997,0.00124332,0.000216014,4.94333,8.20082e-05,4.94294,1.66832e-08,1.66832e-08,5,5,5,1.66832e-08,1.66832e-08,1.66832e-08,8.34163e-09,5,8.34516e-09,8.34518e-09,1.67901e-08,1.679e-08,5,5,5,1.67931e-08,1.67943e-08,1.67943e-08,8.44374e-09,5,8.44814e-09,8.44813e-09,2.49992,2.50008,2.4999,2.5001,2.5001,2.4999,2.50008,2.49992,-0.0001,-0.0755861,-0.0755295
264.5000,1.81384,2.17814,2.17814,5,0.00123953,7.59397e-09,4.95175,7.59397e-09,4.95175,1.81193,2.17551,2.17483,4.99997,0.00124332,0.000216014,4.94333,8.20082e-05,4.94294,1.66832e-08,1.66832e-08,5,5,5,1.66832e-08,1.66832e-08,1.66832e-08,8.34163e-09,5,8.34587e-09,8.34587e-09,1.67901e-08,1.679e-08,5,5,5,1.67931e-08,1.67943e-08,1.67943e-08,8.44374e-09,5,8.44901e-09,8.44901e-09,2.49992,2.50008,2.4999,2.5001,2.5001,2.4999,2.50008,2.49992,-0.0001,-0.0756913,-0.0756295
265.0000,1.81384,2.17814,2.17814,5,0.00123953,7.59397e-09,4.95175,7.59397e-09,4.95175,1.81193,2.17551,2.17483,4.99997,0.00124332,0.000216014,4.94333,8.20082e-05,4.94294,1.66832e-08,1.66832e-08,5,5,5,1.66832e-08,1.66832e-08,1.66832e-08,8.34163e-09,5,8.3468e-09,8.34678e-09,1.67901e-08,1.679e-08,5,5,5,1.67931e-08,1.67943e-08,1.67943e-08,8.44374e-09,5,8.4502e-09,8.4502e-09,2.49992,2.50008,2.4999,2.5001,2.5001,2.4999,2.50008,2.49992,-0.0001,-0.0758044,-0.0757533
265.5000,1.81384,2.17814,2.17814,5,0.00123953,7.59397e-09,4.95175,7.59397e-09,4.95175,1.81193,2.17551,2.17483,4.99997,0.00124332,0.000216014,4.94333,8.20082e-05,4.94294,1.66832e-08,1.66832e-08,5,5,5,1.66832e-08,1.66832e-08,1.66832e-08,8.34164e-09,5,8.34804e-09,8.34805e-09,1.67901e-08,1.679e-08,5,5,5,1.67931e-08,1.67943e-08,1.67943e-08,8.44374e-09,5,8.45185e-09,8.45185e-09,2.49992,2.50008,2.4999,2.5001,2.5001,2.4999,2.50008,2.49992,-0.0001,-0.0759007,-0.0758945
266.0000,1.81384,2.17814,2.17814,5,0.00123953,7.59397e-09,4.95175,7.59397e-09,4.95175,1.81193,2.17551,2.17483,4.99997,0.00124332,0.000216014,4.94333,8.20082e-05,4.94294,1.66832e-08,1.66832e-08,5,5,5,1.66832e-08,1.66832e-08,1.66832e-08,8.34164e-09,5,8.34981e-09,8.3498e-09,1.67901e-08,1.679e-08,5,5,5,1.67931e-08,1.67943e-08,1.67943e-08,8.44374e-09,5,8.45427e-09,8.45426e-09,2.49992,2.50008,2.49991,2.50009,2.50009,2.49991,2.50008,2.49992,-0.0001,-0.0759985,-0.0760288
266.5000,1.81384,2.17814,2.17814,5,0.00123953,7.59397e-09,4.95175,7.59397e-09,4.95175,1.81193,2.17551,2.17483,4.99997,0.00124332,0.000216014,4.94333,8.20082e-05,4.94294,1.66832e-08,1.66832e-08,5,5,5,1.66832e-08,1.66832e-08,1.66832e-08,8.34164e-09,5,8.35244e-09,8.35243e-09,1.67901e-08,1.679e-08,5,5,5,1.67931e-08,1.67943e-08,1.67943e-08,8.44374e-09,5,8.45865e-09,8.45865e-09,2.49992,2.50008,2.49991,2.50009,2.50009,2.49991,2.50008,2.49992,-0.0001,-0.0761118,-0.076151
267.0000,1.81384,2.17814,2.17814,5,0.00123953,7.59397e-09,4.95175,7.59397e-09,4.95175,1.81193,2.17551,2.17483,4.99997,0.00124332,0.000216014,4.94333,8.20082e-05,4.94294,1.66832e-08,1.66832e-08,5,5,5,1.66832e-08,1.66832e-08,1.66832e-08,8.34164e-09,5,8.3578e-09,8.35781e-09,1.67901e-08,1.679e-08,5,5,5,1.67931e-08,1.67943e-08,1.67943e-08,8.44374e-09,5,8.46982e-09,8.46982e-09,2.49992,2.50008,2.49991,2.50009,2.50009,2.49991,2.50008,2.49992,-0.0001,-0.0762129,-0.0762267
267.5000,1.81384,2.17814,2.17814,5,0.00123953,7.59397e-09,4.95175,7.59397e-09,4.95175,1.81193,2.17551,2.17483,4.99997,0.00124332,0.000216014,4.94333,8.20082e-05,4.94294,1.66832e-08,1.66832e-08,5,5,5,1.66832e-08,1.66832e-08,1.66832e-08,8.34162e-09,5,8.37056e-09,8.37053e-09,1.67901e-08,1.679e-08,5,5,5,1.67931e-08,1.67943e-08,1.67943e-08,8.44374e-09,5,8.48048e-09,8.48036e-09,2.49992,2.50008,2.49991,2.50009,2.50009,2.49991,2.50008,2.49992,-0.0001,-0.0762886,-0.0763848
268.0000,1.81384,2.17814,2.17814,5,0.00123953,7.59397e-09,4.95175,7.59397e-09,4.95175,1.81193,2.17551,2.17483,4.99997,0.00124332,0.000216014,4.94333,8.20082e-05,4.94294,1.66832e-08,1.66832e-08,5,5,5,1.66832e-08,1.66832e-08,1.66832e-08,8.34163e-09,5,8.38676e-09,8.38651e-09,1.67901e-08,1.679e-08,5,5,5,1.67931e-08,1.67943e-08,1.67943e-08,8.44374e-09,5,8.52021e-09,8.52017e-09,2.49991,2.50009,2.49991,2.50009,2.50009,2.49991,2.50009,2.49991,-0.0001,-0.0764634,-0.0766133
268.5000,1.81384,2.17814,2.17814,5,0.00123953,7.59397e-09,4.95175,7.59397e-09,4.95175,1.81193,2.17551,2.17483,4.99997,0.00124332,0.000216014,4.94333,8.20082e-05,4.94294,1.66832e-08,1.66832e-08,5,5,5,1.66832e-08,1.66832e-08,1.66832e-08,8.34164e-09,5,8.42554e-09,8.42532e-09,1.67901e-08,1.679e-08,5,5,5,1.67931e-08,1.67943e-08,1.67943e-08,8.44374e-09,5,8.66396e-09,8.66421e-09,2.49991,2.50009,2.49991,2.50009,2.50009,2.49991,2.50009,2.49991,-0.0001,-0.0767434,-0.0769194
269.0000,1.81384,2.17814,2.17814,5,0.00123953,7.59397e-09,4.95175,7.59397e-09,4.95175,1.81193,2.17551,2.17483,4.99997,0.00124332,0.000216014,4.94333,8.20082e-05,4.94294,1.66832e-08,1.66832e-08,5,5,5,1.66832e-08,1.66832e-08,1.66832e-08,8.34164e-09,5,8.58264e-09,8.58234e-09,1.67901e-08,1.679e-08,5,5,5,1.67931e-08,1.67941e-08,1.67941e-08,8.44375e-09,5,2.80998e-08,2.81001e-08,2.49991,2.50009,2.49991,2.50009,2.50009,2.49991,2.50009,2.49991,-0.0001,-0.0771477,-0.0771634
269.5000,1.81384,2.17814,2.17814,5,0.00123953,7.59397e-09,4.95175,7.59397e-09,4.95175,1.81193,2.17551,2.17483,4.99997,0.00124332,0.000216014,4.94333,8.20082e-05,4.94294,1.66832e-08,1.66832e-08,5,5,5,1.66832e-08,1.66832e-08,1.66832e-08,8.34164e-09,5,2.96991e-08,2.97001e-08,1.67901e-08,1.67901e-08,5,5,5,1.67931e-08,1.67939e-08,1.67939e-08,8.44375e-09,5,3.69469e-08,3.69474e-08,2.49991,2.50009,2.49991,2.50009,2.50009,2.49991,2.50009,2.49991,-0.0001,-0.0774817,-0.0769598
270.0000,1.81384,2.17814,2.17814,5,0.00123953,7.59397e-09,4.95175,7.59397e-09,4.95175,1.81193,2.17551,2.17483,4.99997,0.00124332,0.000216014,4.94333,8.20082e-05,4.94294,1.66832e-08,1.66832e-08,5,5,5,1.66832e-08,1.66832e-08,1.66832e-08,8.34163e-09,5,3.67477e-08,3.67482e-08,1.67901e-08,1.67901e-08,5,5,5,1.67931e-08,1.67939e-08,1.67939e-08,8.44376e-09,5,3.7295e-08,3.72952e-08,2.49991,2.50009,2.49991,2.50009,2.50009,2.49991,2.50009,2.49991,-0.0001,-0.0773941,-0.0768717
270.5000,1.81384,2.17814,2.17814,5,0.00123953,7.59397e-09,4.95175,7.59397e-09,4.95175,1.81193,2.17551,2.17483,4.99997,0.00124332,0.000216014,4.94333,8.20082e-05,4.94294,1.66833e-08,1.66833e-08,5,5,5,1.66832e-08,1.66832e-08,1.66832e-08,8.34163e-09,4.99986,3.70725e-08,3.70723e-08,1.67902e-08,1.67902e-08,5,5,5,1.67931e-08,1.67939e-08,1.67939e-08,8.44381e-09,5,3.74629e-08,3.7463e-08,2.49991,2.50009,2.49991,2.50009,2.50009,2.49991,2.50009,2.49991,-0.0001,-0.0774435,-0.0769223
271.0000,1.21974,2.5794,2.5794,5,8.10796e-09,7.55851e-09,5,7.55851e-09,5,1.81193,2.17551,2.17483,4.99997,0.00124332,0.000216014,4.94333,8.20082e-05,4.94294,5,5,5,5,1.66832e-08,1.66832e-08,1.66832e-08,1.66832e-08,8.34162e-09,4.18605e-08,3.72318e-08,3.72315e-08,1.69927e-08,1.70333e-08,5,5,5,1.68419e-08,1.67939e-08,1.67939e-08,8.52561e-09,4.99999,3.75559e-08,3.75561e-08,2.49991,2.50009,2.49991,2.50009,2.50009,2.49991,2.50009,2.49991,-0.0001,-0.0762184,-0.0771002
271.5000,1.21974,2.5794,2.5794,5,8.10796e-09,7.55851e-09,5,7.55851e-09,5,1.21894,2.57783,2.57783,4.99997,0.000161058,4.53427e-05,4.99996,4.53427e-05,4.99996,5,5,5,5,1.66832e-08,1.66832e-08,1.66832e-08,1.66832e-08,8.34164e-09,3.84747e-08,3.7316e-08,3.73178e-08,5,5,5,5,1.67953e-08,1.6794e-08,1.67939e-08,1.67939e-08,8.44416e-09,4.29359e-08,3.76078e-08,3.76075e-08,2.49991,2.50009,2.49991,2.50009,2.50009,2.49991,2.50009,2.49991,-0.0001,-0.0758249,-0.0760113
272.0000,1.21974,2.5794,2.5794,5,8.10796e-09,7.55851e-09,5,7.55851e-09,5,1.21894,2.57783,2.57783,4.99997,0.000161058,4.53427e-05,4.99996,4.53427e-05,4.99996,5,5,5,5,1.66832e-08,1.66832e-08,1.66832e-08,1.66832e-08,8.34164e-09,3.81103e-08,3.73652e-08,3.73636e-08,5,5,5,5,1.67943e-08,1.67939e-08,1.67939e-08,1.67939e-08,8.44398e-09,3.87216e-08,3.76394e-08,3.76391e-08,2.49991,2.50009,2.49991,2.50009,2.50009,2.49991,2.50009,2.49991,-0.0001,-0.075558,-0.0757105
272.5000,1.21974,2.5794,2.5794,5,8.10796e-09,7.55851e-09,5,7.55851e-09,5,1.21894,2.57783,2.57783,4.99997,0.000161058,4.53427e-05,4.99996,4.53427e-05,4.99996,5,5,5,5,1.66832e-08,1.66832e-08,1.66832e-08,1.66832e-08,8.34164e-09,3.79211e-08,3.7395e-08,3.73944e-08,5,5,5,5,1.67943e-08,1.67939e-08,1.67939e-08,1.67939e-08,8.44398e-09,3.83546e-08,3.7664e-08,3.76642e-08,2.49991,2.50009,2.49992,2.50008,2.50008,2.49992,2.50009,2.49991,-0.0001,-0.075379,-0.075475
273.0000,1.21974,2.5794,2.5794,5,8.10796e-09,7.55851e-09,5,7.55851e-09,5,1.21894,2.57783,2.57783,4.99997,0.000161058,4.53427e-05,4.99996,4.53427e-05,4.99996,5,5,5,5,1.66832e-08,1.66832e-08,1.66832e-08,1.66832e-08,8.34163e-09,3.77767e-08,3.74185e-08,3.74182e-08,5,5,5,5,1.67943e-08,1.67939e-08,1.67939e-08,1.67939e-08,8.44398e-09,3.81674e-08,3.76846e-08,3.76845e-08,2.49991,2.50009,2.49992,2.50008,2.50008,2.49992,2.50009,2.49991,-0.0001,-0.0752729,-0.0752933
273.5000,1.21974,2.5794,2.5794,5,8.10796e-09,7.55851e-09,5,7.55851e-09,5,1.21894,2.57783,2.57783,4.99997,0.000161058,4.53427e-05,4.99996,4.53427e-05,4.99996,5,5,5,5,1.66832e-08,1.66832e-08,1.66832e-08,1.66832e-08,8.34164e-09,3.76901e-08,3.74358e-08,3.74357e-08,5,5,5,5,1.67943e-08,1.67939e-08,1.67939e-08,1.67939e-08,8.44398e-09,3.80203e-08,3.77015e-08,3.77014e-08,2.49991,2.50009,2.49992,2.50008,2.50008,2.49992,2.50009,2.49991,-0.0001,-0.0751951,-0.0751925
274.0000,1.21974,2.5794,2.5794,5,8.10796e-09,7.55851e-09,5,7.55851e-09,5,1.21894,2.57783,2.57783,4.99997,0.000161058,4.53427e-05,4.99996,4.53427e-05,4.99996,5,5,5,5,1.66832e-08,1.66832e-08,1.66832e-08,1.66832e-08,8.34163e-09,3.76523e-08,3.74534e-08,3.74524e-08,5,5,5,5,1.67943e-08,1.67939e-08,1.67939e-08,1.67939e-08,8.44398e-09,3.79441e-08,3.77164e-08,3.77163e-08,2.49991,2.50009,2.49992,2.50008,2.50008,2.49992,2.50009,2.49991,-0.0001,-0.0750836,-0.0750877
274.5000,1.21974,2.5794,2.5794,5,8.10796e-09,7.55851e-09,5,7.55851e-09,5,1.21894,2.57783,2.57783,4.99997,0.000161058,4.53427e-05,4.99996,4.53427e-05,4.99996,5,5,5,5,1.66832e-08,1.66832e-08,1.66832e-08,1.66832e-08,8.34163e-09,3.76293e-08,3.74676e-08,3.74666e-08,5,5,5,5,1.67943e-08,1.67939e-08,1.67939e-08,1.67939e-08,8.44398e-09,3.79085e-08,3.77324e-08,3.77328e-08,2.4999,2.5001,2.49992,2.50008,2.50008,2.49992,2.5001,2.4999,-0.0001,-0.0749691,-0.0749249
275.0000,1.21974,2.5794,2.5794,5,8.10796e-09,7.55851e-09,5,7.55851e-09,5,1.21894,2.57783,2.57783,4.99997,0.000161058,4.53427e-05,4.99996,4.53427e-05,4.99996,5,5,5,5,1.66832e-08,1.66832e-08,1.66832e-08,1.66832e-08,8.34164e-09,3.76126e-08,3.74823e-08,3.74823e-08,5,5,5,5,1.67943e-08,1.67939e-08,1.67939e-08,1.67939e-08,8.44399e-09,3.7886e-08,3.77472e-08,3.77471e-08,2.4999,2.5001,2.49992,2.50008,2.50008,2.49992,2.5001,2.4999,-0.0001,-0.0748383,-0.0747669
275.5000,1.21974,2.5794,2.5794,5,8.10796e-09,7.55851e-09,5,7.55851e-09,5,1.21894,2.57783,2.57783,4.99997,0.000161058,4.53427e-05,4.99996,4.53427e-05,4.99996,5,5,5,5,1.66832e-08,1.66832e-08,1.66832e-08,1.66832e-08,8.34164e-09,3.75993e-08,3.74955e-08,3.74948e-08,5,5,5,5,1.67943e-08,1.67939e-08,1.67939e-08,1.67939e-08,8.44398e-09,3.787e-08,3.77594e-08,3.77596e-08,2.4999,2.5001,2.49992,2.50008,2.50008,2.49992,2.5001,2.4999,-0.0001,-0.0747112,-0.0746393
276.0000,1.21974,2.5794,2.5794,5,8.10796e-09,7.55851e-09,5,7.55851e-09,5,1.21894,2.57783,2.57783,4.99997,0.000161058,4.53427e-05,4.99996,4.53427e-05,4.99996,5,5,5,5,1.66832e-08,1.66832e-08,1.66832e-08,1.66832e-08,8.34164e-09,3.75917e-08,3.75054e-08,3.75061e-08,5,5,5,5,1.67943e-08,1.67939e-08,1.67939e-08,1.67939e-08,8.44398e-09,3.78577e-08,3.77684e-08,3.77685e-08,2.4999,2.5001,2.49992,2.50008,2.50008,2.49992,2.5001,2.4999,-0.0001,-0.0746065,-0.0745385
276.5000,1.21974,2.5794,2.5794,5,8.10796e-09,7.55851e-09,5,7.55851e-09,5,1.21894,2.57783,2.57783,4.99997,0.000161058,4.53427e-05,4.99996,4.53427e-05,4.99996,5,5,5,5,1.66832e-08,1.66832e-08,1.66832e-08,1.66832e-08,8.34164e-09,3.75842e-08,3.75138e-08,3.75123e-08,5,5,5,5,1.67943e-08,1.67939e-08,1.67939e-08,1.67939e-08,8.44399e-09,3.78486e-08,3.77754e-08,3.77749e-08,2.4999,2.5001,2.49992,2.50008,2.50008,2.49992,2.5001,2.4999,-0.0001,-0.0745225,-0.0744591
277.0000,1.21974,2.5794,2.5794,5,8.10796e-09,7.55851e-09,5,7.55851e-09,5,1.21894,2.57783,2.57783,4.99997,0.000161058,4.53427e-05,4.99996,4.53427e-05,4.99996,5,5,5,5,1.66832e-08,1.66832e-08,1.66832e-08,1.66832e-08,8.34163e-09,3.75781e-08,3.75201e-08,3.75205e-08,5,5,5,5,1.67943e-08,1.67939e-08,1.67939e-08,1.67939e-08,8.44399e-09,3.78418e-08,3.77807e-08,3.77805e-08,2.4999,2.5001,2.49992,2.50008,2.50008,2.49992,2.5001,2.4999,-0.0001,-0.0744554,-0.0743959
277.5000,1.21974,2.5794,2.5794,5,8.10796e-09,7.55851e-09,5,7.55851e-09,5,1.21894,2.57783,2.57783,4.99997,0.000161058,4.53427e-05,4.99996,4.53427e-05,4.99996,5,5,5,5,1.66832e-08,1.66832e-08,1.66832e-08,1.66832e-08,8.34164e-09,3.75729e-08,3.75251e-08,3.75246e-08,5,5,5,5,1.67943e-08,1.67939e-08,1.67939e-08,1.67939e-08,8.44399e-09,3.7836e-08,3.77845e-08,3.7785e-08,2.4999,2.5001,2.49992,2.50008,2.50008,2.49992,2.5001,2.4999,-0.0001,-0.0744014,-0.0743452
278.0000,1.21974,2.5794,2.5794,5,8.10796e-09,7.55851e-09,5,7.55851e-09,5,1.21894,2.57783,2.57783,4.99997,0.000161058,4.53427e-05,4.99996,4.53427e-05,4.99996,5,5,5,5,1.66832e-08,1.66832e-08,1.66832e-08,1.66832e-08,8.34163e-09,3.75695e-08,3.75287e-08,3.75306e-08,5,5,5,5,1.67943e-08,1.67939e-08,1.67939e-08,1.67939e-08,8.44399e-09,3.78314e-08,3.77883e-08,3.77882e-08,2.4999,2.5001,2.49992,2.50008,2.50008,2.49992,2.5001,2.4999,-0.0001,-0.0743577,-0.0743041
278.5000,1.21974,2.5794,2.5794,5,8.10796e-09,7.55851e-09,5,7.55851e-09,5,1.21894,2.57783,2.57783,4.99997,0.000161058,4.53427e-05,4.99996,4.53427e-05,4.99996,5,5,5,5,1.66832e-08,1.66832e-08,1.66832e-08,1.66832e-08,8.34164e-09,3.75672e-08,3.75309e-08,3.75319e-08,5,5,5,5,1.67943e-08,1.67939e-08,1.67939e-08,1.67939e-08,8.44399e-09,3.78274e-08,3.7791e-08,3.7791e-08,2.4999,2.5001,2.49993,2.50007,2.50007,2.49993,2.5001,2.4999,-0.0001,-0.0743221,-0.0742707
279.0000,1.21974,2.5794,2.5794,5,8.10796e-09,7.55851e-09,5,7.55851e-09,5,1.21894,2.57783,2.57783,4.99997,0.000161058,4.53427e-05,4.99996,4.53427e-05,4.99996,5,5,5,5,1.66832e-08,1.66832e-08,1.66832e-08,1.66832e-08,8.34163e-09,3.75641e-08,3.75341e-08,3.75337e-08,5,5,5,5,1.67943e-08,1.67939e-08,1.67939e-08,1.67939e-08,8.44399e-09,3.78244e-08,3.7793e-08,3.77932e-08,2.4999,2.5001,2.49993,2.50007,2.50007,2.49993,2.5001,2.4999,-0.0001,-0.074293,-0.0742434
279.5000,1.21974,2.5794,2.5794,5,8.10796e-09,7.55851e-09,5,7.55851e-09,5,1.21894,2.57783,2.57783,4.99997,0.000161058,4.53427e-05,4.99996,4.53427e-05,4.99996,5,5,5,5,1.66832e-08,1.66832e-08,1.66832e-08,1.66832e-08,8.34164e-09,3.75625e-08,3.75351e-08,3.7535e-08,5,5,5,5,1.67943e-08,1.67939e-08,1.67939e-08,1.67939e-08,8.44399e-09,3.78221e-08,3.77943e-08,3.77945e-08,2.4999,2.5001,2.49993,2.50007,2.50007,2.49993,2.5001,2.4999,-0.0001,-0.0742691,-0.0742209
280.0000,1.21974,2.5794,2.5794,5,8.10796e-09,7.55851e-09,5,7.55851e-09,5,1.21894,2.57783,2.57783,4.99997,0.000161058,4.53427e-05,4.99996,4.53427e-05,4.99996,5,5,5,5,1.66832e-08,1.66832e-08,1.66832e-08,1.66832e-08,8.34164e-09,3.75594e-08,3.75373e-08,3.75364e-08,5,5,5,5,1.67943e-08,1.67939e-08,1.67939e-08,1.67939e-08,8.44399e-09,3.78195e-08,3.77959e-08,3.77958e-08,2.4999,2.5001,2.49993,2.50007,2.50007,2.49993,2.5001,2.4999,-0.0001,-0.0742494,-0.0742022
280.5000,1.21974,2.5794,2.5794,5,8.10796e-09,7.55851e-09,5,7.55851e-09,5,1.21894,2.57783,2.57783,4.99997,0.000161058,4.53427e-05,4.99996,4.53427e-05,4.99996,5,5,5,5,1.66832e-08,1.66832e-08,1.66832e-08,1.66832e-08,8.34165e-09,3.75592e-08,3.75383e-08,3.75388e-08,5,5,5,5,1.67943e-08,1.67939e-08,1.67939e-08,1.67939e-08,8.44399e-09,3.78178e-08,3.77969e-08,3.7797e-08,2.4999,2.5001,2.49993,2.50007,2.50007,2.49993,2.5001,2.4999,-0.0001,-0.0742331,-0.0741867
281.0000,1.21974,2.5794,2.5794,5,8.10796e-09,7.55851e-09,5,7.55851e-09,5,1.21894,2.57783,2.57783,4.99997,0.000161058,4.53427e-05,4.99996,4.53427e-05,4.99996,5,5,5,5,1.66832e-08,1.66832e-08,1.66832e-08,1.66832e-08,8.34164e-09,3.75549e-08,3.75398e-08,3.75409e-08,5,5,5,5,1.67943e-08,1.67939e-08,1.67939e-08,1.67939e-08,8.444e-09,3.78159e-08,3.77978e-08,3.77976e-08,2.4999,2.5001,2.49993,2.50007,2.50007,2.49993,2.5001,2.4999,-0.0001,-0.0742195,-0.0741737
281.5000,1.21974,2.5794,2.5794,5,8.10796e-09,7.55851e-09,5,7.55851e-09,5,1.21894,2.57783,2.57783,4.99997,0.000161058,4.53427e-05,4.99996,4.53427e-05,4.99996,5,5,5,5,1.66832e-08,1.66832e-08,1.66832e-08,1.66832e-08,8.34164e-09,3.75552e-08,3.75397e-08,3.75408e-08,5,5,5,5,1.67943e-08,1.67939e-08,1.67939e-08,1.67939e-08,8.444e-09,3.78145e-08,3.77984e-08,3.77982e-08,2.4999,2.5001,2.49993,2.50007,2.50007,2.49993,2.5001,2.4999,-0.0001,-0.0742081,-0.0741627
282.0000,1.21974,2.5794,2.5794,5,8.10796e-09,7.55851e-09,5,7.55851e-09,5,1.21894,2.57783,2.57783,4.99997,0.000161058,4.53427e-05,4.99996,4.53427e-05,4.99996,5,5,5,5,1.66832e-08,1.66832e-08,1.66832e-08,1.66832e-08,8.34166e-09,3.75543e-08,3.75401e-08,3.75416e-08,5,5,5,5,1.67943e-08,1.67939e-08,1.67939e-08,1.67939e-08,8.444e-09,3.78135e-08,3.77988e-08,3.77987e-08,2.4999,2.5001,2.49993,2.50007,2.50007,2.49993,2.5001,2.4999,-0.0001,-0.0741985,-0.0741534
282.5000,1.21974,2.5794,2.5794,5,8.10796e-09,7.55851e-09,5,7.55851e-09,5,1.21894,2.57783,2.57783,4.99997,0.000161058,4.53427e-05,4.99996,4.53427e-05,4.99996,5,5,5,5,1.66832e-08,1.66832e-08,1.66832e-08,1.66832e-08,8.34165e-09,3.75546e-08,3.75407e-08,3.75428e-08,5,5,5,5,1.67943e-08,1.67939e-08,1.67939e-08,1.67939e-08,8.444e-09,3.7812e-08,3.77991e-08,3.77994e-08,2.49989,2.50011,2.49993,2.50007,2.50007,2.49993,2.50011,2.49989,-0.0001,-0.0741903,-0.0741454
283.0000,1.21974,2.5794,2.5794,5,8.10796e-09,7.55851e-09,5,7.55851e-09,5,1.21894,2.57783,2.57783,4.99997,0.000161058,4.53427e-05,4.99996,4.53427e-05,4.99996,5,5,5,5,1.66832e-08,1.66832e-08,1.66832e-08,1.66832e-08,8.34165e-09,3.75504e-08,3.75427e-08,3.75414e-08,5,5,5,5,1.67943e-08,1.67939e-08,1.67939e-08,1.67939e-08,8.444e-09,3.78113e-08,3.77996e-08,3.77996e-08,2.49989,2.50011,2.49993,2.50007,2.50007,2.49993,2.50011,2.49989,-0.0001,-0.0741833,-0.0741385
283.5000,1.21974,2.5794,2.5794,5,8.10796e-09,7.55851e-09,5,7.55851e-09,5,1.21894,2.57783,2.57783,4.99997,0.000161058,4.53427e-05,4.99996,4.53427e-05,4.99996,5,5,5,5,1.66832e-08,1.66832e-08,1.66832e-08,1.66832e-08,8.34166e-09,3.75515e-08,3.75422e-08,3.75434e-08,5,5,5,5,1.67943e-08,1.67939e-08,1.67939e-08,1.67939e-08,8.444e-09,3.78101e-08,3.77995e-08,3.78e-08,2.49989,2.50011,2.49993,2.50007,2.50007,2.49993,2.50011,2.49989,-0.0001,-0.0741773,-0.0741325
284.0000,1.21974,2.5794,2.5794,5,8.10796e-09,7.55851e-09,5,7.55851e-09,5,1.21894,2.57783,2.57783,4.99997,0.000161058,4.53427e-05,4.99996,4.53427e-05,4.99996,5,5,5,5,1.66832e-08,1.66832e-08,1.66832e-08,1.66832e-08,8.34165e-09,3.7552e-08,3.75421e-08,3.7543e-08,5,5,5,5,1.67943e-08,1.67939e-08,1.67939e-08,1.67939e-08,8.444e-09,3.78093e-08,3.78001e-08,3.78003e-08,2.49989,2.50011,2.49994,2.50006,2.50006,2.49994,2.50011,2.49989,-0.0001,-0.0741721,-0.0741273
284.5000,1.21974,2.5794,2.5794,5,8.10796e-09,7.55851e-09,5,7.55851e-09,5,1.21894,2.57783,2.57783,4.99997,0.000161058,4.53427e-05,4.99996,4.53427e-05,4.99996,5,5,5,5,1.66832e-08,1.66832e-08,1.66832e-08,1.66832e-08,8.34165e-09,3.75497e-08,3.75424e-08,3.75434e-08,5,5,5,5,1.67943e-08,1.67939e-08,1.67939e-08,1.67939e-08,8.44401e-09,3.78089e-08,3.78001e-08,3.78002e-08,2.49989,2.50011,2.49994,2.50006,2.50006,2.49994,2.50011,2.49989,-0.0001,-0.0741675,-0.0741228
285.0000,1.21974,2.5794,2.5794,5,8.10796e-09,7.55851e-09,5,7.55851e-09,5,1.21894,2.57783,2.57783,4.99997,0.000161058,4.53427e-05,4.99996,4.53427e-05,4.99996,5,5,5,5,1.66832e-08,1.66832e-08,1.66832e-08,1.66832e-08,8.34167e-09,3.7551e-08,3.75428e-08,3.75435e-08,5,5,5,5,1.67943e-08,1.67939e-08,1.67939e-08,1.67939e-08,8.44401e-09,3.78084e-08,3.78004e-08,3.78007e-08,2.49989,2.50011,2.49994,2.50006,2.50006,2.49994,2.50011,2.49989,-0.0001,-0.0741635,-0.0741187
285.5000,1.21974,2.5794,2.5794,5,8.10796e-09,7.55851e-09,5,7.55851e-09,5,1.21894,2.57783,2.57783,4.99997,0.000161058,4.53427e-05,4.99996,4.53427e-05,4.99996,5,5,5,5,1.66832e-08,1.66832e-08,1.66832e-08,1.66832e-08,8.34166e-09,3.75486e-08,3.75437e-08,3.75435e-08,5,5,5,5,1.67943e-08,1.67939e-08,1.67939e-08,1.67939e-08,8.44401e-09,3.78075e-08,3.78001e-08,3.78008e-08,2.49989,2.50011,2.49994,2.50006,2.50006,2.49994,2.50011,2.49989,-0.0001,-0.0741599,-0.0741151
286.0000,1.21974,2.5794,2.5794,5,8.10796e-09,7.55851e-09,5,7.55851e-09,5,1.21894,2.57783,2.57783,4.99997,0.000161058,4.53427e-05,4.99996,4.53427e-05,4.99996,5,5,5,5,1.66832e-08,1.66832e-08,1.66832e-08,1.66832e-08,8.34166e-09,3.75486e-08,3.75444e-08,3.75433e-08,5,5,5,5,1.67943e-08,1.67939e-08,1.67939e-08,1.67939e-08,8.44401e-09,3.78074e-08,3.78005e-08,3.78006e-08,2.49989,2.50011,2.49994,2.50006,2.50006,2.49994,2.50011,2.49989,-0.0001,-0.0741568,-0.0741119
286.5000,1.21974,2.5794,2.5794,5,8.10796e-09,7.55851e-09,5,7.55851e-09,5,1.21894,2.57783,2.57783,4.99997,0.000161058,4.53427e-05,4.99996,4.53427e-05,4.99996,5,5,5,5,1.66832e-08,1.66832e-08,1.66832e-08,1.66832e-08,8.34167e-09,3.75487e-08,3.75426e-08,3.75437e-08,5,5,5,5,1.67943e-08,1.67939e-08,1.67939e-08,1.67939e-08,8.44401e-09,3.78067e-08,3.78003e-08,3.7801e-08,2.49989,2.50011,2.49994,2.50006,2.50006,2.49994,2.50011,2.49989,-0.0001,-0.074154,-0.0741091
287.0000,1.21974,2.5794,2.5794,5,8.10796e-09,7.55851e-09,5,7.55851e-09,5,1.21894,2.57783,2.57783,4.99997,0.000161058,4.53427e-05,4.99996,4.53427e-05,4.99996,5,5,5,5,1.66832e-08,1.66832e-08,1.66832e-08,1.66832e-08,8.34166e-09,3.75477e-08,3.75439e-08,3.75444e-08,5,5,5,5,1.67943e-08,1.67939e-08,1.67939e-08,1.67939e-08,8.44401e-09,3.78064e-08,3.78005e-08,3.7801e-08,2.49989,2.50011,2.49994,2.50006,2.50006,2.49994,2.50011,2.49989,-0.0001,-0.0741515,-0.0741065
287.5000,1.21974,2.5794,2.5794,5,8.10796e-09,7.55851e-09,5,7.55851e-09,5,1.21894,2.57783,2.57783,4.99997,0.000161058,4.53427e-05,4.99996,4.53427e-05,4.99996,5,5,5,5,1.66832e-08,1.66832e-08,1.66832e-08,1.66832e-08,8.34167e-09,3.75489e-08,3.75447e-08,3.75447e-08,5,5,5,5,1.67943e-08,1.67939e-08,1.67939e-08,1.67939e-08,8.44402e-09,3.78058e-08,3.78004e-08,3.78009e-08,2.49989,2.50011,2.49994,2.50006,2.50006,2.49994,2.50011,2.49989,-0.0001,-0.0741492,-0.0741042
288.0000,1.21974,2.5794,2.5794,5,8.10796e-09,7.55851e-09,5,7.55851e-09,5,1.21894,2.57783,2.57783,4.99997,0.000161058,4.53427e-05,4.99996,4.53427e-05,4.99996,5,5,5,5,1.66832e-08,1.66832e-08,1.66832e-08,1.66832e-08,8.34166e-09,3.75455e-08,3.75445e-08,3.75446e-08,5,5,5,5,1.67943e-08,1.67939e-08,1.67939e-08,1.67939e-08,8.44402e-09,3.78056e-08,3.78004e-08,3.78013e-08,2.49989,2.50011,2.49994,2.50006,2.50006,2.49994,2.50011,2.49989,-0.0001,-0.0741472,-0.0741021
288.5000,1.21974,2.5794,2.5794,5,8.10796e-09,7.55851e-09,5,7.55851e-09,5,1.21894,2.57783,2.57783,4.99997,0.000161058,4.53427e-05,4.99996,4.53427e-05,4.99996,5,5,5,5,1.66832e-08,1.66832e-08,1.66832e-08,1.66832e-08,8.34167e-09,3.75472e-08,3.75434e-08,3.75451e-08,5,5,5,5,1.67943e-08,1.67939e-08,1.67939e-08,1.67939e-08,8.44402e-09,3.78051e-08,3.78006e-08,3.78009e-08,2.49989,2.50011,2.49994,2.50006,2.50006,2.49994,2.50011,2.49989,-0.0001,-0.0741454,-0.0741002
289.0000,1.21974,2.5794,2.5794,5,8.10796e-09,7.55851e-09,5,7.55851e-09,5,1.21894,2.57783,2.57783,4.99997,0.000161058,4.53427e-05,4.99996,4.53427e-05,4.99996,5,5,5,5,1.66832e-08,1.66832e-08,1.66832e-08,1.66832e-08,8.34168e-09,3.75456e-08,3.75426e-08,3.75433e-08,5,5,5,5,1.67943e-08,1.67939e-08,1.67939e-08,1.67939e-08,8.44402e-09,3.78048e-08,3.78005e-08,3.78014e-08,2.49989,2.50011,2.49995,2.50005,2.50005,2.49995,2.50011,2.49989,-0.0001,-0.0741437,-0.0740985
289.5000,1.21974,2.5794,2.5794,5,8.10796e-09,7.55851e-09,5,7.55851e-09,5,1.21894,2.57783,2.57783,4.99997,0.000161058,4.53427e-05,4.99996,4.53427e-05,4.99996,5,5,5,5,1.66832e-08,1.66832e-08,1.66832e-08,1.66832e-08,8.34168e-09,3.75467e-08,3.75441e-08,3.75431e-08,5,5,5,5,1.67943e-08,1.67939e-08,1.67939e-08,1.67939e-08,8.44403e-09,3.78047e-08,3.7801e-08,3.78011e-08,2.49989,2.50011,2.49995,2.50005,2.50005,2.49995,2.50011,2.49989,-0.0001,-0.0741422,-0.074097
290.0000,1.21974,2.5794,2.5794,5,8.10796e-09,7.55851e-09,5,7.55851e-09,5,1.21894,2.57783,2.57783,4.99997,0.000161058,4.53427e-05,4.99996,4.53427e-05,4.99996,5,5,5,5,1.66832e-08,1.66832e-08,1.66832e-08,1.66832e-08,8.34169e-09,3.75473e-08,3.75412e-08,3.75432e-08,5,5,5,5,1.67943e-08,1.67939e-08,1.67939e-08,1.67939e-08,8.44403e-09,3.78046e-08,3.78007e-08,3.78015e-08,2.49989,2.50011,2.49995,2.50005,2.50005,2.49995,2.50011,2.49989,-0.0001,-0.0741408,-0.0740956
290.5000,1.21974,2.5794,2.5794,5,8.10796e-09,7.55851e-09,5,7.55851e-09,5,1.21894,2.57783,2.57783,4.99997,0.000161058,4.53427e-05,4.99996,4.53427e-05,4.99996,5,5,5,5,1.66832e-08,1.66832e-08,1.66832e-08,1.66832e-08,8.34168e-09,3.75471e-08,3.75436e-08,3.75449e-08,5,5,5,5,1.67943e-08,1.67939e-08,1.67939e-08,1.67939e-08,8.44403e-09,3.78043e-08,3.78007e-08,3.78014e-08,2.49989,2.50011,2.49995,2.50005,2.50005,2.49995,2.50011,2.49989,-0.0001,-0.0741396,-0.0740943
291.0000,1.21974,2.5794,2.5794,5,8.10796e-09,7.55851e-09,5,7.55851e-09,5,1.21894,2.57783,2.57783,4.99997,0.000161058,4.53427e-05,4.99996,4.53427e-05,4.99996,5,5,5,5,1.66832e-08,1.66832e-08,1.66832e-08,1.66832e-08,8.34169e-09,3.7547e-08,3.75412e-08,3.75433e-08,5,5,5,5,1.67943e-08,1.67939e-08,1.67939e-08,1.67939e-08,8.44404e-09,3.78039e-08,3.78008e-08,3.78013e-08,2.49989,2.50011,2.49995,2.50005,2.50005,2.49995,2.50011,2.49989,-0.0001,-0.0741385,-0.0740932
291.5000,1.21974,2.5794,2.5794,5,8.10796e-09,7.55851e-09,5,7.55851e-09,5,1.21894,2.57783,2.57783,4.99997,0.000161058,4.53427e-05,4.99996,4.53427e-05,4.99996,5,5,5,5,1.66832e-08,1.66832e-08,1.66832e-08,1.66832e-08,8.34169e-09,3.75476e-08,3.75431e-08,3.75436e-08,5,5,5,5,1.67943e-08,1.67939e-08,1.67939e-08,1.67939e-08,8.44404e-09,3.7804e-08,3.78007e-08,3.78016e-08,2.49989,2.50011,2.49995,2.50005,2.50005,2.49995,2.50011,2.49989,-0.0001,-0.0741375,-0.0740921
292.0000,1.21974,2.5794,2.5794,5,8.10796e-09,7.55851e-09,5,7.55851e-09,5,1.21894,2.57783,2.57783,4.99997,0.000161058,4.53427e-05,4.99996,4.53427e-05,4.99996,5,5,5,5,1.66832e-08,1.66832e-08,1.66832e-08,1.66832e-08,8.3417e-09,3.75453e-08,3.75441e-08,3.75435e-08,5,5,5,5,1.67943e-08,1.67939e-08,1.67939e-08,1.67939e-08,8.44405e-09,3.78039e-08,3.78009e-08,3.78018e-08,2.49988,2.50012,2.49995,2.50005,2.50005,2.49995,2.50012,2.49988,-0.0001,-0.0741366,-0.0740912
292.5000,1.21974,2.5794,2.5794,5,8.10796e-09,7.55851e-09,5,7.55851e-09,5,1.21894,2.57783,2.57783,4.99997,0.000161058,4.53427e-05,4.99996,4.53427e-05,4.99996,5,5,5,5,1.66832e-08,1.66832e-08,1.66832e-08,1.66832e-08,8.34169e-09,3.75454e-08,3.75437e-08,3.75441e-08,5,5,5,5,1.67943e-08,1.67939e-08,1.67939e-08,1.67939e-08,8.44405e-09,3.78033e-08,3.78007e-08,3.78017e-08,2.49988,2.50012,2.49995,2.50005,2.50005,2.49995,2.50012,2.49988,-0.0001,-0.0741358,-0.0740904
293.0000,1.21974,2.5794,2.5794,5,8.10796e-09,7.55851e-09,5,7.55851e-09,5,1.21894,2.57783,2.57783,4.99997,0.000161058,4.53427e-05,4.99996,4.53427e-05,4.99996,5,5,5,5,1.66832e-08,1.66832e-08,1.66832e-08,1.66832e-08,8.34171e-09,3.75469e-08,3.75436e-08,3.75449e-08,5,5,5,5,1.67943e-08,1.67939e-08,1.67939e-08,1.67939e-08,8.44406e-09,3.78034e-08,3.7801e-08,3.78017e-08,2.49988,2.50012,2.49995,2.50005,2.50005,2.49995,2.50012,2.49988,-0.0001,-0.074135,-0.0740897
293.5000,1.21974,2.5794,2.5794,5,8.10796e-09,7.55851e-09,5,7.55851e-09,5,1.21894,2.57783,2.57783,4.99997,0.000161058,4.53427e-05,4.99996,4.53427e-05,4.99996,5,5,5,5,1.66832e-08,1.66832e-08,1.66832e-08,1.66832e-08,8.3417e-09,3.75441e-08,3.75446e-08,3.75441e-08,5,5,5,5,1.67943e-08,1.67939e-08,1.67939e-08,1.67939e-08,8.44406e-09,3.7803e-08,3.78007e-08,3.7802e-08,2.49988,2.50012,2.49995,2.50005,2.50005,2.49995,2.50012,2.49988,-0.0001,-0.0741344,-0.074089
294.0000,1.21974,2.5794,2.5794,5,8.10796e-09,7.55851e-09,5,7.55851e-09,5,1.21894,2.57783,2.57783,4.99997,0.000161058,4.53427e-05,4.99996,4.53427e-05,4.99996,5,5,5,5,1.66832e-08,1.66832e-08,1.66832e-08,1.66832e-08,8.34172e-09,3.75466e-08,3.75412e-08,3.75451e-08,5,5,5,5,1.67943e-08,1.67939e-08,1.67939e-08,1.67939e-08,8.44407e-09,3.78034e-08,3.78011e-08,3.78021e-08,2.49988,2.50012,2.49996,2.50004,2.50004,2.49996,2.50012,2.49988,-0.0001,-0.0741339,-0.0740885
294.5000,1.21974,2.5794,2.5794,5,8.10796e-09,7.55851e-09,5,7.55851e-09,5,1.21894,2.57783,2.57783,4.99997,0.000161058,4.53427e-05,4.99996,4.53427e-05,4.99996,5,5,5,5,1.66832e-08,1.66832e-08,1.66832e-08,1.66832e-08,8.34172e-09,3.75433e-08,3.75438e-08,3.75445e-08,5,5,5,5,1.67943e-08,1.67939e-08,1.67939e-08,1.67939e-08,8.44408e-09,3.78033e-08,3.78008e-08,3.7802e-08,2.49988,2.50012,2.49996,2.50004,2.50004,2.49996,2.50012,2.49988,-0.0001,-0.0741334,-0.074088
295.0000,1.21974,2.5794,2.5794,5,8.10796e-09,7.55851e-09,5,7.55851e-09,5,1.21894,2.57783,2.57783,4.99997,0.000161058,4.53427e-05,4.99996,4.53427e-05,4.99996,5,5,5,5,1.66832e-08,1.66832e-08,1.66832e-08,1.66832e-08,8.34173e-09,3.75443e-08,3.75421e-08,3.75446e-08,5,5,5,5,1.67943e-08,1.67939e-08,1.67939e-08,1.67939e-08,8.44408e-09,3.78027e-08,3.78012e-08,3.78021e-08,2.49988,2.50012,2.49996,2.50004,2.50004,2.49996,2.50012,2.49988,-0.0001,-0.074133,-0.0740876
295.5000,1.21974,2.5794,2.5794,5,8.10796e-09,7.55851e-09,5,7.55851e-09,5,1.21894,2.57783,2.57783,4.99997,0.000161058,4.53427e-05,4.99996,4.53427e-05,4.99996,5,5,5,5,1.66832e-08,1.66832e-08,1.66832e-08,1.66832e-08,8.34173e-09,3.75453e-08,3.7544e-08,3.75446e-08,5,5,5,5,1.67943e-08,1.67939e-08,1.67939e-08,1.67939e-08,8.44409e-09,3.78026e-08,3.7801e-08,3.78023e-08,2.49988,2.50012,2.49996,2.50004,2.50004,2.49996,2.50012,2.49988,-0.0001,-0.0741327,-0.0740873
296.0000,1.21974,2.5794,2.5794,5,8.10796e-09,7.55851e-09,5,7.55851e-09,5,1.21894,2.57783,2.57783,4.99997,0.000161058,4.53427e-05,4.99996,4.53427e-05,4.99996,5,5,5,5,1.66832e-08,1.66832e-08,1.66832e-08,1.66832e-08,8.34175e-09,3.75463e-08,3.75424e-08,3.7545e-08,5,5,5,5,1.67943e-08,1.67939e-08,1.67939e-08,1.67939e-08,8.4441e-09,3.78026e-08,3.78009e-08,3.78023e-08,2.49988,2.50012,2.49996,2.50004,2.50004,2.49996,2.50012,2.49988,-0.0001,-0.0741325,-0.0740871
296.5000,1.21974,2.5794,2.5794,5,8.10796e-09,7.55851e-09,5,7.55851e-09,5,1.21894,2.57783,2.57783,4.99997,0.000161058,4.53427e-05,4.99996,4.53427e-05,4.99996,5,5,5,5,1.66832e-08,1.66832e-08,1.66832e-08,1.66832e-08,8.34175e-09,3.75441e-08,3.75445e-08,3.75456e-08,5,5,5,5,1.67943e-08,1.67939e-08,1.67939e-08,1.67939e-08,8.44411e-09,3.78026e-08,3.7801e-08,3.78022e-08,2.49988,2.50012,2.49996,2.50004,2.50004,2.49996,2.50012,2.49988,-0.0001,-0.0741324,-0.074087
297.0000,1.21974,2.5794,2.5794,5,8.10796e-09,7.55851e-09,5,7.55851e-09,5,1.21894,2.57783,2.57783,4.99997,0.000161058,4.53427e-05,4.99996,4.53427e-05,4.99996,5,5,5,5,1.66832e-08,1.66832e-08,1.66832e-08,1.66832e-08,8.34176e-09,3.75459e-08,3.75421e-08,3.75457e-08,5,5,5,5,1.67943e-08,1.67939e-08,1.67939e-08,1.67939e-08,8.44412e-09,3.78024e-08,3.78008e-08,3.78025e-08,2.49988,2.50012,2.49996,2.50004,2.50004,2.49996,2.50012,2.49988,-0.0001,-0.0741323,-0.074087
297.5000,1.21974,2.5794,2.5794,5,8.10796e-09,7.55851e-09,5,7.55851e-09,5,1.21894,2.57783,2.57783,4.99997,0.000161058,4.53427e-05,4.99996,4.53427e-05,4.99996,5,5,5,5,1.66832e-08,1.66832e-08,1.66832e-08,1.66832e-08,8.34177e-09,3.75434e-08,3.7544e-08,3.75452e-08,5,5,5,5,1.67943e-08,1.67939e-08,1.67939e-08,1.67939e-08,8.44413e-09,3.78026e-08,3.78012e-08,3.78028e-08,2.49988,2.50012,2.49996,2.50004,2.50004,2.49996,2.50012,2.49988,-0.0001,-0.0741324,-0.074087
298.0000,1.21974,2.5794,2.5794,5,8.10796e-09,7.55851e-09,5,7.55851e-09,5,1.21894,2.57783,2.57783,4.99997,0.000161058,4.53427e-05,4.99996,4.53427e-05,4.99996,5,5,5,5,1.66832e-08,1.66832e-08,1.66832e-08,1.66832e-08,8.34179e-09,3.75457e-08,3.7541e-08,3.75454e-08,5,5,5,5,1.67943e-08,1.67939e-08,1.67939e-08,1.67939e-08,8.44415e-09,3.78026e-08,3.78009e-08,3.78026e-08,2.49988,2.50012,2.49996,2.50004,2.50004,2.49996,2.50012,2.49988,-0.0001,-0.0741325,-0.0740872
298.5000,1.21974,2.5794,2.5794,5,8.10796e-09,7.55851e-09,5,7.55851e-09,5,1.21894,2.57783,2.57783,4.99997,0.000161058,4.53427e-05,4.99996,4.53427e-05,4.99996,5,5,5,5,1.66832e-08,1.66832e-08,1.66832e-08,1.66832e-08,8.34179e-09,3.75438e-08,3.75441e-08,3.75466e-08,5,5,5,5,1.67943e-08,1.67939e-08,1.67939e-08,1.67939e-08,8.44416e-09,3.78025e-08,3.78012e-08,3.78031e-08,2.49988,2.50012,2.49996,2.50004,2.50004,2.49996,2.50012,2.49988,-0.0001,-0.0741327,-0.0740875
299.0000,1.21974,2.5794,2.5794,5,8.10796e-09,7.55851e-09,5,7.55851e-09,5,1.21894,2.57783,2.57783,4.99997,0.000161058,4.53427e-05,4.99996,4.53427e-05,4.99996,5,5,5,5,1.66832e-08,1.66832e-08,1.66832e-08,1.66832e-08,8.34181e-09,3.7545e-08,3.75416e-08,3.75439e-08,5,5,5,5,1.67943e-08,1.67939e-08,1.67939e-08,1.67939e-08,8.44418e-09,3.78025e-08,3.7801e-08,3.78034e-08,2.49988,2.50012,2.49997,2.50003,2.50003,2.49997,2.50012,2.49988,-0.0001,-0.0741331,-0.0740879
299.5000,1.21974,2.5794,2.5794,5,8.10796e-09,7.55851e-09,5,7.55851e-09,5,1.21894,2.57783,2.57783,4.99997,0.000161058,4.53427e-05,4.99996,4.53427e-05,4.99996,5,5,5,5,1.66832e-08,1.66832e-08,1.66832e-08,1.66832e-08,8.34184e-09,3.75453e-08,3.75441e-08,3.75449e-08,5,5,5,5,1.67943e-08,1.67939e-08,1.67939e-08,1.67939e-08,8.44419e-09,3.78021e-08,3.78009e-08,3.78034e-08,2.49988,2.50012,2.49997,2.50003,2.50003,2.49997,2.50012,2.49988,-0.0001,-0.0741336,-0.0740884
300.0000,1.21974,2.5794,2.5794,5,8.10796e-09,7.55851e-09,5,7.55851e-09,5,1.21894,2.57783,2.57783,4.99997,0.000161058,4.53427e-05,4.99996,4.53427e-05,4.99996,5,5,5,5,1.66832e-08,1.66832e-08,1.66832e-08,1.66832e-08,8.34185e-09,3.75453e-08,3.75412e-08,3.75464e-08,5,5,5,5,1.67943e-08,1.67939e-08,1.67939e-08,1.67939e-08,8.44422e-09,3.7802e-08,3.7801e-08,3.78036e-08,2.49988,2.50012,2.49997,2.50003,2.50003,2.49997,2.50012,2.49988,-0.0001,-0.0741341,-0.074089
300.5000,1.21974,2.5794,2.5794,5,8.10796e-09,7.55851e-09,5,7.55851e-09,5,1.21894,2.57783,2.57783,4.99997,0.000161058,4.53427e-05,4.99996,4.53427e-05,4.99996,5,5,5,5,1.66832e-08,1.66832e-08,1.66832e-08,1.66832e-08,8.34187e-09,3.7545e-08,3.75445e-08,3.75442e-08,5,5,5,5,1.67943e-08,1.67939e-08,1.67939e-08,1.67939e-08,8.44424e-09,3.7802e-08,3.7801e-08,3.78038e-08,2.49988,2.50012,2.49997,2.50003,2.50003,2.49997,2.50012,2.49988,-0.0001,-0.0741349,-0.0740898
301.0000,1.21974,2.5794,2.5794,5,8.10796e-09,7.55851e-09,5,7.55851e-09,5,1.21894,2.57783,2.57783,4.99997,0.000161058,4.53427e-05,4.99996,4.53427e-05,4.99996,5,5,5,5,1.66832e-08,1.66832e-08,1.66832e-08,1.66832e-08,8.3419e-09,3.75453e-08,3.75423e-08,3.75456e-08,5,5,5,5,1.67943e-08,1.67939e-08,1.67939e-08,1.67939e-08,8.44426e-09,3.78018e-08,3.78013e-08,3.7804e-08,2.49988,2.50012,2.49997,2.50003,2.50003,2.49997,2.50012,2.49988,-0.0001,-0.0741358,-0.0740908
301.5000,1.21974,2.5794,2.5794,5,8.10796e-09,7.55851e-09,5,7.55851e-09,5,1.21894,2.57783,2.57783,4.99997,0.000161058,4.53427e-05,4.99996,4.53427e-05,4.99996,5,5,5,5,1.66832e-08,1.66832e-08,1.66832e-08,1.66832e-08,8.34191e-09,3.75448e-08,3.75446e-08,3.75466e-08,5,5,5,5,1.67943e-08,1.67939e-08,1.67939e-08,1.67939e-08,8.44429e-09,3.78022e-08,3.78009e-08,3.78043e-08,2.49988,2.50012,2.49997,2.50003,2.50003,2.49997,2.50012,2.49988,-0.0001,-0.0741369,-0.074092
302.0000,1.21974,2.5794,2.5794,5,8.10796e-09,7.55851e-09,5,7.55851e-09,5,1.21894,2.57783,2.57783,4.99997,0.000161058,4.53427e-05,4.99996,4.53427e-05,4.99996,5,5,5,5,1.66832e-08,1.66832e-08,1.66832e-08,1.66832e-08,8.34194e-09,3.75455e-08,3.75432e-08,3.75472e-08,5,5,5,5,1.67943e-08,1.67939e-08,1.67939e-08,1.67939e-08,8.44432e-09,3.78018e-08,3.78013e-08,3.7805e-08,2.49988,2.50012,2.49997,2.50003,2.50003,2.49997,2.50012,2.49988,-0.0001,-0.0741382,-0.0740934
302.5000,1.21974,2.5794,2.5794,5,8.10796e-09,7.55851e-09,5,7.55851e-09,5,1.21894,2.57783,2.57783,4.99997,0.000161058,4.53427e-05,4.99996,4.53427e-05,4.99996,5,5,5,5,1.66832e-08,1.66832e-08,1.66832e-08,1.66832e-08,8.34199e-09,3.75425e-08,3.75429e-08,3.75486e-08,5,5,5,5,1.67943e-08,1.67939e-08,1.67939e-08,1.67939e-08,8.44436e-09,3.78018e-08,3.78013e-08,3.78053e-08,2.49988,2.50012,2.49997,2.50003,2.50003,2.49997,2.50012,2.49988,-0.0001,-0.0741397,-0.074095
303.0000,1.21974,2.5794,2.5794,5,8.10796e-09,7.55851e-09,5,7.55851e-09,5,1.21894,2.57783,2.57783,4.99997,0.000161058,4.53427e-05,4.99996,4.53427e-05,4.99996,5,5,5,5,1.66832e-08,1.66832e-08,1.66832e-08,1.66832e-08,8.34201e-09,3.75451e-08,3.75445e-08,3.75454e-08,5,5,5,5,1.67943e-08,1.67939e-08,1.67939e-08,1.67939e-08,8.4444e-09,3.78021e-08,3.78012e-08,3.78055e-08,2.49988,2.50012,2.49997,2.50003,2.50003,2.49997,2.50012,2.49988,-0.0001,-0.0741415,-0.0740969
303.5000,1.21974,2.5794,2.5794,5,8.10796e-09,7.55851e-09,5,7.55851e-09,5,1.21894,2.57783,2.57783,4.99997,0.000161058,4.53427e-05,4.99996,4.53427e-05,4.99996,5,5,5,5,1.66832e-08,1.66832e-08,1.66832e-08,1.66832e-08,8.34205e-09,3.75436e-08,3.75421e-08,3.75477e-08,5,5,5,5,1.67943e-08,1.67939e-08,1.67939e-08,1.67939e-08,8.44445e-09,3.78018e-08,3.78013e-08,3.78065e-08,2.49988,2.50012,2.49998,2.50002,2.50002,2.49998,2.50012,2.49988,-0.0001,-0.0741436,-0.0740992
304.0000,1.21974,2.5794,2.5794,5,8.10796e-09,7.55851e-09,5,7.55851e-09,5,1.21894,2.57783,2.57783,4.99997,0.000161058,4.53427e-05,4.99996,4.53427e-05,4.99996,5,5,5,5,1.66832e-08,1.66832e-08,1.66832e-08,1.66832e-08,8.34211e-09,3.75444e-08,3.75434e-08,3.75493e-08,5,5,5,5,1.67943e-08,1.67939e-08,1.67939e-08,1.67939e-08,8.4445e-09,3.78019e-08,3.78014e-08,3.78068e-08,2.49988,2.50012,2.49998,2.50002,2.50002,2.49998,2.50012,2.49988,-0.0001,-0.074146,-0.0741019
304.5000,1.21974,2.5794,2.5794,5,8.10796e-09,7.55851e-09,5,7.55851e-09,5,1.21894,2.57783,2.57783,4.99997,0.000161058,4.53427e-05,4.99996,4.53427e-05,4.99996,5,5,5,5,1.66832e-08,1.66832e-08,1.66832e-08,1.66832e-08,8.34215e-09,3.75443e-08,3.75434e-08,3.75493e-08,5,5,5,5,1.67943e-08,1.67939e-08,1.67939e-08,1.67939e-08,8.44457e-09,3.78016e-08,3.78009e-08,3.78076e-08,2.49988,2.50012,2.49998,2.50002,2.50002,2.49998,2.50012,2.49988,-0.0001,-0.0741489,-0.074105
305.0000,1.21974,2.5794,2.5794,5,8.10796e-09,7.55851e-09,5,7.55851e-09,5,1.21894,2.57783,2.57783,4.99997,0.000161058,4.53427e-05,4.99996,4.53427e-05,4.99996,5,5,5,5,1.66832e-08,1.66832e-08,1.66832e-08,1.66832e-08,8.34223e-09,3.75456e-08,3.75449e-08,3.75501e-08,5,5,5,5,1.67943e-08,1.67939e-08,1.67939e-08,1.67939e-08,8.44464e-09,3.78018e-08,3.78009e-08,3.78086e-08,2.49988,2.50012,2.49998,2.50002,2.50002,2.49998,2.50012,2.49988,-0.0001,-0.0741523,-0.0741087
305.5000,1.21974,2.5794,2.5794,5,8.10796e-09,7.55851e-09,5,7.55851e-09,5,1.21894,2.57783,2.57783,4.99997,0.000161058,4.53427e-05,4.99996,4.53427e-05,4.99996,5,5,5,5,1.66832e-08,1.66832e-08,1.66832e-08,1.66832e-08,8.3423e-09,3.75417e-08,3.75426e-08,3.75511e-08,5,5,5,5,1.67943e-08,1.67939e-08,1.67939e-08,1.67939e-08,8.44473e-09,3.7802e-08,3.78013e-08,3.78093e-08,2.49988,2.50012,2.49998,2.50002,2.50002,2.49998,2.50012,2.49988,-0.0001,-0.0741564,-0.0741131
306.0000,1.21974,2.5794,2.5794,5,8.10796e-09,7.55851e-09,5,7.55851e-09,5,1.21894,2.57783,2.57783,4.99997,0.000161058,4.53427e-05,4.99996,4.53427e-05,4.99996,5,5,5,5,1.66832e-08,1.66832e-08,1.66832e-08,1.66832e-08,8.3424e-09,3.75431e-08,3.75449e-08,3.75516e-08,5,5,5,5,1.67943e-08,1.67939e-08,1.67939e-08,1.67939e-08,8.44483e-09,3.78017e-08,3.78013e-08,3.78106e-08,2.49988,2.50012,2.49998,2.50002,2.50002,2.49998,2.50012,2.49988,-0.0001,-0.0741611,-0.0741183
306.5000,1.21974,2.5794,2.5794,5,8.10796e-09,7.55851e-09,5,7.55851e-09,5,1.21894,2.57783,2.57783,4.99997,0.000161058,4.53427e-05,4.99996,4.53427e-05,4.99996,5,5,5,5,1.66832e-08,1.66832e-08,1.66832e-08,1.66832e-08,8.3425e-09,3.75449e-08,3.75429e-08,3.75541e-08,5,5,5,5,1.67943e-08,1.67939e-08,1.67939e-08,1.67939e-08,8.44496e-09,3.78014e-08,3.78009e-08,3.7812e-08,2.49988,2.50012,2.49998,2.50002,2.50002,2.49998,2.50012,2.49988,-0.0001,-0.0741668,-0.0741245
307.0000,1.21974,2.5794,2.5794,5,8.10796e-09,7.55851e-09,5,7.55851e-09,5,1.21894,2.57783,2.57783,4.99997,0.000161058,4.53427e-05,4.99996,4.53427e-05,4.99996,5,5,5,5,1.66832e-08,1.66832e-08,1.66832e-08,1.66832e-08,8.34263e-09,3.75435e-08,3.7544e-08,3.75556e-08,5,5,5,5,1.67943e-08,1.67939e-08,1.67939e-08,1.67939e-08,8.4451e-09,3.78016e-08,3.78014e-08,3.78137e-08,2.49988,2.50012,2.49998,2.50002,2.50002,2.49998,2.50012,2.49988,-0.0001,-0.0741737,-0.0741319
307.5000,1.21974,2.5794,2.5794,5,8.10796e-09,7.55851e-09,5,7.55851e-09,5,1.21894,2.57783,2.57783,4.99997,0.000161058,4.53427e-05,4.99996,4.53427e-05,4.99996,5,5,5,5,1.66832e-08,1.66832e-08,1.66832e-08,1.66832e-08,8.34278e-09,3.75451e-08,3.75451e-08,3.75579e-08,5,5,5,5,1.67943e-08,1.67939e-08,1.67939e-08,1.67939e-08,8.44528e-09,3.78019e-08,3.7801e-08,3.78159e-08,2.49988,2.50012,2.49998,2.50002,2.50002,2.49998,2.50012,2.49988,-0.0001,-0.0741819,-0.074141
308.0000,1.21974,2.5794,2.5794,5,8.10796e-09,7.55851e-09,5,7.55851e-09,5,1.21894,2.57783,2.57783,4.99997,0.000161058,4.53427e-05,4.99996,4.53427e-05,4.99996,5,5,5,5,1.66832e-08,1.66832e-08,1.66832e-08,1.66832e-08,8.34297e-09,3.75421e-08,3.75429e-08,3.75584e-08,5,5,5,5,1.67943e-08,1.67939e-08,1.67939e-08,1.67939e-08,8.4455e-09,3.78018e-08,3.7801e-08,3.78186e-08,2.49988,2.50012,2.49998,2.50002,2.50002,2.49998,2.50012,2.49988,-0.0001,-0.074192,-0.0741521
308.5000,1.21974,2.5794,2.5794,5,8.10796e-09,7.55851e-09,5,7.55851e-09,5,1.21894,2.57783,2.57783,4.99997,0.000161058,4.53427e-05,4.99996,4.53427e-05,4.99996,5,5,5,5,1.66832e-08,1.66832e-08,1.66832e-08,1.66832e-08,8.34322e-09,3.7544e-08,3.75437e-08,3.75613e-08,5,5,5,5,1.67943e-08,1.67939e-08,1.67939e-08,1.67939e-08,8.44578e-09,3.78014e-08,3.7801e-08,3.78214e-08,2.49988,2.50012,2.49999,2.50001,2.50001,2.49999,2.50012,2.49988,-0.0001,-0.0742044,-0.0741659
309.0000,1.21974,2.5794,2.5794,5,8.10796e-09,7.55851e-09,5,7.55851e-09,5,1.21894,2.57783,2.57783,4.99997,0.000161058,4.53427e-05,4.99996,4.53427e-05,4.99996,5,5,5,5,1.66832e-08,1.66832e-08,1.66832e-08,1.66832e-08,8.3435e-09,3.75427e-08,3.75447e-08,3.75654e-08,5,5,5,5,1.67943e-08,1.67939e-08,1.67939e-08,1.67939e-08,8.44612e-09,3.78018e-08,3.78012e-08,3.78256e-08,2.49988,2.50012,2.49999,2.50001,2.50001,2.49999,2.50012,2.49988,-0.0001,-0.07422,-0.0741833
309.5000,1.21974,2.5794,2.5794,5,8.10796e-09,7.55851e-09,5,7.55851e-09,5,1.21894,2.57783,2.57783,4.99997,0.000161058,4.53427e-05,4.99996,4.53427e-05,4.99996,5,5,5,5,1.66832e-08,1.66832e-08,1.66832e-08,1.66832e-08,8.34388e-09,3.75434e-08,3.75426e-08,3.75696e-08,5,5,5,5,1.67943e-08,1.67939e-08,1.67939e-08,1.67939e-08,8.44657e-09,3.78016e-08,3.78011e-08,3.78305e-08,2.49988,2.50012,2.49999,2.50001,2.50001,2.49999,2.50012,2.49988,-0.0001,-0.0742397,-0.0742056
310.0000,1.21974,2.5794,2.5794,5,8.10796e-09,7.55851e-09,5,7.55851e-09,5,1.21894,2.57783,2.57783,4.99997,0.000161058,4.53427e-05,4.99996,4.53427e-05,4.99996,5,5,5,5,1.66832e-08,1.66832e-08,1.66832e-08,1.66832e-08,8.34438e-09,3.75453e-08,3.7543e-08,3.75761e-08,5,5,5,5,1.67943e-08,1.67939e-08,1.67939e-08,1.67939e-08,8.44717e-09,3.78015e-08,3.78015e-08,3.78376e-08,2.49988,2.50012,2.49999,2.50001,2.50001,2.49999,2.50012,2.49988,-0.0001,-0.0742654,-0.074235
310.5000,1.21974,2.5794,2.5794,5,8.10796e-09,7.55851e-09,5,7.55851e-09,5,1.21894,2.57783,2.57783,4.99997,0.000161058,4.53427e-05,4.99996,4.53427e-05,4.99996,5,5,5,5,1.66832e-08,1.66832e-08,1.66832e-08,1.66832e-08,8.34504e-09,3.75427e-08,3.75445e-08,3.75828e-08,5,5,5,5,1.67943e-08,1.67939e-08,1.67939e-08,1.67939e-08,8.44799e-09,3.78014e-08,3.78015e-08,3.78468e-08,2.49988,2.50012,2.49999,2.50001,2.50001,2.49999,2.50012,2.49988,-0.0001,-0.0742997,-0.0742748
311.0000,1.21974,2.5794,2.5794,5,8.10796e-09,7.55851e-09,5,7.55851e-09,5,1.21894,2.57783,2.57783,4.99997,0.000161058,4.53427e-05,4.99996,4.53427e-05,4.99996,5,5,5,5,1.66832e-08,1.66832e-08,1.66832e-08,1.66832e-08,8.34597e-09,3.75448e-08,3.75416e-08,3.75936e-08,5,5,5,5,1.67943e-08,1.67939e-08,1.67939e-08,1.67939e-08,8.44917e-09,3.78013e-08,3.78013e-08,3.78606e-08,2.49988,2.50012,2.49999,2.50001,2.50001,2.49999,2.50012,2.49988,-0.0001,-0.0743467,-0.0743305
311.5000,1.21974,2.5794,2.5794,5,8.10796e-09,7.55851e-09,5,7.55851e-09,5,1.21894,2.57783,2.57783,4.99997,0.000161058,4.53427e-05,4.99996,4.53427e-05,4.99996,5,5,5,5,1.66832e-08,1.66832e-08,1.66832e-08,1.66832e-08,8.34735e-09,3.75447e-08,3.75438e-08,3.7609e-08,5,5,5,5,1.67943e-08,1.67939e-08,1.67939e-08,1.67939e-08,8.45096e-09,3.78014e-08,3.78015e-08,3.78811e-08,2.49988,2.50012,2.49999,2.50001,2.50001,2.49999,2.50012,2.49988,-0.0001,-0.0744139,-0.0744121
312.0000,1.21974,2.5794,2.5794,5,8.10796e-09,7.55851e-09,5,7.55851e-09,5,1.21894,2.57783,2.57783,4.99997,0.000161058,4.53427e-05,4.99996,4.53427e-05,4.99996,5,5,5,5,1.66832e-08,1.66832e-08,1.66832e-08,1.66832e-08,8.34945e-09,3.75443e-08,3.75448e-08,3.7634e-08,5,5,5,5,1.67943e-08,1.67939e-08,1.67939e-08,1.67939e-08,8.45385e-09,3.78014e-08,3.78011e-08,3.79137e-08,2.49988,2.50012,2.49999,2.50001,2.50001,2.49999,2.50012,2.49988,-0.0001,-0.0745116,-0.0745321
312.5000,1.21974,2.5794,2.5794,5,8.10796e-09,7.55851e-09,5,7.55851e-09,5,1.21894,2.57783,2.57783,4.99997,0.000161058,4.53427e-05,4.99996,4.53427e-05,4.99996,5,5,5,5,1.66832e-08,1.66832e-08,1.66832e-08,1.66832e-08,8.35313e-09,3.75453e-08,3.75452e-08,3.76746e-08,5,5,5,5,1.67943e-08,1.67939e-08,1.67939e-08,1.67939e-08,8.46023e-09,3.78012e-08,3.78011e-08,3.79858e-08,2.49988,2.50012,2.49999,2.50001,2.50001,2.49999,2.50012,2.49988,-0.0001,-0.0746469,-0.0746671
313.0000,1.21974,2.5794,2.5794,5,8.10796e-09,7.55851e-09,5,7.55851e-09,5,1.21894,2.57783,2.57783,4.99997,0.000161058,4.53427e-05,4.99996,4.53427e-05,4.99996,5,5,5,5,1.66832e-08,1.66832e-08,1.66832e-08,1.66832e-08,8.36411e-09,3.75448e-08,3.7545e-08,3.77963e-08,5,5,5,5,1.67943e-08,1.67939e-08,1.67939e-08,1.67939e-08,8.47857e-09,3.78011e-08,3.78015e-08,3.8185e-08,2.49988,2.50012,2.5,2.5,2.5,2.5,2.50012,2.49988,-0.0001,-0.0747495,-0.0747882
313.5000,1.21974,2.5794,2.5794,5,8.10796e-09,7.55851e-09,5,7.55851e-09,5,1.21894,2.57783,2.57783,4.99997,0.000161058,4.53427e-05,4.99996,4.53427e-05,4.99996,5,5,5,5,1.66832e-08,1.66832e-08,1.66832e-08,1.66832e-08,8.386e-09,3.75446e-08,3.75443e-08,3.80239e-08,5,5,5,5,1.67943e-08,1.67939e-08,1.67939e-08,1.67939e-08,8.51672e-09,3.78013e-08,3.78013e-08,3.85263e-08,2.49988,2.50012,2.5,2.5,2.5,2.5,2.50012,2.49988,-0.0001,-0.0749366,-0.0750675
314.0000,1.21974,2.5794,2.5794,5,8.10796e-09,7.55851e-09,5,7.55851e-09,5,1.21894,2.57783,2.57783,4.99997,0.000161058,4.53427e-05,4.99996,4.53427e-05,4.99996,5,5,5,5,1.66832e-08,1.66832e-08,1.66832e-08,1.66832e-08,8.42842e-09,3.75443e-08,3.75443e-08,3.83877e-08,5,5,5,5,1.67943e-08,1.67939e-08,1.67939e-08,1.6794e-08,8.79534e-09,3.78015e-08,3.7801e-08,4.42966e-08,2.49988,2.50012,2.5,2.5,2.5,2.5,2.50012,2.49988,-0.0001,-0.0752484,-0.0754789
314.5000,1.21974,2.5794,2.5794,5,8.10796e-09,7.55851e-09,5,7.55851e-09,5,1.48253,2.57783,2.17665,4.99997,0.000163502,4.53427e-05,4.99996,8.55923e-05,4.94632,5,5,5,5,1.66832e-08,1.66832e-08,1.66832e-08,1.66832e-08,1.0228e-08,3.75433e-08,3.75442e-08,0.00275608,5,5,5,1.67908e-08,1.67939e-08,1.67939e-08,1.67939e-08,1.67933e-08,3.6736e-08,3.78013e-08,3.78015e-08,5,2.49987,2.50013,2.5,2.5,2.5,2.5,2.50013,2.49987,-0.0001,-0.0756526,-0.0758538
315.0000,1.48635,2.5794,2.17814,5,7.82861e-08,7.55851e-09,5,7.59397e-09,4.95175,1.48253,2.57783,2.17665,4.99997,0.000163502,4.53427e-05,4.99996,8.55923e-05,4.94632,5,5,5,1.66832e-08,1.66832e-08,1.66832e-08,1.66832e-08,1.66832e-08,3.67605e-08,3.75436e-08,3.75449e-08,5,5,5,5,1.67901e-08,1.67939e-08,1.67939e-08,1.67939e-08,1.67931e-08,3.72951e-08,3.78011e-08,3.78012e-08,5,2.49987,2.50013,2.5,2.5,2.5,2.5,2.50013,2.49987,-0.0001,-0.0757639,-0.0754771
315.5000,1.48635,2.5794,2.17814,5,7.82861e-08,7.55851e-09,5,7.59397e-09,4.95175,1.48253,2.57783,2.17665,4.99997,0.000163502,4.53427e-05,4.99996,8.55923e-05,4.94632,5,5,5,1.66832e-08,1.66832e-08,1.66832e-08,1.66832e-08,1.66832e-08,3.71415e-08,3.75433e-08,3.75449e-08,5,5,5,5,1.67901e-08,1.67939e-08,1.67939e-08,1.67939e-08,1.67931e-08,3.75052e-08,3.78014e-08,3.78013e-08,5,2.49987,2.50013,2.5,2.5,2.5,2.5,2.50013,2.49987,-0.0001,-0.0754186,-0.0752366
316.0000,1.48635,2.5794,2.17814,5,7.82861e-08,7.55851e-09,5,7.59397e-09,4.95175,1.48253,2.57783,2.17665,4.99997,0.000163502,4.53427e-05,4.99996,8.55923e-05,4.94632,5,5,5,1.66832e-08,1.66832e-08,1.66832e-08,1.66832e-08,1.66832e-08,3.73006e-08,3.75439e-08,3.75448e-08,5,5,5,5,1.679e-08,1.67939e-08,1.67939e-08,1.67939e-08,1.67931e-08,3.7598e-08,3.78011e-08,3.78014e-08,5,2.49988,2.50012,2.5,2.5,2.5,2.5,2.50012,2.49988,-0.0001,-0.0752168,-0.0751212
316.5000,1.48635,2.5794,2.17814,5,7.82861e-08,7.55851e-09,5,7.59397e-09,4.95175,1.48253,2.57783,2.17665,4.99997,0.000163502,4.53427e-05,4.99996,8.55923e-05,4.94632,5,5,5,1.66832e-08,1.66832e-08,1.66832e-08,1.66832e-08,1.66832e-08,3.73667e-08,3.75435e-08,3.75447e-08,5,5,5,5,1.679e-08,1.67939e-08,1.67939e-08,1.67939e-08,1.67931e-08,3.76426e-08,3.78011e-08,3.78013e-08,5,2.49988,2.50012,2.5,2.5,2.5,2.5,2.50012,2.49988,-0.0001,-0.0751453,-0.0751048
317.0000,1.48635,2.5794,2.17814,5,7.82861e-08,7.55851e-09,5,7.59397e-09,4.95175,1.48253,2.57783,2.17665,4.99997,0.000163502,4.53427e-05,4.99996,8.55923e-05,4.94632,5,5,5,1.66832e-08,1.66832e-08,1.66832e-08,1.66832e-08,1.66832e-08,3.74068e-08,3.75438e-08,3.75449e-08,5,5,5,5,1.679e-08,1.67939e-08,1.67939e-08,1.67939e-08,1.67931e-08,3.76747e-08,3.78014e-08,3.78012e-08,5,2.49988,2.50012,2.5,2.5,2.5,2.5,2.50012,2.49988,-0.0001,-0.0751348,-0.0750924
317.5000,1.48635,2.5794,2.17814,5,7.82861e-08,7.55851e-09,5,7.59397e-09,4.95175,1.48253,2.57783,2.17665,4.99997,0.000163502,4.53427e-05,4.99996,8.55923e-05,4.94632,5,5,5,1.66832e-08,1.66832e-08,1.66832e-08,1.66832e-08,1.66832e-08,3.74344e-08,3.75444e-08,3.75444e-08,5,5,5,5,1.679e-08,1.67939e-08,1.67939e-08,1.67939e-08,1.67931e-08,3.7699e-08,3.78013e-08,3.78013e-08,5,2.49988,2.50012,2.50001,2.49999,2.49999,2.50001,2.50012,2.49988,-0.0001,-0.0751208,-0.0750728
318.0000,1.48635,2.5794,2.17814,5,7.82861e-08,7.55851e-09,5,7.59397e-09,4.95175,1.48253,2.57783,2.17665,4.99997,0.000163502,4.53427e-05,4.99996,8.55923e-05,4.94632,5,5,5,1.66832e-08,1.66832e-08,1.66832e-08,1.66832e-08,1.66832e-08,3.74567e-08,3.75434e-08,3.75449e-08,5,5,5,5,1.679e-08,1.67939e-08,1.67939e-08,1.67939e-08,1.67931e-08,3.77197e-08,3.78015e-08,3.78014e-08,5,2.49988,2.50012,2.50001,2.49999,2.49999,2.50001,2.50012,2.49988,-0.0001,-0.0750981,-0.0750317
318.5000,1.48635,2.5794,2.17814,5,7.82861e-08,7.55851e-09,5,7.59397e-09,4.95175,1.48253,2.57783,2.17665,4.99997,0.000163502,4.53427e-05,4.99996,8.55923e-05,4.94632,5,5,5,1.66832e-08,1.66832e-08,1.66832e-08,1.66832e-08,1.66832e-08,3.74772e-08,3.75435e-08,3.7545e-08,5,5,5,5,1.679e-08,1.67939e-08,1.67939e-08,1.67939e-08,1.67931e-08,3.77416e-08,3.78015e-08,3.78013e-08,5,2.49988,2.50012,2.50001,2.49999,2.49999,2.50001,2.50012,2.49988,-0.0001,-0.0750423,-0.0749339
319.0000,1.48635,2.5794,2.17814,5,7.82861e-08,7.55851e-09,5,7.59397e-09,4.95175,1.48253,2.57783,2.17665,4.99997,0.000163502,4.53427e-05,4.99996,8.55923e-05,4.94632,5,5,5,1.66832e-08,1.66832e-08,1.66832e-08,1.66832e-08,1.66832e-08,3.74952e-08,3.75443e-08,3.75447e-08,5,5,5,5,1.679e-08,1.67939e-08,1.67939e-08,1.67939e-08,1.67931e-08,3.77591e-08,3.78012e-08,3.78014e-08,5,2.49988,2.50012,2.50001,2.49999,2.49999,2.50001,2.50012,2.49988,-0.0001,-0.0749392,-0.0748404
319.5000,1.48635,2.5794,2.17814,5,7.82861e-08,7.55851e-09,5,7.59397e-09,4.95175,1.48253,2.57783,2.17665,4.99997,0.000163502,4.53427e-05,4.99996,8.55923e-05,4.94632,5,5,5,1.66832e-08,1.66832e-08,1.66832e-08,1.66832e-08,1.66832e-08,3.75099e-08,3.75441e-08,3.75448e-08,5,5,5,5,1.679e-08,1.67939e-08,1.67939e-08,1.67939e-08,1.67931e-08,3.7771e-08,3.78015e-08,3.78016e-08,5,2.49988,2.50012,2.50001,2.49999,2.49999,2.50001,2.50012,2.49988,-0.0001,-0.0748521,-0.0747702
320.0000,1.48635,2.5794,2.17814,5,7.82861e-08,7.55851e-09,5,7.59397e-09,4.95175,1.48253,2.57783,2.17665,4.99997,0.000163502,4.53427e-05,4.99996,8.55923e-05,4.94632,5,5,5,1.66832e-08,1.66832e-08,1.66832e-08,1.66832e-08,1.66832e-08,3.75174e-08,3.75452e-08,3.75446e-08,5,5,5,5,1.679e-08,1.67939e-08,1.67939e-08,1.67939e-08,1.67931e-08,3.77797e-08,3.78013e-08,3.78015e-08,5,2.49988,2.50012,2.50001,2.49999,2.49999,2.50001,2.50012,2.49988,-0.0001,-0.0747876,-0.0747186
320.5000,1.48635,2.5794,2.17814,5,7.82861e-08,7.55851e-09,5,7.59397e-09,4.95175,1.48253,2.57783,2.17665,4.99997,0.000163502,4.53427e-05,4.99996,8.55923e-05,4.94632,5,5,5,1.66832e-08,1.66832e-08,1.66832e-08,1.66832e-08,1.66832e-08,3.75251e-08,3.75444e-08,3.75445e-08,5,5,5,5,1.679e-08,1.67939e-08,1.67939e-08,1.67939e-08,1.67931e-08,3.77858e-08,3.78013e-08,3.78014e-08,5,2.49988,2.50012,2.50001,2.49999,2.49999,2.50001,2.50012,2.49988,-0.0001,-0.0747404,-0.0746806
321.0000,1.48635,2.5794,2.17814,5,7.82861e-08,7.55851e-09,5,7.59397e-09,4.95175,1.48253,2.57783,2.17665,4.99997,0.000163502,4.53427e-05,4.99996,8.55923e-05,4.94632,5,5,5,1.66832e-08,1.66832e-08,1.66832e-08,1.66832e-08,1.66832e-08,3.75311e-08,3.75441e-08,3.75435e-08,5,5,5,5,1.679e-08,1.67939e-08,1.67939e-08,1.67939e-08,1.67931e-08,3.779e-08,3.78014e-08,3.78015e-08,5,2.49988,2.50012,2.50001,2.49999,2.49999,2.50001,2.50012,2.49988,-0.0001,-0.0747057,-0.0746527
321.5000,1.48635,2.5794,2.17814,5,7.82861e-08,7.55851e-09,5,7.59397e-09,4.95175,1.48253,2.57783,2.17665,4.99997,0.000163502,4.53427e-05,4.99996,8.55923e-05,4.94632,5,5,5,1.66832e-08,1.66832e-08,1.66832e-08,1.66832e-08,1.66832e-08,3.7535e-08,3.75448e-08,3.75438e-08,5,5,5,5,1.679e-08,1.67939e-08,1.67939e-08,1.67939e-08,1.67931e-08,3.77931e-08,3.78013e-08,3.78015e-08,5,2.49988,2.50012,2.50001,2.49999,2.49999,2.50001,2.50012,2.49988,-0.0001,-0.0746803,-0.0746322
322.0000,1.48635,2.5794,2.17814,5,7.82861e-08,7.55851e-09,5,7.59397e-09,4.95175,1.48253,2.57783,2.17665,4.99997,0.000163502,4.53427e-05,4.99996,8.55923e-05,4.94632,5,5,5,1.66832e-08,1.66832e-08,1.66832e-08,1.66832e-08,1.66832e-08,3.75365e-08,3.75421e-08,3.75443e-08,5,5,5,5,1.679e-08,1.67939e-08,1.67939e-08,1.67939e-08,1.67931e-08,3.77954e-08,3.78014e-08,3.78013e-08,5,2.49988,2.50012,2.50002,2.49998,2.49998,2.50002,2.50012,2.49988,-0.0001,-0.0746618,-0.0746172
322.5000,1.48635,2.5794,2.17814,5,7.82861e-08,7.55851e-09,5,7.59397e-09,4.95175,1.48253,2.57783,2.17665,4.99997,0.000163502,4.53427e-05,4.99996,8.55923e-05,4.94632,5,5,5,1.66832e-08,1.66832e-08,1.66832e-08,1.66832e-08,1.66832e-08,3.7539e-08,3.75445e-08,3.75444e-08,5,5,5,5,1.679e-08,1.67939e-08,1.67939e-08,1.67939e-08,1.67931e-08,3.77971e-08,3.7801e-08,3.78018e-08,5,2.49988,2.50012,2.50002,2.49998,2.49998,2.50002,2.50012,2.49988,-0.0001,-0.0746482,-0.0746063
323.0000,1.48635,2.5794,2.17814,5,7.82861e-08,7.55851e-09,5,7.59397e-09,4.95175,1.48253,2.57783,2.17665,4.99997,0.000163502,4.53427e-05,4.99996,8.55923e-05,4.94632,5,5,5,1.66832e-08,1.66832e-08,1.66832e-08,1.66832e-08,1.66832e-08,3.75405e-08,3.75424e-08,3.75442e-08,5,5,5,5,1.679e-08,1.67939e-08,1.67939e-08,1.67939e-08,1.67931e-08,3.77981e-08,3.78011e-08,3.78015e-08,5,2.49988,2.50012,2.50002,2.49998,2.49998,2.50002,2.50012,2.49988,-0.0001,-0.0746383,-0.0745983
323.5000,1.48635,2.5794,2.17814,5,7.82861e-08,7.55851e-09,5,7.59397e-09,4.95175,1.48253,2.57783,2.17665,4.99997,0.000163502,4.53427e-05,4.99996,8.55923e-05,4.94632,5,5,5,1.66832e-08,1.66832e-08,1.66832e-08,1.66832e-08,1.66832e-08,3.75421e-08,3.75446e-08,3.75447e-08,5,5,5,5,1.679e-08,1.67939e-08,1.67939e-08,1.67939e-08,1.67931e-08,3.77991e-08,3.78011e-08,3.78015e-08,5,2.49988,2.50012,2.50002,2.49998,2.49998,2.50002,2.50012,2.49988,-0.0001,-0.074631,-0.0745923
324.0000,1.48635,2.5794,2.17814,5,7.82861e-08,7.55851e-09,5,7.59397e-09,4.95175,1.48253,2.57783,2.17665,4.99997,0.000163502,4.53427e-05,4.99996,8.55923e-05,4.94632,5,5,5,1.66832e-08,1.66832e-08,1.66832e-08,1.66832e-08,1.66832e-08,3.75426e-08,3.75414e-08,3.75454e-08,5,5,5,5,1.679e-08,1.67939e-08,1.67939e-08,1.67939e-08,1.67931e-08,3.77997e-08,3.7801e-08,3.78015e-08,5,2.49988,2.50012,2.50002,2.49998,2.49998,2.50002,2.50012,2.49988,-0.0001,-0.0746256,-0.0745879
324.5000,1.48635,2.5794,2.17814,5,7.82861e-08,7.55851e-09,5,7.59397e-09,4.95175,1.48253,2.57783,2.17665,4.99997,0.000163502,4.53427e-05,4.99996,8.55923e-05,4.94632,5,5,5,1.66832e-08,1.66832e-08,1.66832e-08,1.66832e-08,1.66832e-08,3.7542e-08,3.75429e-08,3.75429e-08,5,5,5,5,1.679e-08,1.67939e-08,1.67939e-08,1.67939e-08,1.67931e-08,3.78e-08,3.78012e-08,3.78018e-08,5,2.49988,2.50012,2.50002,2.49998,2.49998,2.50002,2.50012,2.49988,-0.0001,-0.0746215,-0.0745845
325.0000,1.48635,2.5794,2.17814,5,7.82861e-08,7.55851e-09,5,7.59397e-09,4.95175,1.48253,2.57783,2.17665,4.99997,0.000163502,4.53427e-05,4.99996,8.55923e-05,4.94632,5,5,5,1.66832e-08,1.66832e-08,1.66832e-08,1.66832e-08,1.66832e-08,3.7544e-08,3.75441e-08,3.7544e-08,5,5,5,5,1.679e-08,1.67939e-08,1.67939e-08,1.67939e-08,1.67931e-08,3.78003e-08,3.78011e-08,3.78015e-08,5,2.49988,2.50012,2.50002,2.49998,2.49998,2.50002,2.50012,2.49988,-0.0001,-0.0746185,-0.0745819
325.5000,1.48635,2.5794,2.17814,5,7.82861e-08,7.55851e-09,5,7.59397e-09,4.95175,1.48253,2.57783,2.17665,4.99997,0.000163502,4.53427e-05,4.99996,8.55923e-05,4.94632,5,5,5,1.66832e-08,1.66832e-08,1.66832e-08,1.66832e-08,1.66832e-08,3.75431e-08,3.75433e-08,3.75442e-08,5,5,5,5,1.679e-08,1.67939e-08,1.67939e-08,1.67939e-08,1.67931e-08,3.78008e-08,3.78011e-08,3.7802e-08,5,2.49988,2.50012,2.50002,2.49998,2.49998,2.50002,2.50012,2.49988,-0.0001,-0.0746161,-0.0745799
326.0000,1.48635,2.5794,2.17814,5,7.82861e-08,7.55851e-09,5,7.59397e-09,4.95175,1.48253,2.57783,2.17665,4.99997,0.000163502,4.53427e-05,4.99996,8.55923e-05,4.94632,5,5,5,1.66832e-08,1.66832e-08,1.66832e-08,1.66832e-08,1.66832e-08,3.75441e-08,3.75441e-08,3.75451e-08,5,5,5,5,1.679e-08,1.67939e-08,1.67939e-08,1.67939e-08,1.67931e-08,3.78008e-08,3.78013e-08,3.78017e-08,5,2.49988,2.50012,2.50002,2.49998,2.49998,2.50002,2.50012,2.49988,-0.0001,-0.0746142,-0.0745783
326.5000,1.48635,2.5794,2.17814,5,7.82861e-08,7.55851e-09,5,7.59397e-09,4.95175,1.48253,2.57783,2.17665,4.99997,0.000163502,4.53427e-05,4.99996,8.55923e-05,4.94632,5,5,5,1.66832e-08,1.66832e-08,1.66832e-08,1.66832e-08,1.66832e-08,3.7544e-08,3.75434e-08,3.75436e-08,5,5,5,5,1.679e-08,1.67939e-08,1.67939e-08,1.67939e-08,1.67931e-08,3.78013e-08,3.78011e-08,3.78018e-08,5,2.49988,2.50012,2.50002,2.49998,2.49998,2.50002,2.50012,2.49988,-0.0001,-0.0746127,-0.074577
327.0000,1.48635,2.5794,2.17814,5,7.82861e-08,7.55851e-09,5,7.59397e-09,4.95175,1.48253,2.57783,2.17665,4.99997,0.000163502,4.53427e-05,4.99996,8.55923e-05,4.94632,5,5,5,1.66832e-08,1.66832e-08,1.66832e-08,1.66832e-08,1.66832e-08,3.75449e-08,3.75436e-08,3.75451e-08,5,5,5,5,1.679e-08,1.67939e-08,1.67939e-08,1.67939e-08,1.67931e-08,3.78012e-08,3.78012e-08,3.78021e-08,5,2.49988,2.50012,2.50003,2.49997,2.49997,2.50003,2.50012,2.49988,-0.0001,-0.0746115,-0.0745759
327.5000,1.48635,2.5794,2.17814,5,7.82861e-08,7.55851e-09,5,7.59397e-09,4.95175,1.48253,2.57783,2.17665,4.99997,0.000163502,4.53427e-05,4.99996,8.55923e-05,4.94632,5,5,5,1.66832e-08,1.66832e-08,1.66832e-08,1.66832e-08,1.66832e-08,3.75441e-08,3.75444e-08,3.75419e-08,5,5,5,5,1.679e-08,1.67939e-08,1.67939e-08,1.67939e-08,1.67931e-08,3.78014e-08,3.78009e-08,3.78021e-08,5,2.49988,2.50012,2.50003,2.49997,2.49997,2.50003,2.50012,2.49988,-0.0001,-0.0746105,-0.0745751
328.0000,1.48635,2.5794,2.17814,5,7.82861e-08,7.55851e-09,5,7.59397e-09,4.95175,1.48253,2.57783,2.17665,4.99997,0.000163502,4.53427e-05,4.99996,8.55923e-05,4.94632,5,5,5,1.66832e-08,1.66832e-08,1.66832e-08,1.66832e-08,1.66832e-08,3.75452e-08,3.75444e-08,3.7544e-08,5,5,5,5,1.679e-08,1.67939e-08,1.67939e-08,1.67939e-08,1.67931e-08,3.78014e-08,3.78013e-08,3.78019e-08,5,2.49988,2.50012,2.50003,2.49997,2.49997,2.50003,2.50012,2.49988,-0.0001,-0.0746097,-0.0745743
328.5000,1.48635,2.5794,2.17814,5,7.82861e-08,7.55851e-09,5,7.59397e-09,4.95175,1.48253,2.57783,2.17665,4.99997,0.000163502,4.53427e-05,4.99996,8.55923e-05,4.94632,5,5,5,1.66832e-08,1.66832e-08,1.66832e-08,1.66832e-08,1.66832e-08,3.75437e-08,3.75444e-08,3.75427e-08,5,5,5,5,1.679e-08,1.67939e-08,1.67939e-08,1.67939e-08,1.67931e-08,3.78019e-08,3.78011e-08,3.78019e-08,5,2.49988,2.50012,2.50003,2.49997,2.49997,2.50003,2.50012,2.49988,-0.0001,-0.074609,-0.0745737
329.0000,1.48635,2.5794,2.17814,5,7.82861e-08,7.55851e-09,5,7.59397e-09,4.95175,1.48253,2.57783,2.17665,4.99997,0.000163502,4.53427e-05,4.99996,8.55923e-05,4.94632,5,5,5,1.66832e-08,1.66832e-08,1.66832e-08,1.66832e-08,1.66832e-08,3.75441e-08,3.75447e-08,3.75445e-08,5,5,5,5,1.679e-08,1.67939e-08,1.67939e-08,1.67939e-08,1.67931e-08,3.7802e-08,3.78011e-08,3.78018e-08,5,2.49988,2.50012,2.50003,2.49997,2.49997,2.50003,2.50012,2.49988,-0.0001,-0.0746085,-0.0745732
329.5000,1.48635,2.5794,2.17814,5,7.82861e-08,7.55851e-09,5,7.59397e-09,4.95175,1.48253,2.57783,2.17665,4.99997,0.000163502,4.53427e-05,4.99996,8.55923e-05,4.94632,5,5,5,1.66832e-08,1.66832e-08,1.66832e-08,1.66832e-08,1.66832e-08,3.75437e-08,3.7544e-08,3.75428e-08,5,5,5,5,1.679e-08,1.67939e-08,1.67939e-08,1.67939e-08,1.67931e-08,3.7802e-08,3.78009e-08,3.7802e-08,5,2.49988,2.50012,2.50003,2.49997,2.49997,2.50003,2.50012,2.49988,-0.0001,-0.074608,-0.0745728
330.0000,1.48635,2.5794,2.17814,5,7.82861e-08,7.55851e-09,5,7.59397e-09,4.95175,1.48253,2.57783,2.17665,4.99997,0.000163502,4.53427e-05,4.99996,8.55923e-05,4.94632,5,5,5,1.66832e-08,1.66832e-08,1.66832e-08,1.66832e-08,1.66832e-08,3.75456e-08,3.75449e-08,3.75458e-08,5,5,5,5,1.679e-08,1.67939e-08,1.67939e-08,1.67939e-08,1.67931e-08,3.78019e-08,3.78012e-08,3.7802e-08,5,2.49988,2.50012,2.50003,2.49997,2.49997,2.50003,2.50012,2.49988,-0.0001,-0.0746076,-0.0745725
330.5000,1.48635,2.5794,2.17814,5,7.82861e-08,7.55851e-09,5,7.59397e-09,4.95175,1.48253,2.57783,2.17665,4.99997,0.000163502,4.53427e-05,4.99996,8.55923e-05,4.94632,5,5,5,1.66832e-08,1.66832e-08,1.66832e-08,1.66832e-08,1.66832e-08,3.75429e-08,3.75429e-08,3.7544e-08,5,5,5,5,1.679e-08,1.67939e-08,1.67939e-08,1.67939e-08,1.67931e-08,3.78021e-08,3.78013e-08,3.78022e-08,5,2.49988,2.50012,2.50003,2.49997,2.49997,2.50003,2.50012,2.49988,-0.0001,-0.0746072,-0.0745722
331.0000,1.48635,2.5794,2.17814,5,7.82861e-08,7.55851e-09,5,7.59397e-09,4.95175,1.48253,2.57783,2.17665,4.99997,0.000163502,4.53427e-05,4.99996,8.55923e-05,4.94632,5,5,5,1.66832e-08,1.66832e-08,1.66832e-08,1.66832e-08,1.66832e-08,3.75455e-08,3.75441e-08,3.75456e-08,5,5,5,5,1.679e-08,1.67939e-08,1.67939e-08,1.67939e-08,1.67931e-08,3.78022e-08,3.7801e-08,3.78021e-08,5,2.49988,2.50012,2.50003,2.49997,2.49997,2.50003,2.50012,2.49988,-0.0001,-0.074607,-0.074572
331.5000,1.48635,2.5794,2.17814,5,7.82861e-08,7.55851e-09,5,7.59397e-09,4.95175,1.48253,2.57783,2.17665,4.99997,0.000163502,4.53427e-05,4.99996,8.55923e-05,4.94632,5,5,5,1.66832e-08,1.66832e-08,1.66832e-08,1.66832e-08,1.66832e-08,3.75439e-08,3.75441e-08,3.75435e-08,5,5,5,5,1.679e-08,1.67939e-08,1.67939e-08,1.67939e-08,1.67931e-08,3.7802e-08,3.78008e-08,3.78022e-08,5,2.49988,2.50012,2.50004,2.49996,2.49996,2.50004,2.50012,2.49988,-0.0001,-0.0746068,-0.0745718
332.0000,1.48635,2.5794,2.17814,5,7.82861e-08,7.55851e-09,5,7.59397e-09,4.95175,1.48253,2.57783,2.17665,4.99997,0.000163502,4.53427e-05,4.99996,8.55923e-05,4.94632,5,5,5,1.66832e-08,1.66832e-08,1.66832e-08,1.66832e-08,1.66832e-08,3.75458e-08,3.75434e-08,3.75448e-08,5,5,5,5,1.679e-08,1.67939e-08,1.67939e-08,1.67939e-08,1.67931e-08,3.7802e-08,3.78012e-08,3.78026e-08,5,2.49988,2.50012,2.50004,2.49996,2.49996,2.50004,2.50012,2.49988,-0.0001,-0.0746066,-0.0745717
332.5000,1.48635,2.5794,2.17814,5,7.82861e-08,7.55851e-09,5,7.59397e-09,4.95175,1.48253,2.57783,2.17665,4.99997,0.000163502,4.53427e-05,4.99996,8.55923e-05,4.94632,5,5,5,1.66832e-08,1.66832e-08,1.66832e-08,1.66832e-08,1.66832e-08,3.75425e-08,3.75444e-08,3.75445e-08,5,5,5,5,1.679e-08,1.67939e-08,1.67939e-08,1.67939e-08,1.67931e-08,3.78023e-08,3.78012e-08,3.78025e-08,5,2.49988,2.50012,2.50004,2.49996,2.49996,2.50004,2.50012,2.49988,-0.0001,-0.0746065,-0.0745717
333.0000,1.48635,2.5794,2.17814,5,7.82861e-08,7.55851e-09,5,7.59397e-09,4.95175,1.48253,2.57783,2.17665,4.99997,0.000163502,4.53427e-05,4.99996,8.55923e-05,4.94632,5,5,5,1.66832e-08,1.66832e-08,1.66832e-08,1.66832e-08,1.66832e-08,3.75439e-08,3.75448e-08,3.75452e-08,5,5,5,5,1.679e-08,1.67939e-08,1.67939e-08,1.67939e-08,1.67931e-08,3.78024e-08,3.78008e-08,3.78026e-08,5,2.49988,2.50012,2.50004,2.49996,2.49996,2.50004,2.50012,2.49988,-0.0001,-0.0746065,-0.0745717
333.5000,1.48635,2.5794,2.17814,5,7.82861e-08,7.55851e-09,5,7.59397e-09,4.95175,1.48253,2.57783,2.17665,4.99997,0.000163502,4.53427e-05,4.99996,8.55923e-05,4.94632,5,5,5,1.66832e-08,1.66832e-08,1.66832e-08,1.66832e-08,1.66832e-08,3.7545e-08,3.75448e-08,3.75446e-08,5,5,5,5,1.679e-08,1.67939e-08,1.67939e-08,1.67939e-08,1.67931e-08,3.78027e-08,3.78008e-08,3.78029e-08,5,2.49988,2.50012,2.50004,2.49996,2.49996,2.50004,2.50012,2.49988,-0.0001,-0.0746065,-0.0745718
334.0000,1.48635,2.5794,2.17814,5,7.82861e-08,7.55851e-09,5,7.59397e-09,4.95175,1.48253,2.57783,2.17665,4.99997,0.000163502,4.53427e-05,4.99996,8.55923e-05,4.94632,5,5,5,1.66832e-08,1.66832e-08,1.66832e-08,1.66832e-08,1.66832e-08,3.75456e-08,3.75438e-08,3.75446e-08,5,5,5,5,1.679e-08,1.67939e-08,1.67939e-08,1.67939e-08,1.67931e-08,3.78026e-08,3.78008e-08,3.7803e-08,5,2.49988,2.50012,2.50004,2.49996,2.49996,2.50004,2.50012,2.49988,-0.0001,-0.0746066,-0.0745719
334.5000,1.48635,2.5794,2.17814,5,7.82861e-08,7.55851e-09,5,7.59397e-09,4.95175,1.48253,2.57783,2.17665,4.99997,0.000163502,4.53427e-05,4.99996,8.55923e-05,4.94632,5,5,5,1.66832e-08,1.66832e-08,1.66832e-08,1.66832e-08,1.66832e-08,3.75461e-08,3.75435e-08,3.75448e-08,5,5,5,5,1.679e-08,1.67939e-08,1.67939e-08,1.67939e-08,1.67931e-08,3.78027e-08,3.78011e-08,3.78029e-08,5,2.49988,2.50012,2.50004,2.49996,2.49996,2.50004,2.50012,2.49988,-0.0001,-0.0746068,-0.0745721
335.0000,1.48635,2.5794,2.17814,5,7.82861e-08,7.55851e-09,5,7.59397e-09,4.95175,1.48253,2.57783,2.17665,4.99997,0.000163502,4.53427e-05,4.99996,8.55923e-05,4.94632,5,5,5,1.66832e-08,1.66832e-08,1.66832e-08,1.66832e-08,1.66832e-08,3.75464e-08,3.75435e-08,3.75451e-08,5,5,5,5,1.679e-08,1.67939e-08,1.67939e-08,1.67939e-08,1.67931e-08,3.78028e-08,3.78008e-08,3.7803e-08,5,2.49988,2.50012,2.50004,2.49996,2.49996,2.50004,2.50012,2.49988,-0.0001,-0.074607,-0.0745724
335.5000,1.48635,2.5794,2.17814,5,7.82861e-08,7.55851e-09,5,7.59397e-09,4.95175,1.48253,2.57783,2.17665,4.99997,0.000163502,4.53427e-05,4.99996,8.55923e-05,4.94632,5,5,5,1.66832e-08,1.66832e-08,1.66832e-08,1.66832e-08,1.66832e-08,3.75462e-08,3.7544e-08,3.75454e-08,5,5,5,5,1.679e-08,1.67939e-08,1.67939e-08,1.67939e-08,1.67931e-08,3.78031e-08,3.78012e-08,3.78028e-08,5,2.49988,2.50012,2.50004,2.49996,2.49996,2.50004,2.50012,2.49988,-0.0001,-0.0746072,-0.0745727
336.0000,1.48635,2.5794,2.17814,5,7.82861e-08,7.55851e-09,5,7.59397e-09,4.95175,1.48253,2.57783,2.17665,4.99997,0.000163502,4.53427e-05,4.99996,8.55923e-05,4.94632,5,5,5,1.66832e-08,1.66832e-08,1.66832e-08,1.66832e-08,1.66832e-08,3.75455e-08,3.75439e-08,3.75449e-08,5,5,5,5,1.679e-08,1.67939e-08,1.67939e-08,1.67939e-08,1.67931e-08,3.78033e-08,3.78008e-08,3.78031e-08,5,2.49988,2.50012,2.50004,2.49996,2.49996,2.50004,2.50012,2.49988,-0.0001,-0.0746076,-0.0745731
336.5000,1.48635,2.5794,2.17814,5,7.82861e-08,7.55851e-09,5,7.59397e-09,4.95175,1.48253,2.57783,2.17665,4.99997,0.000163502,4.53427e-05,4.99996,8.55923e-05,4.94632,5,5,5,1.66832e-08,1.66832e-08,1.66832e-08,1.66832e-08,1.66832e-08,3.75451e-08,3.75432e-08,3.75452e-08,5,5,5,5,1.679e-08,1.67939e-08,1.67939e-08,1.67939e-08,1.67931e-08,3.7803e-08,3.78009e-08,3.78034e-08,5,2.49988,2.50012,2.50005,2.49995,2.49995,2.50005,2.50012,2.49988,-0.0001,-0.074608,-0.0745736
337.0000,1.48635,2.5794,2.17814,5,7.82861e-08,7.55851e-09,5,7.59397e-09,4.95175,1.48253,2.57783,2.17665,4.99997,0.000163502,4.53427e-05,4.99996,8.55923e-05,4.94632,5,5,5,1.66832e-08,1.66832e-08,1.66832e-08,1.66832e-08,1.66832e-08,3.75466e-08,3.75437e-08,3.75465e-08,5,5,5,5,1.679e-08,1.67939e-08,1.67939e-08,1.67939e-08,1.67931e-08,3.78032e-08,3.78007e-08,3.78033e-08,5,2.49988,2.50012,2.50005,2.49995,2.49995,2.50005,2.50012,2.49988,-0.0001,-0.0746085,-0.0745741
337.5000,1.48635,2.5794,2.17814,5,7.82861e-08,7.55851e-09,5,7.59397e-09,4.95175,1.48253,2.57783,2.17665,4.99997,0.000163502,4.53427e-05,4.99996,8.55923e-05,4.94632,5,5,5,1.66832e-08,1.66832e-08,1.66832e-08,1.66832e-08,1.66832e-08,3.75444e-08,3.75433e-08,3.75443e-08,5,5,5,5,1.679e-08,1.67939e-08,1.67939e-08,1.67939e-08,1.67931e-08,3.78033e-08,3.7801e-08,3.78038e-08,5,2.49988,2.50012,2.50005,2.49995,2.49995,2.50005,2.50012,2.49988,-0.0001,-0.074609,-0.0745747
338.0000,1.48635,2.5794,2.17814,5,7.82861e-08,7.55851e-09,5,7.59397e-09,4.95175,1.48253,2.57783,2.17665,4.99997,0.000163502,4.53427e-05,4.99996,8.55923e-05,4.94632,5,5,5,1.66832e-08,1.66832e-08,1.66832e-08,1.66832e-08,1.66832e-08,3.75461e-08,3.75442e-08,3.75461e-08,5,5,5,5,1.679e-08,1.67939e-08,1.67939e-08,1.67939e-08,1.67931e-08,3.78037e-08,3.78008e-08,3.78036e-08,5,2.49988,2.50012,2.50005,2.49995,2.49995,2.50005,2.50012,2.49988,-0.0001,-0.0746097,-0.0745755
338.5000,1.48635,2.5794,2.17814,5,7.82861e-08,7.55851e-09,5,7.59397e-09,4.95175,1.48253,2.57783,2.17665,4.99997,0.000163502,4.53427e-05,4.99996,8.55923e-05,4.94632,5,5,5,1.66832e-08,1.66832e-08,1.66832e-08,1.66832e-08,1.66832e-08,3.75466e-08,3.75433e-08,3.75466e-08,5,5,5,5,1.679e-08,1.67939e-08,1.67939e-08,1.67939e-08,1.67931e-08,3.78037e-08,3.78009e-08,3.7804e-08,5,2.49989,2.50011,2.50005,2.49995,2.49995,2.50005,2.50011,2.49989,-0.0001,-0.0746105,-0.0745763
339.0000,1.48635,2.5794,2.17814,5,7.82861e-08,7.55851e-09,5,7.59397e-09,4.95175,1.48253,2.57783,2.17665,4.99997,0.000163502,4.53427e-05,4.99996,8.55923e-05,4.94632,5,5,5,1.66832e-08,1.66832e-08,1.66832e-08,1.66832e-08,1.66832e-08,3.75469e-08,3.75443e-08,3.75463e-08,5,5,5,5,1.679e-08,1.67939e-08,1.67939e-08,1.67939e-08,1.67931e-08,3.78041e-08,3.78008e-08,3.78039e-08,5,2.49989,2.50011,2.50005,2.49995,2.49995,2.50005,2.50011,2.49989,-0.0001,-0.0746113,-0.0745773
339.5000,1.48635,2.5794,2.17814,5,7.82861e-08,7.55851e-09,5,7.59397e-09,4.95175,1.48253,2.57783,2.17665,4.99997,0.000163502,4.53427e-05,4.99996,8.55923e-05,4.94632,5,5,5,1.66832e-08,1.66832e-08,1.66832e-08,1.66832e-08,1.66832e-08,3.75464e-08,3.75433e-08,3.75469e-08,5,5,5,5,1.679e-08,1.67939e-08,1.67939e-08,1.67939e-08,1.67931e-08,3.78043e-08,3.78009e-08,3.78045e-08,5,2.49989,2.50011,2.50005,2.49995,2.49995,2.50005,2.50011,2.49989,-0.0001,-0.0746123,-0.0745784
340.0000,1.48635,2.5794,2.17814,5,7.82861e-08,7.55851e-09,5,7.59397e-09,4.95175,1.48253,2.57783,2.17665,4.99997,0.000163502,4.53427e-05,4.99996,8.55923e-05,4.94632,5,5,5,1.66832e-08,1.66832e-08,1.66832e-08,1.66832e-08,1.66832e-08,3.75459e-08,3.75439e-08,3.75477e-08,5,5,5,5,1.679e-08,1.67939e-08,1.67939e-08,1.67939e-08,1.67931e-08,3.78046e-08,3.78007e-08,3.78043e-08,5,2.49989,2.50011,2.50005,2.49995,2.49995,2.50005,2.50011,2.49989,-0.0001,-0.0746134,-0.0745796
340.5000,1.48635,2.5794,2.17814,5,7.82861e-08,7.55851e-09,5,7.59397e-09,4.95175,1.48253,2.57783,2.17665,4.99997,0.000163502,4.53427e-05,4.99996,8.55923e-05,4.94632,5,5,5,1.66832e-08,1.66832e-08,1.66832e-08,1.66832e-08,1.66832e-08,3.75466e-08,3.75437e-08,3.75481e-08,5,5,5,5,1.679e-08,1.67939e-08,1.67939e-08,1.67939e-08,1.67931e-08,3.78046e-08,3.78008e-08,3.78047e-08,5,2.49989,2.50011,2.50005,2.49995,2.49995,2.50005,2.50011,2.49989,-0.0001,-0.0746147,-0.0745809
341.0000,1.48635,2.5794,2.17814,5,7.82861e-08,7.55851e-09,5,7.59397e-09,4.95175,1.48253,2.57783,2.17665,4.99997,0.000163502,4.53427e-05,4.99996,8.55923e-05,4.94632,5,5,5,1.66832e-08,1.66832e-08,1.66832e-08,1.66832e-08,1.66832e-08,3.75484e-08,3.75447e-08,3.75483e-08,5,5,5,5,1.679e-08,1.67939e-08,1.67939e-08,1.67939e-08,1.67931e-08,3.7805e-08,3.78009e-08,3.78048e-08,5,2.49989,2.50011,2.50005,2.49995,2.49995,2.50005,2.50011,2.49989,-0.0001,-0.0746161,-0.0745824
341.5000,1.48635,2.5794,2.17814,5,7.82861e-08,7.55851e-09,5,7.59397e-09,4.95175,1.48253,2.57783,2.17665,4.99997,0.000163502,4.53427e-05,4.99996,8.55923e-05,4.94632,5,5,5,1.66832e-08,1.66832e-08,1.66832e-08,1.66832e-08,1.66832e-08,3.75467e-08,3.75417e-08,3.75484e-08,5,5,5,5,1.679e-08,1.67939e-08,1.67939e-08,1.67939e-08,1.67931e-08,3.7805e-08,3.78009e-08,3.78052e-08,5,2.49989,2.50011,2.50006,2.49994,2.49994,2.50006,2.50011,2.49989,-0.0001,-0.0746177,-0.0745841
342.0000,1.48635,2.5794,2.17814,5,7.82861e-08,7.55851e-09,5,7.59397e-09,4.95175,1.48253,2.57783,2.17665,4.99997,0.000163502,4.53427e-05,4.99996,8.55923e-05,4.94632,5,5,5,1.66832e-08,1.66832e-08,1.66832e-08,1.66832e-08,1.66832e-08,3.75468e-08,3.75439e-08,3.75475e-08,5,5,5,5,1.679e-08,1.67939e-08,1.67939e-08,1.67939e-08,1.67931e-08,3.78053e-08,3.78007e-08,3.78056e-08,5,2.49989,2.50011,2.50006,2.49994,2.49994,2.50006,2.50011,2.49989,-0.0001,-0.0746194,-0.0745861
342.5000,1.48635,2.5794,2.17814,5,7.82861e-08,7.55851e-09,5,7.59397e-09,4.95175,1.48253,2.57783,2.17665,4.99997,0.000163502,4.53427e-05,4.99996,8.55923e-05,4.94632,5,5,5,1.66832e-08,1.66832e-08,1.66832e-08,1.66832e-08,1.66832e-08,3.7549e-08,3.75407e-08,3.7549e-08,5,5,5,5,1.679e-08,1.67939e-08,1.67939e-08,1.67939e-08,1.67931e-08,3.78057e-08,3.78008e-08,3.78058e-08,5,2.49989,2.50011,2.50006,2.49994,2.49994,2.50006,2.50011,2.49989,-0.0001,-0.0746214,-0.0745882
343.0000,1.48635,2.5794,2.17814,5,7.82861e-08,7.55851e-09,5,7.59397e-09,4.95175,1.48253,2.57783,2.17665,4.99997,0.000163502,4.53427e-05,4.99996,8.55923e-05,4.94632,5,5,5,1.66832e-08,1.66832e-08,1.66832e-08,1.66832e-08,1.66832e-08,3.75476e-08,3.75426e-08,3.75471e-08,5,5,5,5,1.679e-08,1.67939e-08,1.67939e-08,1.67939e-08,1.67931e-08,3.78065e-08,3.78005e-08,3.78061e-08,5,2.49989,2.50011,2.50006,2.49994,2.49994,2.50006,2.50011,2.49989,-0.0001,-0.0746237,-0.0745906
343.5000,1.48635,2.5794,2.17814,5,7.82861e-08,7.55851e-09,5,7.59397e-09,4.95175,1.48253,2.57783,2.17665,4.99997,0.000163502,4.53427e-05,4.99996,8.55923e-05,4.94632,5,5,5,1.66832e-08,1.66832e-08,1.66832e-08,1.66832e-08,1.66832e-08,3.75492e-08,3.75425e-08,3.75496e-08,5,5,5,5,1.679e-08,1.67939e-08,1.67939e-08,1.67939e-08,1.67931e-08,3.78065e-08,3.78007e-08,3.78068e-08,5,2.49989,2.50011,2.50006,2.49994,2.49994,2.50006,2.50011,2.49989,-0.0001,-0.0746262,-0.0745933
344.0000,1.48635,2.5794,2.17814,5,7.82861e-08,7.55851e-09,5,7.59397e-09,4.95175,1.48253,2.57783,2.17665,4.99997,0.000163502,4.53427e-05,4.99996,8.55923e-05,4.94632,5,5,5,1.66832e-08,1.66832e-08,1.66832e-08,1.66832e-08,1.66832e-08,3.75497e-08,3.75437e-08,3.7547e-08,5,5,5,5,1.679e-08,1.67939e-08,1.67939e-08,1.67939e-08,1.67931e-08,3.7807e-08,3.78004e-08,3.78071e-08,5,2.49989,2.50011,2.50006,2.49994,2.49994,2.50006,2.50011,2.49989,-0.0001,-0.074629,-0.0745963
344.5000,1.48635,2.5794,2.17814,5,7.82861e-08,7.55851e-09,5,7.59397e-09,4.95175,1.48253,2.57783,2.17665,4.99997,0.000163502,4.53427e-05,4.99996,8.55923e-05,4.94632,5,5,5,1.66832e-08,1.66832e-08,1.66832e-08,1.66832e-08,1.66832e-08,3.75503e-08,3.75438e-08,3.75494e-08,5,5,5,5,1.679e-08,1.67939e-08,1.67939e-08,1.67939e-08,1.67931e-08,3.78077e-08,3.78003e-08,3.78079e-08,5,2.49989,2.50011,2.50006,2.49994,2.49994,2.50006,2.50011,2.49989,-0.0001,-0.0746322,-0.0745996
345.0000,1.48635,2.5794,2.17814,5,7.82861e-08,7.55851e-09,5,7.59397e-09,4.95175,1.48253,2.57783,2.17665,4.99997,0.000163502,4.53427e-05,4.99996,8.55923e-05,4.94632,5,5,5,1.66832e-08,1.66832e-08,1.66832e-08,1.66832e-08,1.66832e-08,3.75512e-08,3.75422e-08,3.75492e-08,5,5,5,5,1.679e-08,1.67939e-08,1.67939e-08,1.67939e-08,1.67931e-08,3.78082e-08,3.78003e-08,3.78084e-08,5,2.49989,2.50011,2.50006,2.49994,2.49994,2.50006,2.50011,2.49989,-0.0001,-0.0746358,-0.0746034
345.5000,1.48635,2.5794,2.17814,5,7.82861e-08,7.55851e-09,5,7.59397e-09,4.95175,1.48253,2.57783,2.17665,4.99997,0.000163502,4.53427e-05,4.99996,8.55923e-05,4.94632,5,5,5,1.66832e-08,1.66832e-08,1.66832e-08,1.66832e-08,1.66832e-08,3.75511e-08,3.7542e-08,3.75517e-08,5,5,5,5,1.679e-08,1.67939e-08,1.67939e-08,1.67939e-08,1.67931e-08,3.78091e-08,3.78002e-08,3.78091e-08,5,2.49989,2.50011,2.50006,2.49994,2.49994,2.50006,2.50011,2.49989,-0.0001,-0.0746398,-0.0746077
346.0000,1.48635,2.5794,2.17814,5,7.82861e-08,7.55851e-09,5,7.59397e-09,4.95175,1.48253,2.57783,2.17665,4.99997,0.000163502,4.53427e-05,4.99996,8.55923e-05,4.94632,5,5,5,1.66832e-08,1.66832e-08,1.66832e-08,1.66832e-08,1.66832e-08,3.75505e-08,3.75427e-08,3.75498e-08,5,5,5,5,1.679e-08,1.67939e-08,1.67939e-08,1.67939e-08,1.67931e-08,3.78096e-08,3.78001e-08,3.78098e-08,5,2.49989,2.50011,2.50006,2.49994,2.49994,2.50006,2.50011,2.49989,-0.0001,-0.0746445,-0.0746126
346.5000,1.48635,2.5794,2.17814,5,7.82861e-08,7.55851e-09,5,7.59397e-09,4.95175,1.48253,2.57783,2.17665,4.99997,0.000163502,4.53427e-05,4.99996,8.55923e-05,4.94632,5,5,5,1.66832e-08,1.66832e-08,1.66832e-08,1.66832e-08,1.66832e-08,3.7551e-08,3.75416e-08,3.7552e-08,5,5,5,5,1.679e-08,1.67939e-08,1.67939e-08,1.67939e-08,1.67931e-08,3.78104e-08,3.77997e-08,3.78105e-08,5,2.49989,2.50011,2.50007,2.49993,2.49993,2.50007,2.50011,2.49989,-0.0001,-0.0746497,-0.0746181
347.0000,1.48635,2.5794,2.17814,5,7.82861e-08,7.55851e-09,5,7.59397e-09,4.95175,1.48253,2.57783,2.17665,4.99997,0.000163502,4.53427e-05,4.99996,8.55923e-05,4.94632,5,5,5,1.66832e-08,1.66832e-08,1.66832e-08,1.66832e-08,1.66832e-08,3.75524e-08,3.75417e-08,3.75525e-08,5,5,5,5,1.679e-08,1.67939e-08,1.67939e-08,1.67939e-08,1.67931e-08,3.7811e-08,3.77994e-08,3.78111e-08,5,2.49989,2.50011,2.50007,2.49993,2.49993,2.50007,2.50011,2.49989,-0.0001,-0.0746558,-0.0746244
347.5000,1.48635,2.5794,2.17814,5,7.82861e-08,7.55851e-09,5,7.59397e-09,4.95175,1.48253,2.57783,2.17665,4.99997,0.000163502,4.53427e-05,4.99996,8.55923e-05,4.94632,5,5,5,1.66832e-08,1.66832e-08,1.66832e-08,1.66832e-08,1.66832e-08,3.75541e-08,3.75425e-08,3.7553e-08,5,5,5,5,1.679e-08,1.67939e-08,1.67939e-08,1.67939e-08,1.67931e-08,3.7812e-08,3.77992e-08,3.78124e-08,5,2.49989,2.50011,2.50007,2.49993,2.49993,2.50007,2.50011,2.49989,-0.0001,-0.0746627,-0.0746317
348.0000,1.48635,2.5794,2.17814,5,7.82861e-08,7.55851e-09,5,7.59397e-09,4.95175,1.48253,2.57783,2.17665,4.99997,0.000163502,4.53427e-05,4.99996,8.55923e-05,4.94632,5,5,5,1.66832e-08,1.66832e-08,1.66832e-08,1.66832e-08,1.66832e-08,3.75556e-08,3.75418e-08,3.75552e-08,5,5,5,5,1.679e-08,1.67939e-08,1.67939e-08,1.67939e-08,1.67931e-08,3.78133e-08,3.77985e-08,3.78133e-08,5,2.4999,2.5001,2.50007,2.49993,2.49993,2.50007,2.5001,2.4999,-0.0001,-0.0746707,-0.07464
348.5000,1.48635,2.5794,2.17814,5,7.82861e-08,7.55851e-09,5,7.59397e-09,4.95175,1.48253,2.57783,2.17665,4.99997,0.000163502,4.53427e-05,4.99996,8.55923e-05,4.94632,5,5,5,1.66832e-08,1.66832e-08,1.66832e-08,1.66832e-08,1.66832e-08,3.75551e-08,3.75416e-08,3.75551e-08,5,5,5,5,1.679e-08,1.67939e-08,1.67939e-08,1.67939e-08,1.67931e-08,3.78145e-08,3.77985e-08,3.78145e-08,5,2.4999,2.5001,2.50007,2.49993,2.49993,2.50007,2.5001,2.4999,-0.0001,-0.07468,-0.0746496
349.0000,1.48635,2.5794,2.17814,5,7.82861e-08,7.55851e-09,5,7.59397e-09,4.95175,1.48253,2.57783,2.17665,4.99997,0.000163502,4.53427e-05,4.99996,8.55923e-05,4.94632,5,5,5,1.66832e-08,1.66832e-08,1.66832e-08,1.66832e-08,1.66832e-08,3.75559e-08,3.75409e-08,3.75561e-08,5,5,5,5,1.679e-08,1.67939e-08,1.67939e-08,1.67939e-08,1.67931e-08,3.78157e-08,3.77974e-08,3.78159e-08,5,2.4999,2.5001,2.50007,2.49993,2.49993,2.50007,2.5001,2.4999,-0.0001,-0.0746909,-0.0746608
349.5000,1.48635,2.5794,2.17814,5,7.82861e-08,7.55851e-09,5,7.59397e-09,4.95175,1.48253,2.57783,2.17665,4.99997,0.000163502,4.53427e-05,4.99996,8.55923e-05,4.94632,5,5,5,1.66832e-08,1.66832e-08,1.66832e-08,1.66832e-08,1.66832e-08,3.75575e-08,3.75387e-08,3.75575e-08,5,5,5,5,1.679e-08,1.67939e-08,1.67939e-08,1.67939e-08,1.67931e-08,3.78176e-08,3.77968e-08,3.78177e-08,5,2.4999,2.5001,2.50007,2.49993,2.49993,2.50007,2.5001,2.4999,-0.0001,-0.0747036,-0.0746739
350.0000,1.48635,2.5794,2.17814,5,7.82861e-08,7.55851e-09,5,7.59397e-09,4.95175,1.48253,2.57783,2.17665,4.99997,0.000163502,4.53427e-05,4.99996,8.55923e-05,4.94632,5,5,5,1.66832e-08,1.66832e-08,1.66832e-08,1.66832e-08,1.66832e-08,3.75591e-08,3.75374e-08,3.75595e-08,5,5,5,5,1.679e-08,1.67939e-08,1.67939e-08,1.67939e-08,1.67931e-08,3.78194e-08,3.77958e-08,3.78196e-08,5,2.4999,2.5001,2.50007,2.49993,2.49993,2.50007,2.5001,2.4999,-0.0001,-0.0747186,-0.0746893
350.5000,1.48635,2.5794,2.17814,5,7.82861e-08,7.55851e-09,5,7.59397e-09,4.95175,1.48253,2.57783,2.17665,4.99997,0.000163502,4.53427e-05,4.99996,8.55923e-05,4.94632,5,5,5,1.66832e-08,1.66832e-08,1.66832e-08,1.66832e-08,1.66832e-08,3.75615e-08,3.75352e-08,3.75614e-08,5,5,5,5,1.679e-08,1.67939e-08,1.67939e-08,1.67939e-08,1.67931e-08,3.78216e-08,3.77943e-08,3.78221e-08,5,2.4999,2.5001,2.50007,2.49993,2.49993,2.50007,2.5001,2.4999,-0.0001,-0.0747365,-0.0747075
351.0000,1.48635,2.5794,2.17814,5,7.82861e-08,7.55851e-09,5,7.59397e-09,4.95175,1.48253,2.57783,2.17665,4.99997,0.000163502,4.53427e-05,4.99996,8.55923e-05,4.94632,5,5,5,1.66832e-08,1.66832e-08,1.66832e-08,1.66832e-08,1.66832e-08,3.75646e-08,3.75338e-08,3.75648e-08,5,5,5,5,1.679e-08,1.67939e-08,1.67939e-08,1.67939e-08,1.67931e-08,3.78243e-08,3.77928e-08,3.78247e-08,5,2.4999,2.5001,2.50007,2.49993,2.49993,2.50007,2.5001,2.4999,-0.0001,-0.0747578,-0.0747292
351.5000,1.48635,2.5794,2.17814,5,7.82861e-08,7.55851e-09,5,7.59397e-09,4.95175,1.48253,2.57783,2.17665,4.99997,0.000163502,4.53427e-05,4.99996,8.55923e-05,4.94632,5,5,5,1.66832e-08,1.66832e-08,1.66832e-08,1.66832e-08,1.66832e-08,3.75659e-08,3.75305e-08,3.75666e-08,5,5,5,5,1.679e-08,1.67939e-08,1.67939e-08,1.67939e-08,1.67931e-08,3.78277e-08,3.77906e-08,3.78278e-08,5,2.4999,2.5001,2.50007,2.49993,2.49993,2.50007,2.5001,2.4999,-0.0001,-0.0747834,-0.0747553
352.0000,1.48635,2.5794,2.17814,5,7.82861e-08,7.55851e-09,5,7.59397e-09,4.95175,1.48253,2.57783,2.17665,4.99997,0.000163502,4.53427e-05,4.99996,8.55923e-05,4.94632,5,5,5,1.66832e-08,1.66832e-08,1.66832e-08,1.66832e-08,1.66832e-08,3.75699e-08,3.75295e-08,3.75703e-08,5,5,5,5,1.679e-08,1.67939e-08,1.67939e-08,1.67939e-08,1.67931e-08,3.78314e-08,3.77882e-08,3.78312e-08,5,2.4999,2.5001,2.50008,2.49992,2.49992,2.50008,2.5001,2.4999,-0.0001,-0.0748143,-0.0747869
352.5000,1.48635,2.5794,2.17814,5,7.82861e-08,7.55851e-09,5,7.59397e-09,4.95175,1.48253,2.57783,2.17665,4.99997,0.000163502,4.53427e-05,4.99996,8.55923e-05,4.94632,5,5,5,1.66832e-08,1.66832e-08,1.66832e-08,1.66832e-08,1.66832e-08,3.75747e-08,3.75245e-08,3.75736e-08,5,5,5,5,1.679e-08,1.67939e-08,1.67939e-08,1.67939e-08,1.67931e-08,3.7836e-08,3.77847e-08,3.78362e-08,5,2.4999,2.5001,2.50008,2.49992,2.49992,2.50008,2.5001,2.4999,-0.0001,-0.074852,-0.0748255
353.0000,1.48635,2.5794,2.17814,5,7.82861e-08,7.55851e-09,5,7.59397e-09,4.95175,1.48253,2.57783,2.17665,4.99997,0.000163502,4.53427e-05,4.99996,8.55923e-05,4.94632,5,5,5,1.66832e-08,1.66832e-08,1.66832e-08,1.66832e-08,1.66832e-08,3.75783e-08,3.75204e-08,3.75777e-08,5,5,5,5,1.679e-08,1.67939e-08,1.67939e-08,1.67939e-08,1.67931e-08,3.78415e-08,3.77805e-08,3.78418e-08,5,2.4999,2.5001,2.50008,2.49992,2.49992,2.50008,2.5001,2.4999,-0.0001,-0.0748982,-0.0748729
353.5000,1.48635,2.5794,2.17814,5,7.82861e-08,7.55851e-09,5,7.59397e-09,4.95175,1.48253,2.57783,2.17665,4.99997,0.000163502,4.53427e-05,4.99996,8.55923e-05,4.94632,5,5,5,1.66832e-08,1.66832e-08,1.66832e-08,1.66832e-08,1.66832e-08,3.75839e-08,3.75151e-08,3.75837e-08,5,5,5,5,1.679e-08,1.67939e-08,1.67939e-08,1.67939e-08,1.67931e-08,3.7849e-08,3.77753e-08,3.78487e-08,5,2.4999,2.5001,2.50008,2.49992,2.49992,2.50008,2.5001,2.4999,-0.0001,-0.0749553,-0.074932
354.0000,1.48635,2.5794,2.17814,5,7.82861e-08,7.55851e-09,5,7.59397e-09,4.95175,1.48253,2.57783,2.17665,4.99997,0.000163502,4.53427e-05,4.99996,8.55923e-05,4.94632,5,5,5,1.66832e-08,1.66832e-08,1.66832e-08,1.66832e-08,1.66832e-08,3.759e-08,3.7506e-08,3.75916e-08,5,5,5,5,1.679e-08,1.67939e-08,1.67939e-08,1.67939e-08,1.67931e-08,3.78582e-08,3.77684e-08,3.78579e-08,5,2.4999,2.5001,2.50008,2.49992,2.49992,2.50008,2.5001,2.4999,-0.0001,-0.0750266,-0.0750065
354.5000,1.48635,2.5794,2.17814,5,7.82861e-08,7.55851e-09,5,7.59397e-09,4.95175,1.48253,2.57783,2.17665,4.99997,0.000163502,4.53427e-05,4.99996,8.55923e-05,4.94632,5,5,5,1.66832e-08,1.66832e-08,1.66832e-08,1.66832e-08,1.66832e-08,3.75995e-08,3.74967e-08,3.76013e-08,5,5,5,5,1.679e-08,1.67939e-08,1.67939e-08,1.67939e-08,1.67931e-08,3.787e-08,3.77595e-08,3.78701e-08,5,2.4999,2.5001,2.50008,2.49992,2.49992,2.50008,2.5001,2.4999,-0.0001,-0.0751163,-0.0751015
355.0000,1.48635,2.5794,2.17814,5,7.82861e-08,7.55851e-09,5,7.59397e-09,4.95175,1.48253,2.57783,2.17665,4.99997,0.000163502,4.53427e-05,4.99996,8.55923e-05,4.94632,5,5,5,1.66832e-08,1.66832e-08,1.66832e-08,1.66832e-08,1.66832e-08,3.7613e-08,3.74832e-08,3.76129e-08,5,5,5,5,1.679e-08,1.67939e-08,1.67939e-08,1.67939e-08,1.67931e-08,3.78858e-08,3.77481e-08,3.78861e-08,5,2.4999,2.5001,2.50008,2.49992,2.49992,2.50008,2.5001,2.4999,-0.0001,-0.0752283,-0.0752239
355.5000,1.48635,2.5794,2.17814,5,7.82861e-08,7.55851e-09,5,7.59397e-09,4.95175,1.48253,2.57783,2.17665,4.99997,0.000163502,4.53427e-05,4.99996,8.55923e-05,4.94632,5,5,5,1.66832e-08,1.66832e-08,1.66832e-08,1.66832e-08,1.66832e-08,3.76295e-08,3.74673e-08,3.76283e-08,5,5,5,5,1.679e-08,1.67939e-08,1.67939e-08,1.67939e-08,1.67931e-08,3.79085e-08,3.77327e-08,3.79088e-08,5,2.4999,2.5001,2.50008,2.49992,2.49992,2.50008,2.5001,2.4999,-0.0001,-0.0753565,-0.0753805
356.0000,1.48635,2.5794,2.17814,5,7.82861e-08,7.55851e-09,5,7.59397e-09,4.95175,1.48253,2.57783,2.17665,4.99997,0.000163502,4.53427e-05,4.99996,8.55923e-05,4.94632,5,5,5,1.66832e-08,1.66832e-08,1.66832e-08,1.66832e-08,1.66832e-08,3.76517e-08,3.74534e-08,3.76509e-08,5,5,5,5,1.679e-08,1.67939e-08,1.67939e-08,1.67939e-08,1.67931e-08,3.79441e-08,3.77163e-08,3.79443e-08,5,2.49991,2.50009,2.50008,2.49992,2.49992,2.50008,2.50009,2.49991,-0.0001,-0.0754958,-0.0755588
356.5000,1.48635,2.5794,2.17814,5,7.82861e-08,7.55851e-09,5,7.59397e-09,4.95175,1.48253,2.57783,2.17665,4.99997,0.000163502,4.53427e-05,4.99996,8.55923e-05,4.94632,5,5,5,1.66832e-08,1.66832e-08,1.66832e-08,1.66832e-08,1.66832e-08,3.76888e-08,3.74358e-08,3.76895e-08,5,5,5,5,1.679e-08,1.67939e-08,1.67939e-08,1.67939e-08,1.67931e-08,3.80211e-08,3.77014e-08,3.80211e-08,5,2.49991,2.50009,2.50008,2.49992,2.49992,2.50008,2.50009,2.49991,-0.0001,-0.0756492,-0.0757
357.0000,1.48635,2.5794,2.17814,5,7.82861e-08,7.55851e-09,5,7.59397e-09,4.95175,1.48253,2.57783,2.17665,4.99997,0.000163502,4.53427e-05,4.99996,8.55923e-05,4.94632,5,5,5,1.66832e-08,1.66832e-08,1.66832e-08,1.66832e-08,1.66832e-08,3.77785e-08,3.74177e-08,3.77785e-08,5,5,5,5,1.679e-08,1.67939e-08,1.67939e-08,1.67939e-08,1.67931e-08,3.81671e-08,3.76847e-08,3.81671e-08,5,2.49991,2.50009,2.50008,2.49992,2.49992,2.50008,2.50009,2.49991,-0.0001,-0.0757668,-0.0758241
357.5000,1.48635,2.5794,2.17814,5,7.82861e-08,7.55851e-09,5,7.59397e-09,4.95175,1.48253,2.57783,2.17665,4.99997,0.000163502,4.53427e-05,4.99996,8.55923e-05,4.94632,5,5,5,1.66832e-08,1.66832e-08,1.66832e-08,1.66832e-08,1.66832e-08,3.79217e-08,3.73946e-08,3.7922e-08,5,5,5,5,1.679e-08,1.67939e-08,1.67939e-08,1.67939e-08,1.67931e-08,3.83546e-08,3.76644e-08,3.83545e-08,5,2.49991,2.50009,2.50008,2.49992,2.49992,2.50008,2.50009,2.49991,-0.0001,-0.0759027,-0.076074
358.0000,1.48635,2.5794,2.17814,5,7.82861e-08,7.55851e-09,5,7.59397e-09,4.95175,1.48253,2.57783,2.17665,4.99997,0.000163502,4.53427e-05,4.99996,8.55923e-05,4.94632,5,5,5,1.66832e-08,1.66832e-08,1.66832e-08,1.66832e-08,1.66832e-08,3.81092e-08,3.73632e-08,3.81093e-08,5,5,5,5,1.679e-08,1.67939e-08,1.67939e-08,1.67939e-08,1.67931e-08,3.87231e-08,3.76393e-08,3.87234e-08,5,2.49991,2.50009,2.50009,2.49991,2.49991,2.50009,2.50009,2.49991,-0.0001,-0.0761594,-0.0764157
358.5000,1.48635,2.5794,2.17814,5,7.82861e-08,7.55851e-09,5,7.59397e-09,4.95175,1.48253,2.57783,2.17665,4.99997,0.000163502,4.53427e-05,4.99996,8.55923e-05,4.94632,5,5,5,1.66832e-08,1.66832e-08,1.66832e-08,1.66832e-08,1.66832e-08,3.84759e-08,3.7315e-08,3.84747e-08,5,5,5,5,1.67901e-08,1.6794e-08,1.67939e-08,1.6794e-08,1.67933e-08,4.28254e-08,3.76076e-08,4.28255e-08,5,2.49991,2.50009,2.50009,2.49991,2.49991,2.50009,2.50009,2.49991,-0.0001,-0.0765145,-0.0768589
359.0000,1.48635,2.5794,2.17814,5,7.82861e-08,7.55851e-09,5,7.59397e-09,4.95175,2.17483,2.57783,1.48437,8.20082e-05,4.94294,4.53427e-05,4.99996,4.99997,0.000166797,5,5,5,1.66832e-08,1.66832e-08,1.66832e-08,1.66832e-08,1.66832e-08,4.18629e-08,3.72318e-08,4.18628e-08,5,1.70332e-08,5,1.70332e-08,5.63227e-07,1.68419e-08,1.67939e-08,1.68419e-08,7.64971e-06,4.99999,3.75557e-08,4.99999,5,2.49991,2.50009,2.50009,2.49991,2.49991,2.50009,2.50009,2.49991,-0.0001,-0.0769916,-0.07708
359.5000,2.17814,2.5794,1.48635,7.59397e-09,4.95175,7.55851e-09,5,5,7.82868e-08,2.17483,2.57783,1.48437,8.20082e-05,4.94294,4.53427e-05,4.99996,4.99997,0.000166797,1.66833e-08,5,1.66833e-08,1.66832e-08,1.66832e-08,1.66832e-08,1.66832e-08,1.66832e-08,4.99986,3.70727e-08,4.99986,5,1.67902e-08,5,1.67902e-08,1.67898e-08,1.67931e-08,1.67939e-08,1.67931e-08,1.67893e-08,5,3.74629e-08,5,5,2.49991,2.50009,2.50009,2.49991,2.49991,2.50009,2.50009,2.49991,-0.0001,-0.0772629,-0.0766291
360.0000,2.17814,2.5794,1.48635,7.59397e-09,4.95175,7.55851e-09,5,5,7.82861e-08,2.17483,2.57783,1.48437,8.20082e-05,4.94294,4.53427e-05,4.99996,4.99997,0.000166797,1.66832e-08,5,1.66832e-08,1.66832e-08,1.66832e-08,1.66832e-08,1.66832e-08,1.66832e-08,5,3.67517e-08,5,5,1.67901e-08,5,1.67901e-08,1.67897e-08,1.67931e-08,1.67939e-08,1.67931e-08,1.67889e-08,5,3.72953e-08,5,5,2.49991,2.50009,2.50009,2.49991,2.49991,2.50009,2.50009,2.49991,-0.0001,-0.0768827,-0.0763507
