
Circuit 1 cell pfet_06v0 and Circuit 2 cell pfet_06v0 are black boxes.

Subcircuit pins:
Circuit 1: pfet_06v0                       |Circuit 2: pfet_06v0                       
-------------------------------------------|-------------------------------------------
1                                          |1                                          
2                                          |2                                          
3                                          |3                                          
4                                          |4                                          
---------------------------------------------------------------------------------------
Cell pin lists are equivalent.
Device classes pfet_06v0 and pfet_06v0 are equivalent.

Circuit 1 cell nfet_06v0 and Circuit 2 cell nfet_06v0 are black boxes.

Subcircuit pins:
Circuit 1: nfet_06v0                       |Circuit 2: nfet_06v0                       
-------------------------------------------|-------------------------------------------
1                                          |1                                          
2                                          |2                                          
3                                          |3                                          
4                                          |4                                          
---------------------------------------------------------------------------------------
Cell pin lists are equivalent.
Device classes nfet_06v0 and nfet_06v0 are equivalent.

Circuit 1 cell cap_mim_2f0_m4m5_noshield and Circuit 2 cell cap_mim_2f0fF are black boxes.

Subcircuit pins:
Circuit 1: cap_mim_2f0_m4m5_noshield       |Circuit 2: cap_mim_2f0fF                   
-------------------------------------------|-------------------------------------------
1                                          |1                                          
2                                          |2                                          
---------------------------------------------------------------------------------------
Cell pin lists are equivalent.
Device classes cap_mim_2f0_m4m5_noshield and cap_mim_2f0fF are equivalent.

Circuit 1 cell ppolyf_u_1k and Circuit 2 cell ppolyf_u_1k are black boxes.

Subcircuit pins:
Circuit 1: ppolyf_u_1k                     |Circuit 2: ppolyf_u_1k                     
-------------------------------------------|-------------------------------------------
1                                          |1                                          
2                                          |2                                          
3                                          |3                                          
---------------------------------------------------------------------------------------
Cell pin lists are equivalent.
Device classes ppolyf_u_1k and ppolyf_u_1k are equivalent.

Circuit 1 cell pfet_05v0 and Circuit 2 cell pfet_05v0 are black boxes.

Subcircuit pins:
Circuit 1: pfet_05v0                       |Circuit 2: pfet_05v0                       
-------------------------------------------|-------------------------------------------
1                                          |1                                          
2                                          |2                                          
3                                          |3                                          
4                                          |4                                          
---------------------------------------------------------------------------------------
Cell pin lists are equivalent.
Device classes pfet_05v0 and pfet_05v0 are equivalent.

Circuit 1 cell nfet_05v0 and Circuit 2 cell nfet_05v0 are black boxes.

Subcircuit pins:
Circuit 1: nfet_05v0                       |Circuit 2: nfet_05v0                       
-------------------------------------------|-------------------------------------------
1                                          |1                                          
2                                          |2                                          
3                                          |3                                          
4                                          |4                                          
---------------------------------------------------------------------------------------
Cell pin lists are equivalent.
Device classes nfet_05v0 and nfet_05v0 are equivalent.

Circuit 1 cell ppolyf_u and Circuit 2 cell ppolyf_u are black boxes.

Subcircuit pins:
Circuit 1: ppolyf_u                        |Circuit 2: ppolyf_u                        
-------------------------------------------|-------------------------------------------
1                                          |1                                          
2                                          |2                                          
3                                          |3                                          
---------------------------------------------------------------------------------------
Cell pin lists are equivalent.
Device classes ppolyf_u and ppolyf_u are equivalent.
Flattening unmatched subcell GRADIENT_NAV2 in circuit B26_A (1)(1 instance)
Flattening unmatched subcell WEIGHT in circuit B26_A (1)(3 instances)
Flattening unmatched subcell COMP_OUT in circuit B26_A (1)(3 instances)
Flattening unmatched subcell INV_1 in circuit B26_A (1)(9 instances)
Flattening unmatched subcell GRADIENT2 in circuit B26_A (1)(4 instances)
Flattening unmatched subcell COMP in circuit B26_A (1)(12 instances)
Flattening unmatched subcell bias in circuit B26_A (1)(12 instances)
Flattening unmatched subcell sub_diff in circuit B26_A (1)(12 instances)
Flattening unmatched subcell DECODER in circuit B26_A (1)(4 instances)
Flattening unmatched subcell yGates in circuit B26_A (1)(4 instances)
Flattening unmatched subcell invertor in circuit B26_A (1)(4 instances)
Flattening unmatched subcell andGate in circuit B26_A (1)(4 instances)
Flattening unmatched subcell Z in circuit B26_A (1)(4 instances)
Flattening unmatched subcell xGates in circuit B26_A (1)(4 instances)
Flattening unmatched subcell andGate in circuit B26_A (1)(4 instances)
Flattening unmatched subcell OPAM_LIN in circuit B26_A (1)(12 instances)
Flattening unmatched subcell bias in circuit B26_A (1)(12 instances)
Flattening unmatched subcell sub_diff_2_LIN in circuit B26_A (1)(12 instances)
Flattening unmatched subcell ESD_CDM in circuit B26_A (1)(11 instances)

Cell B26_A (0) disconnected node: XN_IN
Cell B26_A (0) disconnected node: XP_IN
Cell B26_A (0) disconnected node: YN_IN
Cell B26_A (0) disconnected node: YP_IN
Cell B26_A (0) disconnected node: ZN_IN
Cell B26_A (0) disconnected node: ZP_IN
Cell B26_A (1) disconnected node: XP_IN
Cell B26_A (1) disconnected node: XN_IN
Cell B26_A (1) disconnected node: YP_IN
Cell B26_A (1) disconnected node: YN_IN
Removing zero-valued device vsrc from cell B26_A (1) makes a better match
Removing zero-valued device vsrc from cell B26_A (1) makes a better match
Removing zero-valued device vsrc from cell B26_A (1) makes a better match
Removing zero-valued device vsrc from cell B26_A (1) makes a better match
Removing zero-valued device vsrc from cell B26_A (1) makes a better match
Removing zero-valued device vsrc from cell B26_A (1) makes a better match
Removing zero-valued device vsrc from cell B26_A (1) makes a better match
Removing zero-valued device vsrc from cell B26_A (1) makes a better match
Removing zero-valued device vsrc from cell B26_A (1) makes a better match
Removing zero-valued device vsrc from cell B26_A (1) makes a better match
Removing zero-valued device vsrc from cell B26_A (1) makes a better match
Removing zero-valued device vsrc from cell B26_A (1) makes a better match
Making another compare attempt.

Cell B26_A (0) disconnected node: XN_IN
Cell B26_A (0) disconnected node: XP_IN
Cell B26_A (0) disconnected node: YN_IN
Cell B26_A (0) disconnected node: YP_IN
Cell B26_A (0) disconnected node: ZN_IN
Cell B26_A (0) disconnected node: ZP_IN
Cell B26_A (1) disconnected node: XP_IN
Cell B26_A (1) disconnected node: XN_IN
Cell B26_A (1) disconnected node: YP_IN
Cell B26_A (1) disconnected node: YN_IN
Class B26_A (0):  Merged 577 parallel devices.
Class B26_A (0):  Merged 48 series devices.
Class B26_A (1):  Merged 220 parallel devices.
Cell B26_A (0) disconnected node: XN_IN
Cell B26_A (0) disconnected node: XP_IN
Cell B26_A (0) disconnected node: YN_IN
Cell B26_A (0) disconnected node: YP_IN
Cell B26_A (0) disconnected node: ZN_IN
Cell B26_A (0) disconnected node: ZP_IN
Cell B26_A (1) disconnected node: XP_IN
Cell B26_A (1) disconnected node: XN_IN
Cell B26_A (1) disconnected node: YP_IN
Cell B26_A (1) disconnected node: YN_IN
Subcircuit summary:
Circuit 1: B26_A                           |Circuit 2: B26_A                           
-------------------------------------------|-------------------------------------------
nfet_06v0 (929->688)                       |nfet_06v0 (929->688)                       
pfet_06v0 (913->643)                       |pfet_06v0 (913->643)                       
cap_mim_2f0_m4m5_noshield (48)             |cap_mim_2f0fF (48)                         
ppolyf_u (11)                              |ppolyf_u (11)                              
diode_nd2ps_06v0 (44->11)                  |diode_nd2ps_06v0 (44->11)                  
pfet_05v0 (9)                              |pfet_05v0 (9)                              
diode_pd2nw_06v0 (44->11)                  |diode_pd2nw_06v0 (44->11)                  
ppolyf_u_1k (60->12)                       |ppolyf_u_1k (12)                           
nfet_05v0 (9)                              |nfet_05v0 (9)                              
Number of devices: 1442                    |Number of devices: 1442                    
Number of nets: 894                        |Number of nets: 894                        
---------------------------------------------------------------------------------------
Resolving symmetries by property value.
Resolving symmetries by pin name.
Resolving symmetries by net name.
Netlists match with 144 symmetries with property errors.
nfet_05v0:1842 vs. GRADIENT_NAV2:_core/COMP_OUT:10/INV_1:1/nfet_05v0:M4:
Property W'nrs in circuit2 has no matching property in circuit1
nfet_05v0:1842 vs. GRADIENT_NAV2:_core/COMP_OUT:10/INV_1:1/nfet_05v0:M4:
Property 0.18u)'nrd in circuit2 has no matching property in circuit1
nfet_05v0:1842 vs. GRADIENT_NAV2:_core/COMP_OUT:10/INV_1:1/nfet_05v0:M4:
Property 0.18u)'ps in circuit2 has no matching property in circuit1
nfet_05v0:1349 vs. GRADIENT_NAV2:_core/COMP_OUT:9/INV_1:1/nfet_05v0:M4:
Property W'nrs in circuit2 has no matching property in circuit1
nfet_05v0:1349 vs. GRADIENT_NAV2:_core/COMP_OUT:9/INV_1:1/nfet_05v0:M4:
Property 0.18u)'nrd in circuit2 has no matching property in circuit1
nfet_05v0:1349 vs. GRADIENT_NAV2:_core/COMP_OUT:9/INV_1:1/nfet_05v0:M4:
Property 0.18u)'ps in circuit2 has no matching property in circuit1
nfet_05v0:950 vs. GRADIENT_NAV2:_core/COMP_OUT:8/INV_1:1/nfet_05v0:M4:
Property W'nrs in circuit2 has no matching property in circuit1
nfet_05v0:950 vs. GRADIENT_NAV2:_core/COMP_OUT:8/INV_1:1/nfet_05v0:M4:
Property 0.18u)'nrd in circuit2 has no matching property in circuit1
nfet_05v0:950 vs. GRADIENT_NAV2:_core/COMP_OUT:8/INV_1:1/nfet_05v0:M4:
Property 0.18u)'ps in circuit2 has no matching property in circuit1
nfet_05v0:791 vs. GRADIENT_NAV2:_core/COMP_OUT:8/INV_1:2/nfet_05v0:M4:
Property W'nrs in circuit2 has no matching property in circuit1
nfet_05v0:791 vs. GRADIENT_NAV2:_core/COMP_OUT:8/INV_1:2/nfet_05v0:M4:
Property 0.18u)'nrd in circuit2 has no matching property in circuit1
nfet_05v0:791 vs. GRADIENT_NAV2:_core/COMP_OUT:8/INV_1:2/nfet_05v0:M4:
Property 0.18u)'ps in circuit2 has no matching property in circuit1
nfet_05v0:1196 vs. GRADIENT_NAV2:_core/COMP_OUT:9/INV_1:2/nfet_05v0:M4:
Property W'nrs in circuit2 has no matching property in circuit1
nfet_05v0:1196 vs. GRADIENT_NAV2:_core/COMP_OUT:9/INV_1:2/nfet_05v0:M4:
Property 0.18u)'nrd in circuit2 has no matching property in circuit1
nfet_05v0:1196 vs. GRADIENT_NAV2:_core/COMP_OUT:9/INV_1:2/nfet_05v0:M4:
Property 0.18u)'ps in circuit2 has no matching property in circuit1
nfet_05v0:1690 vs. GRADIENT_NAV2:_core/COMP_OUT:10/INV_1:2/nfet_05v0:M4:
Property W'nrs in circuit2 has no matching property in circuit1
nfet_05v0:1690 vs. GRADIENT_NAV2:_core/COMP_OUT:10/INV_1:2/nfet_05v0:M4:
Property 0.18u)'nrd in circuit2 has no matching property in circuit1
nfet_05v0:1690 vs. GRADIENT_NAV2:_core/COMP_OUT:10/INV_1:2/nfet_05v0:M4:
Property 0.18u)'ps in circuit2 has no matching property in circuit1
nfet_05v0:866 vs. GRADIENT_NAV2:_core/COMP_OUT:10/INV_1:3/nfet_05v0:M4:
Property W'nrs in circuit2 has no matching property in circuit1
nfet_05v0:866 vs. GRADIENT_NAV2:_core/COMP_OUT:10/INV_1:3/nfet_05v0:M4:
Property 0.18u)'nrd in circuit2 has no matching property in circuit1
nfet_05v0:866 vs. GRADIENT_NAV2:_core/COMP_OUT:10/INV_1:3/nfet_05v0:M4:
Property 0.18u)'ps in circuit2 has no matching property in circuit1
nfet_05v0:1923 vs. GRADIENT_NAV2:_core/COMP_OUT:8/INV_1:3/nfet_05v0:M4:
Property W'nrs in circuit2 has no matching property in circuit1
nfet_05v0:1923 vs. GRADIENT_NAV2:_core/COMP_OUT:8/INV_1:3/nfet_05v0:M4:
Property 0.18u)'nrd in circuit2 has no matching property in circuit1
nfet_05v0:1923 vs. GRADIENT_NAV2:_core/COMP_OUT:8/INV_1:3/nfet_05v0:M4:
Property 0.18u)'ps in circuit2 has no matching property in circuit1
nfet_05v0:356 vs. GRADIENT_NAV2:_core/COMP_OUT:9/INV_1:3/nfet_05v0:M4:
Property W'nrs in circuit2 has no matching property in circuit1
nfet_05v0:356 vs. GRADIENT_NAV2:_core/COMP_OUT:9/INV_1:3/nfet_05v0:M4:
Property 0.18u)'nrd in circuit2 has no matching property in circuit1
nfet_05v0:356 vs. GRADIENT_NAV2:_core/COMP_OUT:9/INV_1:3/nfet_05v0:M4:
Property 0.18u)'ps in circuit2 has no matching property in circuit1
pfet_05v0:793 vs. GRADIENT_NAV2:_core/COMP_OUT:10/INV_1:1/pfet_05v0:M3:
Property W'nrs in circuit2 has no matching property in circuit1
pfet_05v0:793 vs. GRADIENT_NAV2:_core/COMP_OUT:10/INV_1:1/pfet_05v0:M3:
Property 0.18u)'nrd in circuit2 has no matching property in circuit1
pfet_05v0:793 vs. GRADIENT_NAV2:_core/COMP_OUT:10/INV_1:1/pfet_05v0:M3:
Property 0.18u)'ps in circuit2 has no matching property in circuit1
pfet_05v0:1760 vs. GRADIENT_NAV2:_core/COMP_OUT:8/INV_1:1/pfet_05v0:M3:
Property W'nrs in circuit2 has no matching property in circuit1
pfet_05v0:1760 vs. GRADIENT_NAV2:_core/COMP_OUT:8/INV_1:1/pfet_05v0:M3:
Property 0.18u)'nrd in circuit2 has no matching property in circuit1
pfet_05v0:1760 vs. GRADIENT_NAV2:_core/COMP_OUT:8/INV_1:1/pfet_05v0:M3:
Property 0.18u)'ps in circuit2 has no matching property in circuit1
pfet_05v0:398 vs. GRADIENT_NAV2:_core/COMP_OUT:9/INV_1:1/pfet_05v0:M3:
Property W'nrs in circuit2 has no matching property in circuit1
pfet_05v0:398 vs. GRADIENT_NAV2:_core/COMP_OUT:9/INV_1:1/pfet_05v0:M3:
Property 0.18u)'nrd in circuit2 has no matching property in circuit1
pfet_05v0:398 vs. GRADIENT_NAV2:_core/COMP_OUT:9/INV_1:1/pfet_05v0:M3:
Property 0.18u)'ps in circuit2 has no matching property in circuit1
pfet_05v0:296 vs. GRADIENT_NAV2:_core/COMP_OUT:8/INV_1:2/pfet_05v0:M3:
Property W'nrs in circuit2 has no matching property in circuit1
pfet_05v0:296 vs. GRADIENT_NAV2:_core/COMP_OUT:8/INV_1:2/pfet_05v0:M3:
Property 0.18u)'nrd in circuit2 has no matching property in circuit1
pfet_05v0:296 vs. GRADIENT_NAV2:_core/COMP_OUT:8/INV_1:2/pfet_05v0:M3:
Property 0.18u)'ps in circuit2 has no matching property in circuit1
pfet_05v0:948 vs. GRADIENT_NAV2:_core/COMP_OUT:9/INV_1:2/pfet_05v0:M3:
Property W'nrs in circuit2 has no matching property in circuit1
pfet_05v0:948 vs. GRADIENT_NAV2:_core/COMP_OUT:9/INV_1:2/pfet_05v0:M3:
Property 0.18u)'nrd in circuit2 has no matching property in circuit1
pfet_05v0:948 vs. GRADIENT_NAV2:_core/COMP_OUT:9/INV_1:2/pfet_05v0:M3:
Property 0.18u)'ps in circuit2 has no matching property in circuit1
pfet_05v0:1318 vs. GRADIENT_NAV2:_core/COMP_OUT:10/INV_1:2/pfet_05v0:M3:
Property W'nrs in circuit2 has no matching property in circuit1
pfet_05v0:1318 vs. GRADIENT_NAV2:_core/COMP_OUT:10/INV_1:2/pfet_05v0:M3:
Property 0.18u)'nrd in circuit2 has no matching property in circuit1
pfet_05v0:1318 vs. GRADIENT_NAV2:_core/COMP_OUT:10/INV_1:2/pfet_05v0:M3:
Property 0.18u)'ps in circuit2 has no matching property in circuit1
pfet_05v0:492 vs. GRADIENT_NAV2:_core/COMP_OUT:10/INV_1:3/pfet_05v0:M3:
Property W'nrs in circuit2 has no matching property in circuit1
pfet_05v0:492 vs. GRADIENT_NAV2:_core/COMP_OUT:10/INV_1:3/pfet_05v0:M3:
Property 0.18u)'nrd in circuit2 has no matching property in circuit1
pfet_05v0:492 vs. GRADIENT_NAV2:_core/COMP_OUT:10/INV_1:3/pfet_05v0:M3:
Property 0.18u)'ps in circuit2 has no matching property in circuit1
pfet_05v0:1458 vs. GRADIENT_NAV2:_core/COMP_OUT:8/INV_1:3/pfet_05v0:M3:
Property W'nrs in circuit2 has no matching property in circuit1
pfet_05v0:1458 vs. GRADIENT_NAV2:_core/COMP_OUT:8/INV_1:3/pfet_05v0:M3:
Property 0.18u)'nrd in circuit2 has no matching property in circuit1
pfet_05v0:1458 vs. GRADIENT_NAV2:_core/COMP_OUT:8/INV_1:3/pfet_05v0:M3:
Property 0.18u)'ps in circuit2 has no matching property in circuit1
pfet_05v0:102 vs. GRADIENT_NAV2:_core/COMP_OUT:9/INV_1:3/pfet_05v0:M3:
Property W'nrs in circuit2 has no matching property in circuit1
pfet_05v0:102 vs. GRADIENT_NAV2:_core/COMP_OUT:9/INV_1:3/pfet_05v0:M3:
Property 0.18u)'nrd in circuit2 has no matching property in circuit1
pfet_05v0:102 vs. GRADIENT_NAV2:_core/COMP_OUT:9/INV_1:3/pfet_05v0:M3:
Property 0.18u)'ps in circuit2 has no matching property in circuit1
cap_mim_2f0_m4m5_noshield:1919 vs. GRADIENT_NAV2:_core/GRADIENT2:2/OPAM_LIN:1/sub_diff_2_LIN:2/cap_mim_2f0fF:C3:
 c_length circuit1: 8e-06   circuit2: 2.5e-05   (delta=103%, cutoff=1%)
 c_width circuit1: 2.5e-05   circuit2: 8e-06   (delta=103%, cutoff=1%)
cap_mim_2f0_m4m5_noshield:1821 vs. GRADIENT_NAV2:_core/GRADIENT2:3/OPAM_LIN:1/sub_diff_2_LIN:2/cap_mim_2f0fF:C3:
 c_length circuit1: 8e-06   circuit2: 2.5e-05   (delta=103%, cutoff=1%)
 c_width circuit1: 2.5e-05   circuit2: 8e-06   (delta=103%, cutoff=1%)
cap_mim_2f0_m4m5_noshield:1603 vs. GRADIENT_NAV2:_core/GRADIENT2:4/OPAM_LIN:1/sub_diff_2_LIN:2/cap_mim_2f0fF:C3:
 c_length circuit1: 8e-06   circuit2: 2.5e-05   (delta=103%, cutoff=1%)
 c_width circuit1: 2.5e-05   circuit2: 8e-06   (delta=103%, cutoff=1%)
cap_mim_2f0_m4m5_noshield:1465 vs. GRADIENT_NAV2:_core/GRADIENT2:1/OPAM_LIN:1/sub_diff_2_LIN:2/cap_mim_2f0fF:C3:
 c_length circuit1: 8e-06   circuit2: 2.5e-05   (delta=103%, cutoff=1%)
 c_width circuit1: 2.5e-05   circuit2: 8e-06   (delta=103%, cutoff=1%)
cap_mim_2f0_m4m5_noshield:1971 vs. GRADIENT_NAV2:_core/GRADIENT2:4/OPAM_LIN:1/sub_diff_2_LIN:2/cap_mim_2f0fF:C1:
 c_length circuit1: 8e-06   circuit2: 2.5e-05   (delta=103%, cutoff=1%)
 c_width circuit1: 2.5e-05   circuit2: 8e-06   (delta=103%, cutoff=1%)
cap_mim_2f0_m4m5_noshield:1445 vs. GRADIENT_NAV2:_core/GRADIENT2:2/OPAM_LIN:1/sub_diff_2_LIN:2/cap_mim_2f0fF:C1:
 c_length circuit1: 8e-06   circuit2: 2.5e-05   (delta=103%, cutoff=1%)
 c_width circuit1: 2.5e-05   circuit2: 8e-06   (delta=103%, cutoff=1%)
cap_mim_2f0_m4m5_noshield:1335 vs. GRADIENT_NAV2:_core/GRADIENT2:3/OPAM_LIN:1/sub_diff_2_LIN:2/cap_mim_2f0fF:C1:
 c_length circuit1: 8e-06   circuit2: 2.5e-05   (delta=103%, cutoff=1%)
 c_width circuit1: 2.5e-05   circuit2: 8e-06   (delta=103%, cutoff=1%)
cap_mim_2f0_m4m5_noshield:1026 vs. GRADIENT_NAV2:_core/GRADIENT2:1/OPAM_LIN:1/sub_diff_2_LIN:2/cap_mim_2f0fF:C1:
 c_length circuit1: 8e-06   circuit2: 2.5e-05   (delta=103%, cutoff=1%)
 c_width circuit1: 2.5e-05   circuit2: 8e-06   (delta=103%, cutoff=1%)
cap_mim_2f0_m4m5_noshield:1783 vs. GRADIENT_NAV2:_core/GRADIENT2:4/OPAM_LIN:8/sub_diff_2_LIN:2/cap_mim_2f0fF:C3:
 c_length circuit1: 8e-06   circuit2: 2.5e-05   (delta=103%, cutoff=1%)
 c_width circuit1: 2.5e-05   circuit2: 8e-06   (delta=103%, cutoff=1%)
cap_mim_2f0_m4m5_noshield:1343 vs. GRADIENT_NAV2:_core/GRADIENT2:3/OPAM_LIN:8/sub_diff_2_LIN:2/cap_mim_2f0fF:C3:
 c_length circuit1: 8e-06   circuit2: 2.5e-05   (delta=103%, cutoff=1%)
 c_width circuit1: 2.5e-05   circuit2: 8e-06   (delta=103%, cutoff=1%)
cap_mim_2f0_m4m5_noshield:856 vs. GRADIENT_NAV2:_core/GRADIENT2:1/OPAM_LIN:8/sub_diff_2_LIN:2/cap_mim_2f0fF:C3:
 c_length circuit1: 8e-06   circuit2: 2.5e-05   (delta=103%, cutoff=1%)
 c_width circuit1: 2.5e-05   circuit2: 8e-06   (delta=103%, cutoff=1%)
cap_mim_2f0_m4m5_noshield:744 vs. GRADIENT_NAV2:_core/GRADIENT2:2/OPAM_LIN:8/sub_diff_2_LIN:2/cap_mim_2f0fF:C3:
 c_length circuit1: 8e-06   circuit2: 2.5e-05   (delta=103%, cutoff=1%)
 c_width circuit1: 2.5e-05   circuit2: 8e-06   (delta=103%, cutoff=1%)
cap_mim_2f0_m4m5_noshield:1746 vs. GRADIENT_NAV2:_core/GRADIENT2:1/OPAM_LIN:2/sub_diff_2_LIN:2/cap_mim_2f0fF:C3:
 c_length circuit1: 8e-06   circuit2: 2.5e-05   (delta=103%, cutoff=1%)
 c_width circuit1: 2.5e-05   circuit2: 8e-06   (delta=103%, cutoff=1%)
cap_mim_2f0_m4m5_noshield:923 vs. GRADIENT_NAV2:_core/GRADIENT2:3/OPAM_LIN:2/sub_diff_2_LIN:2/cap_mim_2f0fF:C3:
 c_length circuit1: 8e-06   circuit2: 2.5e-05   (delta=103%, cutoff=1%)
 c_width circuit1: 2.5e-05   circuit2: 8e-06   (delta=103%, cutoff=1%)
cap_mim_2f0_m4m5_noshield:720 vs. GRADIENT_NAV2:_core/GRADIENT2:4/OPAM_LIN:2/sub_diff_2_LIN:2/cap_mim_2f0fF:C3:
 c_length circuit1: 8e-06   circuit2: 2.5e-05   (delta=103%, cutoff=1%)
 c_width circuit1: 2.5e-05   circuit2: 8e-06   (delta=103%, cutoff=1%)
cap_mim_2f0_m4m5_noshield:468 vs. GRADIENT_NAV2:_core/GRADIENT2:2/OPAM_LIN:2/sub_diff_2_LIN:2/cap_mim_2f0fF:C3:
 c_length circuit1: 8e-06   circuit2: 2.5e-05   (delta=103%, cutoff=1%)
 c_width circuit1: 2.5e-05   circuit2: 8e-06   (delta=103%, cutoff=1%)
cap_mim_2f0_m4m5_noshield:1312 vs. GRADIENT_NAV2:_core/GRADIENT2:4/OPAM_LIN:8/sub_diff_2_LIN:2/cap_mim_2f0fF:C1:
 c_length circuit1: 8e-06   circuit2: 2.5e-05   (delta=103%, cutoff=1%)
 c_width circuit1: 2.5e-05   circuit2: 8e-06   (delta=103%, cutoff=1%)
cap_mim_2f0_m4m5_noshield:1093 vs. GRADIENT_NAV2:_core/GRADIENT2:2/OPAM_LIN:8/sub_diff_2_LIN:2/cap_mim_2f0fF:C1:
 c_length circuit1: 8e-06   circuit2: 2.5e-05   (delta=103%, cutoff=1%)
 c_width circuit1: 2.5e-05   circuit2: 8e-06   (delta=103%, cutoff=1%)
cap_mim_2f0_m4m5_noshield:892 vs. GRADIENT_NAV2:_core/GRADIENT2:3/OPAM_LIN:8/sub_diff_2_LIN:2/cap_mim_2f0fF:C1:
 c_length circuit1: 8e-06   circuit2: 2.5e-05   (delta=103%, cutoff=1%)
 c_width circuit1: 2.5e-05   circuit2: 8e-06   (delta=103%, cutoff=1%)
cap_mim_2f0_m4m5_noshield:345 vs. GRADIENT_NAV2:_core/GRADIENT2:1/OPAM_LIN:8/sub_diff_2_LIN:2/cap_mim_2f0fF:C1:
 c_length circuit1: 8e-06   circuit2: 2.5e-05   (delta=103%, cutoff=1%)
 c_width circuit1: 2.5e-05   circuit2: 8e-06   (delta=103%, cutoff=1%)
cap_mim_2f0_m4m5_noshield:430 vs. GRADIENT_NAV2:_core/GRADIENT2:3/OPAM_LIN:2/sub_diff_2_LIN:2/cap_mim_2f0fF:C1:
 c_length circuit1: 8e-06   circuit2: 2.5e-05   (delta=103%, cutoff=1%)
 c_width circuit1: 2.5e-05   circuit2: 8e-06   (delta=103%, cutoff=1%)
cap_mim_2f0_m4m5_noshield:206 vs. GRADIENT_NAV2:_core/GRADIENT2:4/OPAM_LIN:2/sub_diff_2_LIN:2/cap_mim_2f0fF:C1:
 c_length circuit1: 8e-06   circuit2: 2.5e-05   (delta=103%, cutoff=1%)
 c_width circuit1: 2.5e-05   circuit2: 8e-06   (delta=103%, cutoff=1%)
cap_mim_2f0_m4m5_noshield:119 vs. GRADIENT_NAV2:_core/GRADIENT2:1/OPAM_LIN:2/sub_diff_2_LIN:2/cap_mim_2f0fF:C1:
 c_length circuit1: 8e-06   circuit2: 2.5e-05   (delta=103%, cutoff=1%)
 c_width circuit1: 2.5e-05   circuit2: 8e-06   (delta=103%, cutoff=1%)
cap_mim_2f0_m4m5_noshield:16 vs. GRADIENT_NAV2:_core/GRADIENT2:2/OPAM_LIN:2/sub_diff_2_LIN:2/cap_mim_2f0fF:C1:
 c_length circuit1: 8e-06   circuit2: 2.5e-05   (delta=103%, cutoff=1%)
 c_width circuit1: 2.5e-05   circuit2: 8e-06   (delta=103%, cutoff=1%)
pfet_06v0:920 vs. GRADIENT_NAV2:_core/WEIGHT:7/pfet_06v0:M2:
Property W'nrs in circuit2 has no matching property in circuit1
pfet_06v0:920 vs. GRADIENT_NAV2:_core/WEIGHT:7/pfet_06v0:M2:
Property 0.18u)'nrd in circuit2 has no matching property in circuit1
pfet_06v0:920 vs. GRADIENT_NAV2:_core/WEIGHT:7/pfet_06v0:M2:
Property 0.18u)'ps in circuit2 has no matching property in circuit1
pfet_06v0:538 vs. GRADIENT_NAV2:_core/WEIGHT:6/pfet_06v0:M2:
Property W'nrs in circuit2 has no matching property in circuit1
pfet_06v0:538 vs. GRADIENT_NAV2:_core/WEIGHT:6/pfet_06v0:M2:
Property 0.18u)'nrd in circuit2 has no matching property in circuit1
pfet_06v0:538 vs. GRADIENT_NAV2:_core/WEIGHT:6/pfet_06v0:M2:
Property 0.18u)'ps in circuit2 has no matching property in circuit1
pfet_06v0:44 vs. GRADIENT_NAV2:_core/WEIGHT:5/pfet_06v0:M2:
Property W'nrs in circuit2 has no matching property in circuit1
pfet_06v0:44 vs. GRADIENT_NAV2:_core/WEIGHT:5/pfet_06v0:M2:
Property 0.18u)'nrd in circuit2 has no matching property in circuit1
pfet_06v0:44 vs. GRADIENT_NAV2:_core/WEIGHT:5/pfet_06v0:M2:
Property 0.18u)'ps in circuit2 has no matching property in circuit1
pfet_06v0:1006 vs. GRADIENT_NAV2:_core/WEIGHT:5/pfet_06v0:M13:
Property W'nrs in circuit2 has no matching property in circuit1
pfet_06v0:1006 vs. GRADIENT_NAV2:_core/WEIGHT:5/pfet_06v0:M13:
Property 0.18u)'nrd in circuit2 has no matching property in circuit1
pfet_06v0:1006 vs. GRADIENT_NAV2:_core/WEIGHT:5/pfet_06v0:M13:
Property 0.18u)'ps in circuit2 has no matching property in circuit1
pfet_06v0:104 vs. GRADIENT_NAV2:_core/WEIGHT:6/pfet_06v0:M13:
Property W'nrs in circuit2 has no matching property in circuit1
pfet_06v0:104 vs. GRADIENT_NAV2:_core/WEIGHT:6/pfet_06v0:M13:
Property 0.18u)'nrd in circuit2 has no matching property in circuit1
pfet_06v0:104 vs. GRADIENT_NAV2:_core/WEIGHT:6/pfet_06v0:M13:
Property 0.18u)'ps in circuit2 has no matching property in circuit1
pfet_06v0:5 vs. GRADIENT_NAV2:_core/WEIGHT:7/pfet_06v0:M13:
Property W'nrs in circuit2 has no matching property in circuit1
pfet_06v0:5 vs. GRADIENT_NAV2:_core/WEIGHT:7/pfet_06v0:M13:
Property 0.18u)'nrd in circuit2 has no matching property in circuit1
pfet_06v0:5 vs. GRADIENT_NAV2:_core/WEIGHT:7/pfet_06v0:M13:
Property 0.18u)'ps in circuit2 has no matching property in circuit1
pfet_06v0:408 vs. GRADIENT_NAV2:_core/GRADIENT2:1/COMP:5/sub_diff:2/pfet_06v0:M15:
Property W'nrs in circuit2 has no matching property in circuit1
pfet_06v0:408 vs. GRADIENT_NAV2:_core/GRADIENT2:1/COMP:5/sub_diff:2/pfet_06v0:M15:
Property 0.18u)'nrd in circuit2 has no matching property in circuit1
pfet_06v0:408 vs. GRADIENT_NAV2:_core/GRADIENT2:1/COMP:5/sub_diff:2/pfet_06v0:M15:
Property 0.18u)'ps in circuit2 has no matching property in circuit1
pfet_06v0:310 vs. GRADIENT_NAV2:_core/GRADIENT2:2/COMP:5/sub_diff:2/pfet_06v0:M15:
Property W'nrs in circuit2 has no matching property in circuit1
pfet_06v0:310 vs. GRADIENT_NAV2:_core/GRADIENT2:2/COMP:5/sub_diff:2/pfet_06v0:M15:
Property 0.18u)'nrd in circuit2 has no matching property in circuit1
pfet_06v0:310 vs. GRADIENT_NAV2:_core/GRADIENT2:2/COMP:5/sub_diff:2/pfet_06v0:M15:
Property 0.18u)'ps in circuit2 has no matching property in circuit1
pfet_06v0:1328 vs. GRADIENT_NAV2:_core/GRADIENT2:3/COMP:5/sub_diff:2/pfet_06v0:M15:
Property W'nrs in circuit2 has no matching property in circuit1
pfet_06v0:1328 vs. GRADIENT_NAV2:_core/GRADIENT2:3/COMP:5/sub_diff:2/pfet_06v0:M15:
Property 0.18u)'nrd in circuit2 has no matching property in circuit1
pfet_06v0:1328 vs. GRADIENT_NAV2:_core/GRADIENT2:3/COMP:5/sub_diff:2/pfet_06v0:M15:
Property 0.18u)'ps in circuit2 has no matching property in circuit1
pfet_06v0:1702 vs. GRADIENT_NAV2:_core/GRADIENT2:4/COMP:5/sub_diff:2/pfet_06v0:M15:
Property W'nrs in circuit2 has no matching property in circuit1
pfet_06v0:1702 vs. GRADIENT_NAV2:_core/GRADIENT2:4/COMP:5/sub_diff:2/pfet_06v0:M15:
Property 0.18u)'nrd in circuit2 has no matching property in circuit1
pfet_06v0:1702 vs. GRADIENT_NAV2:_core/GRADIENT2:4/COMP:5/sub_diff:2/pfet_06v0:M15:
Property 0.18u)'ps in circuit2 has no matching property in circuit1
pfet_06v0:353 vs. GRADIENT_NAV2:_core/GRADIENT2:1/COMP:6/sub_diff:2/pfet_06v0:M15:
Property W'nrs in circuit2 has no matching property in circuit1
pfet_06v0:353 vs. GRADIENT_NAV2:_core/GRADIENT2:1/COMP:6/sub_diff:2/pfet_06v0:M15:
Property 0.18u)'nrd in circuit2 has no matching property in circuit1
pfet_06v0:353 vs. GRADIENT_NAV2:_core/GRADIENT2:1/COMP:6/sub_diff:2/pfet_06v0:M15:
Property 0.18u)'ps in circuit2 has no matching property in circuit1
pfet_06v0:245 vs. GRADIENT_NAV2:_core/GRADIENT2:2/COMP:6/sub_diff:2/pfet_06v0:M15:
Property W'nrs in circuit2 has no matching property in circuit1
pfet_06v0:245 vs. GRADIENT_NAV2:_core/GRADIENT2:2/COMP:6/sub_diff:2/pfet_06v0:M15:
Property 0.18u)'nrd in circuit2 has no matching property in circuit1
pfet_06v0:245 vs. GRADIENT_NAV2:_core/GRADIENT2:2/COMP:6/sub_diff:2/pfet_06v0:M15:
Property 0.18u)'ps in circuit2 has no matching property in circuit1
pfet_06v0:682 vs. GRADIENT_NAV2:_core/GRADIENT2:3/COMP:6/sub_diff:2/pfet_06v0:M15:
Property W'nrs in circuit2 has no matching property in circuit1
pfet_06v0:682 vs. GRADIENT_NAV2:_core/GRADIENT2:3/COMP:6/sub_diff:2/pfet_06v0:M15:
Property 0.18u)'nrd in circuit2 has no matching property in circuit1
pfet_06v0:682 vs. GRADIENT_NAV2:_core/GRADIENT2:3/COMP:6/sub_diff:2/pfet_06v0:M15:
Property 0.18u)'ps in circuit2 has no matching property in circuit1
pfet_06v0:1048 vs. GRADIENT_NAV2:_core/GRADIENT2:4/COMP:6/sub_diff:2/pfet_06v0:M15:
Property W'nrs in circuit2 has no matching property in circuit1
pfet_06v0:1048 vs. GRADIENT_NAV2:_core/GRADIENT2:4/COMP:6/sub_diff:2/pfet_06v0:M15:
Property 0.18u)'nrd in circuit2 has no matching property in circuit1
pfet_06v0:1048 vs. GRADIENT_NAV2:_core/GRADIENT2:4/COMP:6/sub_diff:2/pfet_06v0:M15:
Property 0.18u)'ps in circuit2 has no matching property in circuit1
pfet_06v0:1124 vs. GRADIENT_NAV2:_core/GRADIENT2:1/COMP:4/sub_diff:2/pfet_06v0:M15:
Property W'nrs in circuit2 has no matching property in circuit1
pfet_06v0:1124 vs. GRADIENT_NAV2:_core/GRADIENT2:1/COMP:4/sub_diff:2/pfet_06v0:M15:
Property 0.18u)'nrd in circuit2 has no matching property in circuit1
pfet_06v0:1124 vs. GRADIENT_NAV2:_core/GRADIENT2:1/COMP:4/sub_diff:2/pfet_06v0:M15:
Property 0.18u)'ps in circuit2 has no matching property in circuit1
pfet_06v0:1041 vs. GRADIENT_NAV2:_core/GRADIENT2:2/COMP:4/sub_diff:2/pfet_06v0:M15:
Property W'nrs in circuit2 has no matching property in circuit1
pfet_06v0:1041 vs. GRADIENT_NAV2:_core/GRADIENT2:2/COMP:4/sub_diff:2/pfet_06v0:M15:
Property 0.18u)'nrd in circuit2 has no matching property in circuit1
pfet_06v0:1041 vs. GRADIENT_NAV2:_core/GRADIENT2:2/COMP:4/sub_diff:2/pfet_06v0:M15:
Property 0.18u)'ps in circuit2 has no matching property in circuit1
pfet_06v0:62 vs. GRADIENT_NAV2:_core/GRADIENT2:3/COMP:4/sub_diff:2/pfet_06v0:M15:
Property W'nrs in circuit2 has no matching property in circuit1
pfet_06v0:62 vs. GRADIENT_NAV2:_core/GRADIENT2:3/COMP:4/sub_diff:2/pfet_06v0:M15:
Property 0.18u)'nrd in circuit2 has no matching property in circuit1
pfet_06v0:62 vs. GRADIENT_NAV2:_core/GRADIENT2:3/COMP:4/sub_diff:2/pfet_06v0:M15:
Property 0.18u)'ps in circuit2 has no matching property in circuit1
pfet_06v0:442 vs. GRADIENT_NAV2:_core/GRADIENT2:4/COMP:4/sub_diff:2/pfet_06v0:M15:
Property W'nrs in circuit2 has no matching property in circuit1
pfet_06v0:442 vs. GRADIENT_NAV2:_core/GRADIENT2:4/COMP:4/sub_diff:2/pfet_06v0:M15:
Property 0.18u)'nrd in circuit2 has no matching property in circuit1
pfet_06v0:442 vs. GRADIENT_NAV2:_core/GRADIENT2:4/COMP:4/sub_diff:2/pfet_06v0:M15:
Property 0.18u)'ps in circuit2 has no matching property in circuit1
pfet_06v0:1602 vs. GRADIENT_NAV2:_core/GRADIENT2:1/COMP:6/sub_diff:2/pfet_06v0:M16:
Property W'nrs in circuit2 has no matching property in circuit1
pfet_06v0:1602 vs. GRADIENT_NAV2:_core/GRADIENT2:1/COMP:6/sub_diff:2/pfet_06v0:M16:
Property 0.18u)'nrd in circuit2 has no matching property in circuit1
pfet_06v0:1602 vs. GRADIENT_NAV2:_core/GRADIENT2:1/COMP:6/sub_diff:2/pfet_06v0:M16:
Property 0.18u)'ps in circuit2 has no matching property in circuit1
pfet_06v0:1505 vs. GRADIENT_NAV2:_core/GRADIENT2:2/COMP:6/sub_diff:2/pfet_06v0:M16:
Property W'nrs in circuit2 has no matching property in circuit1
pfet_06v0:1505 vs. GRADIENT_NAV2:_core/GRADIENT2:2/COMP:6/sub_diff:2/pfet_06v0:M16:
Property 0.18u)'nrd in circuit2 has no matching property in circuit1
pfet_06v0:1505 vs. GRADIENT_NAV2:_core/GRADIENT2:2/COMP:6/sub_diff:2/pfet_06v0:M16:
Property 0.18u)'ps in circuit2 has no matching property in circuit1
pfet_06v0:542 vs. GRADIENT_NAV2:_core/GRADIENT2:3/COMP:6/sub_diff:2/pfet_06v0:M16:
Property W'nrs in circuit2 has no matching property in circuit1
pfet_06v0:542 vs. GRADIENT_NAV2:_core/GRADIENT2:3/COMP:6/sub_diff:2/pfet_06v0:M16:
Property 0.18u)'nrd in circuit2 has no matching property in circuit1
pfet_06v0:542 vs. GRADIENT_NAV2:_core/GRADIENT2:3/COMP:6/sub_diff:2/pfet_06v0:M16:
Property 0.18u)'ps in circuit2 has no matching property in circuit1
pfet_06v0:922 vs. GRADIENT_NAV2:_core/GRADIENT2:4/COMP:6/sub_diff:2/pfet_06v0:M16:
Property W'nrs in circuit2 has no matching property in circuit1
pfet_06v0:922 vs. GRADIENT_NAV2:_core/GRADIENT2:4/COMP:6/sub_diff:2/pfet_06v0:M16:
Property 0.18u)'nrd in circuit2 has no matching property in circuit1
pfet_06v0:922 vs. GRADIENT_NAV2:_core/GRADIENT2:4/COMP:6/sub_diff:2/pfet_06v0:M16:
Property 0.18u)'ps in circuit2 has no matching property in circuit1
pfet_06v0:243 vs. GRADIENT_NAV2:_core/GRADIENT2:1/COMP:4/sub_diff:2/pfet_06v0:M16:
Property W'nrs in circuit2 has no matching property in circuit1
pfet_06v0:243 vs. GRADIENT_NAV2:_core/GRADIENT2:1/COMP:4/sub_diff:2/pfet_06v0:M16:
Property 0.18u)'nrd in circuit2 has no matching property in circuit1
pfet_06v0:243 vs. GRADIENT_NAV2:_core/GRADIENT2:1/COMP:4/sub_diff:2/pfet_06v0:M16:
Property 0.18u)'ps in circuit2 has no matching property in circuit1
pfet_06v0:150 vs. GRADIENT_NAV2:_core/GRADIENT2:2/COMP:4/sub_diff:2/pfet_06v0:M16:
Property W'nrs in circuit2 has no matching property in circuit1
pfet_06v0:150 vs. GRADIENT_NAV2:_core/GRADIENT2:2/COMP:4/sub_diff:2/pfet_06v0:M16:
Property 0.18u)'nrd in circuit2 has no matching property in circuit1
pfet_06v0:150 vs. GRADIENT_NAV2:_core/GRADIENT2:2/COMP:4/sub_diff:2/pfet_06v0:M16:
Property 0.18u)'ps in circuit2 has no matching property in circuit1
pfet_06v0:1161 vs. GRADIENT_NAV2:_core/GRADIENT2:3/COMP:4/sub_diff:2/pfet_06v0:M16:
Property W'nrs in circuit2 has no matching property in circuit1
pfet_06v0:1161 vs. GRADIENT_NAV2:_core/GRADIENT2:3/COMP:4/sub_diff:2/pfet_06v0:M16:
Property 0.18u)'nrd in circuit2 has no matching property in circuit1
pfet_06v0:1161 vs. GRADIENT_NAV2:_core/GRADIENT2:3/COMP:4/sub_diff:2/pfet_06v0:M16:
Property 0.18u)'ps in circuit2 has no matching property in circuit1
pfet_06v0:144 vs. GRADIENT_NAV2:_core/GRADIENT2:4/COMP:4/sub_diff:2/pfet_06v0:M16:
Property W'nrs in circuit2 has no matching property in circuit1
pfet_06v0:144 vs. GRADIENT_NAV2:_core/GRADIENT2:4/COMP:4/sub_diff:2/pfet_06v0:M16:
Property 0.18u)'nrd in circuit2 has no matching property in circuit1
pfet_06v0:144 vs. GRADIENT_NAV2:_core/GRADIENT2:4/COMP:4/sub_diff:2/pfet_06v0:M16:
Property 0.18u)'ps in circuit2 has no matching property in circuit1
pfet_06v0:354 vs. GRADIENT_NAV2:_core/GRADIENT2:1/COMP:5/sub_diff:2/pfet_06v0:M16:
Property W'nrs in circuit2 has no matching property in circuit1
pfet_06v0:354 vs. GRADIENT_NAV2:_core/GRADIENT2:1/COMP:5/sub_diff:2/pfet_06v0:M16:
Property 0.18u)'nrd in circuit2 has no matching property in circuit1
pfet_06v0:354 vs. GRADIENT_NAV2:_core/GRADIENT2:1/COMP:5/sub_diff:2/pfet_06v0:M16:
Property 0.18u)'ps in circuit2 has no matching property in circuit1
pfet_06v0:247 vs. GRADIENT_NAV2:_core/GRADIENT2:2/COMP:5/sub_diff:2/pfet_06v0:M16:
Property W'nrs in circuit2 has no matching property in circuit1
pfet_06v0:247 vs. GRADIENT_NAV2:_core/GRADIENT2:2/COMP:5/sub_diff:2/pfet_06v0:M16:
Property 0.18u)'nrd in circuit2 has no matching property in circuit1
pfet_06v0:247 vs. GRADIENT_NAV2:_core/GRADIENT2:2/COMP:5/sub_diff:2/pfet_06v0:M16:
Property 0.18u)'ps in circuit2 has no matching property in circuit1
pfet_06v0:681 vs. GRADIENT_NAV2:_core/GRADIENT2:3/COMP:5/sub_diff:2/pfet_06v0:M16:
Property W'nrs in circuit2 has no matching property in circuit1
pfet_06v0:681 vs. GRADIENT_NAV2:_core/GRADIENT2:3/COMP:5/sub_diff:2/pfet_06v0:M16:
Property 0.18u)'nrd in circuit2 has no matching property in circuit1
pfet_06v0:681 vs. GRADIENT_NAV2:_core/GRADIENT2:3/COMP:5/sub_diff:2/pfet_06v0:M16:
Property 0.18u)'ps in circuit2 has no matching property in circuit1
pfet_06v0:1047 vs. GRADIENT_NAV2:_core/GRADIENT2:4/COMP:5/sub_diff:2/pfet_06v0:M16:
Property W'nrs in circuit2 has no matching property in circuit1
pfet_06v0:1047 vs. GRADIENT_NAV2:_core/GRADIENT2:4/COMP:5/sub_diff:2/pfet_06v0:M16:
Property 0.18u)'nrd in circuit2 has no matching property in circuit1
pfet_06v0:1047 vs. GRADIENT_NAV2:_core/GRADIENT2:4/COMP:5/sub_diff:2/pfet_06v0:M16:
Property 0.18u)'ps in circuit2 has no matching property in circuit1
pfet_06v0:1391 vs. GRADIENT_NAV2:_core/GRADIENT2:1/COMP:4/sub_diff:2/pfet_06v0:M30:
Property W'nrs in circuit2 has no matching property in circuit1
pfet_06v0:1391 vs. GRADIENT_NAV2:_core/GRADIENT2:1/COMP:4/sub_diff:2/pfet_06v0:M30:
Property 0.18u)'nrd in circuit2 has no matching property in circuit1
pfet_06v0:1391 vs. GRADIENT_NAV2:_core/GRADIENT2:1/COMP:4/sub_diff:2/pfet_06v0:M30:
Property 0.18u)'ps in circuit2 has no matching property in circuit1
pfet_06v0:1299 vs. GRADIENT_NAV2:_core/GRADIENT2:2/COMP:4/sub_diff:2/pfet_06v0:M30:
Property W'nrs in circuit2 has no matching property in circuit1
pfet_06v0:1299 vs. GRADIENT_NAV2:_core/GRADIENT2:2/COMP:4/sub_diff:2/pfet_06v0:M30:
Property 0.18u)'nrd in circuit2 has no matching property in circuit1
pfet_06v0:1299 vs. GRADIENT_NAV2:_core/GRADIENT2:2/COMP:4/sub_diff:2/pfet_06v0:M30:
Property 0.18u)'ps in circuit2 has no matching property in circuit1
pfet_06v0:707 vs. GRADIENT_NAV2:_core/GRADIENT2:4/COMP:4/sub_diff:2/pfet_06v0:M30:
Property W'nrs in circuit2 has no matching property in circuit1
pfet_06v0:707 vs. GRADIENT_NAV2:_core/GRADIENT2:4/COMP:4/sub_diff:2/pfet_06v0:M30:
Property 0.18u)'nrd in circuit2 has no matching property in circuit1
pfet_06v0:707 vs. GRADIENT_NAV2:_core/GRADIENT2:4/COMP:4/sub_diff:2/pfet_06v0:M30:
Property 0.18u)'ps in circuit2 has no matching property in circuit1
pfet_06v0:295 vs. GRADIENT_NAV2:_core/GRADIENT2:3/COMP:4/sub_diff:2/pfet_06v0:M30:
Property W'nrs in circuit2 has no matching property in circuit1
pfet_06v0:295 vs. GRADIENT_NAV2:_core/GRADIENT2:3/COMP:4/sub_diff:2/pfet_06v0:M30:
Property 0.18u)'nrd in circuit2 has no matching property in circuit1
pfet_06v0:295 vs. GRADIENT_NAV2:_core/GRADIENT2:3/COMP:4/sub_diff:2/pfet_06v0:M30:
Property 0.18u)'ps in circuit2 has no matching property in circuit1
pfet_06v0:1740 vs. GRADIENT_NAV2:_core/GRADIENT2:4/COMP:5/sub_diff:2/pfet_06v0:M30:
Property W'nrs in circuit2 has no matching property in circuit1
pfet_06v0:1740 vs. GRADIENT_NAV2:_core/GRADIENT2:4/COMP:5/sub_diff:2/pfet_06v0:M30:
Property 0.18u)'nrd in circuit2 has no matching property in circuit1
pfet_06v0:1740 vs. GRADIENT_NAV2:_core/GRADIENT2:4/COMP:5/sub_diff:2/pfet_06v0:M30:
Property 0.18u)'ps in circuit2 has no matching property in circuit1
pfet_06v0:1362 vs. GRADIENT_NAV2:_core/GRADIENT2:3/COMP:5/sub_diff:2/pfet_06v0:M30:
Property W'nrs in circuit2 has no matching property in circuit1
pfet_06v0:1362 vs. GRADIENT_NAV2:_core/GRADIENT2:3/COMP:5/sub_diff:2/pfet_06v0:M30:
Property 0.18u)'nrd in circuit2 has no matching property in circuit1
pfet_06v0:1362 vs. GRADIENT_NAV2:_core/GRADIENT2:3/COMP:5/sub_diff:2/pfet_06v0:M30:
Property 0.18u)'ps in circuit2 has no matching property in circuit1
pfet_06v0:464 vs. GRADIENT_NAV2:_core/GRADIENT2:1/COMP:5/sub_diff:2/pfet_06v0:M30:
Property W'nrs in circuit2 has no matching property in circuit1
pfet_06v0:464 vs. GRADIENT_NAV2:_core/GRADIENT2:1/COMP:5/sub_diff:2/pfet_06v0:M30:
Property 0.18u)'nrd in circuit2 has no matching property in circuit1
pfet_06v0:464 vs. GRADIENT_NAV2:_core/GRADIENT2:1/COMP:5/sub_diff:2/pfet_06v0:M30:
Property 0.18u)'ps in circuit2 has no matching property in circuit1
pfet_06v0:358 vs. GRADIENT_NAV2:_core/GRADIENT2:2/COMP:5/sub_diff:2/pfet_06v0:M30:
Property W'nrs in circuit2 has no matching property in circuit1
pfet_06v0:358 vs. GRADIENT_NAV2:_core/GRADIENT2:2/COMP:5/sub_diff:2/pfet_06v0:M30:
Property 0.18u)'nrd in circuit2 has no matching property in circuit1
pfet_06v0:358 vs. GRADIENT_NAV2:_core/GRADIENT2:2/COMP:5/sub_diff:2/pfet_06v0:M30:
Property 0.18u)'ps in circuit2 has no matching property in circuit1
pfet_06v0:844 vs. GRADIENT_NAV2:_core/GRADIENT2:1/COMP:6/sub_diff:2/pfet_06v0:M30:
Property W'nrs in circuit2 has no matching property in circuit1
pfet_06v0:844 vs. GRADIENT_NAV2:_core/GRADIENT2:1/COMP:6/sub_diff:2/pfet_06v0:M30:
Property 0.18u)'nrd in circuit2 has no matching property in circuit1
pfet_06v0:844 vs. GRADIENT_NAV2:_core/GRADIENT2:1/COMP:6/sub_diff:2/pfet_06v0:M30:
Property 0.18u)'ps in circuit2 has no matching property in circuit1
pfet_06v0:741 vs. GRADIENT_NAV2:_core/GRADIENT2:2/COMP:6/sub_diff:2/pfet_06v0:M30:
Property W'nrs in circuit2 has no matching property in circuit1
pfet_06v0:741 vs. GRADIENT_NAV2:_core/GRADIENT2:2/COMP:6/sub_diff:2/pfet_06v0:M30:
Property 0.18u)'nrd in circuit2 has no matching property in circuit1
pfet_06v0:741 vs. GRADIENT_NAV2:_core/GRADIENT2:2/COMP:6/sub_diff:2/pfet_06v0:M30:
Property 0.18u)'ps in circuit2 has no matching property in circuit1
pfet_06v0:526 vs. GRADIENT_NAV2:_core/GRADIENT2:3/COMP:6/sub_diff:2/pfet_06v0:M30:
Property W'nrs in circuit2 has no matching property in circuit1
pfet_06v0:526 vs. GRADIENT_NAV2:_core/GRADIENT2:3/COMP:6/sub_diff:2/pfet_06v0:M30:
Property 0.18u)'nrd in circuit2 has no matching property in circuit1
pfet_06v0:526 vs. GRADIENT_NAV2:_core/GRADIENT2:3/COMP:6/sub_diff:2/pfet_06v0:M30:
Property 0.18u)'ps in circuit2 has no matching property in circuit1
pfet_06v0:124 vs. GRADIENT_NAV2:_core/GRADIENT2:4/COMP:6/sub_diff:2/pfet_06v0:M30:
Property W'nrs in circuit2 has no matching property in circuit1
pfet_06v0:124 vs. GRADIENT_NAV2:_core/GRADIENT2:4/COMP:6/sub_diff:2/pfet_06v0:M30:
Property 0.18u)'nrd in circuit2 has no matching property in circuit1
pfet_06v0:124 vs. GRADIENT_NAV2:_core/GRADIENT2:4/COMP:6/sub_diff:2/pfet_06v0:M30:
Property 0.18u)'ps in circuit2 has no matching property in circuit1
pfet_06v0:1958 vs. GRADIENT_NAV2:_core/GRADIENT2:1/COMP:4/sub_diff:2/pfet_06v0:M33:
Property W'nrs in circuit2 has no matching property in circuit1
pfet_06v0:1958 vs. GRADIENT_NAV2:_core/GRADIENT2:1/COMP:4/sub_diff:2/pfet_06v0:M33:
Property 0.18u)'nrd in circuit2 has no matching property in circuit1
pfet_06v0:1958 vs. GRADIENT_NAV2:_core/GRADIENT2:1/COMP:4/sub_diff:2/pfet_06v0:M33:
Property 0.18u)'ps in circuit2 has no matching property in circuit1
pfet_06v0:355 vs. GRADIENT_NAV2:_core/GRADIENT2:2/COMP:4/sub_diff:2/pfet_06v0:M33:
Property W'nrs in circuit2 has no matching property in circuit1
pfet_06v0:355 vs. GRADIENT_NAV2:_core/GRADIENT2:2/COMP:4/sub_diff:2/pfet_06v0:M33:
Property 0.18u)'nrd in circuit2 has no matching property in circuit1
pfet_06v0:355 vs. GRADIENT_NAV2:_core/GRADIENT2:2/COMP:4/sub_diff:2/pfet_06v0:M33:
Property 0.18u)'ps in circuit2 has no matching property in circuit1
pfet_06v0:886 vs. GRADIENT_NAV2:_core/GRADIENT2:3/COMP:4/sub_diff:2/pfet_06v0:M33:
Property W'nrs in circuit2 has no matching property in circuit1
pfet_06v0:886 vs. GRADIENT_NAV2:_core/GRADIENT2:3/COMP:4/sub_diff:2/pfet_06v0:M33:
Property 0.18u)'nrd in circuit2 has no matching property in circuit1
pfet_06v0:886 vs. GRADIENT_NAV2:_core/GRADIENT2:3/COMP:4/sub_diff:2/pfet_06v0:M33:
Property 0.18u)'ps in circuit2 has no matching property in circuit1
pfet_06v0:1259 vs. GRADIENT_NAV2:_core/GRADIENT2:4/COMP:4/sub_diff:2/pfet_06v0:M33:
Property W'nrs in circuit2 has no matching property in circuit1
pfet_06v0:1259 vs. GRADIENT_NAV2:_core/GRADIENT2:4/COMP:4/sub_diff:2/pfet_06v0:M33:
Property 0.18u)'nrd in circuit2 has no matching property in circuit1
pfet_06v0:1259 vs. GRADIENT_NAV2:_core/GRADIENT2:4/COMP:4/sub_diff:2/pfet_06v0:M33:
Property 0.18u)'ps in circuit2 has no matching property in circuit1
pfet_06v0:1459 vs. GRADIENT_NAV2:_core/GRADIENT2:1/COMP:5/sub_diff:2/pfet_06v0:M33:
Property W'nrs in circuit2 has no matching property in circuit1
pfet_06v0:1459 vs. GRADIENT_NAV2:_core/GRADIENT2:1/COMP:5/sub_diff:2/pfet_06v0:M33:
Property 0.18u)'nrd in circuit2 has no matching property in circuit1
pfet_06v0:1459 vs. GRADIENT_NAV2:_core/GRADIENT2:1/COMP:5/sub_diff:2/pfet_06v0:M33:
Property 0.18u)'ps in circuit2 has no matching property in circuit1
pfet_06v0:1845 vs. GRADIENT_NAV2:_core/GRADIENT2:2/COMP:5/sub_diff:2/pfet_06v0:M33:
Property W'nrs in circuit2 has no matching property in circuit1
pfet_06v0:1845 vs. GRADIENT_NAV2:_core/GRADIENT2:2/COMP:5/sub_diff:2/pfet_06v0:M33:
Property 0.18u)'nrd in circuit2 has no matching property in circuit1
pfet_06v0:1845 vs. GRADIENT_NAV2:_core/GRADIENT2:2/COMP:5/sub_diff:2/pfet_06v0:M33:
Property 0.18u)'ps in circuit2 has no matching property in circuit1
pfet_06v0:372 vs. GRADIENT_NAV2:_core/GRADIENT2:3/COMP:5/sub_diff:2/pfet_06v0:M33:
Property W'nrs in circuit2 has no matching property in circuit1
pfet_06v0:372 vs. GRADIENT_NAV2:_core/GRADIENT2:3/COMP:5/sub_diff:2/pfet_06v0:M33:
Property 0.18u)'nrd in circuit2 has no matching property in circuit1
pfet_06v0:372 vs. GRADIENT_NAV2:_core/GRADIENT2:3/COMP:5/sub_diff:2/pfet_06v0:M33:
Property 0.18u)'ps in circuit2 has no matching property in circuit1
pfet_06v0:769 vs. GRADIENT_NAV2:_core/GRADIENT2:4/COMP:5/sub_diff:2/pfet_06v0:M33:
Property W'nrs in circuit2 has no matching property in circuit1
pfet_06v0:769 vs. GRADIENT_NAV2:_core/GRADIENT2:4/COMP:5/sub_diff:2/pfet_06v0:M33:
Property 0.18u)'nrd in circuit2 has no matching property in circuit1
pfet_06v0:769 vs. GRADIENT_NAV2:_core/GRADIENT2:4/COMP:5/sub_diff:2/pfet_06v0:M33:
Property 0.18u)'ps in circuit2 has no matching property in circuit1
pfet_06v0:253 vs. GRADIENT_NAV2:_core/GRADIENT2:1/COMP:6/sub_diff:2/pfet_06v0:M33:
Property W'nrs in circuit2 has no matching property in circuit1
pfet_06v0:253 vs. GRADIENT_NAV2:_core/GRADIENT2:1/COMP:6/sub_diff:2/pfet_06v0:M33:
Property 0.18u)'nrd in circuit2 has no matching property in circuit1
pfet_06v0:253 vs. GRADIENT_NAV2:_core/GRADIENT2:1/COMP:6/sub_diff:2/pfet_06v0:M33:
Property 0.18u)'ps in circuit2 has no matching property in circuit1
pfet_06v0:660 vs. GRADIENT_NAV2:_core/GRADIENT2:2/COMP:6/sub_diff:2/pfet_06v0:M33:
Property W'nrs in circuit2 has no matching property in circuit1
pfet_06v0:660 vs. GRADIENT_NAV2:_core/GRADIENT2:2/COMP:6/sub_diff:2/pfet_06v0:M33:
Property 0.18u)'nrd in circuit2 has no matching property in circuit1
pfet_06v0:660 vs. GRADIENT_NAV2:_core/GRADIENT2:2/COMP:6/sub_diff:2/pfet_06v0:M33:
Property 0.18u)'ps in circuit2 has no matching property in circuit1
pfet_06v0:1168 vs. GRADIENT_NAV2:_core/GRADIENT2:3/COMP:6/sub_diff:2/pfet_06v0:M33:
Property W'nrs in circuit2 has no matching property in circuit1
pfet_06v0:1168 vs. GRADIENT_NAV2:_core/GRADIENT2:3/COMP:6/sub_diff:2/pfet_06v0:M33:
Property 0.18u)'nrd in circuit2 has no matching property in circuit1
pfet_06v0:1168 vs. GRADIENT_NAV2:_core/GRADIENT2:3/COMP:6/sub_diff:2/pfet_06v0:M33:
Property 0.18u)'ps in circuit2 has no matching property in circuit1
pfet_06v0:1547 vs. GRADIENT_NAV2:_core/GRADIENT2:4/COMP:6/sub_diff:2/pfet_06v0:M33:
Property W'nrs in circuit2 has no matching property in circuit1
pfet_06v0:1547 vs. GRADIENT_NAV2:_core/GRADIENT2:4/COMP:6/sub_diff:2/pfet_06v0:M33:
Property 0.18u)'nrd in circuit2 has no matching property in circuit1
pfet_06v0:1547 vs. GRADIENT_NAV2:_core/GRADIENT2:4/COMP:6/sub_diff:2/pfet_06v0:M33:
Property 0.18u)'ps in circuit2 has no matching property in circuit1
pfet_06v0:274 vs. GRADIENT_NAV2:_core/GRADIENT2:1/COMP:5/sub_diff:2/pfet_06v0:M43:
Property W'nrs in circuit2 has no matching property in circuit1
pfet_06v0:274 vs. GRADIENT_NAV2:_core/GRADIENT2:1/COMP:5/sub_diff:2/pfet_06v0:M43:
Property 0.18u)'nrd in circuit2 has no matching property in circuit1
pfet_06v0:274 vs. GRADIENT_NAV2:_core/GRADIENT2:1/COMP:5/sub_diff:2/pfet_06v0:M43:
Property 0.18u)'ps in circuit2 has no matching property in circuit1
pfet_06v0:187 vs. GRADIENT_NAV2:_core/GRADIENT2:2/COMP:5/sub_diff:2/pfet_06v0:M43:
Property W'nrs in circuit2 has no matching property in circuit1
pfet_06v0:187 vs. GRADIENT_NAV2:_core/GRADIENT2:2/COMP:5/sub_diff:2/pfet_06v0:M43:
Property 0.18u)'nrd in circuit2 has no matching property in circuit1
pfet_06v0:187 vs. GRADIENT_NAV2:_core/GRADIENT2:2/COMP:5/sub_diff:2/pfet_06v0:M43:
Property 0.18u)'ps in circuit2 has no matching property in circuit1
pfet_06v0:692 vs. GRADIENT_NAV2:_core/GRADIENT2:3/COMP:5/sub_diff:2/pfet_06v0:M43:
Property W'nrs in circuit2 has no matching property in circuit1
pfet_06v0:692 vs. GRADIENT_NAV2:_core/GRADIENT2:3/COMP:5/sub_diff:2/pfet_06v0:M43:
Property 0.18u)'nrd in circuit2 has no matching property in circuit1
pfet_06v0:692 vs. GRADIENT_NAV2:_core/GRADIENT2:3/COMP:5/sub_diff:2/pfet_06v0:M43:
Property 0.18u)'ps in circuit2 has no matching property in circuit1
pfet_06v0:1063 vs. GRADIENT_NAV2:_core/GRADIENT2:4/COMP:5/sub_diff:2/pfet_06v0:M43:
Property W'nrs in circuit2 has no matching property in circuit1
pfet_06v0:1063 vs. GRADIENT_NAV2:_core/GRADIENT2:4/COMP:5/sub_diff:2/pfet_06v0:M43:
Property 0.18u)'nrd in circuit2 has no matching property in circuit1
pfet_06v0:1063 vs. GRADIENT_NAV2:_core/GRADIENT2:4/COMP:5/sub_diff:2/pfet_06v0:M43:
Property 0.18u)'ps in circuit2 has no matching property in circuit1
pfet_06v0:1225 vs. GRADIENT_NAV2:_core/GRADIENT2:1/COMP:4/sub_diff:2/pfet_06v0:M43:
Property W'nrs in circuit2 has no matching property in circuit1
pfet_06v0:1225 vs. GRADIENT_NAV2:_core/GRADIENT2:1/COMP:4/sub_diff:2/pfet_06v0:M43:
Property 0.18u)'nrd in circuit2 has no matching property in circuit1
pfet_06v0:1225 vs. GRADIENT_NAV2:_core/GRADIENT2:1/COMP:4/sub_diff:2/pfet_06v0:M43:
Property 0.18u)'ps in circuit2 has no matching property in circuit1
pfet_06v0:1120 vs. GRADIENT_NAV2:_core/GRADIENT2:2/COMP:4/sub_diff:2/pfet_06v0:M43:
Property W'nrs in circuit2 has no matching property in circuit1
pfet_06v0:1120 vs. GRADIENT_NAV2:_core/GRADIENT2:2/COMP:4/sub_diff:2/pfet_06v0:M43:
Property 0.18u)'nrd in circuit2 has no matching property in circuit1
pfet_06v0:1120 vs. GRADIENT_NAV2:_core/GRADIENT2:2/COMP:4/sub_diff:2/pfet_06v0:M43:
Property 0.18u)'ps in circuit2 has no matching property in circuit1
pfet_06v0:133 vs. GRADIENT_NAV2:_core/GRADIENT2:3/COMP:4/sub_diff:2/pfet_06v0:M43:
Property W'nrs in circuit2 has no matching property in circuit1
pfet_06v0:133 vs. GRADIENT_NAV2:_core/GRADIENT2:3/COMP:4/sub_diff:2/pfet_06v0:M43:
Property 0.18u)'nrd in circuit2 has no matching property in circuit1
pfet_06v0:133 vs. GRADIENT_NAV2:_core/GRADIENT2:3/COMP:4/sub_diff:2/pfet_06v0:M43:
Property 0.18u)'ps in circuit2 has no matching property in circuit1
pfet_06v0:530 vs. GRADIENT_NAV2:_core/GRADIENT2:4/COMP:4/sub_diff:2/pfet_06v0:M43:
Property W'nrs in circuit2 has no matching property in circuit1
pfet_06v0:530 vs. GRADIENT_NAV2:_core/GRADIENT2:4/COMP:4/sub_diff:2/pfet_06v0:M43:
Property 0.18u)'nrd in circuit2 has no matching property in circuit1
pfet_06v0:530 vs. GRADIENT_NAV2:_core/GRADIENT2:4/COMP:4/sub_diff:2/pfet_06v0:M43:
Property 0.18u)'ps in circuit2 has no matching property in circuit1
pfet_06v0:444 vs. GRADIENT_NAV2:_core/GRADIENT2:1/COMP:6/sub_diff:2/pfet_06v0:M43:
Property W'nrs in circuit2 has no matching property in circuit1
pfet_06v0:444 vs. GRADIENT_NAV2:_core/GRADIENT2:1/COMP:6/sub_diff:2/pfet_06v0:M43:
Property 0.18u)'nrd in circuit2 has no matching property in circuit1
pfet_06v0:444 vs. GRADIENT_NAV2:_core/GRADIENT2:1/COMP:6/sub_diff:2/pfet_06v0:M43:
Property 0.18u)'ps in circuit2 has no matching property in circuit1
pfet_06v0:337 vs. GRADIENT_NAV2:_core/GRADIENT2:2/COMP:6/sub_diff:2/pfet_06v0:M43:
Property W'nrs in circuit2 has no matching property in circuit1
pfet_06v0:337 vs. GRADIENT_NAV2:_core/GRADIENT2:2/COMP:6/sub_diff:2/pfet_06v0:M43:
Property 0.18u)'nrd in circuit2 has no matching property in circuit1
pfet_06v0:337 vs. GRADIENT_NAV2:_core/GRADIENT2:2/COMP:6/sub_diff:2/pfet_06v0:M43:
Property 0.18u)'ps in circuit2 has no matching property in circuit1
pfet_06v0:125 vs. GRADIENT_NAV2:_core/GRADIENT2:3/COMP:6/sub_diff:2/pfet_06v0:M43:
Property W'nrs in circuit2 has no matching property in circuit1
pfet_06v0:125 vs. GRADIENT_NAV2:_core/GRADIENT2:3/COMP:6/sub_diff:2/pfet_06v0:M43:
Property 0.18u)'nrd in circuit2 has no matching property in circuit1
pfet_06v0:125 vs. GRADIENT_NAV2:_core/GRADIENT2:3/COMP:6/sub_diff:2/pfet_06v0:M43:
Property 0.18u)'ps in circuit2 has no matching property in circuit1
pfet_06v0:520 vs. GRADIENT_NAV2:_core/GRADIENT2:4/COMP:6/sub_diff:2/pfet_06v0:M43:
Property W'nrs in circuit2 has no matching property in circuit1
pfet_06v0:520 vs. GRADIENT_NAV2:_core/GRADIENT2:4/COMP:6/sub_diff:2/pfet_06v0:M43:
Property 0.18u)'nrd in circuit2 has no matching property in circuit1
pfet_06v0:520 vs. GRADIENT_NAV2:_core/GRADIENT2:4/COMP:6/sub_diff:2/pfet_06v0:M43:
Property 0.18u)'ps in circuit2 has no matching property in circuit1
pfet_06v0:1193 vs. GRADIENT_NAV2:_core/GRADIENT2:1/DECODER:7/yGates:2/invertor:2/pfet_06v0:M4:
Property W'nrs in circuit2 has no matching property in circuit1
pfet_06v0:1193 vs. GRADIENT_NAV2:_core/GRADIENT2:1/DECODER:7/yGates:2/invertor:2/pfet_06v0:M4:
Property 0.18u)'nrd in circuit2 has no matching property in circuit1
pfet_06v0:1193 vs. GRADIENT_NAV2:_core/GRADIENT2:1/DECODER:7/yGates:2/invertor:2/pfet_06v0:M4:
Property 0.18u)'ps in circuit2 has no matching property in circuit1
pfet_06v0:1570 vs. GRADIENT_NAV2:_core/GRADIENT2:2/DECODER:7/yGates:2/invertor:2/pfet_06v0:M4:
Property W'nrs in circuit2 has no matching property in circuit1
pfet_06v0:1570 vs. GRADIENT_NAV2:_core/GRADIENT2:2/DECODER:7/yGates:2/invertor:2/pfet_06v0:M4:
Property 0.18u)'nrd in circuit2 has no matching property in circuit1
pfet_06v0:1570 vs. GRADIENT_NAV2:_core/GRADIENT2:2/DECODER:7/yGates:2/invertor:2/pfet_06v0:M4:
Property 0.18u)'ps in circuit2 has no matching property in circuit1
pfet_06v0:612 vs. GRADIENT_NAV2:_core/GRADIENT2:3/DECODER:7/yGates:2/invertor:2/pfet_06v0:M4:
Property W'nrs in circuit2 has no matching property in circuit1
pfet_06v0:612 vs. GRADIENT_NAV2:_core/GRADIENT2:3/DECODER:7/yGates:2/invertor:2/pfet_06v0:M4:
Property 0.18u)'nrd in circuit2 has no matching property in circuit1
pfet_06v0:612 vs. GRADIENT_NAV2:_core/GRADIENT2:3/DECODER:7/yGates:2/invertor:2/pfet_06v0:M4:
Property 0.18u)'ps in circuit2 has no matching property in circuit1
pfet_06v0:840 vs. GRADIENT_NAV2:_core/GRADIENT2:4/DECODER:7/yGates:2/invertor:2/pfet_06v0:M4:
Property W'nrs in circuit2 has no matching property in circuit1
pfet_06v0:840 vs. GRADIENT_NAV2:_core/GRADIENT2:4/DECODER:7/yGates:2/invertor:2/pfet_06v0:M4:
Property 0.18u)'nrd in circuit2 has no matching property in circuit1
pfet_06v0:840 vs. GRADIENT_NAV2:_core/GRADIENT2:4/DECODER:7/yGates:2/invertor:2/pfet_06v0:M4:
Property 0.18u)'ps in circuit2 has no matching property in circuit1
pfet_06v0:1943 vs. GRADIENT_NAV2:_core/GRADIENT2:4/DECODER:7/yGates:2/andGate:3/pfet_06v0:M1:
Property W'nrs in circuit2 has no matching property in circuit1
pfet_06v0:1943 vs. GRADIENT_NAV2:_core/GRADIENT2:4/DECODER:7/yGates:2/andGate:3/pfet_06v0:M1:
Property 0.18u)'nrd in circuit2 has no matching property in circuit1
pfet_06v0:1943 vs. GRADIENT_NAV2:_core/GRADIENT2:4/DECODER:7/yGates:2/andGate:3/pfet_06v0:M1:
Property 0.18u)'ps in circuit2 has no matching property in circuit1
pfet_06v0:1900 vs. GRADIENT_NAV2:_core/GRADIENT2:2/DECODER:7/yGates:2/andGate:3/pfet_06v0:M1:
Property W'nrs in circuit2 has no matching property in circuit1
pfet_06v0:1900 vs. GRADIENT_NAV2:_core/GRADIENT2:2/DECODER:7/yGates:2/andGate:3/pfet_06v0:M1:
Property 0.18u)'nrd in circuit2 has no matching property in circuit1
pfet_06v0:1900 vs. GRADIENT_NAV2:_core/GRADIENT2:2/DECODER:7/yGates:2/andGate:3/pfet_06v0:M1:
Property 0.18u)'ps in circuit2 has no matching property in circuit1
pfet_06v0:1515 vs. GRADIENT_NAV2:_core/GRADIENT2:1/DECODER:7/yGates:2/andGate:3/pfet_06v0:M1:
Property W'nrs in circuit2 has no matching property in circuit1
pfet_06v0:1515 vs. GRADIENT_NAV2:_core/GRADIENT2:1/DECODER:7/yGates:2/andGate:3/pfet_06v0:M1:
Property 0.18u)'nrd in circuit2 has no matching property in circuit1
pfet_06v0:1515 vs. GRADIENT_NAV2:_core/GRADIENT2:1/DECODER:7/yGates:2/andGate:3/pfet_06v0:M1:
Property 0.18u)'ps in circuit2 has no matching property in circuit1
pfet_06v0:932 vs. GRADIENT_NAV2:_core/GRADIENT2:3/DECODER:7/yGates:2/andGate:3/pfet_06v0:M1:
Property W'nrs in circuit2 has no matching property in circuit1
pfet_06v0:932 vs. GRADIENT_NAV2:_core/GRADIENT2:3/DECODER:7/yGates:2/andGate:3/pfet_06v0:M1:
Property 0.18u)'nrd in circuit2 has no matching property in circuit1
pfet_06v0:932 vs. GRADIENT_NAV2:_core/GRADIENT2:3/DECODER:7/yGates:2/andGate:3/pfet_06v0:M1:
Property 0.18u)'ps in circuit2 has no matching property in circuit1
pfet_06v0:878 vs. GRADIENT_NAV2:_core/GRADIENT2:1/DECODER:7/Z:1/pfet_06v0:M4:
Property W'nrs in circuit2 has no matching property in circuit1
pfet_06v0:878 vs. GRADIENT_NAV2:_core/GRADIENT2:1/DECODER:7/Z:1/pfet_06v0:M4:
Property 0.18u)'nrd in circuit2 has no matching property in circuit1
pfet_06v0:878 vs. GRADIENT_NAV2:_core/GRADIENT2:1/DECODER:7/Z:1/pfet_06v0:M4:
Property 0.18u)'ps in circuit2 has no matching property in circuit1
pfet_06v0:1248 vs. GRADIENT_NAV2:_core/GRADIENT2:2/DECODER:7/Z:1/pfet_06v0:M4:
Property W'nrs in circuit2 has no matching property in circuit1
pfet_06v0:1248 vs. GRADIENT_NAV2:_core/GRADIENT2:2/DECODER:7/Z:1/pfet_06v0:M4:
Property 0.18u)'nrd in circuit2 has no matching property in circuit1
pfet_06v0:1248 vs. GRADIENT_NAV2:_core/GRADIENT2:2/DECODER:7/Z:1/pfet_06v0:M4:
Property 0.18u)'ps in circuit2 has no matching property in circuit1
pfet_06v0:255 vs. GRADIENT_NAV2:_core/GRADIENT2:3/DECODER:7/Z:1/pfet_06v0:M4:
Property W'nrs in circuit2 has no matching property in circuit1
pfet_06v0:255 vs. GRADIENT_NAV2:_core/GRADIENT2:3/DECODER:7/Z:1/pfet_06v0:M4:
Property 0.18u)'nrd in circuit2 has no matching property in circuit1
pfet_06v0:255 vs. GRADIENT_NAV2:_core/GRADIENT2:3/DECODER:7/Z:1/pfet_06v0:M4:
Property 0.18u)'ps in circuit2 has no matching property in circuit1
pfet_06v0:1302 vs. GRADIENT_NAV2:_core/GRADIENT2:4/DECODER:7/Z:1/pfet_06v0:M4:
Property W'nrs in circuit2 has no matching property in circuit1
pfet_06v0:1302 vs. GRADIENT_NAV2:_core/GRADIENT2:4/DECODER:7/Z:1/pfet_06v0:M4:
Property 0.18u)'nrd in circuit2 has no matching property in circuit1
pfet_06v0:1302 vs. GRADIENT_NAV2:_core/GRADIENT2:4/DECODER:7/Z:1/pfet_06v0:M4:
Property 0.18u)'ps in circuit2 has no matching property in circuit1
pfet_06v0:1405 vs. GRADIENT_NAV2:_core/GRADIENT2:1/DECODER:7/yGates:2/andGate:3/pfet_06v0:M2:
Property W'nrs in circuit2 has no matching property in circuit1
pfet_06v0:1405 vs. GRADIENT_NAV2:_core/GRADIENT2:1/DECODER:7/yGates:2/andGate:3/pfet_06v0:M2:
Property 0.18u)'nrd in circuit2 has no matching property in circuit1
pfet_06v0:1405 vs. GRADIENT_NAV2:_core/GRADIENT2:1/DECODER:7/yGates:2/andGate:3/pfet_06v0:M2:
Property 0.18u)'ps in circuit2 has no matching property in circuit1
pfet_06v0:1779 vs. GRADIENT_NAV2:_core/GRADIENT2:2/DECODER:7/yGates:2/andGate:3/pfet_06v0:M2:
Property W'nrs in circuit2 has no matching property in circuit1
pfet_06v0:1779 vs. GRADIENT_NAV2:_core/GRADIENT2:2/DECODER:7/yGates:2/andGate:3/pfet_06v0:M2:
Property 0.18u)'nrd in circuit2 has no matching property in circuit1
pfet_06v0:1779 vs. GRADIENT_NAV2:_core/GRADIENT2:2/DECODER:7/yGates:2/andGate:3/pfet_06v0:M2:
Property 0.18u)'ps in circuit2 has no matching property in circuit1
pfet_06v0:814 vs. GRADIENT_NAV2:_core/GRADIENT2:3/DECODER:7/yGates:2/andGate:3/pfet_06v0:M2:
Property W'nrs in circuit2 has no matching property in circuit1
pfet_06v0:814 vs. GRADIENT_NAV2:_core/GRADIENT2:3/DECODER:7/yGates:2/andGate:3/pfet_06v0:M2:
Property 0.18u)'nrd in circuit2 has no matching property in circuit1
pfet_06v0:814 vs. GRADIENT_NAV2:_core/GRADIENT2:3/DECODER:7/yGates:2/andGate:3/pfet_06v0:M2:
Property 0.18u)'ps in circuit2 has no matching property in circuit1
pfet_06v0:1595 vs. GRADIENT_NAV2:_core/GRADIENT2:4/DECODER:7/yGates:2/andGate:3/pfet_06v0:M2:
Property W'nrs in circuit2 has no matching property in circuit1
pfet_06v0:1595 vs. GRADIENT_NAV2:_core/GRADIENT2:4/DECODER:7/yGates:2/andGate:3/pfet_06v0:M2:
Property 0.18u)'nrd in circuit2 has no matching property in circuit1
pfet_06v0:1595 vs. GRADIENT_NAV2:_core/GRADIENT2:4/DECODER:7/yGates:2/andGate:3/pfet_06v0:M2:
Property 0.18u)'ps in circuit2 has no matching property in circuit1
pfet_06v0:1297 vs. GRADIENT_NAV2:_core/GRADIENT2:1/DECODER:7/xGates:3/andGate:2/pfet_06v0:M1:
Property W'nrs in circuit2 has no matching property in circuit1
pfet_06v0:1297 vs. GRADIENT_NAV2:_core/GRADIENT2:1/DECODER:7/xGates:3/andGate:2/pfet_06v0:M1:
Property 0.18u)'nrd in circuit2 has no matching property in circuit1
pfet_06v0:1297 vs. GRADIENT_NAV2:_core/GRADIENT2:1/DECODER:7/xGates:3/andGate:2/pfet_06v0:M1:
Property 0.18u)'ps in circuit2 has no matching property in circuit1
pfet_06v0:1662 vs. GRADIENT_NAV2:_core/GRADIENT2:2/DECODER:7/xGates:3/andGate:2/pfet_06v0:M1:
Property W'nrs in circuit2 has no matching property in circuit1
pfet_06v0:1662 vs. GRADIENT_NAV2:_core/GRADIENT2:2/DECODER:7/xGates:3/andGate:2/pfet_06v0:M1:
Property 0.18u)'nrd in circuit2 has no matching property in circuit1
pfet_06v0:1662 vs. GRADIENT_NAV2:_core/GRADIENT2:2/DECODER:7/xGates:3/andGate:2/pfet_06v0:M1:
Property 0.18u)'ps in circuit2 has no matching property in circuit1
pfet_06v0:706 vs. GRADIENT_NAV2:_core/GRADIENT2:3/DECODER:7/xGates:3/andGate:2/pfet_06v0:M1:
Property W'nrs in circuit2 has no matching property in circuit1
pfet_06v0:706 vs. GRADIENT_NAV2:_core/GRADIENT2:3/DECODER:7/xGates:3/andGate:2/pfet_06v0:M1:
Property 0.18u)'nrd in circuit2 has no matching property in circuit1
pfet_06v0:706 vs. GRADIENT_NAV2:_core/GRADIENT2:3/DECODER:7/xGates:3/andGate:2/pfet_06v0:M1:
Property 0.18u)'ps in circuit2 has no matching property in circuit1
pfet_06v0:1480 vs. GRADIENT_NAV2:_core/GRADIENT2:4/DECODER:7/xGates:3/andGate:2/pfet_06v0:M1:
Property W'nrs in circuit2 has no matching property in circuit1
pfet_06v0:1480 vs. GRADIENT_NAV2:_core/GRADIENT2:4/DECODER:7/xGates:3/andGate:2/pfet_06v0:M1:
Property 0.18u)'nrd in circuit2 has no matching property in circuit1
pfet_06v0:1480 vs. GRADIENT_NAV2:_core/GRADIENT2:4/DECODER:7/xGates:3/andGate:2/pfet_06v0:M1:
Property 0.18u)'ps in circuit2 has no matching property in circuit1
pfet_06v0:963 vs. GRADIENT_NAV2:_core/GRADIENT2:1/DECODER:7/xGates:3/andGate:2/pfet_06v0:M2:
Property W'nrs in circuit2 has no matching property in circuit1
pfet_06v0:963 vs. GRADIENT_NAV2:_core/GRADIENT2:1/DECODER:7/xGates:3/andGate:2/pfet_06v0:M2:
Property 0.18u)'nrd in circuit2 has no matching property in circuit1
pfet_06v0:963 vs. GRADIENT_NAV2:_core/GRADIENT2:1/DECODER:7/xGates:3/andGate:2/pfet_06v0:M2:
Property 0.18u)'ps in circuit2 has no matching property in circuit1
pfet_06v0:1337 vs. GRADIENT_NAV2:_core/GRADIENT2:2/DECODER:7/xGates:3/andGate:2/pfet_06v0:M2:
Property W'nrs in circuit2 has no matching property in circuit1
pfet_06v0:1337 vs. GRADIENT_NAV2:_core/GRADIENT2:2/DECODER:7/xGates:3/andGate:2/pfet_06v0:M2:
Property 0.18u)'nrd in circuit2 has no matching property in circuit1
pfet_06v0:1337 vs. GRADIENT_NAV2:_core/GRADIENT2:2/DECODER:7/xGates:3/andGate:2/pfet_06v0:M2:
Property 0.18u)'ps in circuit2 has no matching property in circuit1
pfet_06v0:335 vs. GRADIENT_NAV2:_core/GRADIENT2:3/DECODER:7/xGates:3/andGate:2/pfet_06v0:M2:
Property W'nrs in circuit2 has no matching property in circuit1
pfet_06v0:335 vs. GRADIENT_NAV2:_core/GRADIENT2:3/DECODER:7/xGates:3/andGate:2/pfet_06v0:M2:
Property 0.18u)'nrd in circuit2 has no matching property in circuit1
pfet_06v0:335 vs. GRADIENT_NAV2:_core/GRADIENT2:3/DECODER:7/xGates:3/andGate:2/pfet_06v0:M2:
Property 0.18u)'ps in circuit2 has no matching property in circuit1
pfet_06v0:1136 vs. GRADIENT_NAV2:_core/GRADIENT2:4/DECODER:7/xGates:3/andGate:2/pfet_06v0:M2:
Property W'nrs in circuit2 has no matching property in circuit1
pfet_06v0:1136 vs. GRADIENT_NAV2:_core/GRADIENT2:4/DECODER:7/xGates:3/andGate:2/pfet_06v0:M2:
Property 0.18u)'nrd in circuit2 has no matching property in circuit1
pfet_06v0:1136 vs. GRADIENT_NAV2:_core/GRADIENT2:4/DECODER:7/xGates:3/andGate:2/pfet_06v0:M2:
Property 0.18u)'ps in circuit2 has no matching property in circuit1
pfet_06v0:357 vs. GRADIENT_NAV2:_core/GRADIENT2:1/COMP:5/bias:1/pfet_06v0:M5:
Property W'nrs in circuit2 has no matching property in circuit1
pfet_06v0:357 vs. GRADIENT_NAV2:_core/GRADIENT2:1/COMP:5/bias:1/pfet_06v0:M5:
Property 0.18u)'nrd in circuit2 has no matching property in circuit1
pfet_06v0:357 vs. GRADIENT_NAV2:_core/GRADIENT2:1/COMP:5/bias:1/pfet_06v0:M5:
Property 0.18u)'ps in circuit2 has no matching property in circuit1
pfet_06v0:748 vs. GRADIENT_NAV2:_core/GRADIENT2:2/COMP:5/bias:1/pfet_06v0:M5:
Property W'nrs in circuit2 has no matching property in circuit1
pfet_06v0:748 vs. GRADIENT_NAV2:_core/GRADIENT2:2/COMP:5/bias:1/pfet_06v0:M5:
Property 0.18u)'nrd in circuit2 has no matching property in circuit1
pfet_06v0:748 vs. GRADIENT_NAV2:_core/GRADIENT2:2/COMP:5/bias:1/pfet_06v0:M5:
Property 0.18u)'ps in circuit2 has no matching property in circuit1
pfet_06v0:1263 vs. GRADIENT_NAV2:_core/GRADIENT2:3/COMP:5/bias:1/pfet_06v0:M5:
Property W'nrs in circuit2 has no matching property in circuit1
pfet_06v0:1263 vs. GRADIENT_NAV2:_core/GRADIENT2:3/COMP:5/bias:1/pfet_06v0:M5:
Property 0.18u)'nrd in circuit2 has no matching property in circuit1
pfet_06v0:1263 vs. GRADIENT_NAV2:_core/GRADIENT2:3/COMP:5/bias:1/pfet_06v0:M5:
Property 0.18u)'ps in circuit2 has no matching property in circuit1
pfet_06v0:1634 vs. GRADIENT_NAV2:_core/GRADIENT2:4/COMP:5/bias:1/pfet_06v0:M5:
Property W'nrs in circuit2 has no matching property in circuit1
pfet_06v0:1634 vs. GRADIENT_NAV2:_core/GRADIENT2:4/COMP:5/bias:1/pfet_06v0:M5:
Property 0.18u)'nrd in circuit2 has no matching property in circuit1
pfet_06v0:1634 vs. GRADIENT_NAV2:_core/GRADIENT2:4/COMP:5/bias:1/pfet_06v0:M5:
Property 0.18u)'ps in circuit2 has no matching property in circuit1
pfet_06v0:1878 vs. GRADIENT_NAV2:_core/GRADIENT2:1/COMP:4/bias:1/pfet_06v0:M5:
Property W'nrs in circuit2 has no matching property in circuit1
pfet_06v0:1878 vs. GRADIENT_NAV2:_core/GRADIENT2:1/COMP:4/bias:1/pfet_06v0:M5:
Property 0.18u)'nrd in circuit2 has no matching property in circuit1
pfet_06v0:1878 vs. GRADIENT_NAV2:_core/GRADIENT2:1/COMP:4/bias:1/pfet_06v0:M5:
Property 0.18u)'ps in circuit2 has no matching property in circuit1
pfet_06v0:266 vs. GRADIENT_NAV2:_core/GRADIENT2:2/COMP:4/bias:1/pfet_06v0:M5:
Property W'nrs in circuit2 has no matching property in circuit1
pfet_06v0:266 vs. GRADIENT_NAV2:_core/GRADIENT2:2/COMP:4/bias:1/pfet_06v0:M5:
Property 0.18u)'nrd in circuit2 has no matching property in circuit1
pfet_06v0:266 vs. GRADIENT_NAV2:_core/GRADIENT2:2/COMP:4/bias:1/pfet_06v0:M5:
Property 0.18u)'ps in circuit2 has no matching property in circuit1
pfet_06v0:821 vs. GRADIENT_NAV2:_core/GRADIENT2:3/COMP:4/bias:1/pfet_06v0:M5:
Property W'nrs in circuit2 has no matching property in circuit1
pfet_06v0:821 vs. GRADIENT_NAV2:_core/GRADIENT2:3/COMP:4/bias:1/pfet_06v0:M5:
Property 0.18u)'nrd in circuit2 has no matching property in circuit1
pfet_06v0:821 vs. GRADIENT_NAV2:_core/GRADIENT2:3/COMP:4/bias:1/pfet_06v0:M5:
Property 0.18u)'ps in circuit2 has no matching property in circuit1
pfet_06v0:1188 vs. GRADIENT_NAV2:_core/GRADIENT2:4/COMP:4/bias:1/pfet_06v0:M5:
Property W'nrs in circuit2 has no matching property in circuit1
pfet_06v0:1188 vs. GRADIENT_NAV2:_core/GRADIENT2:4/COMP:4/bias:1/pfet_06v0:M5:
Property 0.18u)'nrd in circuit2 has no matching property in circuit1
pfet_06v0:1188 vs. GRADIENT_NAV2:_core/GRADIENT2:4/COMP:4/bias:1/pfet_06v0:M5:
Property 0.18u)'ps in circuit2 has no matching property in circuit1
pfet_06v0:1103 vs. GRADIENT_NAV2:_core/GRADIENT2:1/COMP:6/bias:1/pfet_06v0:M5:
Property W'nrs in circuit2 has no matching property in circuit1
pfet_06v0:1103 vs. GRADIENT_NAV2:_core/GRADIENT2:1/COMP:6/bias:1/pfet_06v0:M5:
Property 0.18u)'nrd in circuit2 has no matching property in circuit1
pfet_06v0:1103 vs. GRADIENT_NAV2:_core/GRADIENT2:1/COMP:6/bias:1/pfet_06v0:M5:
Property 0.18u)'ps in circuit2 has no matching property in circuit1
pfet_06v0:1478 vs. GRADIENT_NAV2:_core/GRADIENT2:2/COMP:6/bias:1/pfet_06v0:M5:
Property W'nrs in circuit2 has no matching property in circuit1
pfet_06v0:1478 vs. GRADIENT_NAV2:_core/GRADIENT2:2/COMP:6/bias:1/pfet_06v0:M5:
Property 0.18u)'nrd in circuit2 has no matching property in circuit1
pfet_06v0:1478 vs. GRADIENT_NAV2:_core/GRADIENT2:2/COMP:6/bias:1/pfet_06v0:M5:
Property 0.18u)'ps in circuit2 has no matching property in circuit1
pfet_06v0:31 vs. GRADIENT_NAV2:_core/GRADIENT2:3/COMP:6/bias:1/pfet_06v0:M5:
Property W'nrs in circuit2 has no matching property in circuit1
pfet_06v0:31 vs. GRADIENT_NAV2:_core/GRADIENT2:3/COMP:6/bias:1/pfet_06v0:M5:
Property 0.18u)'nrd in circuit2 has no matching property in circuit1
pfet_06v0:31 vs. GRADIENT_NAV2:_core/GRADIENT2:3/COMP:6/bias:1/pfet_06v0:M5:
Property 0.18u)'ps in circuit2 has no matching property in circuit1
pfet_06v0:404 vs. GRADIENT_NAV2:_core/GRADIENT2:4/COMP:6/bias:1/pfet_06v0:M5:
Property W'nrs in circuit2 has no matching property in circuit1
pfet_06v0:404 vs. GRADIENT_NAV2:_core/GRADIENT2:4/COMP:6/bias:1/pfet_06v0:M5:
Property 0.18u)'nrd in circuit2 has no matching property in circuit1
pfet_06v0:404 vs. GRADIENT_NAV2:_core/GRADIENT2:4/COMP:6/bias:1/pfet_06v0:M5:
Property 0.18u)'ps in circuit2 has no matching property in circuit1
pfet_06v0:1275 vs. GRADIENT_NAV2:_core/GRADIENT2:1/OPAM_LIN:1/bias:1/pfet_06v0:M5:
Property W'nrs in circuit2 has no matching property in circuit1
pfet_06v0:1275 vs. GRADIENT_NAV2:_core/GRADIENT2:1/OPAM_LIN:1/bias:1/pfet_06v0:M5:
Property 0.18u)'nrd in circuit2 has no matching property in circuit1
pfet_06v0:1275 vs. GRADIENT_NAV2:_core/GRADIENT2:1/OPAM_LIN:1/bias:1/pfet_06v0:M5:
Property 0.18u)'ps in circuit2 has no matching property in circuit1
pfet_06v0:1373 vs. GRADIENT_NAV2:_core/GRADIENT2:2/OPAM_LIN:1/bias:1/pfet_06v0:M5:
Property W'nrs in circuit2 has no matching property in circuit1
pfet_06v0:1373 vs. GRADIENT_NAV2:_core/GRADIENT2:2/OPAM_LIN:1/bias:1/pfet_06v0:M5:
Property 0.18u)'nrd in circuit2 has no matching property in circuit1
pfet_06v0:1373 vs. GRADIENT_NAV2:_core/GRADIENT2:2/OPAM_LIN:1/bias:1/pfet_06v0:M5:
Property 0.18u)'ps in circuit2 has no matching property in circuit1
pfet_06v0:1427 vs. GRADIENT_NAV2:_core/GRADIENT2:3/OPAM_LIN:1/bias:1/pfet_06v0:M5:
Property W'nrs in circuit2 has no matching property in circuit1
pfet_06v0:1427 vs. GRADIENT_NAV2:_core/GRADIENT2:3/OPAM_LIN:1/bias:1/pfet_06v0:M5:
Property 0.18u)'nrd in circuit2 has no matching property in circuit1
pfet_06v0:1427 vs. GRADIENT_NAV2:_core/GRADIENT2:3/OPAM_LIN:1/bias:1/pfet_06v0:M5:
Property 0.18u)'ps in circuit2 has no matching property in circuit1
pfet_06v0:1825 vs. GRADIENT_NAV2:_core/GRADIENT2:4/OPAM_LIN:1/bias:1/pfet_06v0:M5:
Property W'nrs in circuit2 has no matching property in circuit1
pfet_06v0:1825 vs. GRADIENT_NAV2:_core/GRADIENT2:4/OPAM_LIN:1/bias:1/pfet_06v0:M5:
Property 0.18u)'nrd in circuit2 has no matching property in circuit1
pfet_06v0:1825 vs. GRADIENT_NAV2:_core/GRADIENT2:4/OPAM_LIN:1/bias:1/pfet_06v0:M5:
Property 0.18u)'ps in circuit2 has no matching property in circuit1
pfet_06v0:802 vs. GRADIENT_NAV2:_core/GRADIENT2:1/OPAM_LIN:8/bias:1/pfet_06v0:M5:
Property W'nrs in circuit2 has no matching property in circuit1
pfet_06v0:802 vs. GRADIENT_NAV2:_core/GRADIENT2:1/OPAM_LIN:8/bias:1/pfet_06v0:M5:
Property 0.18u)'nrd in circuit2 has no matching property in circuit1
pfet_06v0:802 vs. GRADIENT_NAV2:_core/GRADIENT2:1/OPAM_LIN:8/bias:1/pfet_06v0:M5:
Property 0.18u)'ps in circuit2 has no matching property in circuit1
pfet_06v0:1075 vs. GRADIENT_NAV2:_core/GRADIENT2:2/OPAM_LIN:8/bias:1/pfet_06v0:M5:
Property W'nrs in circuit2 has no matching property in circuit1
pfet_06v0:1075 vs. GRADIENT_NAV2:_core/GRADIENT2:2/OPAM_LIN:8/bias:1/pfet_06v0:M5:
Property 0.18u)'nrd in circuit2 has no matching property in circuit1
pfet_06v0:1075 vs. GRADIENT_NAV2:_core/GRADIENT2:2/OPAM_LIN:8/bias:1/pfet_06v0:M5:
Property 0.18u)'ps in circuit2 has no matching property in circuit1
pfet_06v0:689 vs. GRADIENT_NAV2:_core/GRADIENT2:3/OPAM_LIN:8/bias:1/pfet_06v0:M5:
Property W'nrs in circuit2 has no matching property in circuit1
pfet_06v0:689 vs. GRADIENT_NAV2:_core/GRADIENT2:3/OPAM_LIN:8/bias:1/pfet_06v0:M5:
Property 0.18u)'nrd in circuit2 has no matching property in circuit1
pfet_06v0:689 vs. GRADIENT_NAV2:_core/GRADIENT2:3/OPAM_LIN:8/bias:1/pfet_06v0:M5:
Property 0.18u)'ps in circuit2 has no matching property in circuit1
pfet_06v0:773 vs. GRADIENT_NAV2:_core/GRADIENT2:4/OPAM_LIN:8/bias:1/pfet_06v0:M5:
Property W'nrs in circuit2 has no matching property in circuit1
pfet_06v0:773 vs. GRADIENT_NAV2:_core/GRADIENT2:4/OPAM_LIN:8/bias:1/pfet_06v0:M5:
Property 0.18u)'nrd in circuit2 has no matching property in circuit1
pfet_06v0:773 vs. GRADIENT_NAV2:_core/GRADIENT2:4/OPAM_LIN:8/bias:1/pfet_06v0:M5:
Property 0.18u)'ps in circuit2 has no matching property in circuit1
pfet_06v0:443 vs. GRADIENT_NAV2:_core/GRADIENT2:1/OPAM_LIN:2/bias:1/pfet_06v0:M5:
Property W'nrs in circuit2 has no matching property in circuit1
pfet_06v0:443 vs. GRADIENT_NAV2:_core/GRADIENT2:1/OPAM_LIN:2/bias:1/pfet_06v0:M5:
Property 0.18u)'nrd in circuit2 has no matching property in circuit1
pfet_06v0:443 vs. GRADIENT_NAV2:_core/GRADIENT2:1/OPAM_LIN:2/bias:1/pfet_06v0:M5:
Property 0.18u)'ps in circuit2 has no matching property in circuit1
pfet_06v0:1904 vs. GRADIENT_NAV2:_core/GRADIENT2:2/OPAM_LIN:2/bias:1/pfet_06v0:M5:
Property W'nrs in circuit2 has no matching property in circuit1
pfet_06v0:1904 vs. GRADIENT_NAV2:_core/GRADIENT2:2/OPAM_LIN:2/bias:1/pfet_06v0:M5:
Property 0.18u)'nrd in circuit2 has no matching property in circuit1
pfet_06v0:1904 vs. GRADIENT_NAV2:_core/GRADIENT2:2/OPAM_LIN:2/bias:1/pfet_06v0:M5:
Property 0.18u)'ps in circuit2 has no matching property in circuit1
pfet_06v0:21 vs. GRADIENT_NAV2:_core/GRADIENT2:3/OPAM_LIN:2/bias:1/pfet_06v0:M5:
Property W'nrs in circuit2 has no matching property in circuit1
pfet_06v0:21 vs. GRADIENT_NAV2:_core/GRADIENT2:3/OPAM_LIN:2/bias:1/pfet_06v0:M5:
Property 0.18u)'nrd in circuit2 has no matching property in circuit1
pfet_06v0:21 vs. GRADIENT_NAV2:_core/GRADIENT2:3/OPAM_LIN:2/bias:1/pfet_06v0:M5:
Property 0.18u)'ps in circuit2 has no matching property in circuit1
pfet_06v0:179 vs. GRADIENT_NAV2:_core/GRADIENT2:4/OPAM_LIN:2/bias:1/pfet_06v0:M5:
Property W'nrs in circuit2 has no matching property in circuit1
pfet_06v0:179 vs. GRADIENT_NAV2:_core/GRADIENT2:4/OPAM_LIN:2/bias:1/pfet_06v0:M5:
Property 0.18u)'nrd in circuit2 has no matching property in circuit1
pfet_06v0:179 vs. GRADIENT_NAV2:_core/GRADIENT2:4/OPAM_LIN:2/bias:1/pfet_06v0:M5:
Property 0.18u)'ps in circuit2 has no matching property in circuit1
pfet_06v0:311 vs. GRADIENT_NAV2:_core/GRADIENT2:1/COMP:6/bias:1/pfet_06v0:M8:
Property W'nrs in circuit2 has no matching property in circuit1
pfet_06v0:311 vs. GRADIENT_NAV2:_core/GRADIENT2:1/COMP:6/bias:1/pfet_06v0:M8:
Property 0.18u)'nrd in circuit2 has no matching property in circuit1
pfet_06v0:311 vs. GRADIENT_NAV2:_core/GRADIENT2:1/COMP:6/bias:1/pfet_06v0:M8:
Property 0.18u)'ps in circuit2 has no matching property in circuit1
pfet_06v0:715 vs. GRADIENT_NAV2:_core/GRADIENT2:2/COMP:6/bias:1/pfet_06v0:M8:
Property W'nrs in circuit2 has no matching property in circuit1
pfet_06v0:715 vs. GRADIENT_NAV2:_core/GRADIENT2:2/COMP:6/bias:1/pfet_06v0:M8:
Property 0.18u)'nrd in circuit2 has no matching property in circuit1
pfet_06v0:715 vs. GRADIENT_NAV2:_core/GRADIENT2:2/COMP:6/bias:1/pfet_06v0:M8:
Property 0.18u)'ps in circuit2 has no matching property in circuit1
pfet_06v0:1228 vs. GRADIENT_NAV2:_core/GRADIENT2:3/COMP:6/bias:1/pfet_06v0:M8:
Property W'nrs in circuit2 has no matching property in circuit1
pfet_06v0:1228 vs. GRADIENT_NAV2:_core/GRADIENT2:3/COMP:6/bias:1/pfet_06v0:M8:
Property 0.18u)'nrd in circuit2 has no matching property in circuit1
pfet_06v0:1228 vs. GRADIENT_NAV2:_core/GRADIENT2:3/COMP:6/bias:1/pfet_06v0:M8:
Property 0.18u)'ps in circuit2 has no matching property in circuit1
pfet_06v0:1600 vs. GRADIENT_NAV2:_core/GRADIENT2:4/COMP:6/bias:1/pfet_06v0:M8:
Property W'nrs in circuit2 has no matching property in circuit1
pfet_06v0:1600 vs. GRADIENT_NAV2:_core/GRADIENT2:4/COMP:6/bias:1/pfet_06v0:M8:
Property 0.18u)'nrd in circuit2 has no matching property in circuit1
pfet_06v0:1600 vs. GRADIENT_NAV2:_core/GRADIENT2:4/COMP:6/bias:1/pfet_06v0:M8:
Property 0.18u)'ps in circuit2 has no matching property in circuit1
pfet_06v0:280 vs. GRADIENT_NAV2:_core/GRADIENT2:1/COMP:4/bias:1/pfet_06v0:M8:
Property W'nrs in circuit2 has no matching property in circuit1
pfet_06v0:280 vs. GRADIENT_NAV2:_core/GRADIENT2:1/COMP:4/bias:1/pfet_06v0:M8:
Property 0.18u)'nrd in circuit2 has no matching property in circuit1
pfet_06v0:280 vs. GRADIENT_NAV2:_core/GRADIENT2:1/COMP:4/bias:1/pfet_06v0:M8:
Property 0.18u)'ps in circuit2 has no matching property in circuit1
pfet_06v0:694 vs. GRADIENT_NAV2:_core/GRADIENT2:2/COMP:4/bias:1/pfet_06v0:M8:
Property W'nrs in circuit2 has no matching property in circuit1
pfet_06v0:694 vs. GRADIENT_NAV2:_core/GRADIENT2:2/COMP:4/bias:1/pfet_06v0:M8:
Property 0.18u)'nrd in circuit2 has no matching property in circuit1
pfet_06v0:694 vs. GRADIENT_NAV2:_core/GRADIENT2:2/COMP:4/bias:1/pfet_06v0:M8:
Property 0.18u)'ps in circuit2 has no matching property in circuit1
pfet_06v0:1209 vs. GRADIENT_NAV2:_core/GRADIENT2:3/COMP:4/bias:1/pfet_06v0:M8:
Property W'nrs in circuit2 has no matching property in circuit1
pfet_06v0:1209 vs. GRADIENT_NAV2:_core/GRADIENT2:3/COMP:4/bias:1/pfet_06v0:M8:
Property 0.18u)'nrd in circuit2 has no matching property in circuit1
pfet_06v0:1209 vs. GRADIENT_NAV2:_core/GRADIENT2:3/COMP:4/bias:1/pfet_06v0:M8:
Property 0.18u)'ps in circuit2 has no matching property in circuit1
pfet_06v0:1582 vs. GRADIENT_NAV2:_core/GRADIENT2:4/COMP:4/bias:1/pfet_06v0:M8:
Property W'nrs in circuit2 has no matching property in circuit1
pfet_06v0:1582 vs. GRADIENT_NAV2:_core/GRADIENT2:4/COMP:4/bias:1/pfet_06v0:M8:
Property 0.18u)'nrd in circuit2 has no matching property in circuit1
pfet_06v0:1582 vs. GRADIENT_NAV2:_core/GRADIENT2:4/COMP:4/bias:1/pfet_06v0:M8:
Property 0.18u)'ps in circuit2 has no matching property in circuit1
pfet_06v0:232 vs. GRADIENT_NAV2:_core/GRADIENT2:1/COMP:5/bias:1/pfet_06v0:M8:
Property W'nrs in circuit2 has no matching property in circuit1
pfet_06v0:232 vs. GRADIENT_NAV2:_core/GRADIENT2:1/COMP:5/bias:1/pfet_06v0:M8:
Property 0.18u)'nrd in circuit2 has no matching property in circuit1
pfet_06v0:232 vs. GRADIENT_NAV2:_core/GRADIENT2:1/COMP:5/bias:1/pfet_06v0:M8:
Property 0.18u)'ps in circuit2 has no matching property in circuit1
pfet_06v0:648 vs. GRADIENT_NAV2:_core/GRADIENT2:2/COMP:5/bias:1/pfet_06v0:M8:
Property W'nrs in circuit2 has no matching property in circuit1
pfet_06v0:648 vs. GRADIENT_NAV2:_core/GRADIENT2:2/COMP:5/bias:1/pfet_06v0:M8:
Property 0.18u)'nrd in circuit2 has no matching property in circuit1
pfet_06v0:648 vs. GRADIENT_NAV2:_core/GRADIENT2:2/COMP:5/bias:1/pfet_06v0:M8:
Property 0.18u)'ps in circuit2 has no matching property in circuit1
pfet_06v0:1146 vs. GRADIENT_NAV2:_core/GRADIENT2:3/COMP:5/bias:1/pfet_06v0:M8:
Property W'nrs in circuit2 has no matching property in circuit1
pfet_06v0:1146 vs. GRADIENT_NAV2:_core/GRADIENT2:3/COMP:5/bias:1/pfet_06v0:M8:
Property 0.18u)'nrd in circuit2 has no matching property in circuit1
pfet_06v0:1146 vs. GRADIENT_NAV2:_core/GRADIENT2:3/COMP:5/bias:1/pfet_06v0:M8:
Property 0.18u)'ps in circuit2 has no matching property in circuit1
pfet_06v0:1521 vs. GRADIENT_NAV2:_core/GRADIENT2:4/COMP:5/bias:1/pfet_06v0:M8:
Property W'nrs in circuit2 has no matching property in circuit1
pfet_06v0:1521 vs. GRADIENT_NAV2:_core/GRADIENT2:4/COMP:5/bias:1/pfet_06v0:M8:
Property 0.18u)'nrd in circuit2 has no matching property in circuit1
pfet_06v0:1521 vs. GRADIENT_NAV2:_core/GRADIENT2:4/COMP:5/bias:1/pfet_06v0:M8:
Property 0.18u)'ps in circuit2 has no matching property in circuit1
pfet_06v0:1626 vs. GRADIENT_NAV2:_core/GRADIENT2:1/OPAM_LIN:2/bias:1/pfet_06v0:M8:
Property W'nrs in circuit2 has no matching property in circuit1
pfet_06v0:1626 vs. GRADIENT_NAV2:_core/GRADIENT2:1/OPAM_LIN:2/bias:1/pfet_06v0:M8:
Property 0.18u)'nrd in circuit2 has no matching property in circuit1
pfet_06v0:1626 vs. GRADIENT_NAV2:_core/GRADIENT2:1/OPAM_LIN:2/bias:1/pfet_06v0:M8:
Property 0.18u)'ps in circuit2 has no matching property in circuit1
pfet_06v0:1119 vs. GRADIENT_NAV2:_core/GRADIENT2:2/OPAM_LIN:2/bias:1/pfet_06v0:M8:
Property W'nrs in circuit2 has no matching property in circuit1
pfet_06v0:1119 vs. GRADIENT_NAV2:_core/GRADIENT2:2/OPAM_LIN:2/bias:1/pfet_06v0:M8:
Property 0.18u)'nrd in circuit2 has no matching property in circuit1
pfet_06v0:1119 vs. GRADIENT_NAV2:_core/GRADIENT2:2/OPAM_LIN:2/bias:1/pfet_06v0:M8:
Property 0.18u)'ps in circuit2 has no matching property in circuit1
pfet_06v0:1222 vs. GRADIENT_NAV2:_core/GRADIENT2:3/OPAM_LIN:2/bias:1/pfet_06v0:M8:
Property W'nrs in circuit2 has no matching property in circuit1
pfet_06v0:1222 vs. GRADIENT_NAV2:_core/GRADIENT2:3/OPAM_LIN:2/bias:1/pfet_06v0:M8:
Property 0.18u)'nrd in circuit2 has no matching property in circuit1
pfet_06v0:1222 vs. GRADIENT_NAV2:_core/GRADIENT2:3/OPAM_LIN:2/bias:1/pfet_06v0:M8:
Property 0.18u)'ps in circuit2 has no matching property in circuit1
pfet_06v0:1392 vs. GRADIENT_NAV2:_core/GRADIENT2:4/OPAM_LIN:2/bias:1/pfet_06v0:M8:
Property W'nrs in circuit2 has no matching property in circuit1
pfet_06v0:1392 vs. GRADIENT_NAV2:_core/GRADIENT2:4/OPAM_LIN:2/bias:1/pfet_06v0:M8:
Property 0.18u)'nrd in circuit2 has no matching property in circuit1
pfet_06v0:1392 vs. GRADIENT_NAV2:_core/GRADIENT2:4/OPAM_LIN:2/bias:1/pfet_06v0:M8:
Property 0.18u)'ps in circuit2 has no matching property in circuit1
pfet_06v0:504 vs. GRADIENT_NAV2:_core/GRADIENT2:1/OPAM_LIN:1/bias:1/pfet_06v0:M8:
Property W'nrs in circuit2 has no matching property in circuit1
pfet_06v0:504 vs. GRADIENT_NAV2:_core/GRADIENT2:1/OPAM_LIN:1/bias:1/pfet_06v0:M8:
Property 0.18u)'nrd in circuit2 has no matching property in circuit1
pfet_06v0:504 vs. GRADIENT_NAV2:_core/GRADIENT2:1/OPAM_LIN:1/bias:1/pfet_06v0:M8:
Property 0.18u)'ps in circuit2 has no matching property in circuit1
pfet_06v0:605 vs. GRADIENT_NAV2:_core/GRADIENT2:2/OPAM_LIN:1/bias:1/pfet_06v0:M8:
Property W'nrs in circuit2 has no matching property in circuit1
pfet_06v0:605 vs. GRADIENT_NAV2:_core/GRADIENT2:2/OPAM_LIN:1/bias:1/pfet_06v0:M8:
Property 0.18u)'nrd in circuit2 has no matching property in circuit1
pfet_06v0:605 vs. GRADIENT_NAV2:_core/GRADIENT2:2/OPAM_LIN:1/bias:1/pfet_06v0:M8:
Property 0.18u)'ps in circuit2 has no matching property in circuit1
pfet_06v0:655 vs. GRADIENT_NAV2:_core/GRADIENT2:3/OPAM_LIN:1/bias:1/pfet_06v0:M8:
Property W'nrs in circuit2 has no matching property in circuit1
pfet_06v0:655 vs. GRADIENT_NAV2:_core/GRADIENT2:3/OPAM_LIN:1/bias:1/pfet_06v0:M8:
Property 0.18u)'nrd in circuit2 has no matching property in circuit1
pfet_06v0:655 vs. GRADIENT_NAV2:_core/GRADIENT2:3/OPAM_LIN:1/bias:1/pfet_06v0:M8:
Property 0.18u)'ps in circuit2 has no matching property in circuit1
pfet_06v0:1037 vs. GRADIENT_NAV2:_core/GRADIENT2:4/OPAM_LIN:1/bias:1/pfet_06v0:M8:
Property W'nrs in circuit2 has no matching property in circuit1
pfet_06v0:1037 vs. GRADIENT_NAV2:_core/GRADIENT2:4/OPAM_LIN:1/bias:1/pfet_06v0:M8:
Property 0.18u)'nrd in circuit2 has no matching property in circuit1
pfet_06v0:1037 vs. GRADIENT_NAV2:_core/GRADIENT2:4/OPAM_LIN:1/bias:1/pfet_06v0:M8:
Property 0.18u)'ps in circuit2 has no matching property in circuit1
pfet_06v0:6 vs. GRADIENT_NAV2:_core/GRADIENT2:1/OPAM_LIN:8/bias:1/pfet_06v0:M8:
Property W'nrs in circuit2 has no matching property in circuit1
pfet_06v0:6 vs. GRADIENT_NAV2:_core/GRADIENT2:1/OPAM_LIN:8/bias:1/pfet_06v0:M8:
Property 0.18u)'nrd in circuit2 has no matching property in circuit1
pfet_06v0:6 vs. GRADIENT_NAV2:_core/GRADIENT2:1/OPAM_LIN:8/bias:1/pfet_06v0:M8:
Property 0.18u)'ps in circuit2 has no matching property in circuit1
pfet_06v0:269 vs. GRADIENT_NAV2:_core/GRADIENT2:2/OPAM_LIN:8/bias:1/pfet_06v0:M8:
Property W'nrs in circuit2 has no matching property in circuit1
pfet_06v0:269 vs. GRADIENT_NAV2:_core/GRADIENT2:2/OPAM_LIN:8/bias:1/pfet_06v0:M8:
Property 0.18u)'nrd in circuit2 has no matching property in circuit1
pfet_06v0:269 vs. GRADIENT_NAV2:_core/GRADIENT2:2/OPAM_LIN:8/bias:1/pfet_06v0:M8:
Property 0.18u)'ps in circuit2 has no matching property in circuit1
pfet_06v0:1867 vs. GRADIENT_NAV2:_core/GRADIENT2:3/OPAM_LIN:8/bias:1/pfet_06v0:M8:
Property W'nrs in circuit2 has no matching property in circuit1
pfet_06v0:1867 vs. GRADIENT_NAV2:_core/GRADIENT2:3/OPAM_LIN:8/bias:1/pfet_06v0:M8:
Property 0.18u)'nrd in circuit2 has no matching property in circuit1
pfet_06v0:1867 vs. GRADIENT_NAV2:_core/GRADIENT2:3/OPAM_LIN:8/bias:1/pfet_06v0:M8:
Property 0.18u)'ps in circuit2 has no matching property in circuit1
pfet_06v0:1963 vs. GRADIENT_NAV2:_core/GRADIENT2:4/OPAM_LIN:8/bias:1/pfet_06v0:M8:
Property W'nrs in circuit2 has no matching property in circuit1
pfet_06v0:1963 vs. GRADIENT_NAV2:_core/GRADIENT2:4/OPAM_LIN:8/bias:1/pfet_06v0:M8:
Property 0.18u)'nrd in circuit2 has no matching property in circuit1
pfet_06v0:1963 vs. GRADIENT_NAV2:_core/GRADIENT2:4/OPAM_LIN:8/bias:1/pfet_06v0:M8:
Property 0.18u)'ps in circuit2 has no matching property in circuit1
pfet_06v0:1471 vs. GRADIENT_NAV2:_core/GRADIENT2:1/COMP:4/bias:1/pfet_06v0:M1:
Property W'nrs in circuit2 has no matching property in circuit1
pfet_06v0:1471 vs. GRADIENT_NAV2:_core/GRADIENT2:1/COMP:4/bias:1/pfet_06v0:M1:
Property 0.18u)'nrd in circuit2 has no matching property in circuit1
pfet_06v0:1471 vs. GRADIENT_NAV2:_core/GRADIENT2:1/COMP:4/bias:1/pfet_06v0:M1:
Property 0.18u)'ps in circuit2 has no matching property in circuit1
pfet_06v0:714 vs. GRADIENT_NAV2:_core/GRADIENT2:2/COMP:4/bias:1/pfet_06v0:M1:
Property W'nrs in circuit2 has no matching property in circuit1
pfet_06v0:714 vs. GRADIENT_NAV2:_core/GRADIENT2:2/COMP:4/bias:1/pfet_06v0:M1:
Property 0.18u)'nrd in circuit2 has no matching property in circuit1
pfet_06v0:714 vs. GRADIENT_NAV2:_core/GRADIENT2:2/COMP:4/bias:1/pfet_06v0:M1:
Property 0.18u)'ps in circuit2 has no matching property in circuit1
pfet_06v0:1332 vs. GRADIENT_NAV2:_core/GRADIENT2:3/COMP:4/bias:1/pfet_06v0:M1:
Property W'nrs in circuit2 has no matching property in circuit1
pfet_06v0:1332 vs. GRADIENT_NAV2:_core/GRADIENT2:3/COMP:4/bias:1/pfet_06v0:M1:
Property 0.18u)'nrd in circuit2 has no matching property in circuit1
pfet_06v0:1332 vs. GRADIENT_NAV2:_core/GRADIENT2:3/COMP:4/bias:1/pfet_06v0:M1:
Property 0.18u)'ps in circuit2 has no matching property in circuit1
pfet_06v0:1708 vs. GRADIENT_NAV2:_core/GRADIENT2:4/COMP:4/bias:1/pfet_06v0:M1:
Property W'nrs in circuit2 has no matching property in circuit1
pfet_06v0:1708 vs. GRADIENT_NAV2:_core/GRADIENT2:4/COMP:4/bias:1/pfet_06v0:M1:
Property 0.18u)'nrd in circuit2 has no matching property in circuit1
pfet_06v0:1708 vs. GRADIENT_NAV2:_core/GRADIENT2:4/COMP:4/bias:1/pfet_06v0:M1:
Property 0.18u)'ps in circuit2 has no matching property in circuit1
pfet_06v0:1057 vs. GRADIENT_NAV2:_core/GRADIENT2:1/COMP:6/bias:1/pfet_06v0:M1:
Property W'nrs in circuit2 has no matching property in circuit1
pfet_06v0:1057 vs. GRADIENT_NAV2:_core/GRADIENT2:1/COMP:6/bias:1/pfet_06v0:M1:
Property 0.18u)'nrd in circuit2 has no matching property in circuit1
pfet_06v0:1057 vs. GRADIENT_NAV2:_core/GRADIENT2:1/COMP:6/bias:1/pfet_06v0:M1:
Property 0.18u)'ps in circuit2 has no matching property in circuit1
pfet_06v0:258 vs. GRADIENT_NAV2:_core/GRADIENT2:2/COMP:6/bias:1/pfet_06v0:M1:
Property W'nrs in circuit2 has no matching property in circuit1
pfet_06v0:258 vs. GRADIENT_NAV2:_core/GRADIENT2:2/COMP:6/bias:1/pfet_06v0:M1:
Property 0.18u)'nrd in circuit2 has no matching property in circuit1
pfet_06v0:258 vs. GRADIENT_NAV2:_core/GRADIENT2:2/COMP:6/bias:1/pfet_06v0:M1:
Property 0.18u)'ps in circuit2 has no matching property in circuit1
pfet_06v0:905 vs. GRADIENT_NAV2:_core/GRADIENT2:3/COMP:6/bias:1/pfet_06v0:M1:
Property W'nrs in circuit2 has no matching property in circuit1
pfet_06v0:905 vs. GRADIENT_NAV2:_core/GRADIENT2:3/COMP:6/bias:1/pfet_06v0:M1:
Property 0.18u)'nrd in circuit2 has no matching property in circuit1
pfet_06v0:905 vs. GRADIENT_NAV2:_core/GRADIENT2:3/COMP:6/bias:1/pfet_06v0:M1:
Property 0.18u)'ps in circuit2 has no matching property in circuit1
pfet_06v0:1277 vs. GRADIENT_NAV2:_core/GRADIENT2:4/COMP:6/bias:1/pfet_06v0:M1:
Property W'nrs in circuit2 has no matching property in circuit1
pfet_06v0:1277 vs. GRADIENT_NAV2:_core/GRADIENT2:4/COMP:6/bias:1/pfet_06v0:M1:
Property 0.18u)'nrd in circuit2 has no matching property in circuit1
pfet_06v0:1277 vs. GRADIENT_NAV2:_core/GRADIENT2:4/COMP:6/bias:1/pfet_06v0:M1:
Property 0.18u)'ps in circuit2 has no matching property in circuit1
pfet_06v0:998 vs. GRADIENT_NAV2:_core/GRADIENT2:1/COMP:5/bias:1/pfet_06v0:M1:
Property W'nrs in circuit2 has no matching property in circuit1
pfet_06v0:998 vs. GRADIENT_NAV2:_core/GRADIENT2:1/COMP:5/bias:1/pfet_06v0:M1:
Property 0.18u)'nrd in circuit2 has no matching property in circuit1
pfet_06v0:998 vs. GRADIENT_NAV2:_core/GRADIENT2:1/COMP:5/bias:1/pfet_06v0:M1:
Property 0.18u)'ps in circuit2 has no matching property in circuit1
pfet_06v0:191 vs. GRADIENT_NAV2:_core/GRADIENT2:2/COMP:5/bias:1/pfet_06v0:M1:
Property W'nrs in circuit2 has no matching property in circuit1
pfet_06v0:191 vs. GRADIENT_NAV2:_core/GRADIENT2:2/COMP:5/bias:1/pfet_06v0:M1:
Property 0.18u)'nrd in circuit2 has no matching property in circuit1
pfet_06v0:191 vs. GRADIENT_NAV2:_core/GRADIENT2:2/COMP:5/bias:1/pfet_06v0:M1:
Property 0.18u)'ps in circuit2 has no matching property in circuit1
pfet_06v0:839 vs. GRADIENT_NAV2:_core/GRADIENT2:3/COMP:5/bias:1/pfet_06v0:M1:
Property W'nrs in circuit2 has no matching property in circuit1
pfet_06v0:839 vs. GRADIENT_NAV2:_core/GRADIENT2:3/COMP:5/bias:1/pfet_06v0:M1:
Property 0.18u)'nrd in circuit2 has no matching property in circuit1
pfet_06v0:839 vs. GRADIENT_NAV2:_core/GRADIENT2:3/COMP:5/bias:1/pfet_06v0:M1:
Property 0.18u)'ps in circuit2 has no matching property in circuit1
pfet_06v0:1216 vs. GRADIENT_NAV2:_core/GRADIENT2:4/COMP:5/bias:1/pfet_06v0:M1:
Property W'nrs in circuit2 has no matching property in circuit1
pfet_06v0:1216 vs. GRADIENT_NAV2:_core/GRADIENT2:4/COMP:5/bias:1/pfet_06v0:M1:
Property 0.18u)'nrd in circuit2 has no matching property in circuit1
pfet_06v0:1216 vs. GRADIENT_NAV2:_core/GRADIENT2:4/COMP:5/bias:1/pfet_06v0:M1:
Property 0.18u)'ps in circuit2 has no matching property in circuit1
pfet_06v0:1314 vs. GRADIENT_NAV2:_core/GRADIENT2:1/OPAM_LIN:2/bias:1/pfet_06v0:M1:
Property W'nrs in circuit2 has no matching property in circuit1
pfet_06v0:1314 vs. GRADIENT_NAV2:_core/GRADIENT2:1/OPAM_LIN:2/bias:1/pfet_06v0:M1:
Property 0.18u)'nrd in circuit2 has no matching property in circuit1
pfet_06v0:1314 vs. GRADIENT_NAV2:_core/GRADIENT2:1/OPAM_LIN:2/bias:1/pfet_06v0:M1:
Property 0.18u)'ps in circuit2 has no matching property in circuit1
pfet_06v0:806 vs. GRADIENT_NAV2:_core/GRADIENT2:2/OPAM_LIN:2/bias:1/pfet_06v0:M1:
Property W'nrs in circuit2 has no matching property in circuit1
pfet_06v0:806 vs. GRADIENT_NAV2:_core/GRADIENT2:2/OPAM_LIN:2/bias:1/pfet_06v0:M1:
Property 0.18u)'nrd in circuit2 has no matching property in circuit1
pfet_06v0:806 vs. GRADIENT_NAV2:_core/GRADIENT2:2/OPAM_LIN:2/bias:1/pfet_06v0:M1:
Property 0.18u)'ps in circuit2 has no matching property in circuit1
pfet_06v0:896 vs. GRADIENT_NAV2:_core/GRADIENT2:3/OPAM_LIN:2/bias:1/pfet_06v0:M1:
Property W'nrs in circuit2 has no matching property in circuit1
pfet_06v0:896 vs. GRADIENT_NAV2:_core/GRADIENT2:3/OPAM_LIN:2/bias:1/pfet_06v0:M1:
Property 0.18u)'nrd in circuit2 has no matching property in circuit1
pfet_06v0:896 vs. GRADIENT_NAV2:_core/GRADIENT2:3/OPAM_LIN:2/bias:1/pfet_06v0:M1:
Property 0.18u)'ps in circuit2 has no matching property in circuit1
pfet_06v0:1325 vs. GRADIENT_NAV2:_core/GRADIENT2:4/OPAM_LIN:2/bias:1/pfet_06v0:M1:
Property W'nrs in circuit2 has no matching property in circuit1
pfet_06v0:1325 vs. GRADIENT_NAV2:_core/GRADIENT2:4/OPAM_LIN:2/bias:1/pfet_06v0:M1:
Property 0.18u)'nrd in circuit2 has no matching property in circuit1
pfet_06v0:1325 vs. GRADIENT_NAV2:_core/GRADIENT2:4/OPAM_LIN:2/bias:1/pfet_06v0:M1:
Property 0.18u)'ps in circuit2 has no matching property in circuit1
pfet_06v0:870 vs. GRADIENT_NAV2:_core/GRADIENT2:1/OPAM_LIN:8/bias:1/pfet_06v0:M1:
Property W'nrs in circuit2 has no matching property in circuit1
pfet_06v0:870 vs. GRADIENT_NAV2:_core/GRADIENT2:1/OPAM_LIN:8/bias:1/pfet_06v0:M1:
Property 0.18u)'nrd in circuit2 has no matching property in circuit1
pfet_06v0:870 vs. GRADIENT_NAV2:_core/GRADIENT2:1/OPAM_LIN:8/bias:1/pfet_06v0:M1:
Property 0.18u)'ps in circuit2 has no matching property in circuit1
pfet_06v0:1939 vs. GRADIENT_NAV2:_core/GRADIENT2:2/OPAM_LIN:8/bias:1/pfet_06v0:M1:
Property W'nrs in circuit2 has no matching property in circuit1
pfet_06v0:1939 vs. GRADIENT_NAV2:_core/GRADIENT2:2/OPAM_LIN:8/bias:1/pfet_06v0:M1:
Property 0.18u)'nrd in circuit2 has no matching property in circuit1
pfet_06v0:1939 vs. GRADIENT_NAV2:_core/GRADIENT2:2/OPAM_LIN:8/bias:1/pfet_06v0:M1:
Property 0.18u)'ps in circuit2 has no matching property in circuit1
pfet_06v0:638 vs. GRADIENT_NAV2:_core/GRADIENT2:3/OPAM_LIN:8/bias:1/pfet_06v0:M1:
Property W'nrs in circuit2 has no matching property in circuit1
pfet_06v0:638 vs. GRADIENT_NAV2:_core/GRADIENT2:3/OPAM_LIN:8/bias:1/pfet_06v0:M1:
Property 0.18u)'nrd in circuit2 has no matching property in circuit1
pfet_06v0:638 vs. GRADIENT_NAV2:_core/GRADIENT2:3/OPAM_LIN:8/bias:1/pfet_06v0:M1:
Property 0.18u)'ps in circuit2 has no matching property in circuit1
pfet_06v0:723 vs. GRADIENT_NAV2:_core/GRADIENT2:4/OPAM_LIN:8/bias:1/pfet_06v0:M1:
Property W'nrs in circuit2 has no matching property in circuit1
pfet_06v0:723 vs. GRADIENT_NAV2:_core/GRADIENT2:4/OPAM_LIN:8/bias:1/pfet_06v0:M1:
Property 0.18u)'nrd in circuit2 has no matching property in circuit1
pfet_06v0:723 vs. GRADIENT_NAV2:_core/GRADIENT2:4/OPAM_LIN:8/bias:1/pfet_06v0:M1:
Property 0.18u)'ps in circuit2 has no matching property in circuit1
pfet_06v0:147 vs. GRADIENT_NAV2:_core/GRADIENT2:1/OPAM_LIN:1/bias:1/pfet_06v0:M1:
Property W'nrs in circuit2 has no matching property in circuit1
pfet_06v0:147 vs. GRADIENT_NAV2:_core/GRADIENT2:1/OPAM_LIN:1/bias:1/pfet_06v0:M1:
Property 0.18u)'nrd in circuit2 has no matching property in circuit1
pfet_06v0:147 vs. GRADIENT_NAV2:_core/GRADIENT2:1/OPAM_LIN:1/bias:1/pfet_06v0:M1:
Property 0.18u)'ps in circuit2 has no matching property in circuit1
pfet_06v0:238 vs. GRADIENT_NAV2:_core/GRADIENT2:2/OPAM_LIN:1/bias:1/pfet_06v0:M1:
Property W'nrs in circuit2 has no matching property in circuit1
pfet_06v0:238 vs. GRADIENT_NAV2:_core/GRADIENT2:2/OPAM_LIN:1/bias:1/pfet_06v0:M1:
Property 0.18u)'nrd in circuit2 has no matching property in circuit1
pfet_06v0:238 vs. GRADIENT_NAV2:_core/GRADIENT2:2/OPAM_LIN:1/bias:1/pfet_06v0:M1:
Property 0.18u)'ps in circuit2 has no matching property in circuit1
pfet_06v0:1481 vs. GRADIENT_NAV2:_core/GRADIENT2:3/OPAM_LIN:1/bias:1/pfet_06v0:M1:
Property W'nrs in circuit2 has no matching property in circuit1
pfet_06v0:1481 vs. GRADIENT_NAV2:_core/GRADIENT2:3/OPAM_LIN:1/bias:1/pfet_06v0:M1:
Property 0.18u)'nrd in circuit2 has no matching property in circuit1
pfet_06v0:1481 vs. GRADIENT_NAV2:_core/GRADIENT2:3/OPAM_LIN:1/bias:1/pfet_06v0:M1:
Property 0.18u)'ps in circuit2 has no matching property in circuit1
pfet_06v0:1766 vs. GRADIENT_NAV2:_core/GRADIENT2:4/OPAM_LIN:1/bias:1/pfet_06v0:M1:
Property W'nrs in circuit2 has no matching property in circuit1
pfet_06v0:1766 vs. GRADIENT_NAV2:_core/GRADIENT2:4/OPAM_LIN:1/bias:1/pfet_06v0:M1:
Property 0.18u)'nrd in circuit2 has no matching property in circuit1
pfet_06v0:1766 vs. GRADIENT_NAV2:_core/GRADIENT2:4/OPAM_LIN:1/bias:1/pfet_06v0:M1:
Property 0.18u)'ps in circuit2 has no matching property in circuit1
pfet_06v0:1730 vs. GRADIENT_NAV2:_core/GRADIENT2:1/OPAM_LIN:8/bias:1/pfet_06v0:M3:
Property W'nrs in circuit2 has no matching property in circuit1
pfet_06v0:1730 vs. GRADIENT_NAV2:_core/GRADIENT2:1/OPAM_LIN:8/bias:1/pfet_06v0:M3:
Property 0.18u)'nrd in circuit2 has no matching property in circuit1
pfet_06v0:1730 vs. GRADIENT_NAV2:_core/GRADIENT2:1/OPAM_LIN:8/bias:1/pfet_06v0:M3:
Property 0.18u)'ps in circuit2 has no matching property in circuit1
pfet_06v0:846 vs. GRADIENT_NAV2:_core/GRADIENT2:2/OPAM_LIN:8/bias:1/pfet_06v0:M3:
Property W'nrs in circuit2 has no matching property in circuit1
pfet_06v0:846 vs. GRADIENT_NAV2:_core/GRADIENT2:2/OPAM_LIN:8/bias:1/pfet_06v0:M3:
Property 0.18u)'nrd in circuit2 has no matching property in circuit1
pfet_06v0:846 vs. GRADIENT_NAV2:_core/GRADIENT2:2/OPAM_LIN:8/bias:1/pfet_06v0:M3:
Property 0.18u)'ps in circuit2 has no matching property in circuit1
pfet_06v0:434 vs. GRADIENT_NAV2:_core/GRADIENT2:3/OPAM_LIN:8/bias:1/pfet_06v0:M3:
Property W'nrs in circuit2 has no matching property in circuit1
pfet_06v0:434 vs. GRADIENT_NAV2:_core/GRADIENT2:3/OPAM_LIN:8/bias:1/pfet_06v0:M3:
Property 0.18u)'nrd in circuit2 has no matching property in circuit1
pfet_06v0:434 vs. GRADIENT_NAV2:_core/GRADIENT2:3/OPAM_LIN:8/bias:1/pfet_06v0:M3:
Property 0.18u)'ps in circuit2 has no matching property in circuit1
pfet_06v0:536 vs. GRADIENT_NAV2:_core/GRADIENT2:4/OPAM_LIN:8/bias:1/pfet_06v0:M3:
Property W'nrs in circuit2 has no matching property in circuit1
pfet_06v0:536 vs. GRADIENT_NAV2:_core/GRADIENT2:4/OPAM_LIN:8/bias:1/pfet_06v0:M3:
Property 0.18u)'nrd in circuit2 has no matching property in circuit1
pfet_06v0:536 vs. GRADIENT_NAV2:_core/GRADIENT2:4/OPAM_LIN:8/bias:1/pfet_06v0:M3:
Property 0.18u)'ps in circuit2 has no matching property in circuit1
pfet_06v0:1039 vs. GRADIENT_NAV2:_core/GRADIENT2:1/OPAM_LIN:1/bias:1/pfet_06v0:M3:
Property W'nrs in circuit2 has no matching property in circuit1
pfet_06v0:1039 vs. GRADIENT_NAV2:_core/GRADIENT2:1/OPAM_LIN:1/bias:1/pfet_06v0:M3:
Property 0.18u)'nrd in circuit2 has no matching property in circuit1
pfet_06v0:1039 vs. GRADIENT_NAV2:_core/GRADIENT2:1/OPAM_LIN:1/bias:1/pfet_06v0:M3:
Property 0.18u)'ps in circuit2 has no matching property in circuit1
pfet_06v0:1121 vs. GRADIENT_NAV2:_core/GRADIENT2:2/OPAM_LIN:1/bias:1/pfet_06v0:M3:
Property W'nrs in circuit2 has no matching property in circuit1
pfet_06v0:1121 vs. GRADIENT_NAV2:_core/GRADIENT2:2/OPAM_LIN:1/bias:1/pfet_06v0:M3:
Property 0.18u)'nrd in circuit2 has no matching property in circuit1
pfet_06v0:1121 vs. GRADIENT_NAV2:_core/GRADIENT2:2/OPAM_LIN:1/bias:1/pfet_06v0:M3:
Property 0.18u)'ps in circuit2 has no matching property in circuit1
pfet_06v0:373 vs. GRADIENT_NAV2:_core/GRADIENT2:3/OPAM_LIN:1/bias:1/pfet_06v0:M3:
Property W'nrs in circuit2 has no matching property in circuit1
pfet_06v0:373 vs. GRADIENT_NAV2:_core/GRADIENT2:3/OPAM_LIN:1/bias:1/pfet_06v0:M3:
Property 0.18u)'nrd in circuit2 has no matching property in circuit1
pfet_06v0:373 vs. GRADIENT_NAV2:_core/GRADIENT2:3/OPAM_LIN:1/bias:1/pfet_06v0:M3:
Property 0.18u)'ps in circuit2 has no matching property in circuit1
pfet_06v0:1578 vs. GRADIENT_NAV2:_core/GRADIENT2:4/OPAM_LIN:1/bias:1/pfet_06v0:M3:
Property W'nrs in circuit2 has no matching property in circuit1
pfet_06v0:1578 vs. GRADIENT_NAV2:_core/GRADIENT2:4/OPAM_LIN:1/bias:1/pfet_06v0:M3:
Property 0.18u)'nrd in circuit2 has no matching property in circuit1
pfet_06v0:1578 vs. GRADIENT_NAV2:_core/GRADIENT2:4/OPAM_LIN:1/bias:1/pfet_06v0:M3:
Property 0.18u)'ps in circuit2 has no matching property in circuit1
pfet_06v0:190 vs. GRADIENT_NAV2:_core/GRADIENT2:1/OPAM_LIN:2/bias:1/pfet_06v0:M3:
Property W'nrs in circuit2 has no matching property in circuit1
pfet_06v0:190 vs. GRADIENT_NAV2:_core/GRADIENT2:1/OPAM_LIN:2/bias:1/pfet_06v0:M3:
Property 0.18u)'nrd in circuit2 has no matching property in circuit1
pfet_06v0:190 vs. GRADIENT_NAV2:_core/GRADIENT2:1/OPAM_LIN:2/bias:1/pfet_06v0:M3:
Property 0.18u)'ps in circuit2 has no matching property in circuit1
pfet_06v0:1659 vs. GRADIENT_NAV2:_core/GRADIENT2:2/OPAM_LIN:2/bias:1/pfet_06v0:M3:
Property W'nrs in circuit2 has no matching property in circuit1
pfet_06v0:1659 vs. GRADIENT_NAV2:_core/GRADIENT2:2/OPAM_LIN:2/bias:1/pfet_06v0:M3:
Property 0.18u)'nrd in circuit2 has no matching property in circuit1
pfet_06v0:1659 vs. GRADIENT_NAV2:_core/GRADIENT2:2/OPAM_LIN:2/bias:1/pfet_06v0:M3:
Property 0.18u)'ps in circuit2 has no matching property in circuit1
pfet_06v0:1761 vs. GRADIENT_NAV2:_core/GRADIENT2:3/OPAM_LIN:2/bias:1/pfet_06v0:M3:
Property W'nrs in circuit2 has no matching property in circuit1
pfet_06v0:1761 vs. GRADIENT_NAV2:_core/GRADIENT2:3/OPAM_LIN:2/bias:1/pfet_06v0:M3:
Property 0.18u)'nrd in circuit2 has no matching property in circuit1
pfet_06v0:1761 vs. GRADIENT_NAV2:_core/GRADIENT2:3/OPAM_LIN:2/bias:1/pfet_06v0:M3:
Property 0.18u)'ps in circuit2 has no matching property in circuit1
pfet_06v0:1122 vs. GRADIENT_NAV2:_core/GRADIENT2:4/OPAM_LIN:2/bias:1/pfet_06v0:M3:
Property W'nrs in circuit2 has no matching property in circuit1
pfet_06v0:1122 vs. GRADIENT_NAV2:_core/GRADIENT2:4/OPAM_LIN:2/bias:1/pfet_06v0:M3:
Property 0.18u)'nrd in circuit2 has no matching property in circuit1
pfet_06v0:1122 vs. GRADIENT_NAV2:_core/GRADIENT2:4/OPAM_LIN:2/bias:1/pfet_06v0:M3:
Property 0.18u)'ps in circuit2 has no matching property in circuit1
pfet_06v0:1300 vs. GRADIENT_NAV2:_core/GRADIENT2:1/COMP:4/bias:1/pfet_06v0:M3:
Property W'nrs in circuit2 has no matching property in circuit1
pfet_06v0:1300 vs. GRADIENT_NAV2:_core/GRADIENT2:1/COMP:4/bias:1/pfet_06v0:M3:
Property 0.18u)'nrd in circuit2 has no matching property in circuit1
pfet_06v0:1300 vs. GRADIENT_NAV2:_core/GRADIENT2:1/COMP:4/bias:1/pfet_06v0:M3:
Property 0.18u)'ps in circuit2 has no matching property in circuit1
pfet_06v0:1665 vs. GRADIENT_NAV2:_core/GRADIENT2:2/COMP:4/bias:1/pfet_06v0:M3:
Property W'nrs in circuit2 has no matching property in circuit1
pfet_06v0:1665 vs. GRADIENT_NAV2:_core/GRADIENT2:2/COMP:4/bias:1/pfet_06v0:M3:
Property 0.18u)'nrd in circuit2 has no matching property in circuit1
pfet_06v0:1665 vs. GRADIENT_NAV2:_core/GRADIENT2:2/COMP:4/bias:1/pfet_06v0:M3:
Property 0.18u)'ps in circuit2 has no matching property in circuit1
pfet_06v0:202 vs. GRADIENT_NAV2:_core/GRADIENT2:3/COMP:4/bias:1/pfet_06v0:M3:
Property W'nrs in circuit2 has no matching property in circuit1
pfet_06v0:202 vs. GRADIENT_NAV2:_core/GRADIENT2:3/COMP:4/bias:1/pfet_06v0:M3:
Property 0.18u)'nrd in circuit2 has no matching property in circuit1
pfet_06v0:202 vs. GRADIENT_NAV2:_core/GRADIENT2:3/COMP:4/bias:1/pfet_06v0:M3:
Property 0.18u)'ps in circuit2 has no matching property in circuit1
pfet_06v0:616 vs. GRADIENT_NAV2:_core/GRADIENT2:4/COMP:4/bias:1/pfet_06v0:M3:
Property W'nrs in circuit2 has no matching property in circuit1
pfet_06v0:616 vs. GRADIENT_NAV2:_core/GRADIENT2:4/COMP:4/bias:1/pfet_06v0:M3:
Property 0.18u)'nrd in circuit2 has no matching property in circuit1
pfet_06v0:616 vs. GRADIENT_NAV2:_core/GRADIENT2:4/COMP:4/bias:1/pfet_06v0:M3:
Property 0.18u)'ps in circuit2 has no matching property in circuit1
pfet_06v0:875 vs. GRADIENT_NAV2:_core/GRADIENT2:1/COMP:6/bias:1/pfet_06v0:M3:
Property W'nrs in circuit2 has no matching property in circuit1
pfet_06v0:875 vs. GRADIENT_NAV2:_core/GRADIENT2:1/COMP:6/bias:1/pfet_06v0:M3:
Property 0.18u)'nrd in circuit2 has no matching property in circuit1
pfet_06v0:875 vs. GRADIENT_NAV2:_core/GRADIENT2:1/COMP:6/bias:1/pfet_06v0:M3:
Property 0.18u)'ps in circuit2 has no matching property in circuit1
pfet_06v0:1244 vs. GRADIENT_NAV2:_core/GRADIENT2:2/COMP:6/bias:1/pfet_06v0:M3:
Property W'nrs in circuit2 has no matching property in circuit1
pfet_06v0:1244 vs. GRADIENT_NAV2:_core/GRADIENT2:2/COMP:6/bias:1/pfet_06v0:M3:
Property 0.18u)'nrd in circuit2 has no matching property in circuit1
pfet_06v0:1244 vs. GRADIENT_NAV2:_core/GRADIENT2:2/COMP:6/bias:1/pfet_06v0:M3:
Property 0.18u)'ps in circuit2 has no matching property in circuit1
pfet_06v0:1769 vs. GRADIENT_NAV2:_core/GRADIENT2:3/COMP:6/bias:1/pfet_06v0:M3:
Property W'nrs in circuit2 has no matching property in circuit1
pfet_06v0:1769 vs. GRADIENT_NAV2:_core/GRADIENT2:3/COMP:6/bias:1/pfet_06v0:M3:
Property 0.18u)'nrd in circuit2 has no matching property in circuit1
pfet_06v0:1769 vs. GRADIENT_NAV2:_core/GRADIENT2:3/COMP:6/bias:1/pfet_06v0:M3:
Property 0.18u)'ps in circuit2 has no matching property in circuit1
pfet_06v0:157 vs. GRADIENT_NAV2:_core/GRADIENT2:4/COMP:6/bias:1/pfet_06v0:M3:
Property W'nrs in circuit2 has no matching property in circuit1
pfet_06v0:157 vs. GRADIENT_NAV2:_core/GRADIENT2:4/COMP:6/bias:1/pfet_06v0:M3:
Property 0.18u)'nrd in circuit2 has no matching property in circuit1
pfet_06v0:157 vs. GRADIENT_NAV2:_core/GRADIENT2:4/COMP:6/bias:1/pfet_06v0:M3:
Property 0.18u)'ps in circuit2 has no matching property in circuit1
pfet_06v0:805 vs. GRADIENT_NAV2:_core/GRADIENT2:1/COMP:5/bias:1/pfet_06v0:M3:
Property W'nrs in circuit2 has no matching property in circuit1
pfet_06v0:805 vs. GRADIENT_NAV2:_core/GRADIENT2:1/COMP:5/bias:1/pfet_06v0:M3:
Property 0.18u)'nrd in circuit2 has no matching property in circuit1
pfet_06v0:805 vs. GRADIENT_NAV2:_core/GRADIENT2:1/COMP:5/bias:1/pfet_06v0:M3:
Property 0.18u)'ps in circuit2 has no matching property in circuit1
pfet_06v0:1171 vs. GRADIENT_NAV2:_core/GRADIENT2:2/COMP:5/bias:1/pfet_06v0:M3:
Property W'nrs in circuit2 has no matching property in circuit1
pfet_06v0:1171 vs. GRADIENT_NAV2:_core/GRADIENT2:2/COMP:5/bias:1/pfet_06v0:M3:
Property 0.18u)'nrd in circuit2 has no matching property in circuit1
pfet_06v0:1171 vs. GRADIENT_NAV2:_core/GRADIENT2:2/COMP:5/bias:1/pfet_06v0:M3:
Property 0.18u)'ps in circuit2 has no matching property in circuit1
pfet_06v0:1699 vs. GRADIENT_NAV2:_core/GRADIENT2:3/COMP:5/bias:1/pfet_06v0:M3:
Property W'nrs in circuit2 has no matching property in circuit1
pfet_06v0:1699 vs. GRADIENT_NAV2:_core/GRADIENT2:3/COMP:5/bias:1/pfet_06v0:M3:
Property 0.18u)'nrd in circuit2 has no matching property in circuit1
pfet_06v0:1699 vs. GRADIENT_NAV2:_core/GRADIENT2:3/COMP:5/bias:1/pfet_06v0:M3:
Property 0.18u)'ps in circuit2 has no matching property in circuit1
pfet_06v0:99 vs. GRADIENT_NAV2:_core/GRADIENT2:4/COMP:5/bias:1/pfet_06v0:M3:
Property W'nrs in circuit2 has no matching property in circuit1
pfet_06v0:99 vs. GRADIENT_NAV2:_core/GRADIENT2:4/COMP:5/bias:1/pfet_06v0:M3:
Property 0.18u)'nrd in circuit2 has no matching property in circuit1
pfet_06v0:99 vs. GRADIENT_NAV2:_core/GRADIENT2:4/COMP:5/bias:1/pfet_06v0:M3:
Property 0.18u)'ps in circuit2 has no matching property in circuit1
pfet_06v0:1727 vs. GRADIENT_NAV2:_core/GRADIENT2:2/COMP:4/sub_diff:2/pfet_06v0:M14:
Property W'nrs in circuit2 has no matching property in circuit1
pfet_06v0:1727 vs. GRADIENT_NAV2:_core/GRADIENT2:2/COMP:4/sub_diff:2/pfet_06v0:M14:
Property 0.18u)'nrd in circuit2 has no matching property in circuit1
pfet_06v0:1727 vs. GRADIENT_NAV2:_core/GRADIENT2:2/COMP:4/sub_diff:2/pfet_06v0:M14:
Property 0.18u)'ps in circuit2 has no matching property in circuit1
pfet_06v0:954 vs. GRADIENT_NAV2:_core/GRADIENT2:2/COMP:4/sub_diff:2/pfet_06v0:M12:
Property W'nrs in circuit2 has no matching property in circuit1
pfet_06v0:954 vs. GRADIENT_NAV2:_core/GRADIENT2:2/COMP:4/sub_diff:2/pfet_06v0:M12:
Property 0.18u)'nrd in circuit2 has no matching property in circuit1
pfet_06v0:954 vs. GRADIENT_NAV2:_core/GRADIENT2:2/COMP:4/sub_diff:2/pfet_06v0:M12:
Property 0.18u)'ps in circuit2 has no matching property in circuit1
pfet_06v0:1846 vs. GRADIENT_NAV2:_core/GRADIENT2:4/COMP:4/sub_diff:2/pfet_06v0:M14:
Property W'nrs in circuit2 has no matching property in circuit1
pfet_06v0:1846 vs. GRADIENT_NAV2:_core/GRADIENT2:4/COMP:4/sub_diff:2/pfet_06v0:M14:
Property 0.18u)'nrd in circuit2 has no matching property in circuit1
pfet_06v0:1846 vs. GRADIENT_NAV2:_core/GRADIENT2:4/COMP:4/sub_diff:2/pfet_06v0:M14:
Property 0.18u)'ps in circuit2 has no matching property in circuit1
pfet_06v0:661 vs. GRADIENT_NAV2:_core/GRADIENT2:4/COMP:4/sub_diff:2/pfet_06v0:M12:
Property W'nrs in circuit2 has no matching property in circuit1
pfet_06v0:661 vs. GRADIENT_NAV2:_core/GRADIENT2:4/COMP:4/sub_diff:2/pfet_06v0:M12:
Property 0.18u)'nrd in circuit2 has no matching property in circuit1
pfet_06v0:661 vs. GRADIENT_NAV2:_core/GRADIENT2:4/COMP:4/sub_diff:2/pfet_06v0:M12:
Property 0.18u)'ps in circuit2 has no matching property in circuit1
pfet_06v0:1352 vs. GRADIENT_NAV2:_core/GRADIENT2:1/COMP:4/sub_diff:2/pfet_06v0:M14:
Property W'nrs in circuit2 has no matching property in circuit1
pfet_06v0:1352 vs. GRADIENT_NAV2:_core/GRADIENT2:1/COMP:4/sub_diff:2/pfet_06v0:M14:
Property 0.18u)'nrd in circuit2 has no matching property in circuit1
pfet_06v0:1352 vs. GRADIENT_NAV2:_core/GRADIENT2:1/COMP:4/sub_diff:2/pfet_06v0:M14:
Property 0.18u)'ps in circuit2 has no matching property in circuit1
pfet_06v0:576 vs. GRADIENT_NAV2:_core/GRADIENT2:1/COMP:4/sub_diff:2/pfet_06v0:M12:
Property W'nrs in circuit2 has no matching property in circuit1
pfet_06v0:576 vs. GRADIENT_NAV2:_core/GRADIENT2:1/COMP:4/sub_diff:2/pfet_06v0:M12:
Property 0.18u)'nrd in circuit2 has no matching property in circuit1
pfet_06v0:576 vs. GRADIENT_NAV2:_core/GRADIENT2:1/COMP:4/sub_diff:2/pfet_06v0:M12:
Property 0.18u)'ps in circuit2 has no matching property in circuit1
pfet_06v0:1460 vs. GRADIENT_NAV2:_core/GRADIENT2:3/COMP:4/sub_diff:2/pfet_06v0:M14:
Property W'nrs in circuit2 has no matching property in circuit1
pfet_06v0:1460 vs. GRADIENT_NAV2:_core/GRADIENT2:3/COMP:4/sub_diff:2/pfet_06v0:M14:
Property 0.18u)'nrd in circuit2 has no matching property in circuit1
pfet_06v0:1460 vs. GRADIENT_NAV2:_core/GRADIENT2:3/COMP:4/sub_diff:2/pfet_06v0:M14:
Property 0.18u)'ps in circuit2 has no matching property in circuit1
pfet_06v0:254 vs. GRADIENT_NAV2:_core/GRADIENT2:3/COMP:4/sub_diff:2/pfet_06v0:M12:
Property W'nrs in circuit2 has no matching property in circuit1
pfet_06v0:254 vs. GRADIENT_NAV2:_core/GRADIENT2:3/COMP:4/sub_diff:2/pfet_06v0:M12:
Property 0.18u)'nrd in circuit2 has no matching property in circuit1
pfet_06v0:254 vs. GRADIENT_NAV2:_core/GRADIENT2:3/COMP:4/sub_diff:2/pfet_06v0:M12:
Property 0.18u)'ps in circuit2 has no matching property in circuit1
pfet_06v0:1907 vs. GRADIENT_NAV2:_core/GRADIENT2:4/COMP:5/sub_diff:2/pfet_06v0:M14:
Property W'nrs in circuit2 has no matching property in circuit1
pfet_06v0:1907 vs. GRADIENT_NAV2:_core/GRADIENT2:4/COMP:5/sub_diff:2/pfet_06v0:M14:
Property 0.18u)'nrd in circuit2 has no matching property in circuit1
pfet_06v0:1907 vs. GRADIENT_NAV2:_core/GRADIENT2:4/COMP:5/sub_diff:2/pfet_06v0:M14:
Property 0.18u)'ps in circuit2 has no matching property in circuit1
pfet_06v0:1787 vs. GRADIENT_NAV2:_core/GRADIENT2:4/COMP:5/sub_diff:2/pfet_06v0:M12:
Property W'nrs in circuit2 has no matching property in circuit1
pfet_06v0:1787 vs. GRADIENT_NAV2:_core/GRADIENT2:4/COMP:5/sub_diff:2/pfet_06v0:M12:
Property 0.18u)'nrd in circuit2 has no matching property in circuit1
pfet_06v0:1787 vs. GRADIENT_NAV2:_core/GRADIENT2:4/COMP:5/sub_diff:2/pfet_06v0:M12:
Property 0.18u)'ps in circuit2 has no matching property in circuit1
pfet_06v0:1517 vs. GRADIENT_NAV2:_core/GRADIENT2:3/COMP:5/sub_diff:2/pfet_06v0:M14:
Property W'nrs in circuit2 has no matching property in circuit1
pfet_06v0:1517 vs. GRADIENT_NAV2:_core/GRADIENT2:3/COMP:5/sub_diff:2/pfet_06v0:M14:
Property 0.18u)'nrd in circuit2 has no matching property in circuit1
pfet_06v0:1517 vs. GRADIENT_NAV2:_core/GRADIENT2:3/COMP:5/sub_diff:2/pfet_06v0:M14:
Property 0.18u)'ps in circuit2 has no matching property in circuit1
pfet_06v0:1415 vs. GRADIENT_NAV2:_core/GRADIENT2:3/COMP:5/sub_diff:2/pfet_06v0:M12:
Property W'nrs in circuit2 has no matching property in circuit1
pfet_06v0:1415 vs. GRADIENT_NAV2:_core/GRADIENT2:3/COMP:5/sub_diff:2/pfet_06v0:M12:
Property 0.18u)'nrd in circuit2 has no matching property in circuit1
pfet_06v0:1415 vs. GRADIENT_NAV2:_core/GRADIENT2:3/COMP:5/sub_diff:2/pfet_06v0:M12:
Property 0.18u)'ps in circuit2 has no matching property in circuit1
pfet_06v0:1015 vs. GRADIENT_NAV2:_core/GRADIENT2:2/COMP:5/sub_diff:2/pfet_06v0:M14:
Property W'nrs in circuit2 has no matching property in circuit1
pfet_06v0:1015 vs. GRADIENT_NAV2:_core/GRADIENT2:2/COMP:5/sub_diff:2/pfet_06v0:M14:
Property 0.18u)'nrd in circuit2 has no matching property in circuit1
pfet_06v0:1015 vs. GRADIENT_NAV2:_core/GRADIENT2:2/COMP:5/sub_diff:2/pfet_06v0:M14:
Property 0.18u)'ps in circuit2 has no matching property in circuit1
pfet_06v0:894 vs. GRADIENT_NAV2:_core/GRADIENT2:2/COMP:5/sub_diff:2/pfet_06v0:M12:
Property W'nrs in circuit2 has no matching property in circuit1
pfet_06v0:894 vs. GRADIENT_NAV2:_core/GRADIENT2:2/COMP:5/sub_diff:2/pfet_06v0:M12:
Property 0.18u)'nrd in circuit2 has no matching property in circuit1
pfet_06v0:894 vs. GRADIENT_NAV2:_core/GRADIENT2:2/COMP:5/sub_diff:2/pfet_06v0:M12:
Property 0.18u)'ps in circuit2 has no matching property in circuit1
pfet_06v0:645 vs. GRADIENT_NAV2:_core/GRADIENT2:1/COMP:5/sub_diff:2/pfet_06v0:M14:
Property W'nrs in circuit2 has no matching property in circuit1
pfet_06v0:645 vs. GRADIENT_NAV2:_core/GRADIENT2:1/COMP:5/sub_diff:2/pfet_06v0:M14:
Property 0.18u)'nrd in circuit2 has no matching property in circuit1
pfet_06v0:645 vs. GRADIENT_NAV2:_core/GRADIENT2:1/COMP:5/sub_diff:2/pfet_06v0:M14:
Property 0.18u)'ps in circuit2 has no matching property in circuit1
pfet_06v0:515 vs. GRADIENT_NAV2:_core/GRADIENT2:1/COMP:5/sub_diff:2/pfet_06v0:M12:
Property W'nrs in circuit2 has no matching property in circuit1
pfet_06v0:515 vs. GRADIENT_NAV2:_core/GRADIENT2:1/COMP:5/sub_diff:2/pfet_06v0:M12:
Property 0.18u)'nrd in circuit2 has no matching property in circuit1
pfet_06v0:515 vs. GRADIENT_NAV2:_core/GRADIENT2:1/COMP:5/sub_diff:2/pfet_06v0:M12:
Property 0.18u)'ps in circuit2 has no matching property in circuit1
pfet_06v0:1759 vs. GRADIENT_NAV2:_core/GRADIENT2:1/COMP:6/sub_diff:2/pfet_06v0:M14:
Property W'nrs in circuit2 has no matching property in circuit1
pfet_06v0:1759 vs. GRADIENT_NAV2:_core/GRADIENT2:1/COMP:6/sub_diff:2/pfet_06v0:M14:
Property 0.18u)'nrd in circuit2 has no matching property in circuit1
pfet_06v0:1759 vs. GRADIENT_NAV2:_core/GRADIENT2:1/COMP:6/sub_diff:2/pfet_06v0:M14:
Property 0.18u)'ps in circuit2 has no matching property in circuit1
pfet_06v0:1417 vs. GRADIENT_NAV2:_core/GRADIENT2:1/COMP:6/sub_diff:2/pfet_06v0:M12:
Property W'nrs in circuit2 has no matching property in circuit1
pfet_06v0:1417 vs. GRADIENT_NAV2:_core/GRADIENT2:1/COMP:6/sub_diff:2/pfet_06v0:M12:
Property 0.18u)'nrd in circuit2 has no matching property in circuit1
pfet_06v0:1417 vs. GRADIENT_NAV2:_core/GRADIENT2:1/COMP:6/sub_diff:2/pfet_06v0:M12:
Property 0.18u)'ps in circuit2 has no matching property in circuit1
pfet_06v0:1069 vs. GRADIENT_NAV2:_core/GRADIENT2:4/COMP:6/sub_diff:2/pfet_06v0:M14:
Property W'nrs in circuit2 has no matching property in circuit1
pfet_06v0:1069 vs. GRADIENT_NAV2:_core/GRADIENT2:4/COMP:6/sub_diff:2/pfet_06v0:M14:
Property 0.18u)'nrd in circuit2 has no matching property in circuit1
pfet_06v0:1069 vs. GRADIENT_NAV2:_core/GRADIENT2:4/COMP:6/sub_diff:2/pfet_06v0:M14:
Property 0.18u)'ps in circuit2 has no matching property in circuit1
pfet_06v0:726 vs. GRADIENT_NAV2:_core/GRADIENT2:4/COMP:6/sub_diff:2/pfet_06v0:M12:
Property W'nrs in circuit2 has no matching property in circuit1
pfet_06v0:726 vs. GRADIENT_NAV2:_core/GRADIENT2:4/COMP:6/sub_diff:2/pfet_06v0:M12:
Property 0.18u)'nrd in circuit2 has no matching property in circuit1
pfet_06v0:726 vs. GRADIENT_NAV2:_core/GRADIENT2:4/COMP:6/sub_diff:2/pfet_06v0:M12:
Property 0.18u)'ps in circuit2 has no matching property in circuit1
pfet_06v0:699 vs. GRADIENT_NAV2:_core/GRADIENT2:3/COMP:6/sub_diff:2/pfet_06v0:M14:
Property W'nrs in circuit2 has no matching property in circuit1
pfet_06v0:699 vs. GRADIENT_NAV2:_core/GRADIENT2:3/COMP:6/sub_diff:2/pfet_06v0:M14:
Property 0.18u)'nrd in circuit2 has no matching property in circuit1
pfet_06v0:699 vs. GRADIENT_NAV2:_core/GRADIENT2:3/COMP:6/sub_diff:2/pfet_06v0:M14:
Property 0.18u)'ps in circuit2 has no matching property in circuit1
pfet_06v0:327 vs. GRADIENT_NAV2:_core/GRADIENT2:3/COMP:6/sub_diff:2/pfet_06v0:M12:
Property W'nrs in circuit2 has no matching property in circuit1
pfet_06v0:327 vs. GRADIENT_NAV2:_core/GRADIENT2:3/COMP:6/sub_diff:2/pfet_06v0:M12:
Property 0.18u)'nrd in circuit2 has no matching property in circuit1
pfet_06v0:327 vs. GRADIENT_NAV2:_core/GRADIENT2:3/COMP:6/sub_diff:2/pfet_06v0:M12:
Property 0.18u)'ps in circuit2 has no matching property in circuit1
pfet_06v0:1791 vs. GRADIENT_NAV2:_core/GRADIENT2:2/COMP:6/sub_diff:2/pfet_06v0:M14:
Property W'nrs in circuit2 has no matching property in circuit1
pfet_06v0:1791 vs. GRADIENT_NAV2:_core/GRADIENT2:2/COMP:6/sub_diff:2/pfet_06v0:M14:
Property 0.18u)'nrd in circuit2 has no matching property in circuit1
pfet_06v0:1791 vs. GRADIENT_NAV2:_core/GRADIENT2:2/COMP:6/sub_diff:2/pfet_06v0:M14:
Property 0.18u)'ps in circuit2 has no matching property in circuit1
pfet_06v0:145 vs. GRADIENT_NAV2:_core/GRADIENT2:2/COMP:6/sub_diff:2/pfet_06v0:M12:
Property W'nrs in circuit2 has no matching property in circuit1
pfet_06v0:145 vs. GRADIENT_NAV2:_core/GRADIENT2:2/COMP:6/sub_diff:2/pfet_06v0:M12:
Property 0.18u)'nrd in circuit2 has no matching property in circuit1
pfet_06v0:145 vs. GRADIENT_NAV2:_core/GRADIENT2:2/COMP:6/sub_diff:2/pfet_06v0:M12:
Property 0.18u)'ps in circuit2 has no matching property in circuit1
pfet_06v0:1370 vs. GRADIENT_NAV2:_core/GRADIENT2:3/OPAM_LIN:8/sub_diff_2_LIN:2/pfet_06v0:M14:
Property W'nrs in circuit2 has no matching property in circuit1
pfet_06v0:1370 vs. GRADIENT_NAV2:_core/GRADIENT2:3/OPAM_LIN:8/sub_diff_2_LIN:2/pfet_06v0:M14:
Property 0.18u)'nrd in circuit2 has no matching property in circuit1
pfet_06v0:1370 vs. GRADIENT_NAV2:_core/GRADIENT2:3/OPAM_LIN:8/sub_diff_2_LIN:2/pfet_06v0:M14:
Property 0.18u)'ps in circuit2 has no matching property in circuit1
pfet_06v0:985 vs. GRADIENT_NAV2:_core/GRADIENT2:3/OPAM_LIN:8/sub_diff_2_LIN:2/pfet_06v0:M12:
Property W'nrs in circuit2 has no matching property in circuit1
pfet_06v0:985 vs. GRADIENT_NAV2:_core/GRADIENT2:3/OPAM_LIN:8/sub_diff_2_LIN:2/pfet_06v0:M12:
Property 0.18u)'nrd in circuit2 has no matching property in circuit1
pfet_06v0:985 vs. GRADIENT_NAV2:_core/GRADIENT2:3/OPAM_LIN:8/sub_diff_2_LIN:2/pfet_06v0:M12:
Property 0.18u)'ps in circuit2 has no matching property in circuit1
pfet_06v0:1668 vs. GRADIENT_NAV2:_core/GRADIENT2:4/OPAM_LIN:8/sub_diff_2_LIN:2/pfet_06v0:M14:
Property W'nrs in circuit2 has no matching property in circuit1
pfet_06v0:1668 vs. GRADIENT_NAV2:_core/GRADIENT2:4/OPAM_LIN:8/sub_diff_2_LIN:2/pfet_06v0:M14:
Property 0.18u)'nrd in circuit2 has no matching property in circuit1
pfet_06v0:1668 vs. GRADIENT_NAV2:_core/GRADIENT2:4/OPAM_LIN:8/sub_diff_2_LIN:2/pfet_06v0:M14:
Property 0.18u)'ps in circuit2 has no matching property in circuit1
pfet_06v0:900 vs. GRADIENT_NAV2:_core/GRADIENT2:4/OPAM_LIN:8/sub_diff_2_LIN:2/pfet_06v0:M12:
Property W'nrs in circuit2 has no matching property in circuit1
pfet_06v0:900 vs. GRADIENT_NAV2:_core/GRADIENT2:4/OPAM_LIN:8/sub_diff_2_LIN:2/pfet_06v0:M12:
Property 0.18u)'nrd in circuit2 has no matching property in circuit1
pfet_06v0:900 vs. GRADIENT_NAV2:_core/GRADIENT2:4/OPAM_LIN:8/sub_diff_2_LIN:2/pfet_06v0:M12:
Property 0.18u)'ps in circuit2 has no matching property in circuit1
pfet_06v0:647 vs. GRADIENT_NAV2:_core/GRADIENT2:2/OPAM_LIN:8/sub_diff_2_LIN:2/pfet_06v0:M14:
Property W'nrs in circuit2 has no matching property in circuit1
pfet_06v0:647 vs. GRADIENT_NAV2:_core/GRADIENT2:2/OPAM_LIN:8/sub_diff_2_LIN:2/pfet_06v0:M14:
Property 0.18u)'nrd in circuit2 has no matching property in circuit1
pfet_06v0:647 vs. GRADIENT_NAV2:_core/GRADIENT2:2/OPAM_LIN:8/sub_diff_2_LIN:2/pfet_06v0:M14:
Property 0.18u)'ps in circuit2 has no matching property in circuit1
pfet_06v0:583 vs. GRADIENT_NAV2:_core/GRADIENT2:2/OPAM_LIN:8/sub_diff_2_LIN:2/pfet_06v0:M12:
Property W'nrs in circuit2 has no matching property in circuit1
pfet_06v0:583 vs. GRADIENT_NAV2:_core/GRADIENT2:2/OPAM_LIN:8/sub_diff_2_LIN:2/pfet_06v0:M12:
Property 0.18u)'nrd in circuit2 has no matching property in circuit1
pfet_06v0:583 vs. GRADIENT_NAV2:_core/GRADIENT2:2/OPAM_LIN:8/sub_diff_2_LIN:2/pfet_06v0:M12:
Property 0.18u)'ps in circuit2 has no matching property in circuit1
pfet_06v0:1123 vs. GRADIENT_NAV2:_core/GRADIENT2:1/OPAM_LIN:8/sub_diff_2_LIN:2/pfet_06v0:M14:
Property W'nrs in circuit2 has no matching property in circuit1
pfet_06v0:1123 vs. GRADIENT_NAV2:_core/GRADIENT2:1/OPAM_LIN:8/sub_diff_2_LIN:2/pfet_06v0:M14:
Property 0.18u)'nrd in circuit2 has no matching property in circuit1
pfet_06v0:1123 vs. GRADIENT_NAV2:_core/GRADIENT2:1/OPAM_LIN:8/sub_diff_2_LIN:2/pfet_06v0:M14:
Property 0.18u)'ps in circuit2 has no matching property in circuit1
pfet_06v0:341 vs. GRADIENT_NAV2:_core/GRADIENT2:1/OPAM_LIN:8/sub_diff_2_LIN:2/pfet_06v0:M12:
Property W'nrs in circuit2 has no matching property in circuit1
pfet_06v0:341 vs. GRADIENT_NAV2:_core/GRADIENT2:1/OPAM_LIN:8/sub_diff_2_LIN:2/pfet_06v0:M12:
Property 0.18u)'nrd in circuit2 has no matching property in circuit1
pfet_06v0:341 vs. GRADIENT_NAV2:_core/GRADIENT2:1/OPAM_LIN:8/sub_diff_2_LIN:2/pfet_06v0:M12:
Property 0.18u)'ps in circuit2 has no matching property in circuit1
pfet_06v0:1969 vs. GRADIENT_NAV2:_core/GRADIENT2:1/OPAM_LIN:1/sub_diff_2_LIN:2/pfet_06v0:M14:
Property W'nrs in circuit2 has no matching property in circuit1
pfet_06v0:1969 vs. GRADIENT_NAV2:_core/GRADIENT2:1/OPAM_LIN:1/sub_diff_2_LIN:2/pfet_06v0:M14:
Property 0.18u)'nrd in circuit2 has no matching property in circuit1
pfet_06v0:1969 vs. GRADIENT_NAV2:_core/GRADIENT2:1/OPAM_LIN:1/sub_diff_2_LIN:2/pfet_06v0:M14:
Property 0.18u)'ps in circuit2 has no matching property in circuit1
pfet_06v0:1566 vs. GRADIENT_NAV2:_core/GRADIENT2:1/OPAM_LIN:1/sub_diff_2_LIN:2/pfet_06v0:M12:
Property W'nrs in circuit2 has no matching property in circuit1
pfet_06v0:1566 vs. GRADIENT_NAV2:_core/GRADIENT2:1/OPAM_LIN:1/sub_diff_2_LIN:2/pfet_06v0:M12:
Property 0.18u)'nrd in circuit2 has no matching property in circuit1
pfet_06v0:1566 vs. GRADIENT_NAV2:_core/GRADIENT2:1/OPAM_LIN:1/sub_diff_2_LIN:2/pfet_06v0:M12:
Property 0.18u)'ps in circuit2 has no matching property in circuit1
pfet_06v0:1377 vs. GRADIENT_NAV2:_core/GRADIENT2:4/OPAM_LIN:1/sub_diff_2_LIN:2/pfet_06v0:M14:
Property W'nrs in circuit2 has no matching property in circuit1
pfet_06v0:1377 vs. GRADIENT_NAV2:_core/GRADIENT2:4/OPAM_LIN:1/sub_diff_2_LIN:2/pfet_06v0:M14:
Property 0.18u)'nrd in circuit2 has no matching property in circuit1
pfet_06v0:1377 vs. GRADIENT_NAV2:_core/GRADIENT2:4/OPAM_LIN:1/sub_diff_2_LIN:2/pfet_06v0:M14:
Property 0.18u)'ps in circuit2 has no matching property in circuit1
pfet_06v0:1320 vs. GRADIENT_NAV2:_core/GRADIENT2:4/OPAM_LIN:1/sub_diff_2_LIN:2/pfet_06v0:M12:
Property W'nrs in circuit2 has no matching property in circuit1
pfet_06v0:1320 vs. GRADIENT_NAV2:_core/GRADIENT2:4/OPAM_LIN:1/sub_diff_2_LIN:2/pfet_06v0:M12:
Property 0.18u)'nrd in circuit2 has no matching property in circuit1
pfet_06v0:1320 vs. GRADIENT_NAV2:_core/GRADIENT2:4/OPAM_LIN:1/sub_diff_2_LIN:2/pfet_06v0:M12:
Property 0.18u)'ps in circuit2 has no matching property in circuit1
pfet_06v0:1765 vs. GRADIENT_NAV2:_core/GRADIENT2:3/OPAM_LIN:1/sub_diff_2_LIN:2/pfet_06v0:M14:
Property W'nrs in circuit2 has no matching property in circuit1
pfet_06v0:1765 vs. GRADIENT_NAV2:_core/GRADIENT2:3/OPAM_LIN:1/sub_diff_2_LIN:2/pfet_06v0:M14:
Property 0.18u)'nrd in circuit2 has no matching property in circuit1
pfet_06v0:1765 vs. GRADIENT_NAV2:_core/GRADIENT2:3/OPAM_LIN:1/sub_diff_2_LIN:2/pfet_06v0:M14:
Property 0.18u)'ps in circuit2 has no matching property in circuit1
pfet_06v0:1002 vs. GRADIENT_NAV2:_core/GRADIENT2:3/OPAM_LIN:1/sub_diff_2_LIN:2/pfet_06v0:M12:
Property W'nrs in circuit2 has no matching property in circuit1
pfet_06v0:1002 vs. GRADIENT_NAV2:_core/GRADIENT2:3/OPAM_LIN:1/sub_diff_2_LIN:2/pfet_06v0:M12:
Property 0.18u)'nrd in circuit2 has no matching property in circuit1
pfet_06v0:1002 vs. GRADIENT_NAV2:_core/GRADIENT2:3/OPAM_LIN:1/sub_diff_2_LIN:2/pfet_06v0:M12:
Property 0.18u)'ps in circuit2 has no matching property in circuit1
pfet_06v0:1484 vs. GRADIENT_NAV2:_core/GRADIENT2:2/OPAM_LIN:1/sub_diff_2_LIN:2/pfet_06v0:M14:
Property W'nrs in circuit2 has no matching property in circuit1
pfet_06v0:1484 vs. GRADIENT_NAV2:_core/GRADIENT2:2/OPAM_LIN:1/sub_diff_2_LIN:2/pfet_06v0:M14:
Property 0.18u)'nrd in circuit2 has no matching property in circuit1
pfet_06v0:1484 vs. GRADIENT_NAV2:_core/GRADIENT2:2/OPAM_LIN:1/sub_diff_2_LIN:2/pfet_06v0:M14:
Property 0.18u)'ps in circuit2 has no matching property in circuit1
pfet_06v0:278 vs. GRADIENT_NAV2:_core/GRADIENT2:2/OPAM_LIN:1/sub_diff_2_LIN:2/pfet_06v0:M12:
Property W'nrs in circuit2 has no matching property in circuit1
pfet_06v0:278 vs. GRADIENT_NAV2:_core/GRADIENT2:2/OPAM_LIN:1/sub_diff_2_LIN:2/pfet_06v0:M12:
Property 0.18u)'nrd in circuit2 has no matching property in circuit1
pfet_06v0:278 vs. GRADIENT_NAV2:_core/GRADIENT2:2/OPAM_LIN:1/sub_diff_2_LIN:2/pfet_06v0:M12:
Property 0.18u)'ps in circuit2 has no matching property in circuit1
pfet_06v0:1976 vs. GRADIENT_NAV2:_core/GRADIENT2:1/OPAM_LIN:2/sub_diff_2_LIN:2/pfet_06v0:M14:
Property W'nrs in circuit2 has no matching property in circuit1
pfet_06v0:1976 vs. GRADIENT_NAV2:_core/GRADIENT2:1/OPAM_LIN:2/sub_diff_2_LIN:2/pfet_06v0:M14:
Property 0.18u)'nrd in circuit2 has no matching property in circuit1
pfet_06v0:1976 vs. GRADIENT_NAV2:_core/GRADIENT2:1/OPAM_LIN:2/sub_diff_2_LIN:2/pfet_06v0:M14:
Property 0.18u)'ps in circuit2 has no matching property in circuit1
pfet_06v0:1911 vs. GRADIENT_NAV2:_core/GRADIENT2:1/OPAM_LIN:2/sub_diff_2_LIN:2/pfet_06v0:M12:
Property W'nrs in circuit2 has no matching property in circuit1
pfet_06v0:1911 vs. GRADIENT_NAV2:_core/GRADIENT2:1/OPAM_LIN:2/sub_diff_2_LIN:2/pfet_06v0:M12:
Property 0.18u)'nrd in circuit2 has no matching property in circuit1
pfet_06v0:1911 vs. GRADIENT_NAV2:_core/GRADIENT2:1/OPAM_LIN:2/sub_diff_2_LIN:2/pfet_06v0:M12:
Property 0.18u)'ps in circuit2 has no matching property in circuit1
pfet_06v0:1729 vs. GRADIENT_NAV2:_core/GRADIENT2:4/OPAM_LIN:2/sub_diff_2_LIN:2/pfet_06v0:M14:
Property W'nrs in circuit2 has no matching property in circuit1
pfet_06v0:1729 vs. GRADIENT_NAV2:_core/GRADIENT2:4/OPAM_LIN:2/sub_diff_2_LIN:2/pfet_06v0:M14:
Property 0.18u)'nrd in circuit2 has no matching property in circuit1
pfet_06v0:1729 vs. GRADIENT_NAV2:_core/GRADIENT2:4/OPAM_LIN:2/sub_diff_2_LIN:2/pfet_06v0:M14:
Property 0.18u)'ps in circuit2 has no matching property in circuit1
pfet_06v0:540 vs. GRADIENT_NAV2:_core/GRADIENT2:4/OPAM_LIN:2/sub_diff_2_LIN:2/pfet_06v0:M12:
Property W'nrs in circuit2 has no matching property in circuit1
pfet_06v0:540 vs. GRADIENT_NAV2:_core/GRADIENT2:4/OPAM_LIN:2/sub_diff_2_LIN:2/pfet_06v0:M12:
Property 0.18u)'nrd in circuit2 has no matching property in circuit1
pfet_06v0:540 vs. GRADIENT_NAV2:_core/GRADIENT2:4/OPAM_LIN:2/sub_diff_2_LIN:2/pfet_06v0:M12:
Property 0.18u)'ps in circuit2 has no matching property in circuit1
pfet_06v0:636 vs. GRADIENT_NAV2:_core/GRADIENT2:2/OPAM_LIN:2/sub_diff_2_LIN:2/pfet_06v0:M14:
Property W'nrs in circuit2 has no matching property in circuit1
pfet_06v0:636 vs. GRADIENT_NAV2:_core/GRADIENT2:2/OPAM_LIN:2/sub_diff_2_LIN:2/pfet_06v0:M14:
Property 0.18u)'nrd in circuit2 has no matching property in circuit1
pfet_06v0:636 vs. GRADIENT_NAV2:_core/GRADIENT2:2/OPAM_LIN:2/sub_diff_2_LIN:2/pfet_06v0:M14:
Property 0.18u)'ps in circuit2 has no matching property in circuit1
pfet_06v0:213 vs. GRADIENT_NAV2:_core/GRADIENT2:2/OPAM_LIN:2/sub_diff_2_LIN:2/pfet_06v0:M12:
Property W'nrs in circuit2 has no matching property in circuit1
pfet_06v0:213 vs. GRADIENT_NAV2:_core/GRADIENT2:2/OPAM_LIN:2/sub_diff_2_LIN:2/pfet_06v0:M12:
Property 0.18u)'nrd in circuit2 has no matching property in circuit1
pfet_06v0:213 vs. GRADIENT_NAV2:_core/GRADIENT2:2/OPAM_LIN:2/sub_diff_2_LIN:2/pfet_06v0:M12:
Property 0.18u)'ps in circuit2 has no matching property in circuit1
pfet_06v0:947 vs. GRADIENT_NAV2:_core/GRADIENT2:3/OPAM_LIN:2/sub_diff_2_LIN:2/pfet_06v0:M14:
Property W'nrs in circuit2 has no matching property in circuit1
pfet_06v0:947 vs. GRADIENT_NAV2:_core/GRADIENT2:3/OPAM_LIN:2/sub_diff_2_LIN:2/pfet_06v0:M14:
Property 0.18u)'nrd in circuit2 has no matching property in circuit1
pfet_06v0:947 vs. GRADIENT_NAV2:_core/GRADIENT2:3/OPAM_LIN:2/sub_diff_2_LIN:2/pfet_06v0:M14:
Property 0.18u)'ps in circuit2 has no matching property in circuit1
pfet_06v0:134 vs. GRADIENT_NAV2:_core/GRADIENT2:3/OPAM_LIN:2/sub_diff_2_LIN:2/pfet_06v0:M12:
Property W'nrs in circuit2 has no matching property in circuit1
pfet_06v0:134 vs. GRADIENT_NAV2:_core/GRADIENT2:3/OPAM_LIN:2/sub_diff_2_LIN:2/pfet_06v0:M12:
Property 0.18u)'nrd in circuit2 has no matching property in circuit1
pfet_06v0:134 vs. GRADIENT_NAV2:_core/GRADIENT2:3/OPAM_LIN:2/sub_diff_2_LIN:2/pfet_06v0:M12:
Property 0.18u)'ps in circuit2 has no matching property in circuit1
pfet_06v0:780 vs. GRADIENT_NAV2:_core/GRADIENT2:1/OPAM_LIN:8/sub_diff_2_LIN:2/pfet_06v0:M15:
Property W'nrs in circuit2 has no matching property in circuit1
pfet_06v0:780 vs. GRADIENT_NAV2:_core/GRADIENT2:1/OPAM_LIN:8/sub_diff_2_LIN:2/pfet_06v0:M15:
Property 0.18u)'nrd in circuit2 has no matching property in circuit1
pfet_06v0:780 vs. GRADIENT_NAV2:_core/GRADIENT2:1/OPAM_LIN:8/sub_diff_2_LIN:2/pfet_06v0:M15:
Property 0.18u)'ps in circuit2 has no matching property in circuit1
pfet_06v0:665 vs. GRADIENT_NAV2:_core/GRADIENT2:2/OPAM_LIN:8/sub_diff_2_LIN:2/pfet_06v0:M15:
Property W'nrs in circuit2 has no matching property in circuit1
pfet_06v0:665 vs. GRADIENT_NAV2:_core/GRADIENT2:2/OPAM_LIN:8/sub_diff_2_LIN:2/pfet_06v0:M15:
Property 0.18u)'nrd in circuit2 has no matching property in circuit1
pfet_06v0:665 vs. GRADIENT_NAV2:_core/GRADIENT2:2/OPAM_LIN:8/sub_diff_2_LIN:2/pfet_06v0:M15:
Property 0.18u)'ps in circuit2 has no matching property in circuit1
pfet_06v0:1327 vs. GRADIENT_NAV2:_core/GRADIENT2:3/OPAM_LIN:8/sub_diff_2_LIN:2/pfet_06v0:M15:
Property W'nrs in circuit2 has no matching property in circuit1
pfet_06v0:1327 vs. GRADIENT_NAV2:_core/GRADIENT2:3/OPAM_LIN:8/sub_diff_2_LIN:2/pfet_06v0:M15:
Property 0.18u)'nrd in circuit2 has no matching property in circuit1
pfet_06v0:1327 vs. GRADIENT_NAV2:_core/GRADIENT2:3/OPAM_LIN:8/sub_diff_2_LIN:2/pfet_06v0:M15:
Property 0.18u)'ps in circuit2 has no matching property in circuit1
pfet_06v0:389 vs. GRADIENT_NAV2:_core/GRADIENT2:4/OPAM_LIN:8/sub_diff_2_LIN:2/pfet_06v0:M15:
Property W'nrs in circuit2 has no matching property in circuit1
pfet_06v0:389 vs. GRADIENT_NAV2:_core/GRADIENT2:4/OPAM_LIN:8/sub_diff_2_LIN:2/pfet_06v0:M15:
Property 0.18u)'nrd in circuit2 has no matching property in circuit1
pfet_06v0:389 vs. GRADIENT_NAV2:_core/GRADIENT2:4/OPAM_LIN:8/sub_diff_2_LIN:2/pfet_06v0:M15:
Property 0.18u)'ps in circuit2 has no matching property in circuit1
pfet_06v0:872 vs. GRADIENT_NAV2:_core/GRADIENT2:1/OPAM_LIN:1/sub_diff_2_LIN:2/pfet_06v0:M15:
Property W'nrs in circuit2 has no matching property in circuit1
pfet_06v0:872 vs. GRADIENT_NAV2:_core/GRADIENT2:1/OPAM_LIN:1/sub_diff_2_LIN:2/pfet_06v0:M15:
Property 0.18u)'nrd in circuit2 has no matching property in circuit1
pfet_06v0:872 vs. GRADIENT_NAV2:_core/GRADIENT2:1/OPAM_LIN:1/sub_diff_2_LIN:2/pfet_06v0:M15:
Property 0.18u)'ps in circuit2 has no matching property in circuit1
pfet_06v0:1918 vs. GRADIENT_NAV2:_core/GRADIENT2:2/OPAM_LIN:1/sub_diff_2_LIN:2/pfet_06v0:M15:
Property W'nrs in circuit2 has no matching property in circuit1
pfet_06v0:1918 vs. GRADIENT_NAV2:_core/GRADIENT2:2/OPAM_LIN:1/sub_diff_2_LIN:2/pfet_06v0:M15:
Property 0.18u)'nrd in circuit2 has no matching property in circuit1
pfet_06v0:1918 vs. GRADIENT_NAV2:_core/GRADIENT2:2/OPAM_LIN:1/sub_diff_2_LIN:2/pfet_06v0:M15:
Property 0.18u)'ps in circuit2 has no matching property in circuit1
pfet_06v0:1412 vs. GRADIENT_NAV2:_core/GRADIENT2:3/OPAM_LIN:1/sub_diff_2_LIN:2/pfet_06v0:M15:
Property W'nrs in circuit2 has no matching property in circuit1
pfet_06v0:1412 vs. GRADIENT_NAV2:_core/GRADIENT2:3/OPAM_LIN:1/sub_diff_2_LIN:2/pfet_06v0:M15:
Property 0.18u)'nrd in circuit2 has no matching property in circuit1
pfet_06v0:1412 vs. GRADIENT_NAV2:_core/GRADIENT2:3/OPAM_LIN:1/sub_diff_2_LIN:2/pfet_06v0:M15:
Property 0.18u)'ps in circuit2 has no matching property in circuit1
pfet_06v0:488 vs. GRADIENT_NAV2:_core/GRADIENT2:4/OPAM_LIN:1/sub_diff_2_LIN:2/pfet_06v0:M15:
Property W'nrs in circuit2 has no matching property in circuit1
pfet_06v0:488 vs. GRADIENT_NAV2:_core/GRADIENT2:4/OPAM_LIN:1/sub_diff_2_LIN:2/pfet_06v0:M15:
Property 0.18u)'nrd in circuit2 has no matching property in circuit1
pfet_06v0:488 vs. GRADIENT_NAV2:_core/GRADIENT2:4/OPAM_LIN:1/sub_diff_2_LIN:2/pfet_06v0:M15:
Property 0.18u)'ps in circuit2 has no matching property in circuit1
pfet_06v0:29 vs. GRADIENT_NAV2:_core/GRADIENT2:1/OPAM_LIN:2/sub_diff_2_LIN:2/pfet_06v0:M15:
Property W'nrs in circuit2 has no matching property in circuit1
pfet_06v0:29 vs. GRADIENT_NAV2:_core/GRADIENT2:1/OPAM_LIN:2/sub_diff_2_LIN:2/pfet_06v0:M15:
Property 0.18u)'nrd in circuit2 has no matching property in circuit1
pfet_06v0:29 vs. GRADIENT_NAV2:_core/GRADIENT2:1/OPAM_LIN:2/sub_diff_2_LIN:2/pfet_06v0:M15:
Property 0.18u)'ps in circuit2 has no matching property in circuit1
pfet_06v0:1482 vs. GRADIENT_NAV2:_core/GRADIENT2:2/OPAM_LIN:2/sub_diff_2_LIN:2/pfet_06v0:M15:
Property W'nrs in circuit2 has no matching property in circuit1
pfet_06v0:1482 vs. GRADIENT_NAV2:_core/GRADIENT2:2/OPAM_LIN:2/sub_diff_2_LIN:2/pfet_06v0:M15:
Property 0.18u)'nrd in circuit2 has no matching property in circuit1
pfet_06v0:1482 vs. GRADIENT_NAV2:_core/GRADIENT2:2/OPAM_LIN:2/sub_diff_2_LIN:2/pfet_06v0:M15:
Property 0.18u)'ps in circuit2 has no matching property in circuit1
pfet_06v0:591 vs. GRADIENT_NAV2:_core/GRADIENT2:3/OPAM_LIN:2/sub_diff_2_LIN:2/pfet_06v0:M15:
Property W'nrs in circuit2 has no matching property in circuit1
pfet_06v0:591 vs. GRADIENT_NAV2:_core/GRADIENT2:3/OPAM_LIN:2/sub_diff_2_LIN:2/pfet_06v0:M15:
Property 0.18u)'nrd in circuit2 has no matching property in circuit1
pfet_06v0:591 vs. GRADIENT_NAV2:_core/GRADIENT2:3/OPAM_LIN:2/sub_diff_2_LIN:2/pfet_06v0:M15:
Property 0.18u)'ps in circuit2 has no matching property in circuit1
pfet_06v0:1232 vs. GRADIENT_NAV2:_core/GRADIENT2:4/OPAM_LIN:2/sub_diff_2_LIN:2/pfet_06v0:M15:
Property W'nrs in circuit2 has no matching property in circuit1
pfet_06v0:1232 vs. GRADIENT_NAV2:_core/GRADIENT2:4/OPAM_LIN:2/sub_diff_2_LIN:2/pfet_06v0:M15:
Property 0.18u)'nrd in circuit2 has no matching property in circuit1
pfet_06v0:1232 vs. GRADIENT_NAV2:_core/GRADIENT2:4/OPAM_LIN:2/sub_diff_2_LIN:2/pfet_06v0:M15:
Property 0.18u)'ps in circuit2 has no matching property in circuit1
pfet_06v0:1580 vs. GRADIENT_NAV2:_core/GRADIENT2:1/OPAM_LIN:1/sub_diff_2_LIN:2/pfet_06v0:M16:
Property W'nrs in circuit2 has no matching property in circuit1
pfet_06v0:1580 vs. GRADIENT_NAV2:_core/GRADIENT2:1/OPAM_LIN:1/sub_diff_2_LIN:2/pfet_06v0:M16:
Property 0.18u)'nrd in circuit2 has no matching property in circuit1
pfet_06v0:1580 vs. GRADIENT_NAV2:_core/GRADIENT2:1/OPAM_LIN:1/sub_diff_2_LIN:2/pfet_06v0:M16:
Property 0.18u)'ps in circuit2 has no matching property in circuit1
pfet_06v0:1107 vs. GRADIENT_NAV2:_core/GRADIENT2:2/OPAM_LIN:1/sub_diff_2_LIN:2/pfet_06v0:M16:
Property W'nrs in circuit2 has no matching property in circuit1
pfet_06v0:1107 vs. GRADIENT_NAV2:_core/GRADIENT2:2/OPAM_LIN:1/sub_diff_2_LIN:2/pfet_06v0:M16:
Property 0.18u)'nrd in circuit2 has no matching property in circuit1
pfet_06v0:1107 vs. GRADIENT_NAV2:_core/GRADIENT2:2/OPAM_LIN:1/sub_diff_2_LIN:2/pfet_06v0:M16:
Property 0.18u)'ps in circuit2 has no matching property in circuit1
pfet_06v0:618 vs. GRADIENT_NAV2:_core/GRADIENT2:3/OPAM_LIN:1/sub_diff_2_LIN:2/pfet_06v0:M16:
Property W'nrs in circuit2 has no matching property in circuit1
pfet_06v0:618 vs. GRADIENT_NAV2:_core/GRADIENT2:3/OPAM_LIN:1/sub_diff_2_LIN:2/pfet_06v0:M16:
Property 0.18u)'nrd in circuit2 has no matching property in circuit1
pfet_06v0:618 vs. GRADIENT_NAV2:_core/GRADIENT2:3/OPAM_LIN:1/sub_diff_2_LIN:2/pfet_06v0:M16:
Property 0.18u)'ps in circuit2 has no matching property in circuit1
pfet_06v0:1212 vs. GRADIENT_NAV2:_core/GRADIENT2:4/OPAM_LIN:1/sub_diff_2_LIN:2/pfet_06v0:M16:
Property W'nrs in circuit2 has no matching property in circuit1
pfet_06v0:1212 vs. GRADIENT_NAV2:_core/GRADIENT2:4/OPAM_LIN:1/sub_diff_2_LIN:2/pfet_06v0:M16:
Property 0.18u)'nrd in circuit2 has no matching property in circuit1
pfet_06v0:1212 vs. GRADIENT_NAV2:_core/GRADIENT2:4/OPAM_LIN:1/sub_diff_2_LIN:2/pfet_06v0:M16:
Property 0.18u)'ps in circuit2 has no matching property in circuit1
pfet_06v0:751 vs. GRADIENT_NAV2:_core/GRADIENT2:1/OPAM_LIN:2/sub_diff_2_LIN:2/pfet_06v0:M16:
Property W'nrs in circuit2 has no matching property in circuit1
pfet_06v0:751 vs. GRADIENT_NAV2:_core/GRADIENT2:1/OPAM_LIN:2/sub_diff_2_LIN:2/pfet_06v0:M16:
Property 0.18u)'nrd in circuit2 has no matching property in circuit1
pfet_06v0:751 vs. GRADIENT_NAV2:_core/GRADIENT2:1/OPAM_LIN:2/sub_diff_2_LIN:2/pfet_06v0:M16:
Property 0.18u)'ps in circuit2 has no matching property in circuit1
pfet_06v0:223 vs. GRADIENT_NAV2:_core/GRADIENT2:2/OPAM_LIN:2/sub_diff_2_LIN:2/pfet_06v0:M16:
Property W'nrs in circuit2 has no matching property in circuit1
pfet_06v0:223 vs. GRADIENT_NAV2:_core/GRADIENT2:2/OPAM_LIN:2/sub_diff_2_LIN:2/pfet_06v0:M16:
Property 0.18u)'nrd in circuit2 has no matching property in circuit1
pfet_06v0:223 vs. GRADIENT_NAV2:_core/GRADIENT2:2/OPAM_LIN:2/sub_diff_2_LIN:2/pfet_06v0:M16:
Property 0.18u)'ps in circuit2 has no matching property in circuit1
pfet_06v0:1742 vs. GRADIENT_NAV2:_core/GRADIENT2:3/OPAM_LIN:2/sub_diff_2_LIN:2/pfet_06v0:M16:
Property W'nrs in circuit2 has no matching property in circuit1
pfet_06v0:1742 vs. GRADIENT_NAV2:_core/GRADIENT2:3/OPAM_LIN:2/sub_diff_2_LIN:2/pfet_06v0:M16:
Property 0.18u)'nrd in circuit2 has no matching property in circuit1
pfet_06v0:1742 vs. GRADIENT_NAV2:_core/GRADIENT2:3/OPAM_LIN:2/sub_diff_2_LIN:2/pfet_06v0:M16:
Property 0.18u)'ps in circuit2 has no matching property in circuit1
pfet_06v0:420 vs. GRADIENT_NAV2:_core/GRADIENT2:4/OPAM_LIN:2/sub_diff_2_LIN:2/pfet_06v0:M16:
Property W'nrs in circuit2 has no matching property in circuit1
pfet_06v0:420 vs. GRADIENT_NAV2:_core/GRADIENT2:4/OPAM_LIN:2/sub_diff_2_LIN:2/pfet_06v0:M16:
Property 0.18u)'nrd in circuit2 has no matching property in circuit1
pfet_06v0:420 vs. GRADIENT_NAV2:_core/GRADIENT2:4/OPAM_LIN:2/sub_diff_2_LIN:2/pfet_06v0:M16:
Property 0.18u)'ps in circuit2 has no matching property in circuit1
pfet_06v0:1945 vs. GRADIENT_NAV2:_core/GRADIENT2:1/OPAM_LIN:8/sub_diff_2_LIN:2/pfet_06v0:M16:
Property W'nrs in circuit2 has no matching property in circuit1
pfet_06v0:1945 vs. GRADIENT_NAV2:_core/GRADIENT2:1/OPAM_LIN:8/sub_diff_2_LIN:2/pfet_06v0:M16:
Property 0.18u)'nrd in circuit2 has no matching property in circuit1
pfet_06v0:1945 vs. GRADIENT_NAV2:_core/GRADIENT2:1/OPAM_LIN:8/sub_diff_2_LIN:2/pfet_06v0:M16:
Property 0.18u)'ps in circuit2 has no matching property in circuit1
pfet_06v0:1383 vs. GRADIENT_NAV2:_core/GRADIENT2:2/OPAM_LIN:8/sub_diff_2_LIN:2/pfet_06v0:M16:
Property W'nrs in circuit2 has no matching property in circuit1
pfet_06v0:1383 vs. GRADIENT_NAV2:_core/GRADIENT2:2/OPAM_LIN:8/sub_diff_2_LIN:2/pfet_06v0:M16:
Property 0.18u)'nrd in circuit2 has no matching property in circuit1
pfet_06v0:1383 vs. GRADIENT_NAV2:_core/GRADIENT2:2/OPAM_LIN:8/sub_diff_2_LIN:2/pfet_06v0:M16:
Property 0.18u)'ps in circuit2 has no matching property in circuit1
pfet_06v0:64 vs. GRADIENT_NAV2:_core/GRADIENT2:3/OPAM_LIN:8/sub_diff_2_LIN:2/pfet_06v0:M16:
Property W'nrs in circuit2 has no matching property in circuit1
pfet_06v0:64 vs. GRADIENT_NAV2:_core/GRADIENT2:3/OPAM_LIN:8/sub_diff_2_LIN:2/pfet_06v0:M16:
Property 0.18u)'nrd in circuit2 has no matching property in circuit1
pfet_06v0:64 vs. GRADIENT_NAV2:_core/GRADIENT2:3/OPAM_LIN:8/sub_diff_2_LIN:2/pfet_06v0:M16:
Property 0.18u)'ps in circuit2 has no matching property in circuit1
pfet_06v0:1561 vs. GRADIENT_NAV2:_core/GRADIENT2:4/OPAM_LIN:8/sub_diff_2_LIN:2/pfet_06v0:M16:
Property W'nrs in circuit2 has no matching property in circuit1
pfet_06v0:1561 vs. GRADIENT_NAV2:_core/GRADIENT2:4/OPAM_LIN:8/sub_diff_2_LIN:2/pfet_06v0:M16:
Property 0.18u)'nrd in circuit2 has no matching property in circuit1
pfet_06v0:1561 vs. GRADIENT_NAV2:_core/GRADIENT2:4/OPAM_LIN:8/sub_diff_2_LIN:2/pfet_06v0:M16:
Property 0.18u)'ps in circuit2 has no matching property in circuit1
pfet_06v0:1601 vs. GRADIENT_NAV2:_core/GRADIENT2:1/OPAM_LIN:2/sub_diff_2_LIN:2/pfet_06v0:M29:
Property W'nrs in circuit2 has no matching property in circuit1
pfet_06v0:1601 vs. GRADIENT_NAV2:_core/GRADIENT2:1/OPAM_LIN:2/sub_diff_2_LIN:2/pfet_06v0:M29:
Property 0.18u)'nrd in circuit2 has no matching property in circuit1
pfet_06v0:1601 vs. GRADIENT_NAV2:_core/GRADIENT2:1/OPAM_LIN:2/sub_diff_2_LIN:2/pfet_06v0:M29:
Property 0.18u)'ps in circuit2 has no matching property in circuit1
pfet_06v0:1358 vs. GRADIENT_NAV2:_core/GRADIENT2:4/OPAM_LIN:2/sub_diff_2_LIN:2/pfet_06v0:M29:
Property W'nrs in circuit2 has no matching property in circuit1
pfet_06v0:1358 vs. GRADIENT_NAV2:_core/GRADIENT2:4/OPAM_LIN:2/sub_diff_2_LIN:2/pfet_06v0:M29:
Property 0.18u)'nrd in circuit2 has no matching property in circuit1
pfet_06v0:1358 vs. GRADIENT_NAV2:_core/GRADIENT2:4/OPAM_LIN:2/sub_diff_2_LIN:2/pfet_06v0:M29:
Property 0.18u)'ps in circuit2 has no matching property in circuit1
pfet_06v0:1187 vs. GRADIENT_NAV2:_core/GRADIENT2:3/OPAM_LIN:2/sub_diff_2_LIN:2/pfet_06v0:M29:
Property W'nrs in circuit2 has no matching property in circuit1
pfet_06v0:1187 vs. GRADIENT_NAV2:_core/GRADIENT2:3/OPAM_LIN:2/sub_diff_2_LIN:2/pfet_06v0:M29:
Property 0.18u)'nrd in circuit2 has no matching property in circuit1
pfet_06v0:1187 vs. GRADIENT_NAV2:_core/GRADIENT2:3/OPAM_LIN:2/sub_diff_2_LIN:2/pfet_06v0:M29:
Property 0.18u)'ps in circuit2 has no matching property in circuit1
pfet_06v0:1095 vs. GRADIENT_NAV2:_core/GRADIENT2:2/OPAM_LIN:2/sub_diff_2_LIN:2/pfet_06v0:M29:
Property W'nrs in circuit2 has no matching property in circuit1
pfet_06v0:1095 vs. GRADIENT_NAV2:_core/GRADIENT2:2/OPAM_LIN:2/sub_diff_2_LIN:2/pfet_06v0:M29:
Property 0.18u)'nrd in circuit2 has no matching property in circuit1
pfet_06v0:1095 vs. GRADIENT_NAV2:_core/GRADIENT2:2/OPAM_LIN:2/sub_diff_2_LIN:2/pfet_06v0:M29:
Property 0.18u)'ps in circuit2 has no matching property in circuit1
pfet_06v0:1014 vs. GRADIENT_NAV2:_core/GRADIENT2:4/OPAM_LIN:1/sub_diff_2_LIN:2/pfet_06v0:M29:
Property W'nrs in circuit2 has no matching property in circuit1
pfet_06v0:1014 vs. GRADIENT_NAV2:_core/GRADIENT2:4/OPAM_LIN:1/sub_diff_2_LIN:2/pfet_06v0:M29:
Property 0.18u)'nrd in circuit2 has no matching property in circuit1
pfet_06v0:1014 vs. GRADIENT_NAV2:_core/GRADIENT2:4/OPAM_LIN:1/sub_diff_2_LIN:2/pfet_06v0:M29:
Property 0.18u)'ps in circuit2 has no matching property in circuit1
pfet_06v0:629 vs. GRADIENT_NAV2:_core/GRADIENT2:3/OPAM_LIN:1/sub_diff_2_LIN:2/pfet_06v0:M29:
Property W'nrs in circuit2 has no matching property in circuit1
pfet_06v0:629 vs. GRADIENT_NAV2:_core/GRADIENT2:3/OPAM_LIN:1/sub_diff_2_LIN:2/pfet_06v0:M29:
Property 0.18u)'nrd in circuit2 has no matching property in circuit1
pfet_06v0:629 vs. GRADIENT_NAV2:_core/GRADIENT2:3/OPAM_LIN:1/sub_diff_2_LIN:2/pfet_06v0:M29:
Property 0.18u)'ps in circuit2 has no matching property in circuit1
pfet_06v0:575 vs. GRADIENT_NAV2:_core/GRADIENT2:2/OPAM_LIN:1/sub_diff_2_LIN:2/pfet_06v0:M29:
Property W'nrs in circuit2 has no matching property in circuit1
pfet_06v0:575 vs. GRADIENT_NAV2:_core/GRADIENT2:2/OPAM_LIN:1/sub_diff_2_LIN:2/pfet_06v0:M29:
Property 0.18u)'nrd in circuit2 has no matching property in circuit1
pfet_06v0:575 vs. GRADIENT_NAV2:_core/GRADIENT2:2/OPAM_LIN:1/sub_diff_2_LIN:2/pfet_06v0:M29:
Property 0.18u)'ps in circuit2 has no matching property in circuit1
pfet_06v0:470 vs. GRADIENT_NAV2:_core/GRADIENT2:1/OPAM_LIN:1/sub_diff_2_LIN:2/pfet_06v0:M29:
Property W'nrs in circuit2 has no matching property in circuit1
pfet_06v0:470 vs. GRADIENT_NAV2:_core/GRADIENT2:1/OPAM_LIN:1/sub_diff_2_LIN:2/pfet_06v0:M29:
Property 0.18u)'nrd in circuit2 has no matching property in circuit1
pfet_06v0:470 vs. GRADIENT_NAV2:_core/GRADIENT2:1/OPAM_LIN:1/sub_diff_2_LIN:2/pfet_06v0:M29:
Property 0.18u)'ps in circuit2 has no matching property in circuit1
pfet_06v0:1960 vs. GRADIENT_NAV2:_core/GRADIENT2:1/OPAM_LIN:8/sub_diff_2_LIN:2/pfet_06v0:M29:
Property W'nrs in circuit2 has no matching property in circuit1
pfet_06v0:1960 vs. GRADIENT_NAV2:_core/GRADIENT2:1/OPAM_LIN:8/sub_diff_2_LIN:2/pfet_06v0:M29:
Property 0.18u)'nrd in circuit2 has no matching property in circuit1
pfet_06v0:1960 vs. GRADIENT_NAV2:_core/GRADIENT2:1/OPAM_LIN:8/sub_diff_2_LIN:2/pfet_06v0:M29:
Property 0.18u)'ps in circuit2 has no matching property in circuit1
pfet_06v0:1929 vs. GRADIENT_NAV2:_core/GRADIENT2:4/OPAM_LIN:8/sub_diff_2_LIN:2/pfet_06v0:M29:
Property W'nrs in circuit2 has no matching property in circuit1
pfet_06v0:1929 vs. GRADIENT_NAV2:_core/GRADIENT2:4/OPAM_LIN:8/sub_diff_2_LIN:2/pfet_06v0:M29:
Property 0.18u)'nrd in circuit2 has no matching property in circuit1
pfet_06v0:1929 vs. GRADIENT_NAV2:_core/GRADIENT2:4/OPAM_LIN:8/sub_diff_2_LIN:2/pfet_06v0:M29:
Property 0.18u)'ps in circuit2 has no matching property in circuit1
pfet_06v0:1843 vs. GRADIENT_NAV2:_core/GRADIENT2:3/OPAM_LIN:8/sub_diff_2_LIN:2/pfet_06v0:M29:
Property W'nrs in circuit2 has no matching property in circuit1
pfet_06v0:1843 vs. GRADIENT_NAV2:_core/GRADIENT2:3/OPAM_LIN:8/sub_diff_2_LIN:2/pfet_06v0:M29:
Property 0.18u)'nrd in circuit2 has no matching property in circuit1
pfet_06v0:1843 vs. GRADIENT_NAV2:_core/GRADIENT2:3/OPAM_LIN:8/sub_diff_2_LIN:2/pfet_06v0:M29:
Property 0.18u)'ps in circuit2 has no matching property in circuit1
pfet_06v0:240 vs. GRADIENT_NAV2:_core/GRADIENT2:2/OPAM_LIN:8/sub_diff_2_LIN:2/pfet_06v0:M29:
Property W'nrs in circuit2 has no matching property in circuit1
pfet_06v0:240 vs. GRADIENT_NAV2:_core/GRADIENT2:2/OPAM_LIN:8/sub_diff_2_LIN:2/pfet_06v0:M29:
Property 0.18u)'nrd in circuit2 has no matching property in circuit1
pfet_06v0:240 vs. GRADIENT_NAV2:_core/GRADIENT2:2/OPAM_LIN:8/sub_diff_2_LIN:2/pfet_06v0:M29:
Property 0.18u)'ps in circuit2 has no matching property in circuit1
pfet_06v0:1628 vs. GRADIENT_NAV2:_core/GRADIENT2:3/COMP:5/sub_diff:2/pfet_06v0:M29:
Property W'nrs in circuit2 has no matching property in circuit1
pfet_06v0:1628 vs. GRADIENT_NAV2:_core/GRADIENT2:3/COMP:5/sub_diff:2/pfet_06v0:M29:
Property 0.18u)'nrd in circuit2 has no matching property in circuit1
pfet_06v0:1628 vs. GRADIENT_NAV2:_core/GRADIENT2:3/COMP:5/sub_diff:2/pfet_06v0:M29:
Property 0.18u)'ps in circuit2 has no matching property in circuit1
pfet_06v0:743 vs. GRADIENT_NAV2:_core/GRADIENT2:1/COMP:5/sub_diff:2/pfet_06v0:M29:
Property W'nrs in circuit2 has no matching property in circuit1
pfet_06v0:743 vs. GRADIENT_NAV2:_core/GRADIENT2:1/COMP:5/sub_diff:2/pfet_06v0:M29:
Property 0.18u)'nrd in circuit2 has no matching property in circuit1
pfet_06v0:743 vs. GRADIENT_NAV2:_core/GRADIENT2:1/COMP:5/sub_diff:2/pfet_06v0:M29:
Property 0.18u)'ps in circuit2 has no matching property in circuit1
pfet_06v0:656 vs. GRADIENT_NAV2:_core/GRADIENT2:2/COMP:5/sub_diff:2/pfet_06v0:M29:
Property W'nrs in circuit2 has no matching property in circuit1
pfet_06v0:656 vs. GRADIENT_NAV2:_core/GRADIENT2:2/COMP:5/sub_diff:2/pfet_06v0:M29:
Property 0.18u)'nrd in circuit2 has no matching property in circuit1
pfet_06v0:656 vs. GRADIENT_NAV2:_core/GRADIENT2:2/COMP:5/sub_diff:2/pfet_06v0:M29:
Property 0.18u)'ps in circuit2 has no matching property in circuit1
pfet_06v0:50 vs. GRADIENT_NAV2:_core/GRADIENT2:4/COMP:5/sub_diff:2/pfet_06v0:M29:
Property W'nrs in circuit2 has no matching property in circuit1
pfet_06v0:50 vs. GRADIENT_NAV2:_core/GRADIENT2:4/COMP:5/sub_diff:2/pfet_06v0:M29:
Property 0.18u)'nrd in circuit2 has no matching property in circuit1
pfet_06v0:50 vs. GRADIENT_NAV2:_core/GRADIENT2:4/COMP:5/sub_diff:2/pfet_06v0:M29:
Property 0.18u)'ps in circuit2 has no matching property in circuit1
pfet_06v0:1347 vs. GRADIENT_NAV2:_core/GRADIENT2:4/COMP:4/sub_diff:2/pfet_06v0:M29:
Property W'nrs in circuit2 has no matching property in circuit1
pfet_06v0:1347 vs. GRADIENT_NAV2:_core/GRADIENT2:4/COMP:4/sub_diff:2/pfet_06v0:M29:
Property 0.18u)'nrd in circuit2 has no matching property in circuit1
pfet_06v0:1347 vs. GRADIENT_NAV2:_core/GRADIENT2:4/COMP:4/sub_diff:2/pfet_06v0:M29:
Property 0.18u)'ps in circuit2 has no matching property in circuit1
pfet_06v0:977 vs. GRADIENT_NAV2:_core/GRADIENT2:3/COMP:4/sub_diff:2/pfet_06v0:M29:
Property W'nrs in circuit2 has no matching property in circuit1
pfet_06v0:977 vs. GRADIENT_NAV2:_core/GRADIENT2:3/COMP:4/sub_diff:2/pfet_06v0:M29:
Property 0.18u)'nrd in circuit2 has no matching property in circuit1
pfet_06v0:977 vs. GRADIENT_NAV2:_core/GRADIENT2:3/COMP:4/sub_diff:2/pfet_06v0:M29:
Property 0.18u)'ps in circuit2 has no matching property in circuit1
pfet_06v0:59 vs. GRADIENT_NAV2:_core/GRADIENT2:1/COMP:4/sub_diff:2/pfet_06v0:M29:
Property W'nrs in circuit2 has no matching property in circuit1
pfet_06v0:59 vs. GRADIENT_NAV2:_core/GRADIENT2:1/COMP:4/sub_diff:2/pfet_06v0:M29:
Property 0.18u)'nrd in circuit2 has no matching property in circuit1
pfet_06v0:59 vs. GRADIENT_NAV2:_core/GRADIENT2:1/COMP:4/sub_diff:2/pfet_06v0:M29:
Property 0.18u)'ps in circuit2 has no matching property in circuit1
pfet_06v0:45 vs. GRADIENT_NAV2:_core/GRADIENT2:2/COMP:4/sub_diff:2/pfet_06v0:M29:
Property W'nrs in circuit2 has no matching property in circuit1
pfet_06v0:45 vs. GRADIENT_NAV2:_core/GRADIENT2:2/COMP:4/sub_diff:2/pfet_06v0:M29:
Property 0.18u)'nrd in circuit2 has no matching property in circuit1
pfet_06v0:45 vs. GRADIENT_NAV2:_core/GRADIENT2:2/COMP:4/sub_diff:2/pfet_06v0:M29:
Property 0.18u)'ps in circuit2 has no matching property in circuit1
pfet_06v0:889 vs. GRADIENT_NAV2:_core/GRADIENT2:1/COMP:6/sub_diff:2/pfet_06v0:M29:
Property W'nrs in circuit2 has no matching property in circuit1
pfet_06v0:889 vs. GRADIENT_NAV2:_core/GRADIENT2:1/COMP:6/sub_diff:2/pfet_06v0:M29:
Property 0.18u)'nrd in circuit2 has no matching property in circuit1
pfet_06v0:889 vs. GRADIENT_NAV2:_core/GRADIENT2:1/COMP:6/sub_diff:2/pfet_06v0:M29:
Property 0.18u)'ps in circuit2 has no matching property in circuit1
pfet_06v0:803 vs. GRADIENT_NAV2:_core/GRADIENT2:2/COMP:6/sub_diff:2/pfet_06v0:M29:
Property W'nrs in circuit2 has no matching property in circuit1
pfet_06v0:803 vs. GRADIENT_NAV2:_core/GRADIENT2:2/COMP:6/sub_diff:2/pfet_06v0:M29:
Property 0.18u)'nrd in circuit2 has no matching property in circuit1
pfet_06v0:803 vs. GRADIENT_NAV2:_core/GRADIENT2:2/COMP:6/sub_diff:2/pfet_06v0:M29:
Property 0.18u)'ps in circuit2 has no matching property in circuit1
pfet_06v0:399 vs. GRADIENT_NAV2:_core/GRADIENT2:3/COMP:6/sub_diff:2/pfet_06v0:M29:
Property W'nrs in circuit2 has no matching property in circuit1
pfet_06v0:399 vs. GRADIENT_NAV2:_core/GRADIENT2:3/COMP:6/sub_diff:2/pfet_06v0:M29:
Property 0.18u)'nrd in circuit2 has no matching property in circuit1
pfet_06v0:399 vs. GRADIENT_NAV2:_core/GRADIENT2:3/COMP:6/sub_diff:2/pfet_06v0:M29:
Property 0.18u)'ps in circuit2 has no matching property in circuit1
pfet_06v0:184 vs. GRADIENT_NAV2:_core/GRADIENT2:4/COMP:6/sub_diff:2/pfet_06v0:M29:
Property W'nrs in circuit2 has no matching property in circuit1
pfet_06v0:184 vs. GRADIENT_NAV2:_core/GRADIENT2:4/COMP:6/sub_diff:2/pfet_06v0:M29:
Property 0.18u)'nrd in circuit2 has no matching property in circuit1
pfet_06v0:184 vs. GRADIENT_NAV2:_core/GRADIENT2:4/COMP:6/sub_diff:2/pfet_06v0:M29:
Property 0.18u)'ps in circuit2 has no matching property in circuit1
pfet_06v0:1586 vs. GRADIENT_NAV2:_core/GRADIENT2:2/OPAM_LIN:8/sub_diff_2_LIN:2/pfet_06v0:M30:
Property W'nrs in circuit2 has no matching property in circuit1
pfet_06v0:1586 vs. GRADIENT_NAV2:_core/GRADIENT2:2/OPAM_LIN:8/sub_diff_2_LIN:2/pfet_06v0:M30:
Property 0.18u)'nrd in circuit2 has no matching property in circuit1
pfet_06v0:1586 vs. GRADIENT_NAV2:_core/GRADIENT2:2/OPAM_LIN:8/sub_diff_2_LIN:2/pfet_06v0:M30:
Property 0.18u)'ps in circuit2 has no matching property in circuit1
pfet_06v0:1313 vs. GRADIENT_NAV2:_core/GRADIENT2:1/OPAM_LIN:8/sub_diff_2_LIN:2/pfet_06v0:M30:
Property W'nrs in circuit2 has no matching property in circuit1
pfet_06v0:1313 vs. GRADIENT_NAV2:_core/GRADIENT2:1/OPAM_LIN:8/sub_diff_2_LIN:2/pfet_06v0:M30:
Property 0.18u)'nrd in circuit2 has no matching property in circuit1
pfet_06v0:1313 vs. GRADIENT_NAV2:_core/GRADIENT2:1/OPAM_LIN:8/sub_diff_2_LIN:2/pfet_06v0:M30:
Property 0.18u)'ps in circuit2 has no matching property in circuit1
pfet_06v0:1285 vs. GRADIENT_NAV2:_core/GRADIENT2:4/OPAM_LIN:8/sub_diff_2_LIN:2/pfet_06v0:M30:
Property W'nrs in circuit2 has no matching property in circuit1
pfet_06v0:1285 vs. GRADIENT_NAV2:_core/GRADIENT2:4/OPAM_LIN:8/sub_diff_2_LIN:2/pfet_06v0:M30:
Property 0.18u)'nrd in circuit2 has no matching property in circuit1
pfet_06v0:1285 vs. GRADIENT_NAV2:_core/GRADIENT2:4/OPAM_LIN:8/sub_diff_2_LIN:2/pfet_06v0:M30:
Property 0.18u)'ps in circuit2 has no matching property in circuit1
pfet_06v0:334 vs. GRADIENT_NAV2:_core/GRADIENT2:3/OPAM_LIN:8/sub_diff_2_LIN:2/pfet_06v0:M30:
Property W'nrs in circuit2 has no matching property in circuit1
pfet_06v0:334 vs. GRADIENT_NAV2:_core/GRADIENT2:3/OPAM_LIN:8/sub_diff_2_LIN:2/pfet_06v0:M30:
Property 0.18u)'nrd in circuit2 has no matching property in circuit1
pfet_06v0:334 vs. GRADIENT_NAV2:_core/GRADIENT2:3/OPAM_LIN:8/sub_diff_2_LIN:2/pfet_06v0:M30:
Property 0.18u)'ps in circuit2 has no matching property in circuit1
pfet_06v0:1936 vs. GRADIENT_NAV2:_core/GRADIENT2:3/OPAM_LIN:1/sub_diff_2_LIN:2/pfet_06v0:M30:
Property W'nrs in circuit2 has no matching property in circuit1
pfet_06v0:1936 vs. GRADIENT_NAV2:_core/GRADIENT2:3/OPAM_LIN:1/sub_diff_2_LIN:2/pfet_06v0:M30:
Property 0.18u)'nrd in circuit2 has no matching property in circuit1
pfet_06v0:1936 vs. GRADIENT_NAV2:_core/GRADIENT2:3/OPAM_LIN:1/sub_diff_2_LIN:2/pfet_06v0:M30:
Property 0.18u)'ps in circuit2 has no matching property in circuit1
pfet_06v0:1882 vs. GRADIENT_NAV2:_core/GRADIENT2:2/OPAM_LIN:1/sub_diff_2_LIN:2/pfet_06v0:M30:
Property W'nrs in circuit2 has no matching property in circuit1
pfet_06v0:1882 vs. GRADIENT_NAV2:_core/GRADIENT2:2/OPAM_LIN:1/sub_diff_2_LIN:2/pfet_06v0:M30:
Property 0.18u)'nrd in circuit2 has no matching property in circuit1
pfet_06v0:1882 vs. GRADIENT_NAV2:_core/GRADIENT2:2/OPAM_LIN:1/sub_diff_2_LIN:2/pfet_06v0:M30:
Property 0.18u)'ps in circuit2 has no matching property in circuit1
pfet_06v0:961 vs. GRADIENT_NAV2:_core/GRADIENT2:1/OPAM_LIN:1/sub_diff_2_LIN:2/pfet_06v0:M30:
Property W'nrs in circuit2 has no matching property in circuit1
pfet_06v0:961 vs. GRADIENT_NAV2:_core/GRADIENT2:1/OPAM_LIN:1/sub_diff_2_LIN:2/pfet_06v0:M30:
Property 0.18u)'nrd in circuit2 has no matching property in circuit1
pfet_06v0:961 vs. GRADIENT_NAV2:_core/GRADIENT2:1/OPAM_LIN:1/sub_diff_2_LIN:2/pfet_06v0:M30:
Property 0.18u)'ps in circuit2 has no matching property in circuit1
pfet_06v0:348 vs. GRADIENT_NAV2:_core/GRADIENT2:4/OPAM_LIN:1/sub_diff_2_LIN:2/pfet_06v0:M30:
Property W'nrs in circuit2 has no matching property in circuit1
pfet_06v0:348 vs. GRADIENT_NAV2:_core/GRADIENT2:4/OPAM_LIN:1/sub_diff_2_LIN:2/pfet_06v0:M30:
Property 0.18u)'nrd in circuit2 has no matching property in circuit1
pfet_06v0:348 vs. GRADIENT_NAV2:_core/GRADIENT2:4/OPAM_LIN:1/sub_diff_2_LIN:2/pfet_06v0:M30:
Property 0.18u)'ps in circuit2 has no matching property in circuit1
pfet_06v0:1574 vs. GRADIENT_NAV2:_core/GRADIENT2:2/OPAM_LIN:2/sub_diff_2_LIN:2/pfet_06v0:M30:
Property W'nrs in circuit2 has no matching property in circuit1
pfet_06v0:1574 vs. GRADIENT_NAV2:_core/GRADIENT2:2/OPAM_LIN:2/sub_diff_2_LIN:2/pfet_06v0:M30:
Property 0.18u)'nrd in circuit2 has no matching property in circuit1
pfet_06v0:1574 vs. GRADIENT_NAV2:_core/GRADIENT2:2/OPAM_LIN:2/sub_diff_2_LIN:2/pfet_06v0:M30:
Property 0.18u)'ps in circuit2 has no matching property in circuit1
pfet_06v0:973 vs. GRADIENT_NAV2:_core/GRADIENT2:1/OPAM_LIN:2/sub_diff_2_LIN:2/pfet_06v0:M30:
Property W'nrs in circuit2 has no matching property in circuit1
pfet_06v0:973 vs. GRADIENT_NAV2:_core/GRADIENT2:1/OPAM_LIN:2/sub_diff_2_LIN:2/pfet_06v0:M30:
Property 0.18u)'nrd in circuit2 has no matching property in circuit1
pfet_06v0:973 vs. GRADIENT_NAV2:_core/GRADIENT2:1/OPAM_LIN:2/sub_diff_2_LIN:2/pfet_06v0:M30:
Property 0.18u)'ps in circuit2 has no matching property in circuit1
pfet_06v0:719 vs. GRADIENT_NAV2:_core/GRADIENT2:4/OPAM_LIN:2/sub_diff_2_LIN:2/pfet_06v0:M30:
Property W'nrs in circuit2 has no matching property in circuit1
pfet_06v0:719 vs. GRADIENT_NAV2:_core/GRADIENT2:4/OPAM_LIN:2/sub_diff_2_LIN:2/pfet_06v0:M30:
Property 0.18u)'nrd in circuit2 has no matching property in circuit1
pfet_06v0:719 vs. GRADIENT_NAV2:_core/GRADIENT2:4/OPAM_LIN:2/sub_diff_2_LIN:2/pfet_06v0:M30:
Property 0.18u)'ps in circuit2 has no matching property in circuit1
pfet_06v0:548 vs. GRADIENT_NAV2:_core/GRADIENT2:3/OPAM_LIN:2/sub_diff_2_LIN:2/pfet_06v0:M30:
Property W'nrs in circuit2 has no matching property in circuit1
pfet_06v0:548 vs. GRADIENT_NAV2:_core/GRADIENT2:3/OPAM_LIN:2/sub_diff_2_LIN:2/pfet_06v0:M30:
Property 0.18u)'nrd in circuit2 has no matching property in circuit1
pfet_06v0:548 vs. GRADIENT_NAV2:_core/GRADIENT2:3/OPAM_LIN:2/sub_diff_2_LIN:2/pfet_06v0:M30:
Property 0.18u)'ps in circuit2 has no matching property in circuit1
pfet_06v0:876 vs. GRADIENT_NAV2:_core/GRADIENT2:2/OPAM_LIN:8/sub_diff_2_LIN:2/pfet_06v0:M31:
Property W'nrs in circuit2 has no matching property in circuit1
pfet_06v0:876 vs. GRADIENT_NAV2:_core/GRADIENT2:2/OPAM_LIN:8/sub_diff_2_LIN:2/pfet_06v0:M31:
Property 0.18u)'nrd in circuit2 has no matching property in circuit1
pfet_06v0:876 vs. GRADIENT_NAV2:_core/GRADIENT2:2/OPAM_LIN:8/sub_diff_2_LIN:2/pfet_06v0:M31:
Property 0.18u)'ps in circuit2 has no matching property in circuit1
pfet_06v0:778 vs. GRADIENT_NAV2:_core/GRADIENT2:4/OPAM_LIN:8/sub_diff_2_LIN:2/pfet_06v0:M31:
Property W'nrs in circuit2 has no matching property in circuit1
pfet_06v0:778 vs. GRADIENT_NAV2:_core/GRADIENT2:4/OPAM_LIN:8/sub_diff_2_LIN:2/pfet_06v0:M31:
Property 0.18u)'nrd in circuit2 has no matching property in circuit1
pfet_06v0:778 vs. GRADIENT_NAV2:_core/GRADIENT2:4/OPAM_LIN:8/sub_diff_2_LIN:2/pfet_06v0:M31:
Property 0.18u)'ps in circuit2 has no matching property in circuit1
pfet_06v0:693 vs. GRADIENT_NAV2:_core/GRADIENT2:3/OPAM_LIN:8/sub_diff_2_LIN:2/pfet_06v0:M31:
Property W'nrs in circuit2 has no matching property in circuit1
pfet_06v0:693 vs. GRADIENT_NAV2:_core/GRADIENT2:3/OPAM_LIN:8/sub_diff_2_LIN:2/pfet_06v0:M31:
Property 0.18u)'nrd in circuit2 has no matching property in circuit1
pfet_06v0:693 vs. GRADIENT_NAV2:_core/GRADIENT2:3/OPAM_LIN:8/sub_diff_2_LIN:2/pfet_06v0:M31:
Property 0.18u)'ps in circuit2 has no matching property in circuit1
pfet_06v0:607 vs. GRADIENT_NAV2:_core/GRADIENT2:1/OPAM_LIN:8/sub_diff_2_LIN:2/pfet_06v0:M31:
Property W'nrs in circuit2 has no matching property in circuit1
pfet_06v0:607 vs. GRADIENT_NAV2:_core/GRADIENT2:1/OPAM_LIN:8/sub_diff_2_LIN:2/pfet_06v0:M31:
Property 0.18u)'nrd in circuit2 has no matching property in circuit1
pfet_06v0:607 vs. GRADIENT_NAV2:_core/GRADIENT2:1/OPAM_LIN:8/sub_diff_2_LIN:2/pfet_06v0:M31:
Property 0.18u)'ps in circuit2 has no matching property in circuit1
pfet_06v0:1043 vs. GRADIENT_NAV2:_core/GRADIENT2:4/OPAM_LIN:2/sub_diff_2_LIN:2/pfet_06v0:M31:
Property W'nrs in circuit2 has no matching property in circuit1
pfet_06v0:1043 vs. GRADIENT_NAV2:_core/GRADIENT2:4/OPAM_LIN:2/sub_diff_2_LIN:2/pfet_06v0:M31:
Property 0.18u)'nrd in circuit2 has no matching property in circuit1
pfet_06v0:1043 vs. GRADIENT_NAV2:_core/GRADIENT2:4/OPAM_LIN:2/sub_diff_2_LIN:2/pfet_06v0:M31:
Property 0.18u)'ps in circuit2 has no matching property in circuit1
pfet_06v0:966 vs. GRADIENT_NAV2:_core/GRADIENT2:3/OPAM_LIN:2/sub_diff_2_LIN:2/pfet_06v0:M31:
Property W'nrs in circuit2 has no matching property in circuit1
pfet_06v0:966 vs. GRADIENT_NAV2:_core/GRADIENT2:3/OPAM_LIN:2/sub_diff_2_LIN:2/pfet_06v0:M31:
Property 0.18u)'nrd in circuit2 has no matching property in circuit1
pfet_06v0:966 vs. GRADIENT_NAV2:_core/GRADIENT2:3/OPAM_LIN:2/sub_diff_2_LIN:2/pfet_06v0:M31:
Property 0.18u)'ps in circuit2 has no matching property in circuit1
pfet_06v0:867 vs. GRADIENT_NAV2:_core/GRADIENT2:2/OPAM_LIN:2/sub_diff_2_LIN:2/pfet_06v0:M31:
Property W'nrs in circuit2 has no matching property in circuit1
pfet_06v0:867 vs. GRADIENT_NAV2:_core/GRADIENT2:2/OPAM_LIN:2/sub_diff_2_LIN:2/pfet_06v0:M31:
Property 0.18u)'nrd in circuit2 has no matching property in circuit1
pfet_06v0:867 vs. GRADIENT_NAV2:_core/GRADIENT2:2/OPAM_LIN:2/sub_diff_2_LIN:2/pfet_06v0:M31:
Property 0.18u)'ps in circuit2 has no matching property in circuit1
pfet_06v0:222 vs. GRADIENT_NAV2:_core/GRADIENT2:1/OPAM_LIN:2/sub_diff_2_LIN:2/pfet_06v0:M31:
Property W'nrs in circuit2 has no matching property in circuit1
pfet_06v0:222 vs. GRADIENT_NAV2:_core/GRADIENT2:1/OPAM_LIN:2/sub_diff_2_LIN:2/pfet_06v0:M31:
Property 0.18u)'nrd in circuit2 has no matching property in circuit1
pfet_06v0:222 vs. GRADIENT_NAV2:_core/GRADIENT2:1/OPAM_LIN:2/sub_diff_2_LIN:2/pfet_06v0:M31:
Property 0.18u)'ps in circuit2 has no matching property in circuit1
pfet_06v0:1223 vs. GRADIENT_NAV2:_core/GRADIENT2:3/OPAM_LIN:1/sub_diff_2_LIN:2/pfet_06v0:M31:
Property W'nrs in circuit2 has no matching property in circuit1
pfet_06v0:1223 vs. GRADIENT_NAV2:_core/GRADIENT2:3/OPAM_LIN:1/sub_diff_2_LIN:2/pfet_06v0:M31:
Property 0.18u)'nrd in circuit2 has no matching property in circuit1
pfet_06v0:1223 vs. GRADIENT_NAV2:_core/GRADIENT2:3/OPAM_LIN:1/sub_diff_2_LIN:2/pfet_06v0:M31:
Property 0.18u)'ps in circuit2 has no matching property in circuit1
pfet_06v0:708 vs. GRADIENT_NAV2:_core/GRADIENT2:4/OPAM_LIN:1/sub_diff_2_LIN:2/pfet_06v0:M31:
Property W'nrs in circuit2 has no matching property in circuit1
pfet_06v0:708 vs. GRADIENT_NAV2:_core/GRADIENT2:4/OPAM_LIN:1/sub_diff_2_LIN:2/pfet_06v0:M31:
Property 0.18u)'nrd in circuit2 has no matching property in circuit1
pfet_06v0:708 vs. GRADIENT_NAV2:_core/GRADIENT2:4/OPAM_LIN:1/sub_diff_2_LIN:2/pfet_06v0:M31:
Property 0.18u)'ps in circuit2 has no matching property in circuit1
pfet_06v0:306 vs. GRADIENT_NAV2:_core/GRADIENT2:2/OPAM_LIN:1/sub_diff_2_LIN:2/pfet_06v0:M31:
Property W'nrs in circuit2 has no matching property in circuit1
pfet_06v0:306 vs. GRADIENT_NAV2:_core/GRADIENT2:2/OPAM_LIN:1/sub_diff_2_LIN:2/pfet_06v0:M31:
Property 0.18u)'nrd in circuit2 has no matching property in circuit1
pfet_06v0:306 vs. GRADIENT_NAV2:_core/GRADIENT2:2/OPAM_LIN:1/sub_diff_2_LIN:2/pfet_06v0:M31:
Property 0.18u)'ps in circuit2 has no matching property in circuit1
pfet_06v0:212 vs. GRADIENT_NAV2:_core/GRADIENT2:1/OPAM_LIN:1/sub_diff_2_LIN:2/pfet_06v0:M31:
Property W'nrs in circuit2 has no matching property in circuit1
pfet_06v0:212 vs. GRADIENT_NAV2:_core/GRADIENT2:1/OPAM_LIN:1/sub_diff_2_LIN:2/pfet_06v0:M31:
Property 0.18u)'nrd in circuit2 has no matching property in circuit1
pfet_06v0:212 vs. GRADIENT_NAV2:_core/GRADIENT2:1/OPAM_LIN:1/sub_diff_2_LIN:2/pfet_06v0:M31:
Property 0.18u)'ps in circuit2 has no matching property in circuit1
pfet_06v0:1920 vs. GRADIENT_NAV2:_core/GRADIENT2:3/DECODER:7/yGates:2/andGate:3/pfet_06v0:M4:
Property W'nrs in circuit2 has no matching property in circuit1
pfet_06v0:1920 vs. GRADIENT_NAV2:_core/GRADIENT2:3/DECODER:7/yGates:2/andGate:3/pfet_06v0:M4:
Property 0.18u)'nrd in circuit2 has no matching property in circuit1
pfet_06v0:1920 vs. GRADIENT_NAV2:_core/GRADIENT2:3/DECODER:7/yGates:2/andGate:3/pfet_06v0:M4:
Property 0.18u)'ps in circuit2 has no matching property in circuit1
pfet_06v0:936 vs. GRADIENT_NAV2:_core/GRADIENT2:2/DECODER:7/yGates:2/andGate:3/pfet_06v0:M4:
Property W'nrs in circuit2 has no matching property in circuit1
pfet_06v0:936 vs. GRADIENT_NAV2:_core/GRADIENT2:2/DECODER:7/yGates:2/andGate:3/pfet_06v0:M4:
Property 0.18u)'nrd in circuit2 has no matching property in circuit1
pfet_06v0:936 vs. GRADIENT_NAV2:_core/GRADIENT2:2/DECODER:7/yGates:2/andGate:3/pfet_06v0:M4:
Property 0.18u)'ps in circuit2 has no matching property in circuit1
pfet_06v0:557 vs. GRADIENT_NAV2:_core/GRADIENT2:1/DECODER:7/yGates:2/andGate:3/pfet_06v0:M4:
Property W'nrs in circuit2 has no matching property in circuit1
pfet_06v0:557 vs. GRADIENT_NAV2:_core/GRADIENT2:1/DECODER:7/yGates:2/andGate:3/pfet_06v0:M4:
Property 0.18u)'nrd in circuit2 has no matching property in circuit1
pfet_06v0:557 vs. GRADIENT_NAV2:_core/GRADIENT2:1/DECODER:7/yGates:2/andGate:3/pfet_06v0:M4:
Property 0.18u)'ps in circuit2 has no matching property in circuit1
pfet_06v0:160 vs. GRADIENT_NAV2:_core/GRADIENT2:4/DECODER:7/yGates:2/andGate:3/pfet_06v0:M4:
Property W'nrs in circuit2 has no matching property in circuit1
pfet_06v0:160 vs. GRADIENT_NAV2:_core/GRADIENT2:4/DECODER:7/yGates:2/andGate:3/pfet_06v0:M4:
Property 0.18u)'nrd in circuit2 has no matching property in circuit1
pfet_06v0:160 vs. GRADIENT_NAV2:_core/GRADIENT2:4/DECODER:7/yGates:2/andGate:3/pfet_06v0:M4:
Property 0.18u)'ps in circuit2 has no matching property in circuit1
pfet_06v0:1464 vs. GRADIENT_NAV2:_core/GRADIENT2:3/DECODER:7/xGates:3/andGate:2/pfet_06v0:M4:
Property W'nrs in circuit2 has no matching property in circuit1
pfet_06v0:1464 vs. GRADIENT_NAV2:_core/GRADIENT2:3/DECODER:7/xGates:3/andGate:2/pfet_06v0:M4:
Property 0.18u)'nrd in circuit2 has no matching property in circuit1
pfet_06v0:1464 vs. GRADIENT_NAV2:_core/GRADIENT2:3/DECODER:7/xGates:3/andGate:2/pfet_06v0:M4:
Property 0.18u)'ps in circuit2 has no matching property in circuit1
pfet_06v0:477 vs. GRADIENT_NAV2:_core/GRADIENT2:2/DECODER:7/xGates:3/andGate:2/pfet_06v0:M4:
Property W'nrs in circuit2 has no matching property in circuit1
pfet_06v0:477 vs. GRADIENT_NAV2:_core/GRADIENT2:2/DECODER:7/xGates:3/andGate:2/pfet_06v0:M4:
Property 0.18u)'nrd in circuit2 has no matching property in circuit1
pfet_06v0:477 vs. GRADIENT_NAV2:_core/GRADIENT2:2/DECODER:7/xGates:3/andGate:2/pfet_06v0:M4:
Property 0.18u)'ps in circuit2 has no matching property in circuit1
pfet_06v0:267 vs. GRADIENT_NAV2:_core/GRADIENT2:4/DECODER:7/xGates:3/andGate:2/pfet_06v0:M4:
Property W'nrs in circuit2 has no matching property in circuit1
pfet_06v0:267 vs. GRADIENT_NAV2:_core/GRADIENT2:4/DECODER:7/xGates:3/andGate:2/pfet_06v0:M4:
Property 0.18u)'nrd in circuit2 has no matching property in circuit1
pfet_06v0:267 vs. GRADIENT_NAV2:_core/GRADIENT2:4/DECODER:7/xGates:3/andGate:2/pfet_06v0:M4:
Property 0.18u)'ps in circuit2 has no matching property in circuit1
pfet_06v0:87 vs. GRADIENT_NAV2:_core/GRADIENT2:1/DECODER:7/xGates:3/andGate:2/pfet_06v0:M4:
Property W'nrs in circuit2 has no matching property in circuit1
pfet_06v0:87 vs. GRADIENT_NAV2:_core/GRADIENT2:1/DECODER:7/xGates:3/andGate:2/pfet_06v0:M4:
Property 0.18u)'nrd in circuit2 has no matching property in circuit1
pfet_06v0:87 vs. GRADIENT_NAV2:_core/GRADIENT2:1/DECODER:7/xGates:3/andGate:2/pfet_06v0:M4:
Property 0.18u)'ps in circuit2 has no matching property in circuit1
pfet_06v0:1246 vs. GRADIENT_NAV2:_core/GRADIENT2:1/COMP:4/sub_diff:2/pfet_06v0:M31:
Property W'nrs in circuit2 has no matching property in circuit1
pfet_06v0:1246 vs. GRADIENT_NAV2:_core/GRADIENT2:1/COMP:4/sub_diff:2/pfet_06v0:M31:
Property 0.18u)'nrd in circuit2 has no matching property in circuit1
pfet_06v0:1246 vs. GRADIENT_NAV2:_core/GRADIENT2:1/COMP:4/sub_diff:2/pfet_06v0:M31:
Property 0.18u)'ps in circuit2 has no matching property in circuit1
pfet_06v0:1151 vs. GRADIENT_NAV2:_core/GRADIENT2:2/COMP:4/sub_diff:2/pfet_06v0:M31:
Property W'nrs in circuit2 has no matching property in circuit1
pfet_06v0:1151 vs. GRADIENT_NAV2:_core/GRADIENT2:2/COMP:4/sub_diff:2/pfet_06v0:M31:
Property 0.18u)'nrd in circuit2 has no matching property in circuit1
pfet_06v0:1151 vs. GRADIENT_NAV2:_core/GRADIENT2:2/COMP:4/sub_diff:2/pfet_06v0:M31:
Property 0.18u)'ps in circuit2 has no matching property in circuit1
pfet_06v0:574 vs. GRADIENT_NAV2:_core/GRADIENT2:4/COMP:4/sub_diff:2/pfet_06v0:M31:
Property W'nrs in circuit2 has no matching property in circuit1
pfet_06v0:574 vs. GRADIENT_NAV2:_core/GRADIENT2:4/COMP:4/sub_diff:2/pfet_06v0:M31:
Property 0.18u)'nrd in circuit2 has no matching property in circuit1
pfet_06v0:574 vs. GRADIENT_NAV2:_core/GRADIENT2:4/COMP:4/sub_diff:2/pfet_06v0:M31:
Property 0.18u)'ps in circuit2 has no matching property in circuit1
pfet_06v0:158 vs. GRADIENT_NAV2:_core/GRADIENT2:3/COMP:4/sub_diff:2/pfet_06v0:M31:
Property W'nrs in circuit2 has no matching property in circuit1
pfet_06v0:158 vs. GRADIENT_NAV2:_core/GRADIENT2:3/COMP:4/sub_diff:2/pfet_06v0:M31:
Property 0.18u)'nrd in circuit2 has no matching property in circuit1
pfet_06v0:158 vs. GRADIENT_NAV2:_core/GRADIENT2:3/COMP:4/sub_diff:2/pfet_06v0:M31:
Property 0.18u)'ps in circuit2 has no matching property in circuit1
pfet_06v0:1091 vs. GRADIENT_NAV2:_core/GRADIENT2:1/COMP:5/sub_diff:2/pfet_06v0:M31:
Property W'nrs in circuit2 has no matching property in circuit1
pfet_06v0:1091 vs. GRADIENT_NAV2:_core/GRADIENT2:1/COMP:5/sub_diff:2/pfet_06v0:M31:
Property 0.18u)'nrd in circuit2 has no matching property in circuit1
pfet_06v0:1091 vs. GRADIENT_NAV2:_core/GRADIENT2:1/COMP:5/sub_diff:2/pfet_06v0:M31:
Property 0.18u)'ps in circuit2 has no matching property in circuit1
pfet_06v0:1010 vs. GRADIENT_NAV2:_core/GRADIENT2:2/COMP:5/sub_diff:2/pfet_06v0:M31:
Property W'nrs in circuit2 has no matching property in circuit1
pfet_06v0:1010 vs. GRADIENT_NAV2:_core/GRADIENT2:2/COMP:5/sub_diff:2/pfet_06v0:M31:
Property 0.18u)'nrd in circuit2 has no matching property in circuit1
pfet_06v0:1010 vs. GRADIENT_NAV2:_core/GRADIENT2:2/COMP:5/sub_diff:2/pfet_06v0:M31:
Property 0.18u)'ps in circuit2 has no matching property in circuit1
pfet_06v0:384 vs. GRADIENT_NAV2:_core/GRADIENT2:4/COMP:5/sub_diff:2/pfet_06v0:M31:
Property W'nrs in circuit2 has no matching property in circuit1
pfet_06v0:384 vs. GRADIENT_NAV2:_core/GRADIENT2:4/COMP:5/sub_diff:2/pfet_06v0:M31:
Property 0.18u)'nrd in circuit2 has no matching property in circuit1
pfet_06v0:384 vs. GRADIENT_NAV2:_core/GRADIENT2:4/COMP:5/sub_diff:2/pfet_06v0:M31:
Property 0.18u)'ps in circuit2 has no matching property in circuit1
pfet_06v0:12 vs. GRADIENT_NAV2:_core/GRADIENT2:3/COMP:5/sub_diff:2/pfet_06v0:M31:
Property W'nrs in circuit2 has no matching property in circuit1
pfet_06v0:12 vs. GRADIENT_NAV2:_core/GRADIENT2:3/COMP:5/sub_diff:2/pfet_06v0:M31:
Property 0.18u)'nrd in circuit2 has no matching property in circuit1
pfet_06v0:12 vs. GRADIENT_NAV2:_core/GRADIENT2:3/COMP:5/sub_diff:2/pfet_06v0:M31:
Property 0.18u)'ps in circuit2 has no matching property in circuit1
pfet_06v0:568 vs. GRADIENT_NAV2:_core/GRADIENT2:1/COMP:6/sub_diff:2/pfet_06v0:M31:
Property W'nrs in circuit2 has no matching property in circuit1
pfet_06v0:568 vs. GRADIENT_NAV2:_core/GRADIENT2:1/COMP:6/sub_diff:2/pfet_06v0:M31:
Property 0.18u)'nrd in circuit2 has no matching property in circuit1
pfet_06v0:568 vs. GRADIENT_NAV2:_core/GRADIENT2:1/COMP:6/sub_diff:2/pfet_06v0:M31:
Property 0.18u)'ps in circuit2 has no matching property in circuit1
pfet_06v0:561 vs. GRADIENT_NAV2:_core/GRADIENT2:4/COMP:6/sub_diff:2/pfet_06v0:M31:
Property W'nrs in circuit2 has no matching property in circuit1
pfet_06v0:561 vs. GRADIENT_NAV2:_core/GRADIENT2:4/COMP:6/sub_diff:2/pfet_06v0:M31:
Property 0.18u)'nrd in circuit2 has no matching property in circuit1
pfet_06v0:561 vs. GRADIENT_NAV2:_core/GRADIENT2:4/COMP:6/sub_diff:2/pfet_06v0:M31:
Property 0.18u)'ps in circuit2 has no matching property in circuit1
pfet_06v0:462 vs. GRADIENT_NAV2:_core/GRADIENT2:2/COMP:6/sub_diff:2/pfet_06v0:M31:
Property W'nrs in circuit2 has no matching property in circuit1
pfet_06v0:462 vs. GRADIENT_NAV2:_core/GRADIENT2:2/COMP:6/sub_diff:2/pfet_06v0:M31:
Property 0.18u)'nrd in circuit2 has no matching property in circuit1
pfet_06v0:462 vs. GRADIENT_NAV2:_core/GRADIENT2:2/COMP:6/sub_diff:2/pfet_06v0:M31:
Property 0.18u)'ps in circuit2 has no matching property in circuit1
pfet_06v0:148 vs. GRADIENT_NAV2:_core/GRADIENT2:3/COMP:6/sub_diff:2/pfet_06v0:M31:
Property W'nrs in circuit2 has no matching property in circuit1
pfet_06v0:148 vs. GRADIENT_NAV2:_core/GRADIENT2:3/COMP:6/sub_diff:2/pfet_06v0:M31:
Property 0.18u)'nrd in circuit2 has no matching property in circuit1
pfet_06v0:148 vs. GRADIENT_NAV2:_core/GRADIENT2:3/COMP:6/sub_diff:2/pfet_06v0:M31:
Property 0.18u)'ps in circuit2 has no matching property in circuit1
pfet_06v0:1111 vs. GRADIENT_NAV2:_core/GRADIENT2:1/OPAM_LIN:8/sub_diff_2_LIN:2/pfet_06v0:M35:
Property W'nrs in circuit2 has no matching property in circuit1
pfet_06v0:1111 vs. GRADIENT_NAV2:_core/GRADIENT2:1/OPAM_LIN:8/sub_diff_2_LIN:2/pfet_06v0:M35:
Property 0.18u)'nrd in circuit2 has no matching property in circuit1
pfet_06v0:1111 vs. GRADIENT_NAV2:_core/GRADIENT2:1/OPAM_LIN:8/sub_diff_2_LIN:2/pfet_06v0:M35:
Property 0.18u)'ps in circuit2 has no matching property in circuit1
pfet_06v0:712 vs. GRADIENT_NAV2:_core/GRADIENT2:3/OPAM_LIN:8/sub_diff_2_LIN:2/pfet_06v0:M35:
Property W'nrs in circuit2 has no matching property in circuit1
pfet_06v0:712 vs. GRADIENT_NAV2:_core/GRADIENT2:3/OPAM_LIN:8/sub_diff_2_LIN:2/pfet_06v0:M35:
Property 0.18u)'nrd in circuit2 has no matching property in circuit1
pfet_06v0:712 vs. GRADIENT_NAV2:_core/GRADIENT2:3/OPAM_LIN:8/sub_diff_2_LIN:2/pfet_06v0:M35:
Property 0.18u)'ps in circuit2 has no matching property in circuit1
pfet_06v0:120 vs. GRADIENT_NAV2:_core/GRADIENT2:4/OPAM_LIN:8/sub_diff_2_LIN:2/pfet_06v0:M35:
Property W'nrs in circuit2 has no matching property in circuit1
pfet_06v0:120 vs. GRADIENT_NAV2:_core/GRADIENT2:4/OPAM_LIN:8/sub_diff_2_LIN:2/pfet_06v0:M35:
Property 0.18u)'nrd in circuit2 has no matching property in circuit1
pfet_06v0:120 vs. GRADIENT_NAV2:_core/GRADIENT2:4/OPAM_LIN:8/sub_diff_2_LIN:2/pfet_06v0:M35:
Property 0.18u)'ps in circuit2 has no matching property in circuit1
pfet_06v0:46 vs. GRADIENT_NAV2:_core/GRADIENT2:2/OPAM_LIN:8/sub_diff_2_LIN:2/pfet_06v0:M35:
Property W'nrs in circuit2 has no matching property in circuit1
pfet_06v0:46 vs. GRADIENT_NAV2:_core/GRADIENT2:2/OPAM_LIN:8/sub_diff_2_LIN:2/pfet_06v0:M35:
Property 0.18u)'nrd in circuit2 has no matching property in circuit1
pfet_06v0:46 vs. GRADIENT_NAV2:_core/GRADIENT2:2/OPAM_LIN:8/sub_diff_2_LIN:2/pfet_06v0:M35:
Property 0.18u)'ps in circuit2 has no matching property in circuit1
pfet_06v0:1848 vs. GRADIENT_NAV2:_core/GRADIENT2:4/OPAM_LIN:1/sub_diff_2_LIN:2/pfet_06v0:M35:
Property W'nrs in circuit2 has no matching property in circuit1
pfet_06v0:1848 vs. GRADIENT_NAV2:_core/GRADIENT2:4/OPAM_LIN:1/sub_diff_2_LIN:2/pfet_06v0:M35:
Property 0.18u)'nrd in circuit2 has no matching property in circuit1
pfet_06v0:1848 vs. GRADIENT_NAV2:_core/GRADIENT2:4/OPAM_LIN:1/sub_diff_2_LIN:2/pfet_06v0:M35:
Property 0.18u)'ps in circuit2 has no matching property in circuit1
pfet_06v0:1747 vs. GRADIENT_NAV2:_core/GRADIENT2:3/OPAM_LIN:1/sub_diff_2_LIN:2/pfet_06v0:M35:
Property W'nrs in circuit2 has no matching property in circuit1
pfet_06v0:1747 vs. GRADIENT_NAV2:_core/GRADIENT2:3/OPAM_LIN:1/sub_diff_2_LIN:2/pfet_06v0:M35:
Property 0.18u)'nrd in circuit2 has no matching property in circuit1
pfet_06v0:1747 vs. GRADIENT_NAV2:_core/GRADIENT2:3/OPAM_LIN:1/sub_diff_2_LIN:2/pfet_06v0:M35:
Property 0.18u)'ps in circuit2 has no matching property in circuit1
pfet_06v0:1633 vs. GRADIENT_NAV2:_core/GRADIENT2:2/OPAM_LIN:1/sub_diff_2_LIN:2/pfet_06v0:M35:
Property W'nrs in circuit2 has no matching property in circuit1
pfet_06v0:1633 vs. GRADIENT_NAV2:_core/GRADIENT2:2/OPAM_LIN:1/sub_diff_2_LIN:2/pfet_06v0:M35:
Property 0.18u)'nrd in circuit2 has no matching property in circuit1
pfet_06v0:1633 vs. GRADIENT_NAV2:_core/GRADIENT2:2/OPAM_LIN:1/sub_diff_2_LIN:2/pfet_06v0:M35:
Property 0.18u)'ps in circuit2 has no matching property in circuit1
pfet_06v0:230 vs. GRADIENT_NAV2:_core/GRADIENT2:1/OPAM_LIN:1/sub_diff_2_LIN:2/pfet_06v0:M35:
Property W'nrs in circuit2 has no matching property in circuit1
pfet_06v0:230 vs. GRADIENT_NAV2:_core/GRADIENT2:1/OPAM_LIN:1/sub_diff_2_LIN:2/pfet_06v0:M35:
Property 0.18u)'nrd in circuit2 has no matching property in circuit1
pfet_06v0:230 vs. GRADIENT_NAV2:_core/GRADIENT2:1/OPAM_LIN:1/sub_diff_2_LIN:2/pfet_06v0:M35:
Property 0.18u)'ps in circuit2 has no matching property in circuit1
pfet_06v0:1567 vs. GRADIENT_NAV2:_core/GRADIENT2:4/OPAM_LIN:2/sub_diff_2_LIN:2/pfet_06v0:M35:
Property W'nrs in circuit2 has no matching property in circuit1
pfet_06v0:1567 vs. GRADIENT_NAV2:_core/GRADIENT2:4/OPAM_LIN:2/sub_diff_2_LIN:2/pfet_06v0:M35:
Property 0.18u)'nrd in circuit2 has no matching property in circuit1
pfet_06v0:1567 vs. GRADIENT_NAV2:_core/GRADIENT2:4/OPAM_LIN:2/sub_diff_2_LIN:2/pfet_06v0:M35:
Property 0.18u)'ps in circuit2 has no matching property in circuit1
pfet_06v0:1398 vs. GRADIENT_NAV2:_core/GRADIENT2:1/OPAM_LIN:2/sub_diff_2_LIN:2/pfet_06v0:M35:
Property W'nrs in circuit2 has no matching property in circuit1
pfet_06v0:1398 vs. GRADIENT_NAV2:_core/GRADIENT2:1/OPAM_LIN:2/sub_diff_2_LIN:2/pfet_06v0:M35:
Property 0.18u)'nrd in circuit2 has no matching property in circuit1
pfet_06v0:1398 vs. GRADIENT_NAV2:_core/GRADIENT2:1/OPAM_LIN:2/sub_diff_2_LIN:2/pfet_06v0:M35:
Property 0.18u)'ps in circuit2 has no matching property in circuit1
pfet_06v0:881 vs. GRADIENT_NAV2:_core/GRADIENT2:2/OPAM_LIN:2/sub_diff_2_LIN:2/pfet_06v0:M35:
Property W'nrs in circuit2 has no matching property in circuit1
pfet_06v0:881 vs. GRADIENT_NAV2:_core/GRADIENT2:2/OPAM_LIN:2/sub_diff_2_LIN:2/pfet_06v0:M35:
Property 0.18u)'nrd in circuit2 has no matching property in circuit1
pfet_06v0:881 vs. GRADIENT_NAV2:_core/GRADIENT2:2/OPAM_LIN:2/sub_diff_2_LIN:2/pfet_06v0:M35:
Property 0.18u)'ps in circuit2 has no matching property in circuit1
pfet_06v0:279 vs. GRADIENT_NAV2:_core/GRADIENT2:3/OPAM_LIN:2/sub_diff_2_LIN:2/pfet_06v0:M35:
Property W'nrs in circuit2 has no matching property in circuit1
pfet_06v0:279 vs. GRADIENT_NAV2:_core/GRADIENT2:3/OPAM_LIN:2/sub_diff_2_LIN:2/pfet_06v0:M35:
Property 0.18u)'nrd in circuit2 has no matching property in circuit1
pfet_06v0:279 vs. GRADIENT_NAV2:_core/GRADIENT2:3/OPAM_LIN:2/sub_diff_2_LIN:2/pfet_06v0:M35:
Property 0.18u)'ps in circuit2 has no matching property in circuit1
pfet_06v0:1125 vs. GRADIENT_NAV2:_core/GRADIENT2:1/COMP:4/sub_diff:2/pfet_06v0:M35:
Property W'nrs in circuit2 has no matching property in circuit1
pfet_06v0:1125 vs. GRADIENT_NAV2:_core/GRADIENT2:1/COMP:4/sub_diff:2/pfet_06v0:M35:
Property 0.18u)'nrd in circuit2 has no matching property in circuit1
pfet_06v0:1125 vs. GRADIENT_NAV2:_core/GRADIENT2:1/COMP:4/sub_diff:2/pfet_06v0:M35:
Property 0.18u)'ps in circuit2 has no matching property in circuit1
pfet_06v0:1044 vs. GRADIENT_NAV2:_core/GRADIENT2:2/COMP:4/sub_diff:2/pfet_06v0:M35:
Property W'nrs in circuit2 has no matching property in circuit1
pfet_06v0:1044 vs. GRADIENT_NAV2:_core/GRADIENT2:2/COMP:4/sub_diff:2/pfet_06v0:M35:
Property 0.18u)'nrd in circuit2 has no matching property in circuit1
pfet_06v0:1044 vs. GRADIENT_NAV2:_core/GRADIENT2:2/COMP:4/sub_diff:2/pfet_06v0:M35:
Property 0.18u)'ps in circuit2 has no matching property in circuit1
pfet_06v0:445 vs. GRADIENT_NAV2:_core/GRADIENT2:4/COMP:4/sub_diff:2/pfet_06v0:M35:
Property W'nrs in circuit2 has no matching property in circuit1
pfet_06v0:445 vs. GRADIENT_NAV2:_core/GRADIENT2:4/COMP:4/sub_diff:2/pfet_06v0:M35:
Property 0.18u)'nrd in circuit2 has no matching property in circuit1
pfet_06v0:445 vs. GRADIENT_NAV2:_core/GRADIENT2:4/COMP:4/sub_diff:2/pfet_06v0:M35:
Property 0.18u)'ps in circuit2 has no matching property in circuit1
pfet_06v0:68 vs. GRADIENT_NAV2:_core/GRADIENT2:3/COMP:4/sub_diff:2/pfet_06v0:M35:
Property W'nrs in circuit2 has no matching property in circuit1
pfet_06v0:68 vs. GRADIENT_NAV2:_core/GRADIENT2:3/COMP:4/sub_diff:2/pfet_06v0:M35:
Property 0.18u)'nrd in circuit2 has no matching property in circuit1
pfet_06v0:68 vs. GRADIENT_NAV2:_core/GRADIENT2:3/COMP:4/sub_diff:2/pfet_06v0:M35:
Property 0.18u)'ps in circuit2 has no matching property in circuit1
pfet_06v0:411 vs. GRADIENT_NAV2:_core/GRADIENT2:1/COMP:5/sub_diff:2/pfet_06v0:M35:
Property W'nrs in circuit2 has no matching property in circuit1
pfet_06v0:411 vs. GRADIENT_NAV2:_core/GRADIENT2:1/COMP:5/sub_diff:2/pfet_06v0:M35:
Property 0.18u)'nrd in circuit2 has no matching property in circuit1
pfet_06v0:411 vs. GRADIENT_NAV2:_core/GRADIENT2:1/COMP:5/sub_diff:2/pfet_06v0:M35:
Property 0.18u)'ps in circuit2 has no matching property in circuit1
pfet_06v0:329 vs. GRADIENT_NAV2:_core/GRADIENT2:4/COMP:5/sub_diff:2/pfet_06v0:M35:
Property W'nrs in circuit2 has no matching property in circuit1
pfet_06v0:329 vs. GRADIENT_NAV2:_core/GRADIENT2:4/COMP:5/sub_diff:2/pfet_06v0:M35:
Property 0.18u)'nrd in circuit2 has no matching property in circuit1
pfet_06v0:329 vs. GRADIENT_NAV2:_core/GRADIENT2:4/COMP:5/sub_diff:2/pfet_06v0:M35:
Property 0.18u)'ps in circuit2 has no matching property in circuit1
pfet_06v0:312 vs. GRADIENT_NAV2:_core/GRADIENT2:2/COMP:5/sub_diff:2/pfet_06v0:M35:
Property W'nrs in circuit2 has no matching property in circuit1
pfet_06v0:312 vs. GRADIENT_NAV2:_core/GRADIENT2:2/COMP:5/sub_diff:2/pfet_06v0:M35:
Property 0.18u)'nrd in circuit2 has no matching property in circuit1
pfet_06v0:312 vs. GRADIENT_NAV2:_core/GRADIENT2:2/COMP:5/sub_diff:2/pfet_06v0:M35:
Property 0.18u)'ps in circuit2 has no matching property in circuit1
pfet_06v0:39 vs. GRADIENT_NAV2:_core/GRADIENT2:3/COMP:5/sub_diff:2/pfet_06v0:M35:
Property W'nrs in circuit2 has no matching property in circuit1
pfet_06v0:39 vs. GRADIENT_NAV2:_core/GRADIENT2:3/COMP:5/sub_diff:2/pfet_06v0:M35:
Property 0.18u)'nrd in circuit2 has no matching property in circuit1
pfet_06v0:39 vs. GRADIENT_NAV2:_core/GRADIENT2:3/COMP:5/sub_diff:2/pfet_06v0:M35:
Property 0.18u)'ps in circuit2 has no matching property in circuit1
pfet_06v0:497 vs. GRADIENT_NAV2:_core/GRADIENT2:1/COMP:6/sub_diff:2/pfet_06v0:M35:
Property W'nrs in circuit2 has no matching property in circuit1
pfet_06v0:497 vs. GRADIENT_NAV2:_core/GRADIENT2:1/COMP:6/sub_diff:2/pfet_06v0:M35:
Property 0.18u)'nrd in circuit2 has no matching property in circuit1
pfet_06v0:497 vs. GRADIENT_NAV2:_core/GRADIENT2:1/COMP:6/sub_diff:2/pfet_06v0:M35:
Property 0.18u)'ps in circuit2 has no matching property in circuit1
pfet_06v0:405 vs. GRADIENT_NAV2:_core/GRADIENT2:4/COMP:6/sub_diff:2/pfet_06v0:M35:
Property W'nrs in circuit2 has no matching property in circuit1
pfet_06v0:405 vs. GRADIENT_NAV2:_core/GRADIENT2:4/COMP:6/sub_diff:2/pfet_06v0:M35:
Property 0.18u)'nrd in circuit2 has no matching property in circuit1
pfet_06v0:405 vs. GRADIENT_NAV2:_core/GRADIENT2:4/COMP:6/sub_diff:2/pfet_06v0:M35:
Property 0.18u)'ps in circuit2 has no matching property in circuit1
pfet_06v0:383 vs. GRADIENT_NAV2:_core/GRADIENT2:2/COMP:6/sub_diff:2/pfet_06v0:M35:
Property W'nrs in circuit2 has no matching property in circuit1
pfet_06v0:383 vs. GRADIENT_NAV2:_core/GRADIENT2:2/COMP:6/sub_diff:2/pfet_06v0:M35:
Property 0.18u)'nrd in circuit2 has no matching property in circuit1
pfet_06v0:383 vs. GRADIENT_NAV2:_core/GRADIENT2:2/COMP:6/sub_diff:2/pfet_06v0:M35:
Property 0.18u)'ps in circuit2 has no matching property in circuit1
pfet_06v0:32 vs. GRADIENT_NAV2:_core/GRADIENT2:3/COMP:6/sub_diff:2/pfet_06v0:M35:
Property W'nrs in circuit2 has no matching property in circuit1
pfet_06v0:32 vs. GRADIENT_NAV2:_core/GRADIENT2:3/COMP:6/sub_diff:2/pfet_06v0:M35:
Property 0.18u)'nrd in circuit2 has no matching property in circuit1
pfet_06v0:32 vs. GRADIENT_NAV2:_core/GRADIENT2:3/COMP:6/sub_diff:2/pfet_06v0:M35:
Property 0.18u)'ps in circuit2 has no matching property in circuit1
pfet_06v0:1470 vs. GRADIENT_NAV2:_core/GRADIENT2:1/COMP:4/sub_diff:2/pfet_06v0:M32:
Property W'nrs in circuit2 has no matching property in circuit1
pfet_06v0:1470 vs. GRADIENT_NAV2:_core/GRADIENT2:1/COMP:4/sub_diff:2/pfet_06v0:M32:
Property 0.18u)'nrd in circuit2 has no matching property in circuit1
pfet_06v0:1470 vs. GRADIENT_NAV2:_core/GRADIENT2:1/COMP:4/sub_diff:2/pfet_06v0:M32:
Property 0.18u)'ps in circuit2 has no matching property in circuit1
pfet_06v0:1856 vs. GRADIENT_NAV2:_core/GRADIENT2:2/COMP:4/sub_diff:2/pfet_06v0:M32:
Property W'nrs in circuit2 has no matching property in circuit1
pfet_06v0:1856 vs. GRADIENT_NAV2:_core/GRADIENT2:2/COMP:4/sub_diff:2/pfet_06v0:M32:
Property 0.18u)'nrd in circuit2 has no matching property in circuit1
pfet_06v0:1856 vs. GRADIENT_NAV2:_core/GRADIENT2:2/COMP:4/sub_diff:2/pfet_06v0:M32:
Property 0.18u)'ps in circuit2 has no matching property in circuit1
pfet_06v0:391 vs. GRADIENT_NAV2:_core/GRADIENT2:3/COMP:4/sub_diff:2/pfet_06v0:M32:
Property W'nrs in circuit2 has no matching property in circuit1
pfet_06v0:391 vs. GRADIENT_NAV2:_core/GRADIENT2:3/COMP:4/sub_diff:2/pfet_06v0:M32:
Property 0.18u)'nrd in circuit2 has no matching property in circuit1
pfet_06v0:391 vs. GRADIENT_NAV2:_core/GRADIENT2:3/COMP:4/sub_diff:2/pfet_06v0:M32:
Property 0.18u)'ps in circuit2 has no matching property in circuit1
pfet_06v0:783 vs. GRADIENT_NAV2:_core/GRADIENT2:4/COMP:4/sub_diff:2/pfet_06v0:M32:
Property W'nrs in circuit2 has no matching property in circuit1
pfet_06v0:783 vs. GRADIENT_NAV2:_core/GRADIENT2:4/COMP:4/sub_diff:2/pfet_06v0:M32:
Property 0.18u)'nrd in circuit2 has no matching property in circuit1
pfet_06v0:783 vs. GRADIENT_NAV2:_core/GRADIENT2:4/COMP:4/sub_diff:2/pfet_06v0:M32:
Property 0.18u)'ps in circuit2 has no matching property in circuit1
pfet_06v0:1053 vs. GRADIENT_NAV2:_core/GRADIENT2:1/COMP:6/sub_diff:2/pfet_06v0:M32:
Property W'nrs in circuit2 has no matching property in circuit1
pfet_06v0:1053 vs. GRADIENT_NAV2:_core/GRADIENT2:1/COMP:6/sub_diff:2/pfet_06v0:M32:
Property 0.18u)'nrd in circuit2 has no matching property in circuit1
pfet_06v0:1053 vs. GRADIENT_NAV2:_core/GRADIENT2:1/COMP:6/sub_diff:2/pfet_06v0:M32:
Property 0.18u)'ps in circuit2 has no matching property in circuit1
pfet_06v0:1436 vs. GRADIENT_NAV2:_core/GRADIENT2:2/COMP:6/sub_diff:2/pfet_06v0:M32:
Property W'nrs in circuit2 has no matching property in circuit1
pfet_06v0:1436 vs. GRADIENT_NAV2:_core/GRADIENT2:2/COMP:6/sub_diff:2/pfet_06v0:M32:
Property 0.18u)'nrd in circuit2 has no matching property in circuit1
pfet_06v0:1436 vs. GRADIENT_NAV2:_core/GRADIENT2:2/COMP:6/sub_diff:2/pfet_06v0:M32:
Property 0.18u)'ps in circuit2 has no matching property in circuit1
pfet_06v0:1953 vs. GRADIENT_NAV2:_core/GRADIENT2:3/COMP:6/sub_diff:2/pfet_06v0:M32:
Property W'nrs in circuit2 has no matching property in circuit1
pfet_06v0:1953 vs. GRADIENT_NAV2:_core/GRADIENT2:3/COMP:6/sub_diff:2/pfet_06v0:M32:
Property 0.18u)'nrd in circuit2 has no matching property in circuit1
pfet_06v0:1953 vs. GRADIENT_NAV2:_core/GRADIENT2:3/COMP:6/sub_diff:2/pfet_06v0:M32:
Property 0.18u)'ps in circuit2 has no matching property in circuit1
pfet_06v0:350 vs. GRADIENT_NAV2:_core/GRADIENT2:4/COMP:6/sub_diff:2/pfet_06v0:M32:
Property W'nrs in circuit2 has no matching property in circuit1
pfet_06v0:350 vs. GRADIENT_NAV2:_core/GRADIENT2:4/COMP:6/sub_diff:2/pfet_06v0:M32:
Property 0.18u)'nrd in circuit2 has no matching property in circuit1
pfet_06v0:350 vs. GRADIENT_NAV2:_core/GRADIENT2:4/COMP:6/sub_diff:2/pfet_06v0:M32:
Property 0.18u)'ps in circuit2 has no matching property in circuit1
pfet_06v0:997 vs. GRADIENT_NAV2:_core/GRADIENT2:1/COMP:5/sub_diff:2/pfet_06v0:M32:
Property W'nrs in circuit2 has no matching property in circuit1
pfet_06v0:997 vs. GRADIENT_NAV2:_core/GRADIENT2:1/COMP:5/sub_diff:2/pfet_06v0:M32:
Property 0.18u)'nrd in circuit2 has no matching property in circuit1
pfet_06v0:997 vs. GRADIENT_NAV2:_core/GRADIENT2:1/COMP:5/sub_diff:2/pfet_06v0:M32:
Property 0.18u)'ps in circuit2 has no matching property in circuit1
pfet_06v0:1361 vs. GRADIENT_NAV2:_core/GRADIENT2:2/COMP:5/sub_diff:2/pfet_06v0:M32:
Property W'nrs in circuit2 has no matching property in circuit1
pfet_06v0:1361 vs. GRADIENT_NAV2:_core/GRADIENT2:2/COMP:5/sub_diff:2/pfet_06v0:M32:
Property 0.18u)'nrd in circuit2 has no matching property in circuit1
pfet_06v0:1361 vs. GRADIENT_NAV2:_core/GRADIENT2:2/COMP:5/sub_diff:2/pfet_06v0:M32:
Property 0.18u)'ps in circuit2 has no matching property in circuit1
pfet_06v0:1875 vs. GRADIENT_NAV2:_core/GRADIENT2:3/COMP:5/sub_diff:2/pfet_06v0:M32:
Property W'nrs in circuit2 has no matching property in circuit1
pfet_06v0:1875 vs. GRADIENT_NAV2:_core/GRADIENT2:3/COMP:5/sub_diff:2/pfet_06v0:M32:
Property 0.18u)'nrd in circuit2 has no matching property in circuit1
pfet_06v0:1875 vs. GRADIENT_NAV2:_core/GRADIENT2:3/COMP:5/sub_diff:2/pfet_06v0:M32:
Property 0.18u)'ps in circuit2 has no matching property in circuit1
pfet_06v0:264 vs. GRADIENT_NAV2:_core/GRADIENT2:4/COMP:5/sub_diff:2/pfet_06v0:M32:
Property W'nrs in circuit2 has no matching property in circuit1
pfet_06v0:264 vs. GRADIENT_NAV2:_core/GRADIENT2:4/COMP:5/sub_diff:2/pfet_06v0:M32:
Property 0.18u)'nrd in circuit2 has no matching property in circuit1
pfet_06v0:264 vs. GRADIENT_NAV2:_core/GRADIENT2:4/COMP:5/sub_diff:2/pfet_06v0:M32:
Property 0.18u)'ps in circuit2 has no matching property in circuit1
pfet_06v0:1487 vs. GRADIENT_NAV2:_core/GRADIENT2:1/OPAM_LIN:2/sub_diff_2_LIN:2/pfet_06v0:M32:
Property W'nrs in circuit2 has no matching property in circuit1
pfet_06v0:1487 vs. GRADIENT_NAV2:_core/GRADIENT2:1/OPAM_LIN:2/sub_diff_2_LIN:2/pfet_06v0:M32:
Property 0.18u)'nrd in circuit2 has no matching property in circuit1
pfet_06v0:1487 vs. GRADIENT_NAV2:_core/GRADIENT2:1/OPAM_LIN:2/sub_diff_2_LIN:2/pfet_06v0:M32:
Property 0.18u)'ps in circuit2 has no matching property in circuit1
pfet_06v0:1003 vs. GRADIENT_NAV2:_core/GRADIENT2:2/OPAM_LIN:2/sub_diff_2_LIN:2/pfet_06v0:M32:
Property W'nrs in circuit2 has no matching property in circuit1
pfet_06v0:1003 vs. GRADIENT_NAV2:_core/GRADIENT2:2/OPAM_LIN:2/sub_diff_2_LIN:2/pfet_06v0:M32:
Property 0.18u)'nrd in circuit2 has no matching property in circuit1
pfet_06v0:1003 vs. GRADIENT_NAV2:_core/GRADIENT2:2/OPAM_LIN:2/sub_diff_2_LIN:2/pfet_06v0:M32:
Property 0.18u)'ps in circuit2 has no matching property in circuit1
pfet_06v0:1078 vs. GRADIENT_NAV2:_core/GRADIENT2:3/OPAM_LIN:2/sub_diff_2_LIN:2/pfet_06v0:M32:
Property W'nrs in circuit2 has no matching property in circuit1
pfet_06v0:1078 vs. GRADIENT_NAV2:_core/GRADIENT2:3/OPAM_LIN:2/sub_diff_2_LIN:2/pfet_06v0:M32:
Property 0.18u)'nrd in circuit2 has no matching property in circuit1
pfet_06v0:1078 vs. GRADIENT_NAV2:_core/GRADIENT2:3/OPAM_LIN:2/sub_diff_2_LIN:2/pfet_06v0:M32:
Property 0.18u)'ps in circuit2 has no matching property in circuit1
pfet_06v0:363 vs. GRADIENT_NAV2:_core/GRADIENT2:4/OPAM_LIN:2/sub_diff_2_LIN:2/pfet_06v0:M32:
Property W'nrs in circuit2 has no matching property in circuit1
pfet_06v0:363 vs. GRADIENT_NAV2:_core/GRADIENT2:4/OPAM_LIN:2/sub_diff_2_LIN:2/pfet_06v0:M32:
Property 0.18u)'nrd in circuit2 has no matching property in circuit1
pfet_06v0:363 vs. GRADIENT_NAV2:_core/GRADIENT2:4/OPAM_LIN:2/sub_diff_2_LIN:2/pfet_06v0:M32:
Property 0.18u)'ps in circuit2 has no matching property in circuit1
pfet_06v0:342 vs. GRADIENT_NAV2:_core/GRADIENT2:1/OPAM_LIN:1/sub_diff_2_LIN:2/pfet_06v0:M32:
Property W'nrs in circuit2 has no matching property in circuit1
pfet_06v0:342 vs. GRADIENT_NAV2:_core/GRADIENT2:1/OPAM_LIN:1/sub_diff_2_LIN:2/pfet_06v0:M32:
Property 0.18u)'nrd in circuit2 has no matching property in circuit1
pfet_06v0:342 vs. GRADIENT_NAV2:_core/GRADIENT2:1/OPAM_LIN:1/sub_diff_2_LIN:2/pfet_06v0:M32:
Property 0.18u)'ps in circuit2 has no matching property in circuit1
pfet_06v0:447 vs. GRADIENT_NAV2:_core/GRADIENT2:2/OPAM_LIN:1/sub_diff_2_LIN:2/pfet_06v0:M32:
Property W'nrs in circuit2 has no matching property in circuit1
pfet_06v0:447 vs. GRADIENT_NAV2:_core/GRADIENT2:2/OPAM_LIN:1/sub_diff_2_LIN:2/pfet_06v0:M32:
Property 0.18u)'nrd in circuit2 has no matching property in circuit1
pfet_06v0:447 vs. GRADIENT_NAV2:_core/GRADIENT2:2/OPAM_LIN:1/sub_diff_2_LIN:2/pfet_06v0:M32:
Property 0.18u)'ps in circuit2 has no matching property in circuit1
pfet_06v0:562 vs. GRADIENT_NAV2:_core/GRADIENT2:3/OPAM_LIN:1/sub_diff_2_LIN:2/pfet_06v0:M32:
Property W'nrs in circuit2 has no matching property in circuit1
pfet_06v0:562 vs. GRADIENT_NAV2:_core/GRADIENT2:3/OPAM_LIN:1/sub_diff_2_LIN:2/pfet_06v0:M32:
Property 0.18u)'nrd in circuit2 has no matching property in circuit1
pfet_06v0:562 vs. GRADIENT_NAV2:_core/GRADIENT2:3/OPAM_LIN:1/sub_diff_2_LIN:2/pfet_06v0:M32:
Property 0.18u)'ps in circuit2 has no matching property in circuit1
pfet_06v0:1952 vs. GRADIENT_NAV2:_core/GRADIENT2:4/OPAM_LIN:1/sub_diff_2_LIN:2/pfet_06v0:M32:
Property W'nrs in circuit2 has no matching property in circuit1
pfet_06v0:1952 vs. GRADIENT_NAV2:_core/GRADIENT2:4/OPAM_LIN:1/sub_diff_2_LIN:2/pfet_06v0:M32:
Property 0.18u)'nrd in circuit2 has no matching property in circuit1
pfet_06v0:1952 vs. GRADIENT_NAV2:_core/GRADIENT2:4/OPAM_LIN:1/sub_diff_2_LIN:2/pfet_06v0:M32:
Property 0.18u)'ps in circuit2 has no matching property in circuit1
pfet_06v0:1890 vs. GRADIENT_NAV2:_core/GRADIENT2:1/OPAM_LIN:8/sub_diff_2_LIN:2/pfet_06v0:M32:
Property W'nrs in circuit2 has no matching property in circuit1
pfet_06v0:1890 vs. GRADIENT_NAV2:_core/GRADIENT2:1/OPAM_LIN:8/sub_diff_2_LIN:2/pfet_06v0:M32:
Property 0.18u)'nrd in circuit2 has no matching property in circuit1
pfet_06v0:1890 vs. GRADIENT_NAV2:_core/GRADIENT2:1/OPAM_LIN:8/sub_diff_2_LIN:2/pfet_06v0:M32:
Property 0.18u)'ps in circuit2 has no matching property in circuit1
pfet_06v0:135 vs. GRADIENT_NAV2:_core/GRADIENT2:2/OPAM_LIN:8/sub_diff_2_LIN:2/pfet_06v0:M32:
Property W'nrs in circuit2 has no matching property in circuit1
pfet_06v0:135 vs. GRADIENT_NAV2:_core/GRADIENT2:2/OPAM_LIN:8/sub_diff_2_LIN:2/pfet_06v0:M32:
Property 0.18u)'nrd in circuit2 has no matching property in circuit1
pfet_06v0:135 vs. GRADIENT_NAV2:_core/GRADIENT2:2/OPAM_LIN:8/sub_diff_2_LIN:2/pfet_06v0:M32:
Property 0.18u)'ps in circuit2 has no matching property in circuit1
pfet_06v0:822 vs. GRADIENT_NAV2:_core/GRADIENT2:3/OPAM_LIN:8/sub_diff_2_LIN:2/pfet_06v0:M32:
Property W'nrs in circuit2 has no matching property in circuit1
pfet_06v0:822 vs. GRADIENT_NAV2:_core/GRADIENT2:3/OPAM_LIN:8/sub_diff_2_LIN:2/pfet_06v0:M32:
Property 0.18u)'nrd in circuit2 has no matching property in circuit1
pfet_06v0:822 vs. GRADIENT_NAV2:_core/GRADIENT2:3/OPAM_LIN:8/sub_diff_2_LIN:2/pfet_06v0:M32:
Property 0.18u)'ps in circuit2 has no matching property in circuit1
pfet_06v0:911 vs. GRADIENT_NAV2:_core/GRADIENT2:4/OPAM_LIN:8/sub_diff_2_LIN:2/pfet_06v0:M32:
Property W'nrs in circuit2 has no matching property in circuit1
pfet_06v0:911 vs. GRADIENT_NAV2:_core/GRADIENT2:4/OPAM_LIN:8/sub_diff_2_LIN:2/pfet_06v0:M32:
Property 0.18u)'nrd in circuit2 has no matching property in circuit1
pfet_06v0:911 vs. GRADIENT_NAV2:_core/GRADIENT2:4/OPAM_LIN:8/sub_diff_2_LIN:2/pfet_06v0:M32:
Property 0.18u)'ps in circuit2 has no matching property in circuit1
pfet_06v0:386 vs. GRADIENT_NAV2:_core/GRADIENT2:1/OPAM_LIN:8/sub_diff_2_LIN:2/pfet_06v0:M33:
Property W'nrs in circuit2 has no matching property in circuit1
pfet_06v0:386 vs. GRADIENT_NAV2:_core/GRADIENT2:1/OPAM_LIN:8/sub_diff_2_LIN:2/pfet_06v0:M33:
Property 0.18u)'nrd in circuit2 has no matching property in circuit1
pfet_06v0:386 vs. GRADIENT_NAV2:_core/GRADIENT2:1/OPAM_LIN:8/sub_diff_2_LIN:2/pfet_06v0:M33:
Property 0.18u)'ps in circuit2 has no matching property in circuit1
pfet_06v0:1472 vs. GRADIENT_NAV2:_core/GRADIENT2:2/OPAM_LIN:8/sub_diff_2_LIN:2/pfet_06v0:M33:
Property W'nrs in circuit2 has no matching property in circuit1
pfet_06v0:1472 vs. GRADIENT_NAV2:_core/GRADIENT2:2/OPAM_LIN:8/sub_diff_2_LIN:2/pfet_06v0:M33:
Property 0.18u)'nrd in circuit2 has no matching property in circuit1
pfet_06v0:1472 vs. GRADIENT_NAV2:_core/GRADIENT2:2/OPAM_LIN:8/sub_diff_2_LIN:2/pfet_06v0:M33:
Property 0.18u)'ps in circuit2 has no matching property in circuit1
pfet_06v0:139 vs. GRADIENT_NAV2:_core/GRADIENT2:3/OPAM_LIN:8/sub_diff_2_LIN:2/pfet_06v0:M33:
Property W'nrs in circuit2 has no matching property in circuit1
pfet_06v0:139 vs. GRADIENT_NAV2:_core/GRADIENT2:3/OPAM_LIN:8/sub_diff_2_LIN:2/pfet_06v0:M33:
Property 0.18u)'nrd in circuit2 has no matching property in circuit1
pfet_06v0:139 vs. GRADIENT_NAV2:_core/GRADIENT2:3/OPAM_LIN:8/sub_diff_2_LIN:2/pfet_06v0:M33:
Property 0.18u)'ps in circuit2 has no matching property in circuit1
pfet_06v0:234 vs. GRADIENT_NAV2:_core/GRADIENT2:4/OPAM_LIN:8/sub_diff_2_LIN:2/pfet_06v0:M33:
Property W'nrs in circuit2 has no matching property in circuit1
pfet_06v0:234 vs. GRADIENT_NAV2:_core/GRADIENT2:4/OPAM_LIN:8/sub_diff_2_LIN:2/pfet_06v0:M33:
Property 0.18u)'nrd in circuit2 has no matching property in circuit1
pfet_06v0:234 vs. GRADIENT_NAV2:_core/GRADIENT2:4/OPAM_LIN:8/sub_diff_2_LIN:2/pfet_06v0:M33:
Property 0.18u)'ps in circuit2 has no matching property in circuit1
pfet_06v0:1678 vs. GRADIENT_NAV2:_core/GRADIENT2:1/OPAM_LIN:1/sub_diff_2_LIN:2/pfet_06v0:M33:
Property W'nrs in circuit2 has no matching property in circuit1
pfet_06v0:1678 vs. GRADIENT_NAV2:_core/GRADIENT2:1/OPAM_LIN:1/sub_diff_2_LIN:2/pfet_06v0:M33:
Property 0.18u)'nrd in circuit2 has no matching property in circuit1
pfet_06v0:1678 vs. GRADIENT_NAV2:_core/GRADIENT2:1/OPAM_LIN:1/sub_diff_2_LIN:2/pfet_06v0:M33:
Property 0.18u)'ps in circuit2 has no matching property in circuit1
pfet_06v0:1771 vs. GRADIENT_NAV2:_core/GRADIENT2:2/OPAM_LIN:1/sub_diff_2_LIN:2/pfet_06v0:M33:
Property W'nrs in circuit2 has no matching property in circuit1
pfet_06v0:1771 vs. GRADIENT_NAV2:_core/GRADIENT2:2/OPAM_LIN:1/sub_diff_2_LIN:2/pfet_06v0:M33:
Property 0.18u)'nrd in circuit2 has no matching property in circuit1
pfet_06v0:1771 vs. GRADIENT_NAV2:_core/GRADIENT2:2/OPAM_LIN:1/sub_diff_2_LIN:2/pfet_06v0:M33:
Property 0.18u)'ps in circuit2 has no matching property in circuit1
pfet_06v0:1029 vs. GRADIENT_NAV2:_core/GRADIENT2:3/OPAM_LIN:1/sub_diff_2_LIN:2/pfet_06v0:M33:
Property W'nrs in circuit2 has no matching property in circuit1
pfet_06v0:1029 vs. GRADIENT_NAV2:_core/GRADIENT2:3/OPAM_LIN:1/sub_diff_2_LIN:2/pfet_06v0:M33:
Property 0.18u)'nrd in circuit2 has no matching property in circuit1
pfet_06v0:1029 vs. GRADIENT_NAV2:_core/GRADIENT2:3/OPAM_LIN:1/sub_diff_2_LIN:2/pfet_06v0:M33:
Property 0.18u)'ps in circuit2 has no matching property in circuit1
pfet_06v0:1310 vs. GRADIENT_NAV2:_core/GRADIENT2:4/OPAM_LIN:1/sub_diff_2_LIN:2/pfet_06v0:M33:
Property W'nrs in circuit2 has no matching property in circuit1
pfet_06v0:1310 vs. GRADIENT_NAV2:_core/GRADIENT2:4/OPAM_LIN:1/sub_diff_2_LIN:2/pfet_06v0:M33:
Property 0.18u)'nrd in circuit2 has no matching property in circuit1
pfet_06v0:1310 vs. GRADIENT_NAV2:_core/GRADIENT2:4/OPAM_LIN:1/sub_diff_2_LIN:2/pfet_06v0:M33:
Property 0.18u)'ps in circuit2 has no matching property in circuit1
pfet_06v0:857 vs. GRADIENT_NAV2:_core/GRADIENT2:1/OPAM_LIN:2/sub_diff_2_LIN:2/pfet_06v0:M33:
Property W'nrs in circuit2 has no matching property in circuit1
pfet_06v0:857 vs. GRADIENT_NAV2:_core/GRADIENT2:1/OPAM_LIN:2/sub_diff_2_LIN:2/pfet_06v0:M33:
Property 0.18u)'nrd in circuit2 has no matching property in circuit1
pfet_06v0:857 vs. GRADIENT_NAV2:_core/GRADIENT2:1/OPAM_LIN:2/sub_diff_2_LIN:2/pfet_06v0:M33:
Property 0.18u)'ps in circuit2 has no matching property in circuit1
pfet_06v0:322 vs. GRADIENT_NAV2:_core/GRADIENT2:2/OPAM_LIN:2/sub_diff_2_LIN:2/pfet_06v0:M33:
Property W'nrs in circuit2 has no matching property in circuit1
pfet_06v0:322 vs. GRADIENT_NAV2:_core/GRADIENT2:2/OPAM_LIN:2/sub_diff_2_LIN:2/pfet_06v0:M33:
Property 0.18u)'nrd in circuit2 has no matching property in circuit1
pfet_06v0:322 vs. GRADIENT_NAV2:_core/GRADIENT2:2/OPAM_LIN:2/sub_diff_2_LIN:2/pfet_06v0:M33:
Property 0.18u)'ps in circuit2 has no matching property in circuit1
pfet_06v0:426 vs. GRADIENT_NAV2:_core/GRADIENT2:3/OPAM_LIN:2/sub_diff_2_LIN:2/pfet_06v0:M33:
Property W'nrs in circuit2 has no matching property in circuit1
pfet_06v0:426 vs. GRADIENT_NAV2:_core/GRADIENT2:3/OPAM_LIN:2/sub_diff_2_LIN:2/pfet_06v0:M33:
Property 0.18u)'nrd in circuit2 has no matching property in circuit1
pfet_06v0:426 vs. GRADIENT_NAV2:_core/GRADIENT2:3/OPAM_LIN:2/sub_diff_2_LIN:2/pfet_06v0:M33:
Property 0.18u)'ps in circuit2 has no matching property in circuit1
pfet_06v0:863 vs. GRADIENT_NAV2:_core/GRADIENT2:4/OPAM_LIN:2/sub_diff_2_LIN:2/pfet_06v0:M33:
Property W'nrs in circuit2 has no matching property in circuit1
pfet_06v0:863 vs. GRADIENT_NAV2:_core/GRADIENT2:4/OPAM_LIN:2/sub_diff_2_LIN:2/pfet_06v0:M33:
Property 0.18u)'nrd in circuit2 has no matching property in circuit1
pfet_06v0:863 vs. GRADIENT_NAV2:_core/GRADIENT2:4/OPAM_LIN:2/sub_diff_2_LIN:2/pfet_06v0:M33:
Property 0.18u)'ps in circuit2 has no matching property in circuit1
pfet_06v0:1512 vs. GRADIENT_NAV2:_core/GRADIENT2:4/COMP:4/sub_diff:2/pfet_06v0:M34:
Property W'nrs in circuit2 has no matching property in circuit1
pfet_06v0:1512 vs. GRADIENT_NAV2:_core/GRADIENT2:4/COMP:4/sub_diff:2/pfet_06v0:M34:
Property 0.18u)'nrd in circuit2 has no matching property in circuit1
pfet_06v0:1512 vs. GRADIENT_NAV2:_core/GRADIENT2:4/COMP:4/sub_diff:2/pfet_06v0:M34:
Property 0.18u)'ps in circuit2 has no matching property in circuit1
pfet_06v0:1127 vs. GRADIENT_NAV2:_core/GRADIENT2:3/COMP:4/sub_diff:2/pfet_06v0:M34:
Property W'nrs in circuit2 has no matching property in circuit1
pfet_06v0:1127 vs. GRADIENT_NAV2:_core/GRADIENT2:3/COMP:4/sub_diff:2/pfet_06v0:M34:
Property 0.18u)'nrd in circuit2 has no matching property in circuit1
pfet_06v0:1127 vs. GRADIENT_NAV2:_core/GRADIENT2:3/COMP:4/sub_diff:2/pfet_06v0:M34:
Property 0.18u)'ps in circuit2 has no matching property in circuit1
pfet_06v0:633 vs. GRADIENT_NAV2:_core/GRADIENT2:2/COMP:4/sub_diff:2/pfet_06v0:M34:
Property W'nrs in circuit2 has no matching property in circuit1
pfet_06v0:633 vs. GRADIENT_NAV2:_core/GRADIENT2:2/COMP:4/sub_diff:2/pfet_06v0:M34:
Property 0.18u)'nrd in circuit2 has no matching property in circuit1
pfet_06v0:633 vs. GRADIENT_NAV2:_core/GRADIENT2:2/COMP:4/sub_diff:2/pfet_06v0:M34:
Property 0.18u)'ps in circuit2 has no matching property in circuit1
pfet_06v0:225 vs. GRADIENT_NAV2:_core/GRADIENT2:1/COMP:4/sub_diff:2/pfet_06v0:M34:
Property W'nrs in circuit2 has no matching property in circuit1
pfet_06v0:225 vs. GRADIENT_NAV2:_core/GRADIENT2:1/COMP:4/sub_diff:2/pfet_06v0:M34:
Property 0.18u)'nrd in circuit2 has no matching property in circuit1
pfet_06v0:225 vs. GRADIENT_NAV2:_core/GRADIENT2:1/COMP:4/sub_diff:2/pfet_06v0:M34:
Property 0.18u)'ps in circuit2 has no matching property in circuit1
pfet_06v0:1466 vs. GRADIENT_NAV2:_core/GRADIENT2:4/COMP:5/sub_diff:2/pfet_06v0:M34:
Property W'nrs in circuit2 has no matching property in circuit1
pfet_06v0:1466 vs. GRADIENT_NAV2:_core/GRADIENT2:4/COMP:5/sub_diff:2/pfet_06v0:M34:
Property 0.18u)'nrd in circuit2 has no matching property in circuit1
pfet_06v0:1466 vs. GRADIENT_NAV2:_core/GRADIENT2:4/COMP:5/sub_diff:2/pfet_06v0:M34:
Property 0.18u)'ps in circuit2 has no matching property in circuit1
pfet_06v0:1088 vs. GRADIENT_NAV2:_core/GRADIENT2:3/COMP:5/sub_diff:2/pfet_06v0:M34:
Property W'nrs in circuit2 has no matching property in circuit1
pfet_06v0:1088 vs. GRADIENT_NAV2:_core/GRADIENT2:3/COMP:5/sub_diff:2/pfet_06v0:M34:
Property 0.18u)'nrd in circuit2 has no matching property in circuit1
pfet_06v0:1088 vs. GRADIENT_NAV2:_core/GRADIENT2:3/COMP:5/sub_diff:2/pfet_06v0:M34:
Property 0.18u)'ps in circuit2 has no matching property in circuit1
pfet_06v0:585 vs. GRADIENT_NAV2:_core/GRADIENT2:2/COMP:5/sub_diff:2/pfet_06v0:M34:
Property W'nrs in circuit2 has no matching property in circuit1
pfet_06v0:585 vs. GRADIENT_NAV2:_core/GRADIENT2:2/COMP:5/sub_diff:2/pfet_06v0:M34:
Property 0.18u)'nrd in circuit2 has no matching property in circuit1
pfet_06v0:585 vs. GRADIENT_NAV2:_core/GRADIENT2:2/COMP:5/sub_diff:2/pfet_06v0:M34:
Property 0.18u)'ps in circuit2 has no matching property in circuit1
pfet_06v0:171 vs. GRADIENT_NAV2:_core/GRADIENT2:1/COMP:5/sub_diff:2/pfet_06v0:M34:
Property W'nrs in circuit2 has no matching property in circuit1
pfet_06v0:171 vs. GRADIENT_NAV2:_core/GRADIENT2:1/COMP:5/sub_diff:2/pfet_06v0:M34:
Property 0.18u)'nrd in circuit2 has no matching property in circuit1
pfet_06v0:171 vs. GRADIENT_NAV2:_core/GRADIENT2:1/COMP:5/sub_diff:2/pfet_06v0:M34:
Property 0.18u)'ps in circuit2 has no matching property in circuit1
pfet_06v0:1644 vs. GRADIENT_NAV2:_core/GRADIENT2:1/COMP:6/sub_diff:2/pfet_06v0:M34:
Property W'nrs in circuit2 has no matching property in circuit1
pfet_06v0:1644 vs. GRADIENT_NAV2:_core/GRADIENT2:1/COMP:6/sub_diff:2/pfet_06v0:M34:
Property 0.18u)'nrd in circuit2 has no matching property in circuit1
pfet_06v0:1644 vs. GRADIENT_NAV2:_core/GRADIENT2:1/COMP:6/sub_diff:2/pfet_06v0:M34:
Property 0.18u)'ps in circuit2 has no matching property in circuit1
pfet_06v0:980 vs. GRADIENT_NAV2:_core/GRADIENT2:4/COMP:6/sub_diff:2/pfet_06v0:M34:
Property W'nrs in circuit2 has no matching property in circuit1
pfet_06v0:980 vs. GRADIENT_NAV2:_core/GRADIENT2:4/COMP:6/sub_diff:2/pfet_06v0:M34:
Property 0.18u)'nrd in circuit2 has no matching property in circuit1
pfet_06v0:980 vs. GRADIENT_NAV2:_core/GRADIENT2:4/COMP:6/sub_diff:2/pfet_06v0:M34:
Property 0.18u)'ps in circuit2 has no matching property in circuit1
pfet_06v0:603 vs. GRADIENT_NAV2:_core/GRADIENT2:3/COMP:6/sub_diff:2/pfet_06v0:M34:
Property W'nrs in circuit2 has no matching property in circuit1
pfet_06v0:603 vs. GRADIENT_NAV2:_core/GRADIENT2:3/COMP:6/sub_diff:2/pfet_06v0:M34:
Property 0.18u)'nrd in circuit2 has no matching property in circuit1
pfet_06v0:603 vs. GRADIENT_NAV2:_core/GRADIENT2:3/COMP:6/sub_diff:2/pfet_06v0:M34:
Property 0.18u)'ps in circuit2 has no matching property in circuit1
pfet_06v0:69 vs. GRADIENT_NAV2:_core/GRADIENT2:2/COMP:6/sub_diff:2/pfet_06v0:M34:
Property W'nrs in circuit2 has no matching property in circuit1
pfet_06v0:69 vs. GRADIENT_NAV2:_core/GRADIENT2:2/COMP:6/sub_diff:2/pfet_06v0:M34:
Property 0.18u)'nrd in circuit2 has no matching property in circuit1
pfet_06v0:69 vs. GRADIENT_NAV2:_core/GRADIENT2:2/COMP:6/sub_diff:2/pfet_06v0:M34:
Property 0.18u)'ps in circuit2 has no matching property in circuit1
pfet_06v0:1926 vs. GRADIENT_NAV2:_core/GRADIENT2:2/OPAM_LIN:8/sub_diff_2_LIN:2/pfet_06v0:M34:
Property W'nrs in circuit2 has no matching property in circuit1
pfet_06v0:1926 vs. GRADIENT_NAV2:_core/GRADIENT2:2/OPAM_LIN:8/sub_diff_2_LIN:2/pfet_06v0:M34:
Property 0.18u)'nrd in circuit2 has no matching property in circuit1
pfet_06v0:1926 vs. GRADIENT_NAV2:_core/GRADIENT2:2/OPAM_LIN:8/sub_diff_2_LIN:2/pfet_06v0:M34:
Property 0.18u)'ps in circuit2 has no matching property in circuit1
pfet_06v0:1639 vs. GRADIENT_NAV2:_core/GRADIENT2:1/OPAM_LIN:8/sub_diff_2_LIN:2/pfet_06v0:M34:
Property W'nrs in circuit2 has no matching property in circuit1
pfet_06v0:1639 vs. GRADIENT_NAV2:_core/GRADIENT2:1/OPAM_LIN:8/sub_diff_2_LIN:2/pfet_06v0:M34:
Property 0.18u)'nrd in circuit2 has no matching property in circuit1
pfet_06v0:1639 vs. GRADIENT_NAV2:_core/GRADIENT2:1/OPAM_LIN:8/sub_diff_2_LIN:2/pfet_06v0:M34:
Property 0.18u)'ps in circuit2 has no matching property in circuit1
pfet_06v0:452 vs. GRADIENT_NAV2:_core/GRADIENT2:4/OPAM_LIN:8/sub_diff_2_LIN:2/pfet_06v0:M34:
Property W'nrs in circuit2 has no matching property in circuit1
pfet_06v0:452 vs. GRADIENT_NAV2:_core/GRADIENT2:4/OPAM_LIN:8/sub_diff_2_LIN:2/pfet_06v0:M34:
Property 0.18u)'nrd in circuit2 has no matching property in circuit1
pfet_06v0:452 vs. GRADIENT_NAV2:_core/GRADIENT2:4/OPAM_LIN:8/sub_diff_2_LIN:2/pfet_06v0:M34:
Property 0.18u)'ps in circuit2 has no matching property in circuit1
pfet_06v0:349 vs. GRADIENT_NAV2:_core/GRADIENT2:3/OPAM_LIN:8/sub_diff_2_LIN:2/pfet_06v0:M34:
Property W'nrs in circuit2 has no matching property in circuit1
pfet_06v0:349 vs. GRADIENT_NAV2:_core/GRADIENT2:3/OPAM_LIN:8/sub_diff_2_LIN:2/pfet_06v0:M34:
Property 0.18u)'nrd in circuit2 has no matching property in circuit1
pfet_06v0:349 vs. GRADIENT_NAV2:_core/GRADIENT2:3/OPAM_LIN:8/sub_diff_2_LIN:2/pfet_06v0:M34:
Property 0.18u)'ps in circuit2 has no matching property in circuit1
pfet_06v0:1055 vs. GRADIENT_NAV2:_core/GRADIENT2:2/OPAM_LIN:1/sub_diff_2_LIN:2/pfet_06v0:M34:
Property W'nrs in circuit2 has no matching property in circuit1
pfet_06v0:1055 vs. GRADIENT_NAV2:_core/GRADIENT2:2/OPAM_LIN:1/sub_diff_2_LIN:2/pfet_06v0:M34:
Property 0.18u)'nrd in circuit2 has no matching property in circuit1
pfet_06v0:1055 vs. GRADIENT_NAV2:_core/GRADIENT2:2/OPAM_LIN:1/sub_diff_2_LIN:2/pfet_06v0:M34:
Property 0.18u)'ps in circuit2 has no matching property in circuit1
pfet_06v0:975 vs. GRADIENT_NAV2:_core/GRADIENT2:1/OPAM_LIN:1/sub_diff_2_LIN:2/pfet_06v0:M34:
Property W'nrs in circuit2 has no matching property in circuit1
pfet_06v0:975 vs. GRADIENT_NAV2:_core/GRADIENT2:1/OPAM_LIN:1/sub_diff_2_LIN:2/pfet_06v0:M34:
Property 0.18u)'nrd in circuit2 has no matching property in circuit1
pfet_06v0:975 vs. GRADIENT_NAV2:_core/GRADIENT2:1/OPAM_LIN:1/sub_diff_2_LIN:2/pfet_06v0:M34:
Property 0.18u)'ps in circuit2 has no matching property in circuit1
pfet_06v0:710 vs. GRADIENT_NAV2:_core/GRADIENT2:4/OPAM_LIN:1/sub_diff_2_LIN:2/pfet_06v0:M34:
Property W'nrs in circuit2 has no matching property in circuit1
pfet_06v0:710 vs. GRADIENT_NAV2:_core/GRADIENT2:4/OPAM_LIN:1/sub_diff_2_LIN:2/pfet_06v0:M34:
Property 0.18u)'nrd in circuit2 has no matching property in circuit1
pfet_06v0:710 vs. GRADIENT_NAV2:_core/GRADIENT2:4/OPAM_LIN:1/sub_diff_2_LIN:2/pfet_06v0:M34:
Property 0.18u)'ps in circuit2 has no matching property in circuit1
pfet_06v0:287 vs. GRADIENT_NAV2:_core/GRADIENT2:3/OPAM_LIN:1/sub_diff_2_LIN:2/pfet_06v0:M34:
Property W'nrs in circuit2 has no matching property in circuit1
pfet_06v0:287 vs. GRADIENT_NAV2:_core/GRADIENT2:3/OPAM_LIN:1/sub_diff_2_LIN:2/pfet_06v0:M34:
Property 0.18u)'nrd in circuit2 has no matching property in circuit1
pfet_06v0:287 vs. GRADIENT_NAV2:_core/GRADIENT2:3/OPAM_LIN:1/sub_diff_2_LIN:2/pfet_06v0:M34:
Property 0.18u)'ps in circuit2 has no matching property in circuit1
pfet_06v0:1679 vs. GRADIENT_NAV2:_core/GRADIENT2:3/OPAM_LIN:2/sub_diff_2_LIN:2/pfet_06v0:M34:
Property W'nrs in circuit2 has no matching property in circuit1
pfet_06v0:1679 vs. GRADIENT_NAV2:_core/GRADIENT2:3/OPAM_LIN:2/sub_diff_2_LIN:2/pfet_06v0:M34:
Property 0.18u)'nrd in circuit2 has no matching property in circuit1
pfet_06v0:1679 vs. GRADIENT_NAV2:_core/GRADIENT2:3/OPAM_LIN:2/sub_diff_2_LIN:2/pfet_06v0:M34:
Property 0.18u)'ps in circuit2 has no matching property in circuit1
pfet_06v0:1587 vs. GRADIENT_NAV2:_core/GRADIENT2:2/OPAM_LIN:2/sub_diff_2_LIN:2/pfet_06v0:M34:
Property W'nrs in circuit2 has no matching property in circuit1
pfet_06v0:1587 vs. GRADIENT_NAV2:_core/GRADIENT2:2/OPAM_LIN:2/sub_diff_2_LIN:2/pfet_06v0:M34:
Property 0.18u)'nrd in circuit2 has no matching property in circuit1
pfet_06v0:1587 vs. GRADIENT_NAV2:_core/GRADIENT2:2/OPAM_LIN:2/sub_diff_2_LIN:2/pfet_06v0:M34:
Property 0.18u)'ps in circuit2 has no matching property in circuit1
pfet_06v0:1308 vs. GRADIENT_NAV2:_core/GRADIENT2:1/OPAM_LIN:2/sub_diff_2_LIN:2/pfet_06v0:M34:
Property W'nrs in circuit2 has no matching property in circuit1
pfet_06v0:1308 vs. GRADIENT_NAV2:_core/GRADIENT2:1/OPAM_LIN:2/sub_diff_2_LIN:2/pfet_06v0:M34:
Property 0.18u)'nrd in circuit2 has no matching property in circuit1
pfet_06v0:1308 vs. GRADIENT_NAV2:_core/GRADIENT2:1/OPAM_LIN:2/sub_diff_2_LIN:2/pfet_06v0:M34:
Property 0.18u)'ps in circuit2 has no matching property in circuit1
pfet_06v0:1056 vs. GRADIENT_NAV2:_core/GRADIENT2:4/OPAM_LIN:2/sub_diff_2_LIN:2/pfet_06v0:M34:
Property W'nrs in circuit2 has no matching property in circuit1
pfet_06v0:1056 vs. GRADIENT_NAV2:_core/GRADIENT2:4/OPAM_LIN:2/sub_diff_2_LIN:2/pfet_06v0:M34:
Property 0.18u)'nrd in circuit2 has no matching property in circuit1
pfet_06v0:1056 vs. GRADIENT_NAV2:_core/GRADIENT2:4/OPAM_LIN:2/sub_diff_2_LIN:2/pfet_06v0:M34:
Property 0.18u)'ps in circuit2 has no matching property in circuit1
pfet_06v0:1164 vs. GRADIENT_NAV2:_core/GRADIENT2:1/OPAM_LIN:2/sub_diff_2_LIN:2/pfet_06v0:M36:
Property W'nrs in circuit2 has no matching property in circuit1
pfet_06v0:1164 vs. GRADIENT_NAV2:_core/GRADIENT2:1/OPAM_LIN:2/sub_diff_2_LIN:2/pfet_06v0:M36:
Property 0.18u)'nrd in circuit2 has no matching property in circuit1
pfet_06v0:1164 vs. GRADIENT_NAV2:_core/GRADIENT2:1/OPAM_LIN:2/sub_diff_2_LIN:2/pfet_06v0:M36:
Property 0.18u)'ps in circuit2 has no matching property in circuit1
pfet_06v0:1457 vs. GRADIENT_NAV2:_core/GRADIENT2:2/OPAM_LIN:2/sub_diff_2_LIN:2/pfet_06v0:M36:
Property W'nrs in circuit2 has no matching property in circuit1
pfet_06v0:1457 vs. GRADIENT_NAV2:_core/GRADIENT2:2/OPAM_LIN:2/sub_diff_2_LIN:2/pfet_06v0:M36:
Property 0.18u)'nrd in circuit2 has no matching property in circuit1
pfet_06v0:1457 vs. GRADIENT_NAV2:_core/GRADIENT2:2/OPAM_LIN:2/sub_diff_2_LIN:2/pfet_06v0:M36:
Property 0.18u)'ps in circuit2 has no matching property in circuit1
pfet_06v0:1542 vs. GRADIENT_NAV2:_core/GRADIENT2:3/OPAM_LIN:2/sub_diff_2_LIN:2/pfet_06v0:M36:
Property W'nrs in circuit2 has no matching property in circuit1
pfet_06v0:1542 vs. GRADIENT_NAV2:_core/GRADIENT2:3/OPAM_LIN:2/sub_diff_2_LIN:2/pfet_06v0:M36:
Property 0.18u)'nrd in circuit2 has no matching property in circuit1
pfet_06v0:1542 vs. GRADIENT_NAV2:_core/GRADIENT2:3/OPAM_LIN:2/sub_diff_2_LIN:2/pfet_06v0:M36:
Property 0.18u)'ps in circuit2 has no matching property in circuit1
pfet_06v0:1764 vs. GRADIENT_NAV2:_core/GRADIENT2:4/OPAM_LIN:2/sub_diff_2_LIN:2/pfet_06v0:M36:
Property W'nrs in circuit2 has no matching property in circuit1
pfet_06v0:1764 vs. GRADIENT_NAV2:_core/GRADIENT2:4/OPAM_LIN:2/sub_diff_2_LIN:2/pfet_06v0:M36:
Property 0.18u)'nrd in circuit2 has no matching property in circuit1
pfet_06v0:1764 vs. GRADIENT_NAV2:_core/GRADIENT2:4/OPAM_LIN:2/sub_diff_2_LIN:2/pfet_06v0:M36:
Property 0.18u)'ps in circuit2 has no matching property in circuit1
pfet_06v0:838 vs. GRADIENT_NAV2:_core/GRADIENT2:1/OPAM_LIN:1/sub_diff_2_LIN:2/pfet_06v0:M36:
Property W'nrs in circuit2 has no matching property in circuit1
pfet_06v0:838 vs. GRADIENT_NAV2:_core/GRADIENT2:1/OPAM_LIN:1/sub_diff_2_LIN:2/pfet_06v0:M36:
Property 0.18u)'nrd in circuit2 has no matching property in circuit1
pfet_06v0:838 vs. GRADIENT_NAV2:_core/GRADIENT2:1/OPAM_LIN:1/sub_diff_2_LIN:2/pfet_06v0:M36:
Property 0.18u)'ps in circuit2 has no matching property in circuit1
pfet_06v0:926 vs. GRADIENT_NAV2:_core/GRADIENT2:2/OPAM_LIN:1/sub_diff_2_LIN:2/pfet_06v0:M36:
Property W'nrs in circuit2 has no matching property in circuit1
pfet_06v0:926 vs. GRADIENT_NAV2:_core/GRADIENT2:2/OPAM_LIN:1/sub_diff_2_LIN:2/pfet_06v0:M36:
Property 0.18u)'nrd in circuit2 has no matching property in circuit1
pfet_06v0:926 vs. GRADIENT_NAV2:_core/GRADIENT2:2/OPAM_LIN:1/sub_diff_2_LIN:2/pfet_06v0:M36:
Property 0.18u)'ps in circuit2 has no matching property in circuit1
pfet_06v0:1023 vs. GRADIENT_NAV2:_core/GRADIENT2:3/OPAM_LIN:1/sub_diff_2_LIN:2/pfet_06v0:M36:
Property W'nrs in circuit2 has no matching property in circuit1
pfet_06v0:1023 vs. GRADIENT_NAV2:_core/GRADIENT2:3/OPAM_LIN:1/sub_diff_2_LIN:2/pfet_06v0:M36:
Property 0.18u)'nrd in circuit2 has no matching property in circuit1
pfet_06v0:1023 vs. GRADIENT_NAV2:_core/GRADIENT2:3/OPAM_LIN:1/sub_diff_2_LIN:2/pfet_06v0:M36:
Property 0.18u)'ps in circuit2 has no matching property in circuit1
pfet_06v0:581 vs. GRADIENT_NAV2:_core/GRADIENT2:4/OPAM_LIN:1/sub_diff_2_LIN:2/pfet_06v0:M36:
Property W'nrs in circuit2 has no matching property in circuit1
pfet_06v0:581 vs. GRADIENT_NAV2:_core/GRADIENT2:4/OPAM_LIN:1/sub_diff_2_LIN:2/pfet_06v0:M36:
Property 0.18u)'nrd in circuit2 has no matching property in circuit1
pfet_06v0:581 vs. GRADIENT_NAV2:_core/GRADIENT2:4/OPAM_LIN:1/sub_diff_2_LIN:2/pfet_06v0:M36:
Property 0.18u)'ps in circuit2 has no matching property in circuit1
pfet_06v0:375 vs. GRADIENT_NAV2:_core/GRADIENT2:1/OPAM_LIN:8/sub_diff_2_LIN:2/pfet_06v0:M36:
Property W'nrs in circuit2 has no matching property in circuit1
pfet_06v0:375 vs. GRADIENT_NAV2:_core/GRADIENT2:1/OPAM_LIN:8/sub_diff_2_LIN:2/pfet_06v0:M36:
Property 0.18u)'nrd in circuit2 has no matching property in circuit1
pfet_06v0:375 vs. GRADIENT_NAV2:_core/GRADIENT2:1/OPAM_LIN:8/sub_diff_2_LIN:2/pfet_06v0:M36:
Property 0.18u)'ps in circuit2 has no matching property in circuit1
pfet_06v0:1797 vs. GRADIENT_NAV2:_core/GRADIENT2:2/OPAM_LIN:8/sub_diff_2_LIN:2/pfet_06v0:M36:
Property W'nrs in circuit2 has no matching property in circuit1
pfet_06v0:1797 vs. GRADIENT_NAV2:_core/GRADIENT2:2/OPAM_LIN:8/sub_diff_2_LIN:2/pfet_06v0:M36:
Property 0.18u)'nrd in circuit2 has no matching property in circuit1
pfet_06v0:1797 vs. GRADIENT_NAV2:_core/GRADIENT2:2/OPAM_LIN:8/sub_diff_2_LIN:2/pfet_06v0:M36:
Property 0.18u)'ps in circuit2 has no matching property in circuit1
pfet_06v0:208 vs. GRADIENT_NAV2:_core/GRADIENT2:3/OPAM_LIN:8/sub_diff_2_LIN:2/pfet_06v0:M36:
Property W'nrs in circuit2 has no matching property in circuit1
pfet_06v0:208 vs. GRADIENT_NAV2:_core/GRADIENT2:3/OPAM_LIN:8/sub_diff_2_LIN:2/pfet_06v0:M36:
Property 0.18u)'nrd in circuit2 has no matching property in circuit1
pfet_06v0:208 vs. GRADIENT_NAV2:_core/GRADIENT2:3/OPAM_LIN:8/sub_diff_2_LIN:2/pfet_06v0:M36:
Property 0.18u)'ps in circuit2 has no matching property in circuit1
pfet_06v0:302 vs. GRADIENT_NAV2:_core/GRADIENT2:4/OPAM_LIN:8/sub_diff_2_LIN:2/pfet_06v0:M36:
Property W'nrs in circuit2 has no matching property in circuit1
pfet_06v0:302 vs. GRADIENT_NAV2:_core/GRADIENT2:4/OPAM_LIN:8/sub_diff_2_LIN:2/pfet_06v0:M36:
Property 0.18u)'nrd in circuit2 has no matching property in circuit1
pfet_06v0:302 vs. GRADIENT_NAV2:_core/GRADIENT2:4/OPAM_LIN:8/sub_diff_2_LIN:2/pfet_06v0:M36:
Property 0.18u)'ps in circuit2 has no matching property in circuit1
pfet_06v0:381 vs. GRADIENT_NAV2:_core/GRADIENT2:1/COMP:6/sub_diff:2/pfet_06v0:M36:
Property W'nrs in circuit2 has no matching property in circuit1
pfet_06v0:381 vs. GRADIENT_NAV2:_core/GRADIENT2:1/COMP:6/sub_diff:2/pfet_06v0:M36:
Property 0.18u)'nrd in circuit2 has no matching property in circuit1
pfet_06v0:381 vs. GRADIENT_NAV2:_core/GRADIENT2:1/COMP:6/sub_diff:2/pfet_06v0:M36:
Property 0.18u)'ps in circuit2 has no matching property in circuit1
pfet_06v0:779 vs. GRADIENT_NAV2:_core/GRADIENT2:2/COMP:6/sub_diff:2/pfet_06v0:M36:
Property W'nrs in circuit2 has no matching property in circuit1
pfet_06v0:779 vs. GRADIENT_NAV2:_core/GRADIENT2:2/COMP:6/sub_diff:2/pfet_06v0:M36:
Property 0.18u)'nrd in circuit2 has no matching property in circuit1
pfet_06v0:779 vs. GRADIENT_NAV2:_core/GRADIENT2:2/COMP:6/sub_diff:2/pfet_06v0:M36:
Property 0.18u)'ps in circuit2 has no matching property in circuit1
pfet_06v0:1304 vs. GRADIENT_NAV2:_core/GRADIENT2:3/COMP:6/sub_diff:2/pfet_06v0:M36:
Property W'nrs in circuit2 has no matching property in circuit1
pfet_06v0:1304 vs. GRADIENT_NAV2:_core/GRADIENT2:3/COMP:6/sub_diff:2/pfet_06v0:M36:
Property 0.18u)'nrd in circuit2 has no matching property in circuit1
pfet_06v0:1304 vs. GRADIENT_NAV2:_core/GRADIENT2:3/COMP:6/sub_diff:2/pfet_06v0:M36:
Property 0.18u)'ps in circuit2 has no matching property in circuit1
pfet_06v0:1673 vs. GRADIENT_NAV2:_core/GRADIENT2:4/COMP:6/sub_diff:2/pfet_06v0:M36:
Property W'nrs in circuit2 has no matching property in circuit1
pfet_06v0:1673 vs. GRADIENT_NAV2:_core/GRADIENT2:4/COMP:6/sub_diff:2/pfet_06v0:M36:
Property 0.18u)'nrd in circuit2 has no matching property in circuit1
pfet_06v0:1673 vs. GRADIENT_NAV2:_core/GRADIENT2:4/COMP:6/sub_diff:2/pfet_06v0:M36:
Property 0.18u)'ps in circuit2 has no matching property in circuit1
pfet_06v0:964 vs. GRADIENT_NAV2:_core/GRADIENT2:1/COMP:4/sub_diff:2/pfet_06v0:M36:
Property W'nrs in circuit2 has no matching property in circuit1
pfet_06v0:964 vs. GRADIENT_NAV2:_core/GRADIENT2:1/COMP:4/sub_diff:2/pfet_06v0:M36:
Property 0.18u)'nrd in circuit2 has no matching property in circuit1
pfet_06v0:964 vs. GRADIENT_NAV2:_core/GRADIENT2:1/COMP:4/sub_diff:2/pfet_06v0:M36:
Property 0.18u)'ps in circuit2 has no matching property in circuit1
pfet_06v0:1340 vs. GRADIENT_NAV2:_core/GRADIENT2:2/COMP:4/sub_diff:2/pfet_06v0:M36:
Property W'nrs in circuit2 has no matching property in circuit1
pfet_06v0:1340 vs. GRADIENT_NAV2:_core/GRADIENT2:2/COMP:4/sub_diff:2/pfet_06v0:M36:
Property 0.18u)'nrd in circuit2 has no matching property in circuit1
pfet_06v0:1340 vs. GRADIENT_NAV2:_core/GRADIENT2:2/COMP:4/sub_diff:2/pfet_06v0:M36:
Property 0.18u)'ps in circuit2 has no matching property in circuit1
pfet_06v0:1851 vs. GRADIENT_NAV2:_core/GRADIENT2:3/COMP:4/sub_diff:2/pfet_06v0:M36:
Property W'nrs in circuit2 has no matching property in circuit1
pfet_06v0:1851 vs. GRADIENT_NAV2:_core/GRADIENT2:3/COMP:4/sub_diff:2/pfet_06v0:M36:
Property 0.18u)'nrd in circuit2 has no matching property in circuit1
pfet_06v0:1851 vs. GRADIENT_NAV2:_core/GRADIENT2:3/COMP:4/sub_diff:2/pfet_06v0:M36:
Property 0.18u)'ps in circuit2 has no matching property in circuit1
pfet_06v0:237 vs. GRADIENT_NAV2:_core/GRADIENT2:4/COMP:4/sub_diff:2/pfet_06v0:M36:
Property W'nrs in circuit2 has no matching property in circuit1
pfet_06v0:237 vs. GRADIENT_NAV2:_core/GRADIENT2:4/COMP:4/sub_diff:2/pfet_06v0:M36:
Property 0.18u)'nrd in circuit2 has no matching property in circuit1
pfet_06v0:237 vs. GRADIENT_NAV2:_core/GRADIENT2:4/COMP:4/sub_diff:2/pfet_06v0:M36:
Property 0.18u)'ps in circuit2 has no matching property in circuit1
pfet_06v0:909 vs. GRADIENT_NAV2:_core/GRADIENT2:1/COMP:5/sub_diff:2/pfet_06v0:M36:
Property W'nrs in circuit2 has no matching property in circuit1
pfet_06v0:909 vs. GRADIENT_NAV2:_core/GRADIENT2:1/COMP:5/sub_diff:2/pfet_06v0:M36:
Property 0.18u)'nrd in circuit2 has no matching property in circuit1
pfet_06v0:909 vs. GRADIENT_NAV2:_core/GRADIENT2:1/COMP:5/sub_diff:2/pfet_06v0:M36:
Property 0.18u)'ps in circuit2 has no matching property in circuit1
pfet_06v0:1279 vs. GRADIENT_NAV2:_core/GRADIENT2:2/COMP:5/sub_diff:2/pfet_06v0:M36:
Property W'nrs in circuit2 has no matching property in circuit1
pfet_06v0:1279 vs. GRADIENT_NAV2:_core/GRADIENT2:2/COMP:5/sub_diff:2/pfet_06v0:M36:
Property 0.18u)'nrd in circuit2 has no matching property in circuit1
pfet_06v0:1279 vs. GRADIENT_NAV2:_core/GRADIENT2:2/COMP:5/sub_diff:2/pfet_06v0:M36:
Property 0.18u)'ps in circuit2 has no matching property in circuit1
pfet_06v0:1801 vs. GRADIENT_NAV2:_core/GRADIENT2:3/COMP:5/sub_diff:2/pfet_06v0:M36:
Property W'nrs in circuit2 has no matching property in circuit1
pfet_06v0:1801 vs. GRADIENT_NAV2:_core/GRADIENT2:3/COMP:5/sub_diff:2/pfet_06v0:M36:
Property 0.18u)'nrd in circuit2 has no matching property in circuit1
pfet_06v0:1801 vs. GRADIENT_NAV2:_core/GRADIENT2:3/COMP:5/sub_diff:2/pfet_06v0:M36:
Property 0.18u)'ps in circuit2 has no matching property in circuit1
pfet_06v0:192 vs. GRADIENT_NAV2:_core/GRADIENT2:4/COMP:5/sub_diff:2/pfet_06v0:M36:
Property W'nrs in circuit2 has no matching property in circuit1
pfet_06v0:192 vs. GRADIENT_NAV2:_core/GRADIENT2:4/COMP:5/sub_diff:2/pfet_06v0:M36:
Property 0.18u)'nrd in circuit2 has no matching property in circuit1
pfet_06v0:192 vs. GRADIENT_NAV2:_core/GRADIENT2:4/COMP:5/sub_diff:2/pfet_06v0:M36:
Property 0.18u)'ps in circuit2 has no matching property in circuit1
pfet_06v0:1799 vs. GRADIENT_NAV2:_core/GRADIENT2:4/COMP:6/sub_diff:2/pfet_06v0:M37:
Property W'nrs in circuit2 has no matching property in circuit1
pfet_06v0:1799 vs. GRADIENT_NAV2:_core/GRADIENT2:4/COMP:6/sub_diff:2/pfet_06v0:M37:
Property 0.18u)'nrd in circuit2 has no matching property in circuit1
pfet_06v0:1799 vs. GRADIENT_NAV2:_core/GRADIENT2:4/COMP:6/sub_diff:2/pfet_06v0:M37:
Property 0.18u)'ps in circuit2 has no matching property in circuit1
pfet_06v0:1419 vs. GRADIENT_NAV2:_core/GRADIENT2:3/COMP:6/sub_diff:2/pfet_06v0:M37:
Property W'nrs in circuit2 has no matching property in circuit1
pfet_06v0:1419 vs. GRADIENT_NAV2:_core/GRADIENT2:3/COMP:6/sub_diff:2/pfet_06v0:M37:
Property 0.18u)'nrd in circuit2 has no matching property in circuit1
pfet_06v0:1419 vs. GRADIENT_NAV2:_core/GRADIENT2:3/COMP:6/sub_diff:2/pfet_06v0:M37:
Property 0.18u)'ps in circuit2 has no matching property in circuit1
pfet_06v0:904 vs. GRADIENT_NAV2:_core/GRADIENT2:2/COMP:6/sub_diff:2/pfet_06v0:M37:
Property W'nrs in circuit2 has no matching property in circuit1
pfet_06v0:904 vs. GRADIENT_NAV2:_core/GRADIENT2:2/COMP:6/sub_diff:2/pfet_06v0:M37:
Property 0.18u)'nrd in circuit2 has no matching property in circuit1
pfet_06v0:904 vs. GRADIENT_NAV2:_core/GRADIENT2:2/COMP:6/sub_diff:2/pfet_06v0:M37:
Property 0.18u)'ps in circuit2 has no matching property in circuit1
pfet_06v0:518 vs. GRADIENT_NAV2:_core/GRADIENT2:1/COMP:6/sub_diff:2/pfet_06v0:M37:
Property W'nrs in circuit2 has no matching property in circuit1
pfet_06v0:518 vs. GRADIENT_NAV2:_core/GRADIENT2:1/COMP:6/sub_diff:2/pfet_06v0:M37:
Property 0.18u)'nrd in circuit2 has no matching property in circuit1
pfet_06v0:518 vs. GRADIENT_NAV2:_core/GRADIENT2:1/COMP:6/sub_diff:2/pfet_06v0:M37:
Property 0.18u)'ps in circuit2 has no matching property in circuit1
pfet_06v0:1964 vs. GRADIENT_NAV2:_core/GRADIENT2:1/COMP:4/sub_diff:2/pfet_06v0:M37:
Property W'nrs in circuit2 has no matching property in circuit1
pfet_06v0:1964 vs. GRADIENT_NAV2:_core/GRADIENT2:1/COMP:4/sub_diff:2/pfet_06v0:M37:
Property 0.18u)'nrd in circuit2 has no matching property in circuit1
pfet_06v0:1964 vs. GRADIENT_NAV2:_core/GRADIENT2:1/COMP:4/sub_diff:2/pfet_06v0:M37:
Property 0.18u)'ps in circuit2 has no matching property in circuit1
pfet_06v0:1267 vs. GRADIENT_NAV2:_core/GRADIENT2:4/COMP:4/sub_diff:2/pfet_06v0:M37:
Property W'nrs in circuit2 has no matching property in circuit1
pfet_06v0:1267 vs. GRADIENT_NAV2:_core/GRADIENT2:4/COMP:4/sub_diff:2/pfet_06v0:M37:
Property 0.18u)'nrd in circuit2 has no matching property in circuit1
pfet_06v0:1267 vs. GRADIENT_NAV2:_core/GRADIENT2:4/COMP:4/sub_diff:2/pfet_06v0:M37:
Property 0.18u)'ps in circuit2 has no matching property in circuit1
pfet_06v0:890 vs. GRADIENT_NAV2:_core/GRADIENT2:3/COMP:4/sub_diff:2/pfet_06v0:M37:
Property W'nrs in circuit2 has no matching property in circuit1
pfet_06v0:890 vs. GRADIENT_NAV2:_core/GRADIENT2:3/COMP:4/sub_diff:2/pfet_06v0:M37:
Property 0.18u)'nrd in circuit2 has no matching property in circuit1
pfet_06v0:890 vs. GRADIENT_NAV2:_core/GRADIENT2:3/COMP:4/sub_diff:2/pfet_06v0:M37:
Property 0.18u)'ps in circuit2 has no matching property in circuit1
pfet_06v0:360 vs. GRADIENT_NAV2:_core/GRADIENT2:2/COMP:4/sub_diff:2/pfet_06v0:M37:
Property W'nrs in circuit2 has no matching property in circuit1
pfet_06v0:360 vs. GRADIENT_NAV2:_core/GRADIENT2:2/COMP:4/sub_diff:2/pfet_06v0:M37:
Property 0.18u)'nrd in circuit2 has no matching property in circuit1
pfet_06v0:360 vs. GRADIENT_NAV2:_core/GRADIENT2:2/COMP:4/sub_diff:2/pfet_06v0:M37:
Property 0.18u)'ps in circuit2 has no matching property in circuit1
pfet_06v0:1614 vs. GRADIENT_NAV2:_core/GRADIENT2:2/COMP:5/sub_diff:2/pfet_06v0:M37:
Property W'nrs in circuit2 has no matching property in circuit1
pfet_06v0:1614 vs. GRADIENT_NAV2:_core/GRADIENT2:2/COMP:5/sub_diff:2/pfet_06v0:M37:
Property 0.18u)'nrd in circuit2 has no matching property in circuit1
pfet_06v0:1614 vs. GRADIENT_NAV2:_core/GRADIENT2:2/COMP:5/sub_diff:2/pfet_06v0:M37:
Property 0.18u)'ps in circuit2 has no matching property in circuit1
pfet_06v0:1240 vs. GRADIENT_NAV2:_core/GRADIENT2:1/COMP:5/sub_diff:2/pfet_06v0:M37:
Property W'nrs in circuit2 has no matching property in circuit1
pfet_06v0:1240 vs. GRADIENT_NAV2:_core/GRADIENT2:1/COMP:5/sub_diff:2/pfet_06v0:M37:
Property 0.18u)'nrd in circuit2 has no matching property in circuit1
pfet_06v0:1240 vs. GRADIENT_NAV2:_core/GRADIENT2:1/COMP:5/sub_diff:2/pfet_06v0:M37:
Property 0.18u)'ps in circuit2 has no matching property in circuit1
pfet_06v0:564 vs. GRADIENT_NAV2:_core/GRADIENT2:4/COMP:5/sub_diff:2/pfet_06v0:M37:
Property W'nrs in circuit2 has no matching property in circuit1
pfet_06v0:564 vs. GRADIENT_NAV2:_core/GRADIENT2:4/COMP:5/sub_diff:2/pfet_06v0:M37:
Property 0.18u)'nrd in circuit2 has no matching property in circuit1
pfet_06v0:564 vs. GRADIENT_NAV2:_core/GRADIENT2:4/COMP:5/sub_diff:2/pfet_06v0:M37:
Property 0.18u)'ps in circuit2 has no matching property in circuit1
pfet_06v0:151 vs. GRADIENT_NAV2:_core/GRADIENT2:3/COMP:5/sub_diff:2/pfet_06v0:M37:
Property W'nrs in circuit2 has no matching property in circuit1
pfet_06v0:151 vs. GRADIENT_NAV2:_core/GRADIENT2:3/COMP:5/sub_diff:2/pfet_06v0:M37:
Property 0.18u)'nrd in circuit2 has no matching property in circuit1
pfet_06v0:151 vs. GRADIENT_NAV2:_core/GRADIENT2:3/COMP:5/sub_diff:2/pfet_06v0:M37:
Property 0.18u)'ps in circuit2 has no matching property in circuit1
pfet_06v0:1680 vs. GRADIENT_NAV2:_core/GRADIENT2:2/OPAM_LIN:8/sub_diff_2_LIN:2/pfet_06v0:M37:
Property W'nrs in circuit2 has no matching property in circuit1
pfet_06v0:1680 vs. GRADIENT_NAV2:_core/GRADIENT2:2/OPAM_LIN:8/sub_diff_2_LIN:2/pfet_06v0:M37:
Property 0.18u)'nrd in circuit2 has no matching property in circuit1
pfet_06v0:1680 vs. GRADIENT_NAV2:_core/GRADIENT2:2/OPAM_LIN:8/sub_diff_2_LIN:2/pfet_06v0:M37:
Property 0.18u)'ps in circuit2 has no matching property in circuit1
pfet_06v0:1235 vs. GRADIENT_NAV2:_core/GRADIENT2:3/OPAM_LIN:8/sub_diff_2_LIN:2/pfet_06v0:M37:
Property W'nrs in circuit2 has no matching property in circuit1
pfet_06v0:1235 vs. GRADIENT_NAV2:_core/GRADIENT2:3/OPAM_LIN:8/sub_diff_2_LIN:2/pfet_06v0:M37:
Property 0.18u)'nrd in circuit2 has no matching property in circuit1
pfet_06v0:1235 vs. GRADIENT_NAV2:_core/GRADIENT2:3/OPAM_LIN:8/sub_diff_2_LIN:2/pfet_06v0:M37:
Property 0.18u)'ps in circuit2 has no matching property in circuit1
pfet_06v0:735 vs. GRADIENT_NAV2:_core/GRADIENT2:1/OPAM_LIN:8/sub_diff_2_LIN:2/pfet_06v0:M37:
Property W'nrs in circuit2 has no matching property in circuit1
pfet_06v0:735 vs. GRADIENT_NAV2:_core/GRADIENT2:1/OPAM_LIN:8/sub_diff_2_LIN:2/pfet_06v0:M37:
Property 0.18u)'nrd in circuit2 has no matching property in circuit1
pfet_06v0:735 vs. GRADIENT_NAV2:_core/GRADIENT2:1/OPAM_LIN:8/sub_diff_2_LIN:2/pfet_06v0:M37:
Property 0.18u)'ps in circuit2 has no matching property in circuit1
pfet_06v0:668 vs. GRADIENT_NAV2:_core/GRADIENT2:4/OPAM_LIN:8/sub_diff_2_LIN:2/pfet_06v0:M37:
Property W'nrs in circuit2 has no matching property in circuit1
pfet_06v0:668 vs. GRADIENT_NAV2:_core/GRADIENT2:4/OPAM_LIN:8/sub_diff_2_LIN:2/pfet_06v0:M37:
Property 0.18u)'nrd in circuit2 has no matching property in circuit1
pfet_06v0:668 vs. GRADIENT_NAV2:_core/GRADIENT2:4/OPAM_LIN:8/sub_diff_2_LIN:2/pfet_06v0:M37:
Property 0.18u)'ps in circuit2 has no matching property in circuit1
pfet_06v0:1841 vs. GRADIENT_NAV2:_core/GRADIENT2:1/OPAM_LIN:1/sub_diff_2_LIN:2/pfet_06v0:M37:
Property W'nrs in circuit2 has no matching property in circuit1
pfet_06v0:1841 vs. GRADIENT_NAV2:_core/GRADIENT2:1/OPAM_LIN:1/sub_diff_2_LIN:2/pfet_06v0:M37:
Property 0.18u)'nrd in circuit2 has no matching property in circuit1
pfet_06v0:1841 vs. GRADIENT_NAV2:_core/GRADIENT2:1/OPAM_LIN:1/sub_diff_2_LIN:2/pfet_06v0:M37:
Property 0.18u)'ps in circuit2 has no matching property in circuit1
pfet_06v0:1366 vs. GRADIENT_NAV2:_core/GRADIENT2:3/OPAM_LIN:1/sub_diff_2_LIN:2/pfet_06v0:M37:
Property W'nrs in circuit2 has no matching property in circuit1
pfet_06v0:1366 vs. GRADIENT_NAV2:_core/GRADIENT2:3/OPAM_LIN:1/sub_diff_2_LIN:2/pfet_06v0:M37:
Property 0.18u)'nrd in circuit2 has no matching property in circuit1
pfet_06v0:1366 vs. GRADIENT_NAV2:_core/GRADIENT2:3/OPAM_LIN:1/sub_diff_2_LIN:2/pfet_06v0:M37:
Property 0.18u)'ps in circuit2 has no matching property in circuit1
pfet_06v0:1258 vs. GRADIENT_NAV2:_core/GRADIENT2:2/OPAM_LIN:1/sub_diff_2_LIN:2/pfet_06v0:M37:
Property W'nrs in circuit2 has no matching property in circuit1
pfet_06v0:1258 vs. GRADIENT_NAV2:_core/GRADIENT2:2/OPAM_LIN:1/sub_diff_2_LIN:2/pfet_06v0:M37:
Property 0.18u)'nrd in circuit2 has no matching property in circuit1
pfet_06v0:1258 vs. GRADIENT_NAV2:_core/GRADIENT2:2/OPAM_LIN:1/sub_diff_2_LIN:2/pfet_06v0:M37:
Property 0.18u)'ps in circuit2 has no matching property in circuit1
pfet_06v0:450 vs. GRADIENT_NAV2:_core/GRADIENT2:4/OPAM_LIN:1/sub_diff_2_LIN:2/pfet_06v0:M37:
Property W'nrs in circuit2 has no matching property in circuit1
pfet_06v0:450 vs. GRADIENT_NAV2:_core/GRADIENT2:4/OPAM_LIN:1/sub_diff_2_LIN:2/pfet_06v0:M37:
Property 0.18u)'nrd in circuit2 has no matching property in circuit1
pfet_06v0:450 vs. GRADIENT_NAV2:_core/GRADIENT2:4/OPAM_LIN:1/sub_diff_2_LIN:2/pfet_06v0:M37:
Property 0.18u)'ps in circuit2 has no matching property in circuit1
pfet_06v0:1891 vs. GRADIENT_NAV2:_core/GRADIENT2:3/OPAM_LIN:2/sub_diff_2_LIN:2/pfet_06v0:M37:
Property W'nrs in circuit2 has no matching property in circuit1
pfet_06v0:1891 vs. GRADIENT_NAV2:_core/GRADIENT2:3/OPAM_LIN:2/sub_diff_2_LIN:2/pfet_06v0:M37:
Property 0.18u)'nrd in circuit2 has no matching property in circuit1
pfet_06v0:1891 vs. GRADIENT_NAV2:_core/GRADIENT2:3/OPAM_LIN:2/sub_diff_2_LIN:2/pfet_06v0:M37:
Property 0.18u)'ps in circuit2 has no matching property in circuit1
pfet_06v0:1051 vs. GRADIENT_NAV2:_core/GRADIENT2:1/OPAM_LIN:2/sub_diff_2_LIN:2/pfet_06v0:M37:
Property W'nrs in circuit2 has no matching property in circuit1
pfet_06v0:1051 vs. GRADIENT_NAV2:_core/GRADIENT2:1/OPAM_LIN:2/sub_diff_2_LIN:2/pfet_06v0:M37:
Property 0.18u)'nrd in circuit2 has no matching property in circuit1
pfet_06v0:1051 vs. GRADIENT_NAV2:_core/GRADIENT2:1/OPAM_LIN:2/sub_diff_2_LIN:2/pfet_06v0:M37:
Property 0.18u)'ps in circuit2 has no matching property in circuit1
pfet_06v0:502 vs. GRADIENT_NAV2:_core/GRADIENT2:2/OPAM_LIN:2/sub_diff_2_LIN:2/pfet_06v0:M37:
Property W'nrs in circuit2 has no matching property in circuit1
pfet_06v0:502 vs. GRADIENT_NAV2:_core/GRADIENT2:2/OPAM_LIN:2/sub_diff_2_LIN:2/pfet_06v0:M37:
Property 0.18u)'nrd in circuit2 has no matching property in circuit1
pfet_06v0:502 vs. GRADIENT_NAV2:_core/GRADIENT2:2/OPAM_LIN:2/sub_diff_2_LIN:2/pfet_06v0:M37:
Property 0.18u)'ps in circuit2 has no matching property in circuit1
pfet_06v0:122 vs. GRADIENT_NAV2:_core/GRADIENT2:4/OPAM_LIN:2/sub_diff_2_LIN:2/pfet_06v0:M37:
Property W'nrs in circuit2 has no matching property in circuit1
pfet_06v0:122 vs. GRADIENT_NAV2:_core/GRADIENT2:4/OPAM_LIN:2/sub_diff_2_LIN:2/pfet_06v0:M37:
Property 0.18u)'nrd in circuit2 has no matching property in circuit1
pfet_06v0:122 vs. GRADIENT_NAV2:_core/GRADIENT2:4/OPAM_LIN:2/sub_diff_2_LIN:2/pfet_06v0:M37:
Property 0.18u)'ps in circuit2 has no matching property in circuit1
pfet_06v0:1583 vs. GRADIENT_NAV2:_core/GRADIENT2:1/DECODER:7/Z:1/pfet_06v0:M5:
Property W'nrs in circuit2 has no matching property in circuit1
pfet_06v0:1583 vs. GRADIENT_NAV2:_core/GRADIENT2:1/DECODER:7/Z:1/pfet_06v0:M5:
Property 0.18u)'nrd in circuit2 has no matching property in circuit1
pfet_06v0:1583 vs. GRADIENT_NAV2:_core/GRADIENT2:1/DECODER:7/Z:1/pfet_06v0:M5:
Property 0.18u)'ps in circuit2 has no matching property in circuit1
pfet_06v0:1972 vs. GRADIENT_NAV2:_core/GRADIENT2:2/DECODER:7/Z:1/pfet_06v0:M5:
Property W'nrs in circuit2 has no matching property in circuit1
pfet_06v0:1972 vs. GRADIENT_NAV2:_core/GRADIENT2:2/DECODER:7/Z:1/pfet_06v0:M5:
Property 0.18u)'nrd in circuit2 has no matching property in circuit1
pfet_06v0:1972 vs. GRADIENT_NAV2:_core/GRADIENT2:2/DECODER:7/Z:1/pfet_06v0:M5:
Property 0.18u)'ps in circuit2 has no matching property in circuit1
pfet_06v0:1005 vs. GRADIENT_NAV2:_core/GRADIENT2:3/DECODER:7/Z:1/pfet_06v0:M5:
Property W'nrs in circuit2 has no matching property in circuit1
pfet_06v0:1005 vs. GRADIENT_NAV2:_core/GRADIENT2:3/DECODER:7/Z:1/pfet_06v0:M5:
Property 0.18u)'nrd in circuit2 has no matching property in circuit1
pfet_06v0:1005 vs. GRADIENT_NAV2:_core/GRADIENT2:3/DECODER:7/Z:1/pfet_06v0:M5:
Property 0.18u)'ps in circuit2 has no matching property in circuit1
pfet_06v0:1155 vs. GRADIENT_NAV2:_core/GRADIENT2:4/DECODER:7/Z:1/pfet_06v0:M5:
Property W'nrs in circuit2 has no matching property in circuit1
pfet_06v0:1155 vs. GRADIENT_NAV2:_core/GRADIENT2:4/DECODER:7/Z:1/pfet_06v0:M5:
Property 0.18u)'nrd in circuit2 has no matching property in circuit1
pfet_06v0:1155 vs. GRADIENT_NAV2:_core/GRADIENT2:4/DECODER:7/Z:1/pfet_06v0:M5:
Property 0.18u)'ps in circuit2 has no matching property in circuit1
pfet_06v0:1808 vs. GRADIENT_NAV2:_core/GRADIENT2:2/COMP:4/bias:1/pfet_06v0:M2:
Property W'nrs in circuit2 has no matching property in circuit1
pfet_06v0:1808 vs. GRADIENT_NAV2:_core/GRADIENT2:2/COMP:4/bias:1/pfet_06v0:M2:
Property 0.18u)'nrd in circuit2 has no matching property in circuit1
pfet_06v0:1808 vs. GRADIENT_NAV2:_core/GRADIENT2:2/COMP:4/bias:1/pfet_06v0:M2:
Property 0.18u)'ps in circuit2 has no matching property in circuit1
pfet_06v0:1430 vs. GRADIENT_NAV2:_core/GRADIENT2:1/COMP:4/bias:1/pfet_06v0:M2:
Property W'nrs in circuit2 has no matching property in circuit1
pfet_06v0:1430 vs. GRADIENT_NAV2:_core/GRADIENT2:1/COMP:4/bias:1/pfet_06v0:M2:
Property 0.18u)'nrd in circuit2 has no matching property in circuit1
pfet_06v0:1430 vs. GRADIENT_NAV2:_core/GRADIENT2:1/COMP:4/bias:1/pfet_06v0:M2:
Property 0.18u)'ps in circuit2 has no matching property in circuit1
pfet_06v0:734 vs. GRADIENT_NAV2:_core/GRADIENT2:4/COMP:4/bias:1/pfet_06v0:M2:
Property W'nrs in circuit2 has no matching property in circuit1
pfet_06v0:734 vs. GRADIENT_NAV2:_core/GRADIENT2:4/COMP:4/bias:1/pfet_06v0:M2:
Property 0.18u)'nrd in circuit2 has no matching property in circuit1
pfet_06v0:734 vs. GRADIENT_NAV2:_core/GRADIENT2:4/COMP:4/bias:1/pfet_06v0:M2:
Property 0.18u)'ps in circuit2 has no matching property in circuit1
pfet_06v0:340 vs. GRADIENT_NAV2:_core/GRADIENT2:3/COMP:4/bias:1/pfet_06v0:M2:
Property W'nrs in circuit2 has no matching property in circuit1
pfet_06v0:340 vs. GRADIENT_NAV2:_core/GRADIENT2:3/COMP:4/bias:1/pfet_06v0:M2:
Property 0.18u)'nrd in circuit2 has no matching property in circuit1
pfet_06v0:340 vs. GRADIENT_NAV2:_core/GRADIENT2:3/COMP:4/bias:1/pfet_06v0:M2:
Property 0.18u)'ps in circuit2 has no matching property in circuit1
pfet_06v0:1833 vs. GRADIENT_NAV2:_core/GRADIENT2:3/COMP:5/bias:1/pfet_06v0:M2:
Property W'nrs in circuit2 has no matching property in circuit1
pfet_06v0:1833 vs. GRADIENT_NAV2:_core/GRADIENT2:3/COMP:5/bias:1/pfet_06v0:M2:
Property 0.18u)'nrd in circuit2 has no matching property in circuit1
pfet_06v0:1833 vs. GRADIENT_NAV2:_core/GRADIENT2:3/COMP:5/bias:1/pfet_06v0:M2:
Property 0.18u)'ps in circuit2 has no matching property in circuit1
pfet_06v0:1316 vs. GRADIENT_NAV2:_core/GRADIENT2:2/COMP:5/bias:1/pfet_06v0:M2:
Property W'nrs in circuit2 has no matching property in circuit1
pfet_06v0:1316 vs. GRADIENT_NAV2:_core/GRADIENT2:2/COMP:5/bias:1/pfet_06v0:M2:
Property 0.18u)'nrd in circuit2 has no matching property in circuit1
pfet_06v0:1316 vs. GRADIENT_NAV2:_core/GRADIENT2:2/COMP:5/bias:1/pfet_06v0:M2:
Property 0.18u)'ps in circuit2 has no matching property in circuit1
pfet_06v0:940 vs. GRADIENT_NAV2:_core/GRADIENT2:1/COMP:5/bias:1/pfet_06v0:M2:
Property W'nrs in circuit2 has no matching property in circuit1
pfet_06v0:940 vs. GRADIENT_NAV2:_core/GRADIENT2:1/COMP:5/bias:1/pfet_06v0:M2:
Property 0.18u)'nrd in circuit2 has no matching property in circuit1
pfet_06v0:940 vs. GRADIENT_NAV2:_core/GRADIENT2:1/COMP:5/bias:1/pfet_06v0:M2:
Property 0.18u)'ps in circuit2 has no matching property in circuit1
pfet_06v0:220 vs. GRADIENT_NAV2:_core/GRADIENT2:4/COMP:5/bias:1/pfet_06v0:M2:
Property W'nrs in circuit2 has no matching property in circuit1
pfet_06v0:220 vs. GRADIENT_NAV2:_core/GRADIENT2:4/COMP:5/bias:1/pfet_06v0:M2:
Property 0.18u)'nrd in circuit2 has no matching property in circuit1
pfet_06v0:220 vs. GRADIENT_NAV2:_core/GRADIENT2:4/COMP:5/bias:1/pfet_06v0:M2:
Property 0.18u)'ps in circuit2 has no matching property in circuit1
pfet_06v0:1901 vs. GRADIENT_NAV2:_core/GRADIENT2:3/COMP:6/bias:1/pfet_06v0:M2:
Property W'nrs in circuit2 has no matching property in circuit1
pfet_06v0:1901 vs. GRADIENT_NAV2:_core/GRADIENT2:3/COMP:6/bias:1/pfet_06v0:M2:
Property 0.18u)'nrd in circuit2 has no matching property in circuit1
pfet_06v0:1901 vs. GRADIENT_NAV2:_core/GRADIENT2:3/COMP:6/bias:1/pfet_06v0:M2:
Property 0.18u)'ps in circuit2 has no matching property in circuit1
pfet_06v0:1385 vs. GRADIENT_NAV2:_core/GRADIENT2:2/COMP:6/bias:1/pfet_06v0:M2:
Property W'nrs in circuit2 has no matching property in circuit1
pfet_06v0:1385 vs. GRADIENT_NAV2:_core/GRADIENT2:2/COMP:6/bias:1/pfet_06v0:M2:
Property 0.18u)'nrd in circuit2 has no matching property in circuit1
pfet_06v0:1385 vs. GRADIENT_NAV2:_core/GRADIENT2:2/COMP:6/bias:1/pfet_06v0:M2:
Property 0.18u)'ps in circuit2 has no matching property in circuit1
pfet_06v0:1012 vs. GRADIENT_NAV2:_core/GRADIENT2:1/COMP:6/bias:1/pfet_06v0:M2:
Property W'nrs in circuit2 has no matching property in circuit1
pfet_06v0:1012 vs. GRADIENT_NAV2:_core/GRADIENT2:1/COMP:6/bias:1/pfet_06v0:M2:
Property 0.18u)'nrd in circuit2 has no matching property in circuit1
pfet_06v0:1012 vs. GRADIENT_NAV2:_core/GRADIENT2:1/COMP:6/bias:1/pfet_06v0:M2:
Property 0.18u)'ps in circuit2 has no matching property in circuit1
pfet_06v0:289 vs. GRADIENT_NAV2:_core/GRADIENT2:4/COMP:6/bias:1/pfet_06v0:M2:
Property W'nrs in circuit2 has no matching property in circuit1
pfet_06v0:289 vs. GRADIENT_NAV2:_core/GRADIENT2:4/COMP:6/bias:1/pfet_06v0:M2:
Property 0.18u)'nrd in circuit2 has no matching property in circuit1
pfet_06v0:289 vs. GRADIENT_NAV2:_core/GRADIENT2:4/COMP:6/bias:1/pfet_06v0:M2:
Property 0.18u)'ps in circuit2 has no matching property in circuit1
pfet_06v0:1862 vs. GRADIENT_NAV2:_core/GRADIENT2:1/OPAM_LIN:8/bias:1/pfet_06v0:M2:
Property W'nrs in circuit2 has no matching property in circuit1
pfet_06v0:1862 vs. GRADIENT_NAV2:_core/GRADIENT2:1/OPAM_LIN:8/bias:1/pfet_06v0:M2:
Property 0.18u)'nrd in circuit2 has no matching property in circuit1
pfet_06v0:1862 vs. GRADIENT_NAV2:_core/GRADIENT2:1/OPAM_LIN:8/bias:1/pfet_06v0:M2:
Property 0.18u)'ps in circuit2 has no matching property in circuit1
pfet_06v0:1789 vs. GRADIENT_NAV2:_core/GRADIENT2:4/OPAM_LIN:8/bias:1/pfet_06v0:M2:
Property W'nrs in circuit2 has no matching property in circuit1
pfet_06v0:1789 vs. GRADIENT_NAV2:_core/GRADIENT2:4/OPAM_LIN:8/bias:1/pfet_06v0:M2:
Property 0.18u)'nrd in circuit2 has no matching property in circuit1
pfet_06v0:1789 vs. GRADIENT_NAV2:_core/GRADIENT2:4/OPAM_LIN:8/bias:1/pfet_06v0:M2:
Property 0.18u)'ps in circuit2 has no matching property in circuit1
pfet_06v0:1704 vs. GRADIENT_NAV2:_core/GRADIENT2:3/OPAM_LIN:8/bias:1/pfet_06v0:M2:
Property W'nrs in circuit2 has no matching property in circuit1
pfet_06v0:1704 vs. GRADIENT_NAV2:_core/GRADIENT2:3/OPAM_LIN:8/bias:1/pfet_06v0:M2:
Property 0.18u)'nrd in circuit2 has no matching property in circuit1
pfet_06v0:1704 vs. GRADIENT_NAV2:_core/GRADIENT2:3/OPAM_LIN:8/bias:1/pfet_06v0:M2:
Property 0.18u)'ps in circuit2 has no matching property in circuit1
pfet_06v0:983 vs. GRADIENT_NAV2:_core/GRADIENT2:2/OPAM_LIN:8/bias:1/pfet_06v0:M2:
Property W'nrs in circuit2 has no matching property in circuit1
pfet_06v0:983 vs. GRADIENT_NAV2:_core/GRADIENT2:2/OPAM_LIN:8/bias:1/pfet_06v0:M2:
Property 0.18u)'nrd in circuit2 has no matching property in circuit1
pfet_06v0:983 vs. GRADIENT_NAV2:_core/GRADIENT2:2/OPAM_LIN:8/bias:1/pfet_06v0:M2:
Property 0.18u)'ps in circuit2 has no matching property in circuit1
pfet_06v0:1718 vs. GRADIENT_NAV2:_core/GRADIENT2:4/OPAM_LIN:1/bias:1/pfet_06v0:M2:
Property W'nrs in circuit2 has no matching property in circuit1
pfet_06v0:1718 vs. GRADIENT_NAV2:_core/GRADIENT2:4/OPAM_LIN:1/bias:1/pfet_06v0:M2:
Property 0.18u)'nrd in circuit2 has no matching property in circuit1
pfet_06v0:1718 vs. GRADIENT_NAV2:_core/GRADIENT2:4/OPAM_LIN:1/bias:1/pfet_06v0:M2:
Property 0.18u)'ps in circuit2 has no matching property in circuit1
pfet_06v0:523 vs. GRADIENT_NAV2:_core/GRADIENT2:3/OPAM_LIN:1/bias:1/pfet_06v0:M2:
Property W'nrs in circuit2 has no matching property in circuit1
pfet_06v0:523 vs. GRADIENT_NAV2:_core/GRADIENT2:3/OPAM_LIN:1/bias:1/pfet_06v0:M2:
Property 0.18u)'nrd in circuit2 has no matching property in circuit1
pfet_06v0:523 vs. GRADIENT_NAV2:_core/GRADIENT2:3/OPAM_LIN:1/bias:1/pfet_06v0:M2:
Property 0.18u)'ps in circuit2 has no matching property in circuit1
pfet_06v0:412 vs. GRADIENT_NAV2:_core/GRADIENT2:2/OPAM_LIN:1/bias:1/pfet_06v0:M2:
Property W'nrs in circuit2 has no matching property in circuit1
pfet_06v0:412 vs. GRADIENT_NAV2:_core/GRADIENT2:2/OPAM_LIN:1/bias:1/pfet_06v0:M2:
Property 0.18u)'nrd in circuit2 has no matching property in circuit1
pfet_06v0:412 vs. GRADIENT_NAV2:_core/GRADIENT2:2/OPAM_LIN:1/bias:1/pfet_06v0:M2:
Property 0.18u)'ps in circuit2 has no matching property in circuit1
pfet_06v0:313 vs. GRADIENT_NAV2:_core/GRADIENT2:1/OPAM_LIN:1/bias:1/pfet_06v0:M2:
Property W'nrs in circuit2 has no matching property in circuit1
pfet_06v0:313 vs. GRADIENT_NAV2:_core/GRADIENT2:1/OPAM_LIN:1/bias:1/pfet_06v0:M2:
Property 0.18u)'nrd in circuit2 has no matching property in circuit1
pfet_06v0:313 vs. GRADIENT_NAV2:_core/GRADIENT2:1/OPAM_LIN:1/bias:1/pfet_06v0:M2:
Property 0.18u)'ps in circuit2 has no matching property in circuit1
pfet_06v0:1262 vs. GRADIENT_NAV2:_core/GRADIENT2:4/OPAM_LIN:2/bias:1/pfet_06v0:M2:
Property W'nrs in circuit2 has no matching property in circuit1
pfet_06v0:1262 vs. GRADIENT_NAV2:_core/GRADIENT2:4/OPAM_LIN:2/bias:1/pfet_06v0:M2:
Property 0.18u)'nrd in circuit2 has no matching property in circuit1
pfet_06v0:1262 vs. GRADIENT_NAV2:_core/GRADIENT2:4/OPAM_LIN:2/bias:1/pfet_06v0:M2:
Property 0.18u)'ps in circuit2 has no matching property in circuit1
pfet_06v0:1052 vs. GRADIENT_NAV2:_core/GRADIENT2:3/OPAM_LIN:2/bias:1/pfet_06v0:M2:
Property W'nrs in circuit2 has no matching property in circuit1
pfet_06v0:1052 vs. GRADIENT_NAV2:_core/GRADIENT2:3/OPAM_LIN:2/bias:1/pfet_06v0:M2:
Property 0.18u)'nrd in circuit2 has no matching property in circuit1
pfet_06v0:1052 vs. GRADIENT_NAV2:_core/GRADIENT2:3/OPAM_LIN:2/bias:1/pfet_06v0:M2:
Property 0.18u)'ps in circuit2 has no matching property in circuit1
pfet_06v0:974 vs. GRADIENT_NAV2:_core/GRADIENT2:2/OPAM_LIN:2/bias:1/pfet_06v0:M2:
Property W'nrs in circuit2 has no matching property in circuit1
pfet_06v0:974 vs. GRADIENT_NAV2:_core/GRADIENT2:2/OPAM_LIN:2/bias:1/pfet_06v0:M2:
Property 0.18u)'nrd in circuit2 has no matching property in circuit1
pfet_06v0:974 vs. GRADIENT_NAV2:_core/GRADIENT2:2/OPAM_LIN:2/bias:1/pfet_06v0:M2:
Property 0.18u)'ps in circuit2 has no matching property in circuit1
pfet_06v0:325 vs. GRADIENT_NAV2:_core/GRADIENT2:1/OPAM_LIN:2/bias:1/pfet_06v0:M2:
Property W'nrs in circuit2 has no matching property in circuit1
pfet_06v0:325 vs. GRADIENT_NAV2:_core/GRADIENT2:1/OPAM_LIN:2/bias:1/pfet_06v0:M2:
Property 0.18u)'nrd in circuit2 has no matching property in circuit1
pfet_06v0:325 vs. GRADIENT_NAV2:_core/GRADIENT2:1/OPAM_LIN:2/bias:1/pfet_06v0:M2:
Property 0.18u)'ps in circuit2 has no matching property in circuit1
pfet_06v0:1695 vs. GRADIENT_NAV2:_core/GRADIENT2:2/COMP:4/sub_diff:2/pfet_06v0:M45:
Property W'nrs in circuit2 has no matching property in circuit1
pfet_06v0:1695 vs. GRADIENT_NAV2:_core/GRADIENT2:2/COMP:4/sub_diff:2/pfet_06v0:M45:
Property 0.18u)'nrd in circuit2 has no matching property in circuit1
pfet_06v0:1695 vs. GRADIENT_NAV2:_core/GRADIENT2:2/COMP:4/sub_diff:2/pfet_06v0:M45:
Property 0.18u)'ps in circuit2 has no matching property in circuit1
pfet_06v0:1321 vs. GRADIENT_NAV2:_core/GRADIENT2:1/COMP:4/sub_diff:2/pfet_06v0:M45:
Property W'nrs in circuit2 has no matching property in circuit1
pfet_06v0:1321 vs. GRADIENT_NAV2:_core/GRADIENT2:1/COMP:4/sub_diff:2/pfet_06v0:M45:
Property 0.18u)'nrd in circuit2 has no matching property in circuit1
pfet_06v0:1321 vs. GRADIENT_NAV2:_core/GRADIENT2:1/COMP:4/sub_diff:2/pfet_06v0:M45:
Property 0.18u)'ps in circuit2 has no matching property in circuit1
pfet_06v0:637 vs. GRADIENT_NAV2:_core/GRADIENT2:4/COMP:4/sub_diff:2/pfet_06v0:M45:
Property W'nrs in circuit2 has no matching property in circuit1
pfet_06v0:637 vs. GRADIENT_NAV2:_core/GRADIENT2:4/COMP:4/sub_diff:2/pfet_06v0:M45:
Property 0.18u)'nrd in circuit2 has no matching property in circuit1
pfet_06v0:637 vs. GRADIENT_NAV2:_core/GRADIENT2:4/COMP:4/sub_diff:2/pfet_06v0:M45:
Property 0.18u)'ps in circuit2 has no matching property in circuit1
pfet_06v0:227 vs. GRADIENT_NAV2:_core/GRADIENT2:3/COMP:4/sub_diff:2/pfet_06v0:M45:
Property W'nrs in circuit2 has no matching property in circuit1
pfet_06v0:227 vs. GRADIENT_NAV2:_core/GRADIENT2:3/COMP:4/sub_diff:2/pfet_06v0:M45:
Property 0.18u)'nrd in circuit2 has no matching property in circuit1
pfet_06v0:227 vs. GRADIENT_NAV2:_core/GRADIENT2:3/COMP:4/sub_diff:2/pfet_06v0:M45:
Property 0.18u)'ps in circuit2 has no matching property in circuit1
pfet_06v0:1873 vs. GRADIENT_NAV2:_core/GRADIENT2:4/COMP:5/sub_diff:2/pfet_06v0:M45:
Property W'nrs in circuit2 has no matching property in circuit1
pfet_06v0:1873 vs. GRADIENT_NAV2:_core/GRADIENT2:4/COMP:5/sub_diff:2/pfet_06v0:M45:
Property 0.18u)'nrd in circuit2 has no matching property in circuit1
pfet_06v0:1873 vs. GRADIENT_NAV2:_core/GRADIENT2:4/COMP:5/sub_diff:2/pfet_06v0:M45:
Property 0.18u)'ps in circuit2 has no matching property in circuit1
pfet_06v0:1486 vs. GRADIENT_NAV2:_core/GRADIENT2:3/COMP:5/sub_diff:2/pfet_06v0:M45:
Property W'nrs in circuit2 has no matching property in circuit1
pfet_06v0:1486 vs. GRADIENT_NAV2:_core/GRADIENT2:3/COMP:5/sub_diff:2/pfet_06v0:M45:
Property 0.18u)'nrd in circuit2 has no matching property in circuit1
pfet_06v0:1486 vs. GRADIENT_NAV2:_core/GRADIENT2:3/COMP:5/sub_diff:2/pfet_06v0:M45:
Property 0.18u)'ps in circuit2 has no matching property in circuit1
pfet_06v0:993 vs. GRADIENT_NAV2:_core/GRADIENT2:2/COMP:5/sub_diff:2/pfet_06v0:M45:
Property W'nrs in circuit2 has no matching property in circuit1
pfet_06v0:993 vs. GRADIENT_NAV2:_core/GRADIENT2:2/COMP:5/sub_diff:2/pfet_06v0:M45:
Property 0.18u)'nrd in circuit2 has no matching property in circuit1
pfet_06v0:993 vs. GRADIENT_NAV2:_core/GRADIENT2:2/COMP:5/sub_diff:2/pfet_06v0:M45:
Property 0.18u)'ps in circuit2 has no matching property in circuit1
pfet_06v0:611 vs. GRADIENT_NAV2:_core/GRADIENT2:1/COMP:5/sub_diff:2/pfet_06v0:M45:
Property W'nrs in circuit2 has no matching property in circuit1
pfet_06v0:611 vs. GRADIENT_NAV2:_core/GRADIENT2:1/COMP:5/sub_diff:2/pfet_06v0:M45:
Property 0.18u)'nrd in circuit2 has no matching property in circuit1
pfet_06v0:611 vs. GRADIENT_NAV2:_core/GRADIENT2:1/COMP:5/sub_diff:2/pfet_06v0:M45:
Property 0.18u)'ps in circuit2 has no matching property in circuit1
pfet_06v0:1847 vs. GRADIENT_NAV2:_core/GRADIENT2:1/COMP:6/sub_diff:2/pfet_06v0:M45:
Property W'nrs in circuit2 has no matching property in circuit1
pfet_06v0:1847 vs. GRADIENT_NAV2:_core/GRADIENT2:1/COMP:6/sub_diff:2/pfet_06v0:M45:
Property 0.18u)'nrd in circuit2 has no matching property in circuit1
pfet_06v0:1847 vs. GRADIENT_NAV2:_core/GRADIENT2:1/COMP:6/sub_diff:2/pfet_06v0:M45:
Property 0.18u)'ps in circuit2 has no matching property in circuit1
pfet_06v0:1142 vs. GRADIENT_NAV2:_core/GRADIENT2:4/COMP:6/sub_diff:2/pfet_06v0:M45:
Property W'nrs in circuit2 has no matching property in circuit1
pfet_06v0:1142 vs. GRADIENT_NAV2:_core/GRADIENT2:4/COMP:6/sub_diff:2/pfet_06v0:M45:
Property 0.18u)'nrd in circuit2 has no matching property in circuit1
pfet_06v0:1142 vs. GRADIENT_NAV2:_core/GRADIENT2:4/COMP:6/sub_diff:2/pfet_06v0:M45:
Property 0.18u)'ps in circuit2 has no matching property in circuit1
pfet_06v0:771 vs. GRADIENT_NAV2:_core/GRADIENT2:3/COMP:6/sub_diff:2/pfet_06v0:M45:
Property W'nrs in circuit2 has no matching property in circuit1
pfet_06v0:771 vs. GRADIENT_NAV2:_core/GRADIENT2:3/COMP:6/sub_diff:2/pfet_06v0:M45:
Property 0.18u)'nrd in circuit2 has no matching property in circuit1
pfet_06v0:771 vs. GRADIENT_NAV2:_core/GRADIENT2:3/COMP:6/sub_diff:2/pfet_06v0:M45:
Property 0.18u)'ps in circuit2 has no matching property in circuit1
pfet_06v0:231 vs. GRADIENT_NAV2:_core/GRADIENT2:2/COMP:6/sub_diff:2/pfet_06v0:M45:
Property W'nrs in circuit2 has no matching property in circuit1
pfet_06v0:231 vs. GRADIENT_NAV2:_core/GRADIENT2:2/COMP:6/sub_diff:2/pfet_06v0:M45:
Property 0.18u)'nrd in circuit2 has no matching property in circuit1
pfet_06v0:231 vs. GRADIENT_NAV2:_core/GRADIENT2:2/COMP:6/sub_diff:2/pfet_06v0:M45:
Property 0.18u)'ps in circuit2 has no matching property in circuit1
pfet_06v0:754 vs. GRADIENT_NAV2:_core/GRADIENT2:1/OPAM_LIN:8/sub_diff_2_LIN:2/pfet_06v0:M45:
Property W'nrs in circuit2 has no matching property in circuit1
pfet_06v0:754 vs. GRADIENT_NAV2:_core/GRADIENT2:1/OPAM_LIN:8/sub_diff_2_LIN:2/pfet_06v0:M45:
Property 0.18u)'nrd in circuit2 has no matching property in circuit1
pfet_06v0:754 vs. GRADIENT_NAV2:_core/GRADIENT2:1/OPAM_LIN:8/sub_diff_2_LIN:2/pfet_06v0:M45:
Property 0.18u)'ps in circuit2 has no matching property in circuit1
pfet_06v0:696 vs. GRADIENT_NAV2:_core/GRADIENT2:4/OPAM_LIN:8/sub_diff_2_LIN:2/pfet_06v0:M45:
Property W'nrs in circuit2 has no matching property in circuit1
pfet_06v0:696 vs. GRADIENT_NAV2:_core/GRADIENT2:4/OPAM_LIN:8/sub_diff_2_LIN:2/pfet_06v0:M45:
Property 0.18u)'nrd in circuit2 has no matching property in circuit1
pfet_06v0:696 vs. GRADIENT_NAV2:_core/GRADIENT2:4/OPAM_LIN:8/sub_diff_2_LIN:2/pfet_06v0:M45:
Property 0.18u)'ps in circuit2 has no matching property in circuit1
pfet_06v0:608 vs. GRADIENT_NAV2:_core/GRADIENT2:3/OPAM_LIN:8/sub_diff_2_LIN:2/pfet_06v0:M45:
Property W'nrs in circuit2 has no matching property in circuit1
pfet_06v0:608 vs. GRADIENT_NAV2:_core/GRADIENT2:3/OPAM_LIN:8/sub_diff_2_LIN:2/pfet_06v0:M45:
Property 0.18u)'nrd in circuit2 has no matching property in circuit1
pfet_06v0:608 vs. GRADIENT_NAV2:_core/GRADIENT2:3/OPAM_LIN:8/sub_diff_2_LIN:2/pfet_06v0:M45:
Property 0.18u)'ps in circuit2 has no matching property in circuit1
pfet_06v0:170 vs. GRADIENT_NAV2:_core/GRADIENT2:2/OPAM_LIN:8/sub_diff_2_LIN:2/pfet_06v0:M45:
Property W'nrs in circuit2 has no matching property in circuit1
pfet_06v0:170 vs. GRADIENT_NAV2:_core/GRADIENT2:2/OPAM_LIN:8/sub_diff_2_LIN:2/pfet_06v0:M45:
Property 0.18u)'nrd in circuit2 has no matching property in circuit1
pfet_06v0:170 vs. GRADIENT_NAV2:_core/GRADIENT2:2/OPAM_LIN:8/sub_diff_2_LIN:2/pfet_06v0:M45:
Property 0.18u)'ps in circuit2 has no matching property in circuit1
pfet_06v0:1389 vs. GRADIENT_NAV2:_core/GRADIENT2:3/OPAM_LIN:1/sub_diff_2_LIN:2/pfet_06v0:M45:
Property W'nrs in circuit2 has no matching property in circuit1
pfet_06v0:1389 vs. GRADIENT_NAV2:_core/GRADIENT2:3/OPAM_LIN:1/sub_diff_2_LIN:2/pfet_06v0:M45:
Property 0.18u)'nrd in circuit2 has no matching property in circuit1
pfet_06v0:1389 vs. GRADIENT_NAV2:_core/GRADIENT2:3/OPAM_LIN:1/sub_diff_2_LIN:2/pfet_06v0:M45:
Property 0.18u)'ps in circuit2 has no matching property in circuit1
pfet_06v0:1283 vs. GRADIENT_NAV2:_core/GRADIENT2:2/OPAM_LIN:1/sub_diff_2_LIN:2/pfet_06v0:M45:
Property W'nrs in circuit2 has no matching property in circuit1
pfet_06v0:1283 vs. GRADIENT_NAV2:_core/GRADIENT2:2/OPAM_LIN:1/sub_diff_2_LIN:2/pfet_06v0:M45:
Property 0.18u)'nrd in circuit2 has no matching property in circuit1
pfet_06v0:1283 vs. GRADIENT_NAV2:_core/GRADIENT2:2/OPAM_LIN:1/sub_diff_2_LIN:2/pfet_06v0:M45:
Property 0.18u)'ps in circuit2 has no matching property in circuit1
pfet_06v0:1186 vs. GRADIENT_NAV2:_core/GRADIENT2:1/OPAM_LIN:1/sub_diff_2_LIN:2/pfet_06v0:M45:
Property W'nrs in circuit2 has no matching property in circuit1
pfet_06v0:1186 vs. GRADIENT_NAV2:_core/GRADIENT2:1/OPAM_LIN:1/sub_diff_2_LIN:2/pfet_06v0:M45:
Property 0.18u)'nrd in circuit2 has no matching property in circuit1
pfet_06v0:1186 vs. GRADIENT_NAV2:_core/GRADIENT2:1/OPAM_LIN:1/sub_diff_2_LIN:2/pfet_06v0:M45:
Property 0.18u)'ps in circuit2 has no matching property in circuit1
pfet_06v0:944 vs. GRADIENT_NAV2:_core/GRADIENT2:4/OPAM_LIN:1/sub_diff_2_LIN:2/pfet_06v0:M45:
Property W'nrs in circuit2 has no matching property in circuit1
pfet_06v0:944 vs. GRADIENT_NAV2:_core/GRADIENT2:4/OPAM_LIN:1/sub_diff_2_LIN:2/pfet_06v0:M45:
Property 0.18u)'nrd in circuit2 has no matching property in circuit1
pfet_06v0:944 vs. GRADIENT_NAV2:_core/GRADIENT2:4/OPAM_LIN:1/sub_diff_2_LIN:2/pfet_06v0:M45:
Property 0.18u)'ps in circuit2 has no matching property in circuit1
pfet_06v0:1910 vs. GRADIENT_NAV2:_core/GRADIENT2:3/OPAM_LIN:2/sub_diff_2_LIN:2/pfet_06v0:M45:
Property W'nrs in circuit2 has no matching property in circuit1
pfet_06v0:1910 vs. GRADIENT_NAV2:_core/GRADIENT2:3/OPAM_LIN:2/sub_diff_2_LIN:2/pfet_06v0:M45:
Property 0.18u)'nrd in circuit2 has no matching property in circuit1
pfet_06v0:1910 vs. GRADIENT_NAV2:_core/GRADIENT2:3/OPAM_LIN:2/sub_diff_2_LIN:2/pfet_06v0:M45:
Property 0.18u)'ps in circuit2 has no matching property in circuit1
pfet_06v0:1829 vs. GRADIENT_NAV2:_core/GRADIENT2:2/OPAM_LIN:2/sub_diff_2_LIN:2/pfet_06v0:M45:
Property W'nrs in circuit2 has no matching property in circuit1
pfet_06v0:1829 vs. GRADIENT_NAV2:_core/GRADIENT2:2/OPAM_LIN:2/sub_diff_2_LIN:2/pfet_06v0:M45:
Property 0.18u)'nrd in circuit2 has no matching property in circuit1
pfet_06v0:1829 vs. GRADIENT_NAV2:_core/GRADIENT2:2/OPAM_LIN:2/sub_diff_2_LIN:2/pfet_06v0:M45:
Property 0.18u)'ps in circuit2 has no matching property in circuit1
pfet_06v0:1519 vs. GRADIENT_NAV2:_core/GRADIENT2:1/OPAM_LIN:2/sub_diff_2_LIN:2/pfet_06v0:M45:
Property W'nrs in circuit2 has no matching property in circuit1
pfet_06v0:1519 vs. GRADIENT_NAV2:_core/GRADIENT2:1/OPAM_LIN:2/sub_diff_2_LIN:2/pfet_06v0:M45:
Property 0.18u)'nrd in circuit2 has no matching property in circuit1
pfet_06v0:1519 vs. GRADIENT_NAV2:_core/GRADIENT2:1/OPAM_LIN:2/sub_diff_2_LIN:2/pfet_06v0:M45:
Property 0.18u)'ps in circuit2 has no matching property in circuit1
pfet_06v0:136 vs. GRADIENT_NAV2:_core/GRADIENT2:4/OPAM_LIN:2/sub_diff_2_LIN:2/pfet_06v0:M45:
Property W'nrs in circuit2 has no matching property in circuit1
pfet_06v0:136 vs. GRADIENT_NAV2:_core/GRADIENT2:4/OPAM_LIN:2/sub_diff_2_LIN:2/pfet_06v0:M45:
Property 0.18u)'nrd in circuit2 has no matching property in circuit1
pfet_06v0:136 vs. GRADIENT_NAV2:_core/GRADIENT2:4/OPAM_LIN:2/sub_diff_2_LIN:2/pfet_06v0:M45:
Property 0.18u)'ps in circuit2 has no matching property in circuit1
pfet_06v0:1720 vs. GRADIENT_NAV2:_core/GRADIENT2:4/COMP:4/bias:1/pfet_06v0:M7:
Property W'nrs in circuit2 has no matching property in circuit1
pfet_06v0:1720 vs. GRADIENT_NAV2:_core/GRADIENT2:4/COMP:4/bias:1/pfet_06v0:M7:
Property 0.18u)'nrd in circuit2 has no matching property in circuit1
pfet_06v0:1720 vs. GRADIENT_NAV2:_core/GRADIENT2:4/COMP:4/bias:1/pfet_06v0:M7:
Property 0.18u)'ps in circuit2 has no matching property in circuit1
pfet_06v0:1344 vs. GRADIENT_NAV2:_core/GRADIENT2:3/COMP:4/bias:1/pfet_06v0:M7:
Property W'nrs in circuit2 has no matching property in circuit1
pfet_06v0:1344 vs. GRADIENT_NAV2:_core/GRADIENT2:3/COMP:4/bias:1/pfet_06v0:M7:
Property 0.18u)'nrd in circuit2 has no matching property in circuit1
pfet_06v0:1344 vs. GRADIENT_NAV2:_core/GRADIENT2:3/COMP:4/bias:1/pfet_06v0:M7:
Property 0.18u)'ps in circuit2 has no matching property in circuit1
pfet_06v0:829 vs. GRADIENT_NAV2:_core/GRADIENT2:2/COMP:4/bias:1/pfet_06v0:M7:
Property W'nrs in circuit2 has no matching property in circuit1
pfet_06v0:829 vs. GRADIENT_NAV2:_core/GRADIENT2:2/COMP:4/bias:1/pfet_06v0:M7:
Property 0.18u)'nrd in circuit2 has no matching property in circuit1
pfet_06v0:829 vs. GRADIENT_NAV2:_core/GRADIENT2:2/COMP:4/bias:1/pfet_06v0:M7:
Property 0.18u)'ps in circuit2 has no matching property in circuit1
pfet_06v0:428 vs. GRADIENT_NAV2:_core/GRADIENT2:1/COMP:4/bias:1/pfet_06v0:M7:
Property W'nrs in circuit2 has no matching property in circuit1
pfet_06v0:428 vs. GRADIENT_NAV2:_core/GRADIENT2:1/COMP:4/bias:1/pfet_06v0:M7:
Property 0.18u)'nrd in circuit2 has no matching property in circuit1
pfet_06v0:428 vs. GRADIENT_NAV2:_core/GRADIENT2:1/COMP:4/bias:1/pfet_06v0:M7:
Property 0.18u)'ps in circuit2 has no matching property in circuit1
pfet_06v0:1656 vs. GRADIENT_NAV2:_core/GRADIENT2:4/COMP:5/bias:1/pfet_06v0:M7:
Property W'nrs in circuit2 has no matching property in circuit1
pfet_06v0:1656 vs. GRADIENT_NAV2:_core/GRADIENT2:4/COMP:5/bias:1/pfet_06v0:M7:
Property 0.18u)'nrd in circuit2 has no matching property in circuit1
pfet_06v0:1656 vs. GRADIENT_NAV2:_core/GRADIENT2:4/COMP:5/bias:1/pfet_06v0:M7:
Property 0.18u)'ps in circuit2 has no matching property in circuit1
pfet_06v0:1289 vs. GRADIENT_NAV2:_core/GRADIENT2:3/COMP:5/bias:1/pfet_06v0:M7:
Property W'nrs in circuit2 has no matching property in circuit1
pfet_06v0:1289 vs. GRADIENT_NAV2:_core/GRADIENT2:3/COMP:5/bias:1/pfet_06v0:M7:
Property 0.18u)'nrd in circuit2 has no matching property in circuit1
pfet_06v0:1289 vs. GRADIENT_NAV2:_core/GRADIENT2:3/COMP:5/bias:1/pfet_06v0:M7:
Property 0.18u)'ps in circuit2 has no matching property in circuit1
pfet_06v0:768 vs. GRADIENT_NAV2:_core/GRADIENT2:2/COMP:5/bias:1/pfet_06v0:M7:
Property W'nrs in circuit2 has no matching property in circuit1
pfet_06v0:768 vs. GRADIENT_NAV2:_core/GRADIENT2:2/COMP:5/bias:1/pfet_06v0:M7:
Property 0.18u)'nrd in circuit2 has no matching property in circuit1
pfet_06v0:768 vs. GRADIENT_NAV2:_core/GRADIENT2:2/COMP:5/bias:1/pfet_06v0:M7:
Property 0.18u)'ps in circuit2 has no matching property in circuit1
pfet_06v0:371 vs. GRADIENT_NAV2:_core/GRADIENT2:1/COMP:5/bias:1/pfet_06v0:M7:
Property W'nrs in circuit2 has no matching property in circuit1
pfet_06v0:371 vs. GRADIENT_NAV2:_core/GRADIENT2:1/COMP:5/bias:1/pfet_06v0:M7:
Property 0.18u)'nrd in circuit2 has no matching property in circuit1
pfet_06v0:371 vs. GRADIENT_NAV2:_core/GRADIENT2:1/COMP:5/bias:1/pfet_06v0:M7:
Property 0.18u)'ps in circuit2 has no matching property in circuit1
pfet_06v0:1737 vs. GRADIENT_NAV2:_core/GRADIENT2:4/COMP:6/bias:1/pfet_06v0:M7:
Property W'nrs in circuit2 has no matching property in circuit1
pfet_06v0:1737 vs. GRADIENT_NAV2:_core/GRADIENT2:4/COMP:6/bias:1/pfet_06v0:M7:
Property 0.18u)'nrd in circuit2 has no matching property in circuit1
pfet_06v0:1737 vs. GRADIENT_NAV2:_core/GRADIENT2:4/COMP:6/bias:1/pfet_06v0:M7:
Property 0.18u)'ps in circuit2 has no matching property in circuit1
pfet_06v0:1359 vs. GRADIENT_NAV2:_core/GRADIENT2:3/COMP:6/bias:1/pfet_06v0:M7:
Property W'nrs in circuit2 has no matching property in circuit1
pfet_06v0:1359 vs. GRADIENT_NAV2:_core/GRADIENT2:3/COMP:6/bias:1/pfet_06v0:M7:
Property 0.18u)'nrd in circuit2 has no matching property in circuit1
pfet_06v0:1359 vs. GRADIENT_NAV2:_core/GRADIENT2:3/COMP:6/bias:1/pfet_06v0:M7:
Property 0.18u)'ps in circuit2 has no matching property in circuit1
pfet_06v0:848 vs. GRADIENT_NAV2:_core/GRADIENT2:2/COMP:6/bias:1/pfet_06v0:M7:
Property W'nrs in circuit2 has no matching property in circuit1
pfet_06v0:848 vs. GRADIENT_NAV2:_core/GRADIENT2:2/COMP:6/bias:1/pfet_06v0:M7:
Property 0.18u)'nrd in circuit2 has no matching property in circuit1
pfet_06v0:848 vs. GRADIENT_NAV2:_core/GRADIENT2:2/COMP:6/bias:1/pfet_06v0:M7:
Property 0.18u)'ps in circuit2 has no matching property in circuit1
pfet_06v0:459 vs. GRADIENT_NAV2:_core/GRADIENT2:1/COMP:6/bias:1/pfet_06v0:M7:
Property W'nrs in circuit2 has no matching property in circuit1
pfet_06v0:459 vs. GRADIENT_NAV2:_core/GRADIENT2:1/COMP:6/bias:1/pfet_06v0:M7:
Property 0.18u)'nrd in circuit2 has no matching property in circuit1
pfet_06v0:459 vs. GRADIENT_NAV2:_core/GRADIENT2:1/COMP:6/bias:1/pfet_06v0:M7:
Property 0.18u)'ps in circuit2 has no matching property in circuit1
pfet_06v0:1150 vs. GRADIENT_NAV2:_core/GRADIENT2:3/OPAM_LIN:8/bias:1/pfet_06v0:M7:
Property W'nrs in circuit2 has no matching property in circuit1
pfet_06v0:1150 vs. GRADIENT_NAV2:_core/GRADIENT2:3/OPAM_LIN:8/bias:1/pfet_06v0:M7:
Property 0.18u)'nrd in circuit2 has no matching property in circuit1
pfet_06v0:1150 vs. GRADIENT_NAV2:_core/GRADIENT2:3/OPAM_LIN:8/bias:1/pfet_06v0:M7:
Property 0.18u)'ps in circuit2 has no matching property in circuit1
pfet_06v0:419 vs. GRADIENT_NAV2:_core/GRADIENT2:2/OPAM_LIN:8/bias:1/pfet_06v0:M7:
Property W'nrs in circuit2 has no matching property in circuit1
pfet_06v0:419 vs. GRADIENT_NAV2:_core/GRADIENT2:2/OPAM_LIN:8/bias:1/pfet_06v0:M7:
Property 0.18u)'nrd in circuit2 has no matching property in circuit1
pfet_06v0:419 vs. GRADIENT_NAV2:_core/GRADIENT2:2/OPAM_LIN:8/bias:1/pfet_06v0:M7:
Property 0.18u)'ps in circuit2 has no matching property in circuit1
pfet_06v0:131 vs. GRADIENT_NAV2:_core/GRADIENT2:1/OPAM_LIN:8/bias:1/pfet_06v0:M7:
Property W'nrs in circuit2 has no matching property in circuit1
pfet_06v0:131 vs. GRADIENT_NAV2:_core/GRADIENT2:1/OPAM_LIN:8/bias:1/pfet_06v0:M7:
Property 0.18u)'nrd in circuit2 has no matching property in circuit1
pfet_06v0:131 vs. GRADIENT_NAV2:_core/GRADIENT2:1/OPAM_LIN:8/bias:1/pfet_06v0:M7:
Property 0.18u)'ps in circuit2 has no matching property in circuit1
pfet_06v0:116 vs. GRADIENT_NAV2:_core/GRADIENT2:4/OPAM_LIN:8/bias:1/pfet_06v0:M7:
Property W'nrs in circuit2 has no matching property in circuit1
pfet_06v0:116 vs. GRADIENT_NAV2:_core/GRADIENT2:4/OPAM_LIN:8/bias:1/pfet_06v0:M7:
Property 0.18u)'nrd in circuit2 has no matching property in circuit1
pfet_06v0:116 vs. GRADIENT_NAV2:_core/GRADIENT2:4/OPAM_LIN:8/bias:1/pfet_06v0:M7:
Property 0.18u)'ps in circuit2 has no matching property in circuit1
pfet_06v0:1758 vs. GRADIENT_NAV2:_core/GRADIENT2:1/OPAM_LIN:1/bias:1/pfet_06v0:M7:
Property W'nrs in circuit2 has no matching property in circuit1
pfet_06v0:1758 vs. GRADIENT_NAV2:_core/GRADIENT2:1/OPAM_LIN:1/bias:1/pfet_06v0:M7:
Property 0.18u)'nrd in circuit2 has no matching property in circuit1
pfet_06v0:1758 vs. GRADIENT_NAV2:_core/GRADIENT2:1/OPAM_LIN:1/bias:1/pfet_06v0:M7:
Property 0.18u)'ps in circuit2 has no matching property in circuit1
pfet_06v0:1165 vs. GRADIENT_NAV2:_core/GRADIENT2:4/OPAM_LIN:1/bias:1/pfet_06v0:M7:
Property W'nrs in circuit2 has no matching property in circuit1
pfet_06v0:1165 vs. GRADIENT_NAV2:_core/GRADIENT2:4/OPAM_LIN:1/bias:1/pfet_06v0:M7:
Property 0.18u)'nrd in circuit2 has no matching property in circuit1
pfet_06v0:1165 vs. GRADIENT_NAV2:_core/GRADIENT2:4/OPAM_LIN:1/bias:1/pfet_06v0:M7:
Property 0.18u)'ps in circuit2 has no matching property in circuit1
pfet_06v0:777 vs. GRADIENT_NAV2:_core/GRADIENT2:3/OPAM_LIN:1/bias:1/pfet_06v0:M7:
Property W'nrs in circuit2 has no matching property in circuit1
pfet_06v0:777 vs. GRADIENT_NAV2:_core/GRADIENT2:3/OPAM_LIN:1/bias:1/pfet_06v0:M7:
Property 0.18u)'nrd in circuit2 has no matching property in circuit1
pfet_06v0:777 vs. GRADIENT_NAV2:_core/GRADIENT2:3/OPAM_LIN:1/bias:1/pfet_06v0:M7:
Property 0.18u)'ps in circuit2 has no matching property in circuit1
pfet_06v0:724 vs. GRADIENT_NAV2:_core/GRADIENT2:2/OPAM_LIN:1/bias:1/pfet_06v0:M7:
Property W'nrs in circuit2 has no matching property in circuit1
pfet_06v0:724 vs. GRADIENT_NAV2:_core/GRADIENT2:2/OPAM_LIN:1/bias:1/pfet_06v0:M7:
Property 0.18u)'nrd in circuit2 has no matching property in circuit1
pfet_06v0:724 vs. GRADIENT_NAV2:_core/GRADIENT2:2/OPAM_LIN:1/bias:1/pfet_06v0:M7:
Property 0.18u)'ps in circuit2 has no matching property in circuit1
pfet_06v0:1768 vs. GRADIENT_NAV2:_core/GRADIENT2:1/OPAM_LIN:2/bias:1/pfet_06v0:M7:
Property W'nrs in circuit2 has no matching property in circuit1
pfet_06v0:1768 vs. GRADIENT_NAV2:_core/GRADIENT2:1/OPAM_LIN:2/bias:1/pfet_06v0:M7:
Property 0.18u)'nrd in circuit2 has no matching property in circuit1
pfet_06v0:1768 vs. GRADIENT_NAV2:_core/GRADIENT2:1/OPAM_LIN:2/bias:1/pfet_06v0:M7:
Property 0.18u)'ps in circuit2 has no matching property in circuit1
pfet_06v0:1511 vs. GRADIENT_NAV2:_core/GRADIENT2:4/OPAM_LIN:2/bias:1/pfet_06v0:M7:
Property W'nrs in circuit2 has no matching property in circuit1
pfet_06v0:1511 vs. GRADIENT_NAV2:_core/GRADIENT2:4/OPAM_LIN:2/bias:1/pfet_06v0:M7:
Property 0.18u)'nrd in circuit2 has no matching property in circuit1
pfet_06v0:1511 vs. GRADIENT_NAV2:_core/GRADIENT2:4/OPAM_LIN:2/bias:1/pfet_06v0:M7:
Property 0.18u)'ps in circuit2 has no matching property in circuit1
pfet_06v0:1356 vs. GRADIENT_NAV2:_core/GRADIENT2:3/OPAM_LIN:2/bias:1/pfet_06v0:M7:
Property W'nrs in circuit2 has no matching property in circuit1
pfet_06v0:1356 vs. GRADIENT_NAV2:_core/GRADIENT2:3/OPAM_LIN:2/bias:1/pfet_06v0:M7:
Property 0.18u)'nrd in circuit2 has no matching property in circuit1
pfet_06v0:1356 vs. GRADIENT_NAV2:_core/GRADIENT2:3/OPAM_LIN:2/bias:1/pfet_06v0:M7:
Property 0.18u)'ps in circuit2 has no matching property in circuit1
pfet_06v0:403 vs. GRADIENT_NAV2:_core/GRADIENT2:2/OPAM_LIN:2/bias:1/pfet_06v0:M7:
Property W'nrs in circuit2 has no matching property in circuit1
pfet_06v0:403 vs. GRADIENT_NAV2:_core/GRADIENT2:2/OPAM_LIN:2/bias:1/pfet_06v0:M7:
Property 0.18u)'nrd in circuit2 has no matching property in circuit1
pfet_06v0:403 vs. GRADIENT_NAV2:_core/GRADIENT2:2/OPAM_LIN:2/bias:1/pfet_06v0:M7:
Property 0.18u)'ps in circuit2 has no matching property in circuit1
pfet_06v0:1331 vs. GRADIENT_NAV2:_core/GRADIENT2:4/COMP:4/bias:1/pfet_06v0:M4:
Property W'nrs in circuit2 has no matching property in circuit1
pfet_06v0:1331 vs. GRADIENT_NAV2:_core/GRADIENT2:4/COMP:4/bias:1/pfet_06v0:M4:
Property 0.18u)'nrd in circuit2 has no matching property in circuit1
pfet_06v0:1331 vs. GRADIENT_NAV2:_core/GRADIENT2:4/COMP:4/bias:1/pfet_06v0:M4:
Property 0.18u)'ps in circuit2 has no matching property in circuit1
pfet_06v0:958 vs. GRADIENT_NAV2:_core/GRADIENT2:3/COMP:4/bias:1/pfet_06v0:M4:
Property W'nrs in circuit2 has no matching property in circuit1
pfet_06v0:958 vs. GRADIENT_NAV2:_core/GRADIENT2:3/COMP:4/bias:1/pfet_06v0:M4:
Property 0.18u)'nrd in circuit2 has no matching property in circuit1
pfet_06v0:958 vs. GRADIENT_NAV2:_core/GRADIENT2:3/COMP:4/bias:1/pfet_06v0:M4:
Property 0.18u)'ps in circuit2 has no matching property in circuit1
pfet_06v0:413 vs. GRADIENT_NAV2:_core/GRADIENT2:2/COMP:4/bias:1/pfet_06v0:M4:
Property W'nrs in circuit2 has no matching property in circuit1
pfet_06v0:413 vs. GRADIENT_NAV2:_core/GRADIENT2:2/COMP:4/bias:1/pfet_06v0:M4:
Property 0.18u)'nrd in circuit2 has no matching property in circuit1
pfet_06v0:413 vs. GRADIENT_NAV2:_core/GRADIENT2:2/COMP:4/bias:1/pfet_06v0:M4:
Property 0.18u)'ps in circuit2 has no matching property in circuit1
pfet_06v0:41 vs. GRADIENT_NAV2:_core/GRADIENT2:1/COMP:4/bias:1/pfet_06v0:M4:
Property W'nrs in circuit2 has no matching property in circuit1
pfet_06v0:41 vs. GRADIENT_NAV2:_core/GRADIENT2:1/COMP:4/bias:1/pfet_06v0:M4:
Property 0.18u)'nrd in circuit2 has no matching property in circuit1
pfet_06v0:41 vs. GRADIENT_NAV2:_core/GRADIENT2:1/COMP:4/bias:1/pfet_06v0:M4:
Property 0.18u)'ps in circuit2 has no matching property in circuit1
pfet_06v0:1775 vs. GRADIENT_NAV2:_core/GRADIENT2:4/COMP:5/bias:1/pfet_06v0:M4:
Property W'nrs in circuit2 has no matching property in circuit1
pfet_06v0:1775 vs. GRADIENT_NAV2:_core/GRADIENT2:4/COMP:5/bias:1/pfet_06v0:M4:
Property 0.18u)'nrd in circuit2 has no matching property in circuit1
pfet_06v0:1775 vs. GRADIENT_NAV2:_core/GRADIENT2:4/COMP:5/bias:1/pfet_06v0:M4:
Property 0.18u)'ps in circuit2 has no matching property in circuit1
pfet_06v0:1403 vs. GRADIENT_NAV2:_core/GRADIENT2:3/COMP:5/bias:1/pfet_06v0:M4:
Property W'nrs in circuit2 has no matching property in circuit1
pfet_06v0:1403 vs. GRADIENT_NAV2:_core/GRADIENT2:3/COMP:5/bias:1/pfet_06v0:M4:
Property 0.18u)'nrd in circuit2 has no matching property in circuit1
pfet_06v0:1403 vs. GRADIENT_NAV2:_core/GRADIENT2:3/COMP:5/bias:1/pfet_06v0:M4:
Property 0.18u)'ps in circuit2 has no matching property in circuit1
pfet_06v0:882 vs. GRADIENT_NAV2:_core/GRADIENT2:2/COMP:5/bias:1/pfet_06v0:M4:
Property W'nrs in circuit2 has no matching property in circuit1
pfet_06v0:882 vs. GRADIENT_NAV2:_core/GRADIENT2:2/COMP:5/bias:1/pfet_06v0:M4:
Property 0.18u)'nrd in circuit2 has no matching property in circuit1
pfet_06v0:882 vs. GRADIENT_NAV2:_core/GRADIENT2:2/COMP:5/bias:1/pfet_06v0:M4:
Property 0.18u)'ps in circuit2 has no matching property in circuit1
pfet_06v0:506 vs. GRADIENT_NAV2:_core/GRADIENT2:1/COMP:5/bias:1/pfet_06v0:M4:
Property W'nrs in circuit2 has no matching property in circuit1
pfet_06v0:506 vs. GRADIENT_NAV2:_core/GRADIENT2:1/COMP:5/bias:1/pfet_06v0:M4:
Property 0.18u)'nrd in circuit2 has no matching property in circuit1
pfet_06v0:506 vs. GRADIENT_NAV2:_core/GRADIENT2:1/COMP:5/bias:1/pfet_06v0:M4:
Property 0.18u)'ps in circuit2 has no matching property in circuit1
pfet_06v0:1609 vs. GRADIENT_NAV2:_core/GRADIENT2:2/COMP:6/bias:1/pfet_06v0:M4:
Property W'nrs in circuit2 has no matching property in circuit1
pfet_06v0:1609 vs. GRADIENT_NAV2:_core/GRADIENT2:2/COMP:6/bias:1/pfet_06v0:M4:
Property 0.18u)'nrd in circuit2 has no matching property in circuit1
pfet_06v0:1609 vs. GRADIENT_NAV2:_core/GRADIENT2:2/COMP:6/bias:1/pfet_06v0:M4:
Property 0.18u)'ps in circuit2 has no matching property in circuit1
pfet_06v0:1238 vs. GRADIENT_NAV2:_core/GRADIENT2:1/COMP:6/bias:1/pfet_06v0:M4:
Property W'nrs in circuit2 has no matching property in circuit1
pfet_06v0:1238 vs. GRADIENT_NAV2:_core/GRADIENT2:1/COMP:6/bias:1/pfet_06v0:M4:
Property 0.18u)'nrd in circuit2 has no matching property in circuit1
pfet_06v0:1238 vs. GRADIENT_NAV2:_core/GRADIENT2:1/COMP:6/bias:1/pfet_06v0:M4:
Property 0.18u)'ps in circuit2 has no matching property in circuit1
pfet_06v0:559 vs. GRADIENT_NAV2:_core/GRADIENT2:4/COMP:6/bias:1/pfet_06v0:M4:
Property W'nrs in circuit2 has no matching property in circuit1
pfet_06v0:559 vs. GRADIENT_NAV2:_core/GRADIENT2:4/COMP:6/bias:1/pfet_06v0:M4:
Property 0.18u)'nrd in circuit2 has no matching property in circuit1
pfet_06v0:559 vs. GRADIENT_NAV2:_core/GRADIENT2:4/COMP:6/bias:1/pfet_06v0:M4:
Property 0.18u)'ps in circuit2 has no matching property in circuit1
pfet_06v0:146 vs. GRADIENT_NAV2:_core/GRADIENT2:3/COMP:6/bias:1/pfet_06v0:M4:
Property W'nrs in circuit2 has no matching property in circuit1
pfet_06v0:146 vs. GRADIENT_NAV2:_core/GRADIENT2:3/COMP:6/bias:1/pfet_06v0:M4:
Property 0.18u)'nrd in circuit2 has no matching property in circuit1
pfet_06v0:146 vs. GRADIENT_NAV2:_core/GRADIENT2:3/COMP:6/bias:1/pfet_06v0:M4:
Property 0.18u)'ps in circuit2 has no matching property in circuit1
pfet_06v0:1937 vs. GRADIENT_NAV2:_core/GRADIENT2:3/OPAM_LIN:8/bias:1/pfet_06v0:M4:
Property W'nrs in circuit2 has no matching property in circuit1
pfet_06v0:1937 vs. GRADIENT_NAV2:_core/GRADIENT2:3/OPAM_LIN:8/bias:1/pfet_06v0:M4:
Property 0.18u)'nrd in circuit2 has no matching property in circuit1
pfet_06v0:1937 vs. GRADIENT_NAV2:_core/GRADIENT2:3/OPAM_LIN:8/bias:1/pfet_06v0:M4:
Property 0.18u)'ps in circuit2 has no matching property in circuit1
pfet_06v0:1215 vs. GRADIENT_NAV2:_core/GRADIENT2:2/OPAM_LIN:8/bias:1/pfet_06v0:M4:
Property W'nrs in circuit2 has no matching property in circuit1
pfet_06v0:1215 vs. GRADIENT_NAV2:_core/GRADIENT2:2/OPAM_LIN:8/bias:1/pfet_06v0:M4:
Property 0.18u)'nrd in circuit2 has no matching property in circuit1
pfet_06v0:1215 vs. GRADIENT_NAV2:_core/GRADIENT2:2/OPAM_LIN:8/bias:1/pfet_06v0:M4:
Property 0.18u)'ps in circuit2 has no matching property in circuit1
pfet_06v0:937 vs. GRADIENT_NAV2:_core/GRADIENT2:1/OPAM_LIN:8/bias:1/pfet_06v0:M4:
Property W'nrs in circuit2 has no matching property in circuit1
pfet_06v0:937 vs. GRADIENT_NAV2:_core/GRADIENT2:1/OPAM_LIN:8/bias:1/pfet_06v0:M4:
Property 0.18u)'nrd in circuit2 has no matching property in circuit1
pfet_06v0:937 vs. GRADIENT_NAV2:_core/GRADIENT2:1/OPAM_LIN:8/bias:1/pfet_06v0:M4:
Property 0.18u)'ps in circuit2 has no matching property in circuit1
pfet_06v0:56 vs. GRADIENT_NAV2:_core/GRADIENT2:4/OPAM_LIN:8/bias:1/pfet_06v0:M4:
Property W'nrs in circuit2 has no matching property in circuit1
pfet_06v0:56 vs. GRADIENT_NAV2:_core/GRADIENT2:4/OPAM_LIN:8/bias:1/pfet_06v0:M4:
Property 0.18u)'nrd in circuit2 has no matching property in circuit1
pfet_06v0:56 vs. GRADIENT_NAV2:_core/GRADIENT2:4/OPAM_LIN:8/bias:1/pfet_06v0:M4:
Property 0.18u)'ps in circuit2 has no matching property in circuit1
pfet_06v0:1950 vs. GRADIENT_NAV2:_core/GRADIENT2:4/OPAM_LIN:1/bias:1/pfet_06v0:M4:
Property W'nrs in circuit2 has no matching property in circuit1
pfet_06v0:1950 vs. GRADIENT_NAV2:_core/GRADIENT2:4/OPAM_LIN:1/bias:1/pfet_06v0:M4:
Property 0.18u)'nrd in circuit2 has no matching property in circuit1
pfet_06v0:1950 vs. GRADIENT_NAV2:_core/GRADIENT2:4/OPAM_LIN:1/bias:1/pfet_06v0:M4:
Property 0.18u)'ps in circuit2 has no matching property in circuit1
pfet_06v0:1551 vs. GRADIENT_NAV2:_core/GRADIENT2:3/OPAM_LIN:1/bias:1/pfet_06v0:M4:
Property W'nrs in circuit2 has no matching property in circuit1
pfet_06v0:1551 vs. GRADIENT_NAV2:_core/GRADIENT2:3/OPAM_LIN:1/bias:1/pfet_06v0:M4:
Property 0.18u)'nrd in circuit2 has no matching property in circuit1
pfet_06v0:1551 vs. GRADIENT_NAV2:_core/GRADIENT2:3/OPAM_LIN:1/bias:1/pfet_06v0:M4:
Property 0.18u)'ps in circuit2 has no matching property in circuit1
pfet_06v0:663 vs. GRADIENT_NAV2:_core/GRADIENT2:2/OPAM_LIN:1/bias:1/pfet_06v0:M4:
Property W'nrs in circuit2 has no matching property in circuit1
pfet_06v0:663 vs. GRADIENT_NAV2:_core/GRADIENT2:2/OPAM_LIN:1/bias:1/pfet_06v0:M4:
Property 0.18u)'nrd in circuit2 has no matching property in circuit1
pfet_06v0:663 vs. GRADIENT_NAV2:_core/GRADIENT2:2/OPAM_LIN:1/bias:1/pfet_06v0:M4:
Property 0.18u)'ps in circuit2 has no matching property in circuit1
pfet_06v0:579 vs. GRADIENT_NAV2:_core/GRADIENT2:1/OPAM_LIN:1/bias:1/pfet_06v0:M4:
Property W'nrs in circuit2 has no matching property in circuit1
pfet_06v0:579 vs. GRADIENT_NAV2:_core/GRADIENT2:1/OPAM_LIN:1/bias:1/pfet_06v0:M4:
Property 0.18u)'nrd in circuit2 has no matching property in circuit1
pfet_06v0:579 vs. GRADIENT_NAV2:_core/GRADIENT2:1/OPAM_LIN:1/bias:1/pfet_06v0:M4:
Property 0.18u)'ps in circuit2 has no matching property in circuit1
pfet_06v0:1293 vs. GRADIENT_NAV2:_core/GRADIENT2:3/OPAM_LIN:2/bias:1/pfet_06v0:M4:
Property W'nrs in circuit2 has no matching property in circuit1
pfet_06v0:1293 vs. GRADIENT_NAV2:_core/GRADIENT2:3/OPAM_LIN:2/bias:1/pfet_06v0:M4:
Property 0.18u)'nrd in circuit2 has no matching property in circuit1
pfet_06v0:1293 vs. GRADIENT_NAV2:_core/GRADIENT2:3/OPAM_LIN:2/bias:1/pfet_06v0:M4:
Property 0.18u)'ps in circuit2 has no matching property in circuit1
pfet_06v0:1195 vs. GRADIENT_NAV2:_core/GRADIENT2:2/OPAM_LIN:2/bias:1/pfet_06v0:M4:
Property W'nrs in circuit2 has no matching property in circuit1
pfet_06v0:1195 vs. GRADIENT_NAV2:_core/GRADIENT2:2/OPAM_LIN:2/bias:1/pfet_06v0:M4:
Property 0.18u)'nrd in circuit2 has no matching property in circuit1
pfet_06v0:1195 vs. GRADIENT_NAV2:_core/GRADIENT2:2/OPAM_LIN:2/bias:1/pfet_06v0:M4:
Property 0.18u)'ps in circuit2 has no matching property in circuit1
pfet_06v0:594 vs. GRADIENT_NAV2:_core/GRADIENT2:1/OPAM_LIN:2/bias:1/pfet_06v0:M4:
Property W'nrs in circuit2 has no matching property in circuit1
pfet_06v0:594 vs. GRADIENT_NAV2:_core/GRADIENT2:1/OPAM_LIN:2/bias:1/pfet_06v0:M4:
Property 0.18u)'nrd in circuit2 has no matching property in circuit1
pfet_06v0:594 vs. GRADIENT_NAV2:_core/GRADIENT2:1/OPAM_LIN:2/bias:1/pfet_06v0:M4:
Property 0.18u)'ps in circuit2 has no matching property in circuit1
pfet_06v0:314 vs. GRADIENT_NAV2:_core/GRADIENT2:4/OPAM_LIN:2/bias:1/pfet_06v0:M4:
Property W'nrs in circuit2 has no matching property in circuit1
pfet_06v0:314 vs. GRADIENT_NAV2:_core/GRADIENT2:4/OPAM_LIN:2/bias:1/pfet_06v0:M4:
Property 0.18u)'nrd in circuit2 has no matching property in circuit1
pfet_06v0:314 vs. GRADIENT_NAV2:_core/GRADIENT2:4/OPAM_LIN:2/bias:1/pfet_06v0:M4:
Property 0.18u)'ps in circuit2 has no matching property in circuit1
pfet_06v0:1475 vs. GRADIENT_NAV2:_core/GRADIENT2:1/COMP:4/sub_diff:2/pfet_06v0:M13:
Property W'nrs in circuit2 has no matching property in circuit1
pfet_06v0:1475 vs. GRADIENT_NAV2:_core/GRADIENT2:1/COMP:4/sub_diff:2/pfet_06v0:M13:
Property 0.18u)'nrd in circuit2 has no matching property in circuit1
pfet_06v0:1475 vs. GRADIENT_NAV2:_core/GRADIENT2:1/COMP:4/sub_diff:2/pfet_06v0:M13:
Property 0.18u)'ps in circuit2 has no matching property in circuit1
pfet_06v0:422 vs. GRADIENT_NAV2:_core/GRADIENT2:1/COMP:4/sub_diff:2/pfet_06v0:M11:
Property W'nrs in circuit2 has no matching property in circuit1
pfet_06v0:422 vs. GRADIENT_NAV2:_core/GRADIENT2:1/COMP:4/sub_diff:2/pfet_06v0:M11:
Property 0.18u)'nrd in circuit2 has no matching property in circuit1
pfet_06v0:422 vs. GRADIENT_NAV2:_core/GRADIENT2:1/COMP:4/sub_diff:2/pfet_06v0:M11:
Property 0.18u)'ps in circuit2 has no matching property in circuit1
pfet_06v0:1858 vs. GRADIENT_NAV2:_core/GRADIENT2:2/COMP:4/sub_diff:2/pfet_06v0:M13:
Property W'nrs in circuit2 has no matching property in circuit1
pfet_06v0:1858 vs. GRADIENT_NAV2:_core/GRADIENT2:2/COMP:4/sub_diff:2/pfet_06v0:M13:
Property 0.18u)'nrd in circuit2 has no matching property in circuit1
pfet_06v0:1858 vs. GRADIENT_NAV2:_core/GRADIENT2:2/COMP:4/sub_diff:2/pfet_06v0:M13:
Property 0.18u)'ps in circuit2 has no matching property in circuit1
pfet_06v0:818 vs. GRADIENT_NAV2:_core/GRADIENT2:2/COMP:4/sub_diff:2/pfet_06v0:M11:
Property W'nrs in circuit2 has no matching property in circuit1
pfet_06v0:818 vs. GRADIENT_NAV2:_core/GRADIENT2:2/COMP:4/sub_diff:2/pfet_06v0:M11:
Property 0.18u)'nrd in circuit2 has no matching property in circuit1
pfet_06v0:818 vs. GRADIENT_NAV2:_core/GRADIENT2:2/COMP:4/sub_diff:2/pfet_06v0:M11:
Property 0.18u)'ps in circuit2 has no matching property in circuit1
pfet_06v0:1338 vs. GRADIENT_NAV2:_core/GRADIENT2:3/COMP:4/sub_diff:2/pfet_06v0:M13:
Property W'nrs in circuit2 has no matching property in circuit1
pfet_06v0:1338 vs. GRADIENT_NAV2:_core/GRADIENT2:3/COMP:4/sub_diff:2/pfet_06v0:M13:
Property 0.18u)'nrd in circuit2 has no matching property in circuit1
pfet_06v0:1338 vs. GRADIENT_NAV2:_core/GRADIENT2:3/COMP:4/sub_diff:2/pfet_06v0:M13:
Property 0.18u)'ps in circuit2 has no matching property in circuit1
pfet_06v0:395 vs. GRADIENT_NAV2:_core/GRADIENT2:3/COMP:4/sub_diff:2/pfet_06v0:M11:
Property W'nrs in circuit2 has no matching property in circuit1
pfet_06v0:395 vs. GRADIENT_NAV2:_core/GRADIENT2:3/COMP:4/sub_diff:2/pfet_06v0:M11:
Property 0.18u)'nrd in circuit2 has no matching property in circuit1
pfet_06v0:395 vs. GRADIENT_NAV2:_core/GRADIENT2:3/COMP:4/sub_diff:2/pfet_06v0:M11:
Property 0.18u)'ps in circuit2 has no matching property in circuit1
pfet_06v0:1713 vs. GRADIENT_NAV2:_core/GRADIENT2:4/COMP:4/sub_diff:2/pfet_06v0:M13:
Property W'nrs in circuit2 has no matching property in circuit1
pfet_06v0:1713 vs. GRADIENT_NAV2:_core/GRADIENT2:4/COMP:4/sub_diff:2/pfet_06v0:M13:
Property 0.18u)'nrd in circuit2 has no matching property in circuit1
pfet_06v0:1713 vs. GRADIENT_NAV2:_core/GRADIENT2:4/COMP:4/sub_diff:2/pfet_06v0:M13:
Property 0.18u)'ps in circuit2 has no matching property in circuit1
pfet_06v0:788 vs. GRADIENT_NAV2:_core/GRADIENT2:4/COMP:4/sub_diff:2/pfet_06v0:M11:
Property W'nrs in circuit2 has no matching property in circuit1
pfet_06v0:788 vs. GRADIENT_NAV2:_core/GRADIENT2:4/COMP:4/sub_diff:2/pfet_06v0:M11:
Property 0.18u)'nrd in circuit2 has no matching property in circuit1
pfet_06v0:788 vs. GRADIENT_NAV2:_core/GRADIENT2:4/COMP:4/sub_diff:2/pfet_06v0:M11:
Property 0.18u)'ps in circuit2 has no matching property in circuit1
pfet_06v0:762 vs. GRADIENT_NAV2:_core/GRADIENT2:1/COMP:5/sub_diff:2/pfet_06v0:M13:
Property W'nrs in circuit2 has no matching property in circuit1
pfet_06v0:762 vs. GRADIENT_NAV2:_core/GRADIENT2:1/COMP:5/sub_diff:2/pfet_06v0:M13:
Property 0.18u)'nrd in circuit2 has no matching property in circuit1
pfet_06v0:762 vs. GRADIENT_NAV2:_core/GRADIENT2:1/COMP:5/sub_diff:2/pfet_06v0:M13:
Property 0.18u)'ps in circuit2 has no matching property in circuit1
pfet_06v0:364 vs. GRADIENT_NAV2:_core/GRADIENT2:1/COMP:5/sub_diff:2/pfet_06v0:M11:
Property W'nrs in circuit2 has no matching property in circuit1
pfet_06v0:364 vs. GRADIENT_NAV2:_core/GRADIENT2:1/COMP:5/sub_diff:2/pfet_06v0:M11:
Property 0.18u)'nrd in circuit2 has no matching property in circuit1
pfet_06v0:364 vs. GRADIENT_NAV2:_core/GRADIENT2:1/COMP:5/sub_diff:2/pfet_06v0:M11:
Property 0.18u)'ps in circuit2 has no matching property in circuit1
pfet_06v0:1130 vs. GRADIENT_NAV2:_core/GRADIENT2:2/COMP:5/sub_diff:2/pfet_06v0:M13:
Property W'nrs in circuit2 has no matching property in circuit1
pfet_06v0:1130 vs. GRADIENT_NAV2:_core/GRADIENT2:2/COMP:5/sub_diff:2/pfet_06v0:M13:
Property 0.18u)'nrd in circuit2 has no matching property in circuit1
pfet_06v0:1130 vs. GRADIENT_NAV2:_core/GRADIENT2:2/COMP:5/sub_diff:2/pfet_06v0:M13:
Property 0.18u)'ps in circuit2 has no matching property in circuit1
pfet_06v0:758 vs. GRADIENT_NAV2:_core/GRADIENT2:2/COMP:5/sub_diff:2/pfet_06v0:M11:
Property W'nrs in circuit2 has no matching property in circuit1
pfet_06v0:758 vs. GRADIENT_NAV2:_core/GRADIENT2:2/COMP:5/sub_diff:2/pfet_06v0:M11:
Property 0.18u)'nrd in circuit2 has no matching property in circuit1
pfet_06v0:758 vs. GRADIENT_NAV2:_core/GRADIENT2:2/COMP:5/sub_diff:2/pfet_06v0:M11:
Property 0.18u)'ps in circuit2 has no matching property in circuit1
pfet_06v0:1647 vs. GRADIENT_NAV2:_core/GRADIENT2:3/COMP:5/sub_diff:2/pfet_06v0:M13:
Property W'nrs in circuit2 has no matching property in circuit1
pfet_06v0:1647 vs. GRADIENT_NAV2:_core/GRADIENT2:3/COMP:5/sub_diff:2/pfet_06v0:M13:
Property 0.18u)'nrd in circuit2 has no matching property in circuit1
pfet_06v0:1647 vs. GRADIENT_NAV2:_core/GRADIENT2:3/COMP:5/sub_diff:2/pfet_06v0:M13:
Property 0.18u)'ps in circuit2 has no matching property in circuit1
pfet_06v0:1276 vs. GRADIENT_NAV2:_core/GRADIENT2:3/COMP:5/sub_diff:2/pfet_06v0:M11:
Property W'nrs in circuit2 has no matching property in circuit1
pfet_06v0:1276 vs. GRADIENT_NAV2:_core/GRADIENT2:3/COMP:5/sub_diff:2/pfet_06v0:M11:
Property 0.18u)'nrd in circuit2 has no matching property in circuit1
pfet_06v0:1276 vs. GRADIENT_NAV2:_core/GRADIENT2:3/COMP:5/sub_diff:2/pfet_06v0:M11:
Property 0.18u)'ps in circuit2 has no matching property in circuit1
pfet_06v0:1642 vs. GRADIENT_NAV2:_core/GRADIENT2:4/COMP:5/sub_diff:2/pfet_06v0:M11:
Property W'nrs in circuit2 has no matching property in circuit1
pfet_06v0:1642 vs. GRADIENT_NAV2:_core/GRADIENT2:4/COMP:5/sub_diff:2/pfet_06v0:M11:
Property 0.18u)'nrd in circuit2 has no matching property in circuit1
pfet_06v0:1642 vs. GRADIENT_NAV2:_core/GRADIENT2:4/COMP:5/sub_diff:2/pfet_06v0:M11:
Property 0.18u)'ps in circuit2 has no matching property in circuit1
pfet_06v0:70 vs. GRADIENT_NAV2:_core/GRADIENT2:4/COMP:5/sub_diff:2/pfet_06v0:M13:
Property W'nrs in circuit2 has no matching property in circuit1
pfet_06v0:70 vs. GRADIENT_NAV2:_core/GRADIENT2:4/COMP:5/sub_diff:2/pfet_06v0:M13:
Property 0.18u)'nrd in circuit2 has no matching property in circuit1
pfet_06v0:70 vs. GRADIENT_NAV2:_core/GRADIENT2:4/COMP:5/sub_diff:2/pfet_06v0:M13:
Property 0.18u)'ps in circuit2 has no matching property in circuit1
pfet_06v0:1615 vs. GRADIENT_NAV2:_core/GRADIENT2:1/COMP:6/sub_diff:2/pfet_06v0:M13:
Property W'nrs in circuit2 has no matching property in circuit1
pfet_06v0:1615 vs. GRADIENT_NAV2:_core/GRADIENT2:1/COMP:6/sub_diff:2/pfet_06v0:M13:
Property 0.18u)'nrd in circuit2 has no matching property in circuit1
pfet_06v0:1615 vs. GRADIENT_NAV2:_core/GRADIENT2:1/COMP:6/sub_diff:2/pfet_06v0:M13:
Property 0.18u)'ps in circuit2 has no matching property in circuit1
pfet_06v0:1494 vs. GRADIENT_NAV2:_core/GRADIENT2:1/COMP:6/sub_diff:2/pfet_06v0:M11:
Property W'nrs in circuit2 has no matching property in circuit1
pfet_06v0:1494 vs. GRADIENT_NAV2:_core/GRADIENT2:1/COMP:6/sub_diff:2/pfet_06v0:M11:
Property 0.18u)'nrd in circuit2 has no matching property in circuit1
pfet_06v0:1494 vs. GRADIENT_NAV2:_core/GRADIENT2:1/COMP:6/sub_diff:2/pfet_06v0:M11:
Property 0.18u)'ps in circuit2 has no matching property in circuit1
pfet_06v0:1879 vs. GRADIENT_NAV2:_core/GRADIENT2:2/COMP:6/sub_diff:2/pfet_06v0:M13:
Property W'nrs in circuit2 has no matching property in circuit1
pfet_06v0:1879 vs. GRADIENT_NAV2:_core/GRADIENT2:2/COMP:6/sub_diff:2/pfet_06v0:M13:
Property 0.18u)'nrd in circuit2 has no matching property in circuit1
pfet_06v0:1879 vs. GRADIENT_NAV2:_core/GRADIENT2:2/COMP:6/sub_diff:2/pfet_06v0:M13:
Property 0.18u)'ps in circuit2 has no matching property in circuit1
pfet_06v0:30 vs. GRADIENT_NAV2:_core/GRADIENT2:2/COMP:6/sub_diff:2/pfet_06v0:M11:
Property W'nrs in circuit2 has no matching property in circuit1
pfet_06v0:30 vs. GRADIENT_NAV2:_core/GRADIENT2:2/COMP:6/sub_diff:2/pfet_06v0:M11:
Property 0.18u)'nrd in circuit2 has no matching property in circuit1
pfet_06v0:30 vs. GRADIENT_NAV2:_core/GRADIENT2:2/COMP:6/sub_diff:2/pfet_06v0:M11:
Property 0.18u)'ps in circuit2 has no matching property in circuit1
pfet_06v0:565 vs. GRADIENT_NAV2:_core/GRADIENT2:3/COMP:6/sub_diff:2/pfet_06v0:M13:
Property W'nrs in circuit2 has no matching property in circuit1
pfet_06v0:565 vs. GRADIENT_NAV2:_core/GRADIENT2:3/COMP:6/sub_diff:2/pfet_06v0:M13:
Property 0.18u)'nrd in circuit2 has no matching property in circuit1
pfet_06v0:565 vs. GRADIENT_NAV2:_core/GRADIENT2:3/COMP:6/sub_diff:2/pfet_06v0:M13:
Property 0.18u)'ps in circuit2 has no matching property in circuit1
pfet_06v0:424 vs. GRADIENT_NAV2:_core/GRADIENT2:3/COMP:6/sub_diff:2/pfet_06v0:M11:
Property W'nrs in circuit2 has no matching property in circuit1
pfet_06v0:424 vs. GRADIENT_NAV2:_core/GRADIENT2:3/COMP:6/sub_diff:2/pfet_06v0:M11:
Property 0.18u)'nrd in circuit2 has no matching property in circuit1
pfet_06v0:424 vs. GRADIENT_NAV2:_core/GRADIENT2:3/COMP:6/sub_diff:2/pfet_06v0:M11:
Property 0.18u)'ps in circuit2 has no matching property in circuit1
pfet_06v0:945 vs. GRADIENT_NAV2:_core/GRADIENT2:4/COMP:6/sub_diff:2/pfet_06v0:M13:
Property W'nrs in circuit2 has no matching property in circuit1
pfet_06v0:945 vs. GRADIENT_NAV2:_core/GRADIENT2:4/COMP:6/sub_diff:2/pfet_06v0:M13:
Property 0.18u)'nrd in circuit2 has no matching property in circuit1
pfet_06v0:945 vs. GRADIENT_NAV2:_core/GRADIENT2:4/COMP:6/sub_diff:2/pfet_06v0:M13:
Property 0.18u)'ps in circuit2 has no matching property in circuit1
pfet_06v0:820 vs. GRADIENT_NAV2:_core/GRADIENT2:4/COMP:6/sub_diff:2/pfet_06v0:M11:
Property W'nrs in circuit2 has no matching property in circuit1
pfet_06v0:820 vs. GRADIENT_NAV2:_core/GRADIENT2:4/COMP:6/sub_diff:2/pfet_06v0:M11:
Property 0.18u)'nrd in circuit2 has no matching property in circuit1
pfet_06v0:820 vs. GRADIENT_NAV2:_core/GRADIENT2:4/COMP:6/sub_diff:2/pfet_06v0:M11:
Property 0.18u)'ps in circuit2 has no matching property in circuit1
pfet_06v0:490 vs. GRADIENT_NAV2:_core/GRADIENT2:1/OPAM_LIN:8/sub_diff_2_LIN:2/pfet_06v0:M11:
Property W'nrs in circuit2 has no matching property in circuit1
pfet_06v0:490 vs. GRADIENT_NAV2:_core/GRADIENT2:1/OPAM_LIN:8/sub_diff_2_LIN:2/pfet_06v0:M11:
Property 0.18u)'nrd in circuit2 has no matching property in circuit1
pfet_06v0:490 vs. GRADIENT_NAV2:_core/GRADIENT2:1/OPAM_LIN:8/sub_diff_2_LIN:2/pfet_06v0:M11:
Property 0.18u)'ps in circuit2 has no matching property in circuit1
pfet_06v0:416 vs. GRADIENT_NAV2:_core/GRADIENT2:1/OPAM_LIN:8/sub_diff_2_LIN:2/pfet_06v0:M13:
Property W'nrs in circuit2 has no matching property in circuit1
pfet_06v0:416 vs. GRADIENT_NAV2:_core/GRADIENT2:1/OPAM_LIN:8/sub_diff_2_LIN:2/pfet_06v0:M13:
Property 0.18u)'nrd in circuit2 has no matching property in circuit1
pfet_06v0:416 vs. GRADIENT_NAV2:_core/GRADIENT2:1/OPAM_LIN:8/sub_diff_2_LIN:2/pfet_06v0:M13:
Property 0.18u)'ps in circuit2 has no matching property in circuit1
pfet_06v0:1893 vs. GRADIENT_NAV2:_core/GRADIENT2:2/OPAM_LIN:8/sub_diff_2_LIN:2/pfet_06v0:M13:
Property W'nrs in circuit2 has no matching property in circuit1
pfet_06v0:1893 vs. GRADIENT_NAV2:_core/GRADIENT2:2/OPAM_LIN:8/sub_diff_2_LIN:2/pfet_06v0:M13:
Property 0.18u)'nrd in circuit2 has no matching property in circuit1
pfet_06v0:1893 vs. GRADIENT_NAV2:_core/GRADIENT2:2/OPAM_LIN:8/sub_diff_2_LIN:2/pfet_06v0:M13:
Property 0.18u)'ps in circuit2 has no matching property in circuit1
pfet_06v0:711 vs. GRADIENT_NAV2:_core/GRADIENT2:2/OPAM_LIN:8/sub_diff_2_LIN:2/pfet_06v0:M11:
Property W'nrs in circuit2 has no matching property in circuit1
pfet_06v0:711 vs. GRADIENT_NAV2:_core/GRADIENT2:2/OPAM_LIN:8/sub_diff_2_LIN:2/pfet_06v0:M11:
Property 0.18u)'nrd in circuit2 has no matching property in circuit1
pfet_06v0:711 vs. GRADIENT_NAV2:_core/GRADIENT2:2/OPAM_LIN:8/sub_diff_2_LIN:2/pfet_06v0:M11:
Property 0.18u)'ps in circuit2 has no matching property in circuit1
pfet_06v0:1491 vs. GRADIENT_NAV2:_core/GRADIENT2:3/OPAM_LIN:8/sub_diff_2_LIN:2/pfet_06v0:M13:
Property W'nrs in circuit2 has no matching property in circuit1
pfet_06v0:1491 vs. GRADIENT_NAV2:_core/GRADIENT2:3/OPAM_LIN:8/sub_diff_2_LIN:2/pfet_06v0:M13:
Property 0.18u)'nrd in circuit2 has no matching property in circuit1
pfet_06v0:1491 vs. GRADIENT_NAV2:_core/GRADIENT2:3/OPAM_LIN:8/sub_diff_2_LIN:2/pfet_06v0:M13:
Property 0.18u)'ps in circuit2 has no matching property in circuit1
pfet_06v0:1100 vs. GRADIENT_NAV2:_core/GRADIENT2:3/OPAM_LIN:8/sub_diff_2_LIN:2/pfet_06v0:M11:
Property W'nrs in circuit2 has no matching property in circuit1
pfet_06v0:1100 vs. GRADIENT_NAV2:_core/GRADIENT2:3/OPAM_LIN:8/sub_diff_2_LIN:2/pfet_06v0:M11:
Property 0.18u)'nrd in circuit2 has no matching property in circuit1
pfet_06v0:1100 vs. GRADIENT_NAV2:_core/GRADIENT2:3/OPAM_LIN:8/sub_diff_2_LIN:2/pfet_06v0:M11:
Property 0.18u)'ps in circuit2 has no matching property in circuit1
pfet_06v0:1812 vs. GRADIENT_NAV2:_core/GRADIENT2:4/OPAM_LIN:8/sub_diff_2_LIN:2/pfet_06v0:M13:
Property W'nrs in circuit2 has no matching property in circuit1
pfet_06v0:1812 vs. GRADIENT_NAV2:_core/GRADIENT2:4/OPAM_LIN:8/sub_diff_2_LIN:2/pfet_06v0:M13:
Property 0.18u)'nrd in circuit2 has no matching property in circuit1
pfet_06v0:1812 vs. GRADIENT_NAV2:_core/GRADIENT2:4/OPAM_LIN:8/sub_diff_2_LIN:2/pfet_06v0:M13:
Property 0.18u)'ps in circuit2 has no matching property in circuit1
pfet_06v0:1027 vs. GRADIENT_NAV2:_core/GRADIENT2:4/OPAM_LIN:8/sub_diff_2_LIN:2/pfet_06v0:M11:
Property W'nrs in circuit2 has no matching property in circuit1
pfet_06v0:1027 vs. GRADIENT_NAV2:_core/GRADIENT2:4/OPAM_LIN:8/sub_diff_2_LIN:2/pfet_06v0:M11:
Property 0.18u)'nrd in circuit2 has no matching property in circuit1
pfet_06v0:1027 vs. GRADIENT_NAV2:_core/GRADIENT2:4/OPAM_LIN:8/sub_diff_2_LIN:2/pfet_06v0:M11:
Property 0.18u)'ps in circuit2 has no matching property in circuit1
pfet_06v0:1709 vs. GRADIENT_NAV2:_core/GRADIENT2:1/OPAM_LIN:1/sub_diff_2_LIN:2/pfet_06v0:M11:
Property W'nrs in circuit2 has no matching property in circuit1
pfet_06v0:1709 vs. GRADIENT_NAV2:_core/GRADIENT2:1/OPAM_LIN:1/sub_diff_2_LIN:2/pfet_06v0:M11:
Property 0.18u)'nrd in circuit2 has no matching property in circuit1
pfet_06v0:1709 vs. GRADIENT_NAV2:_core/GRADIENT2:1/OPAM_LIN:1/sub_diff_2_LIN:2/pfet_06v0:M11:
Property 0.18u)'ps in circuit2 has no matching property in circuit1
pfet_06v0:117 vs. GRADIENT_NAV2:_core/GRADIENT2:1/OPAM_LIN:1/sub_diff_2_LIN:2/pfet_06v0:M13:
Property W'nrs in circuit2 has no matching property in circuit1
pfet_06v0:117 vs. GRADIENT_NAV2:_core/GRADIENT2:1/OPAM_LIN:1/sub_diff_2_LIN:2/pfet_06v0:M13:
Property 0.18u)'nrd in circuit2 has no matching property in circuit1
pfet_06v0:117 vs. GRADIENT_NAV2:_core/GRADIENT2:1/OPAM_LIN:1/sub_diff_2_LIN:2/pfet_06v0:M13:
Property 0.18u)'ps in circuit2 has no matching property in circuit1
pfet_06v0:1617 vs. GRADIENT_NAV2:_core/GRADIENT2:2/OPAM_LIN:1/sub_diff_2_LIN:2/pfet_06v0:M13:
Property W'nrs in circuit2 has no matching property in circuit1
pfet_06v0:1617 vs. GRADIENT_NAV2:_core/GRADIENT2:2/OPAM_LIN:1/sub_diff_2_LIN:2/pfet_06v0:M13:
Property 0.18u)'nrd in circuit2 has no matching property in circuit1
pfet_06v0:1617 vs. GRADIENT_NAV2:_core/GRADIENT2:2/OPAM_LIN:1/sub_diff_2_LIN:2/pfet_06v0:M13:
Property 0.18u)'ps in circuit2 has no matching property in circuit1
pfet_06v0:429 vs. GRADIENT_NAV2:_core/GRADIENT2:2/OPAM_LIN:1/sub_diff_2_LIN:2/pfet_06v0:M11:
Property W'nrs in circuit2 has no matching property in circuit1
pfet_06v0:429 vs. GRADIENT_NAV2:_core/GRADIENT2:2/OPAM_LIN:1/sub_diff_2_LIN:2/pfet_06v0:M11:
Property 0.18u)'nrd in circuit2 has no matching property in circuit1
pfet_06v0:429 vs. GRADIENT_NAV2:_core/GRADIENT2:2/OPAM_LIN:1/sub_diff_2_LIN:2/pfet_06v0:M11:
Property 0.18u)'ps in circuit2 has no matching property in circuit1
pfet_06v0:1110 vs. GRADIENT_NAV2:_core/GRADIENT2:3/OPAM_LIN:1/sub_diff_2_LIN:2/pfet_06v0:M11:
Property W'nrs in circuit2 has no matching property in circuit1
pfet_06v0:1110 vs. GRADIENT_NAV2:_core/GRADIENT2:3/OPAM_LIN:1/sub_diff_2_LIN:2/pfet_06v0:M11:
Property 0.18u)'nrd in circuit2 has no matching property in circuit1
pfet_06v0:1110 vs. GRADIENT_NAV2:_core/GRADIENT2:3/OPAM_LIN:1/sub_diff_2_LIN:2/pfet_06v0:M11:
Property 0.18u)'ps in circuit2 has no matching property in circuit1
pfet_06v0:1058 vs. GRADIENT_NAV2:_core/GRADIENT2:3/OPAM_LIN:1/sub_diff_2_LIN:2/pfet_06v0:M13:
Property W'nrs in circuit2 has no matching property in circuit1
pfet_06v0:1058 vs. GRADIENT_NAV2:_core/GRADIENT2:3/OPAM_LIN:1/sub_diff_2_LIN:2/pfet_06v0:M13:
Property 0.18u)'nrd in circuit2 has no matching property in circuit1
pfet_06v0:1058 vs. GRADIENT_NAV2:_core/GRADIENT2:3/OPAM_LIN:1/sub_diff_2_LIN:2/pfet_06v0:M13:
Property 0.18u)'ps in circuit2 has no matching property in circuit1
pfet_06v0:1449 vs. GRADIENT_NAV2:_core/GRADIENT2:4/OPAM_LIN:1/sub_diff_2_LIN:2/pfet_06v0:M11:
Property W'nrs in circuit2 has no matching property in circuit1
pfet_06v0:1449 vs. GRADIENT_NAV2:_core/GRADIENT2:4/OPAM_LIN:1/sub_diff_2_LIN:2/pfet_06v0:M11:
Property 0.18u)'nrd in circuit2 has no matching property in circuit1
pfet_06v0:1449 vs. GRADIENT_NAV2:_core/GRADIENT2:4/OPAM_LIN:1/sub_diff_2_LIN:2/pfet_06v0:M11:
Property 0.18u)'ps in circuit2 has no matching property in circuit1
pfet_06v0:672 vs. GRADIENT_NAV2:_core/GRADIENT2:4/OPAM_LIN:1/sub_diff_2_LIN:2/pfet_06v0:M13:
Property W'nrs in circuit2 has no matching property in circuit1
pfet_06v0:672 vs. GRADIENT_NAV2:_core/GRADIENT2:4/OPAM_LIN:1/sub_diff_2_LIN:2/pfet_06v0:M13:
Property 0.18u)'nrd in circuit2 has no matching property in circuit1
pfet_06v0:672 vs. GRADIENT_NAV2:_core/GRADIENT2:4/OPAM_LIN:1/sub_diff_2_LIN:2/pfet_06v0:M13:
Property 0.18u)'ps in circuit2 has no matching property in circuit1
pfet_06v0:1261 vs. GRADIENT_NAV2:_core/GRADIENT2:1/OPAM_LIN:2/sub_diff_2_LIN:2/pfet_06v0:M13:
Property W'nrs in circuit2 has no matching property in circuit1
pfet_06v0:1261 vs. GRADIENT_NAV2:_core/GRADIENT2:1/OPAM_LIN:2/sub_diff_2_LIN:2/pfet_06v0:M13:
Property 0.18u)'nrd in circuit2 has no matching property in circuit1
pfet_06v0:1261 vs. GRADIENT_NAV2:_core/GRADIENT2:1/OPAM_LIN:2/sub_diff_2_LIN:2/pfet_06v0:M13:
Property 0.18u)'ps in circuit2 has no matching property in circuit1
pfet_06v0:76 vs. GRADIENT_NAV2:_core/GRADIENT2:1/OPAM_LIN:2/sub_diff_2_LIN:2/pfet_06v0:M11:
Property W'nrs in circuit2 has no matching property in circuit1
pfet_06v0:76 vs. GRADIENT_NAV2:_core/GRADIENT2:1/OPAM_LIN:2/sub_diff_2_LIN:2/pfet_06v0:M11:
Property 0.18u)'nrd in circuit2 has no matching property in circuit1
pfet_06v0:76 vs. GRADIENT_NAV2:_core/GRADIENT2:1/OPAM_LIN:2/sub_diff_2_LIN:2/pfet_06v0:M11:
Property 0.18u)'ps in circuit2 has no matching property in circuit1
pfet_06v0:755 vs. GRADIENT_NAV2:_core/GRADIENT2:2/OPAM_LIN:2/sub_diff_2_LIN:2/pfet_06v0:M13:
Property W'nrs in circuit2 has no matching property in circuit1
pfet_06v0:755 vs. GRADIENT_NAV2:_core/GRADIENT2:2/OPAM_LIN:2/sub_diff_2_LIN:2/pfet_06v0:M13:
Property 0.18u)'nrd in circuit2 has no matching property in circuit1
pfet_06v0:755 vs. GRADIENT_NAV2:_core/GRADIENT2:2/OPAM_LIN:2/sub_diff_2_LIN:2/pfet_06v0:M13:
Property 0.18u)'ps in circuit2 has no matching property in circuit1
pfet_06v0:351 vs. GRADIENT_NAV2:_core/GRADIENT2:2/OPAM_LIN:2/sub_diff_2_LIN:2/pfet_06v0:M11:
Property W'nrs in circuit2 has no matching property in circuit1
pfet_06v0:351 vs. GRADIENT_NAV2:_core/GRADIENT2:2/OPAM_LIN:2/sub_diff_2_LIN:2/pfet_06v0:M11:
Property 0.18u)'nrd in circuit2 has no matching property in circuit1
pfet_06v0:351 vs. GRADIENT_NAV2:_core/GRADIENT2:2/OPAM_LIN:2/sub_diff_2_LIN:2/pfet_06v0:M11:
Property 0.18u)'ps in circuit2 has no matching property in circuit1
pfet_06v0:1067 vs. GRADIENT_NAV2:_core/GRADIENT2:3/OPAM_LIN:2/sub_diff_2_LIN:2/pfet_06v0:M13:
Property W'nrs in circuit2 has no matching property in circuit1
pfet_06v0:1067 vs. GRADIENT_NAV2:_core/GRADIENT2:3/OPAM_LIN:2/sub_diff_2_LIN:2/pfet_06v0:M13:
Property 0.18u)'nrd in circuit2 has no matching property in circuit1
pfet_06v0:1067 vs. GRADIENT_NAV2:_core/GRADIENT2:3/OPAM_LIN:2/sub_diff_2_LIN:2/pfet_06v0:M13:
Property 0.18u)'ps in circuit2 has no matching property in circuit1
pfet_06v0:262 vs. GRADIENT_NAV2:_core/GRADIENT2:3/OPAM_LIN:2/sub_diff_2_LIN:2/pfet_06v0:M11:
Property W'nrs in circuit2 has no matching property in circuit1
pfet_06v0:262 vs. GRADIENT_NAV2:_core/GRADIENT2:3/OPAM_LIN:2/sub_diff_2_LIN:2/pfet_06v0:M11:
Property 0.18u)'nrd in circuit2 has no matching property in circuit1
pfet_06v0:262 vs. GRADIENT_NAV2:_core/GRADIENT2:3/OPAM_LIN:2/sub_diff_2_LIN:2/pfet_06v0:M11:
Property 0.18u)'ps in circuit2 has no matching property in circuit1
pfet_06v0:1859 vs. GRADIENT_NAV2:_core/GRADIENT2:4/OPAM_LIN:2/sub_diff_2_LIN:2/pfet_06v0:M13:
Property W'nrs in circuit2 has no matching property in circuit1
pfet_06v0:1859 vs. GRADIENT_NAV2:_core/GRADIENT2:4/OPAM_LIN:2/sub_diff_2_LIN:2/pfet_06v0:M13:
Property 0.18u)'nrd in circuit2 has no matching property in circuit1
pfet_06v0:1859 vs. GRADIENT_NAV2:_core/GRADIENT2:4/OPAM_LIN:2/sub_diff_2_LIN:2/pfet_06v0:M13:
Property 0.18u)'ps in circuit2 has no matching property in circuit1
pfet_06v0:1794 vs. GRADIENT_NAV2:_core/GRADIENT2:4/OPAM_LIN:2/sub_diff_2_LIN:2/pfet_06v0:M11:
Property W'nrs in circuit2 has no matching property in circuit1
pfet_06v0:1794 vs. GRADIENT_NAV2:_core/GRADIENT2:4/OPAM_LIN:2/sub_diff_2_LIN:2/pfet_06v0:M11:
Property 0.18u)'nrd in circuit2 has no matching property in circuit1
pfet_06v0:1794 vs. GRADIENT_NAV2:_core/GRADIENT2:4/OPAM_LIN:2/sub_diff_2_LIN:2/pfet_06v0:M11:
Property 0.18u)'ps in circuit2 has no matching property in circuit1
pfet_06v0:467 vs. GRADIENT_NAV2:_core/GRADIENT2:1/COMP:5/sub_diff:2/pfet_06v0:M46:
Property W'nrs in circuit2 has no matching property in circuit1
pfet_06v0:467 vs. GRADIENT_NAV2:_core/GRADIENT2:1/COMP:5/sub_diff:2/pfet_06v0:M46:
Property 0.18u)'nrd in circuit2 has no matching property in circuit1
pfet_06v0:467 vs. GRADIENT_NAV2:_core/GRADIENT2:1/COMP:5/sub_diff:2/pfet_06v0:M46:
Property 0.18u)'ps in circuit2 has no matching property in circuit1
pfet_06v0:853 vs. GRADIENT_NAV2:_core/GRADIENT2:2/COMP:5/sub_diff:2/pfet_06v0:M46:
Property W'nrs in circuit2 has no matching property in circuit1
pfet_06v0:853 vs. GRADIENT_NAV2:_core/GRADIENT2:2/COMP:5/sub_diff:2/pfet_06v0:M46:
Property 0.18u)'nrd in circuit2 has no matching property in circuit1
pfet_06v0:853 vs. GRADIENT_NAV2:_core/GRADIENT2:2/COMP:5/sub_diff:2/pfet_06v0:M46:
Property 0.18u)'ps in circuit2 has no matching property in circuit1
pfet_06v0:1367 vs. GRADIENT_NAV2:_core/GRADIENT2:3/COMP:5/sub_diff:2/pfet_06v0:M46:
Property W'nrs in circuit2 has no matching property in circuit1
pfet_06v0:1367 vs. GRADIENT_NAV2:_core/GRADIENT2:3/COMP:5/sub_diff:2/pfet_06v0:M46:
Property 0.18u)'nrd in circuit2 has no matching property in circuit1
pfet_06v0:1367 vs. GRADIENT_NAV2:_core/GRADIENT2:3/COMP:5/sub_diff:2/pfet_06v0:M46:
Property 0.18u)'ps in circuit2 has no matching property in circuit1
pfet_06v0:1745 vs. GRADIENT_NAV2:_core/GRADIENT2:4/COMP:5/sub_diff:2/pfet_06v0:M46:
Property W'nrs in circuit2 has no matching property in circuit1
pfet_06v0:1745 vs. GRADIENT_NAV2:_core/GRADIENT2:4/COMP:5/sub_diff:2/pfet_06v0:M46:
Property 0.18u)'nrd in circuit2 has no matching property in circuit1
pfet_06v0:1745 vs. GRADIENT_NAV2:_core/GRADIENT2:4/COMP:5/sub_diff:2/pfet_06v0:M46:
Property 0.18u)'ps in circuit2 has no matching property in circuit1
pfet_06v0:1714 vs. GRADIENT_NAV2:_core/GRADIENT2:1/COMP:6/sub_diff:2/pfet_06v0:M46:
Property W'nrs in circuit2 has no matching property in circuit1
pfet_06v0:1714 vs. GRADIENT_NAV2:_core/GRADIENT2:1/COMP:6/sub_diff:2/pfet_06v0:M46:
Property 0.18u)'nrd in circuit2 has no matching property in circuit1
pfet_06v0:1714 vs. GRADIENT_NAV2:_core/GRADIENT2:1/COMP:6/sub_diff:2/pfet_06v0:M46:
Property 0.18u)'ps in circuit2 has no matching property in circuit1
pfet_06v0:114 vs. GRADIENT_NAV2:_core/GRADIENT2:2/COMP:6/sub_diff:2/pfet_06v0:M46:
Property W'nrs in circuit2 has no matching property in circuit1
pfet_06v0:114 vs. GRADIENT_NAV2:_core/GRADIENT2:2/COMP:6/sub_diff:2/pfet_06v0:M46:
Property 0.18u)'nrd in circuit2 has no matching property in circuit1
pfet_06v0:114 vs. GRADIENT_NAV2:_core/GRADIENT2:2/COMP:6/sub_diff:2/pfet_06v0:M46:
Property 0.18u)'ps in circuit2 has no matching property in circuit1
pfet_06v0:651 vs. GRADIENT_NAV2:_core/GRADIENT2:3/COMP:6/sub_diff:2/pfet_06v0:M46:
Property W'nrs in circuit2 has no matching property in circuit1
pfet_06v0:651 vs. GRADIENT_NAV2:_core/GRADIENT2:3/COMP:6/sub_diff:2/pfet_06v0:M46:
Property 0.18u)'nrd in circuit2 has no matching property in circuit1
pfet_06v0:651 vs. GRADIENT_NAV2:_core/GRADIENT2:3/COMP:6/sub_diff:2/pfet_06v0:M46:
Property 0.18u)'ps in circuit2 has no matching property in circuit1
pfet_06v0:1020 vs. GRADIENT_NAV2:_core/GRADIENT2:4/COMP:6/sub_diff:2/pfet_06v0:M46:
Property W'nrs in circuit2 has no matching property in circuit1
pfet_06v0:1020 vs. GRADIENT_NAV2:_core/GRADIENT2:4/COMP:6/sub_diff:2/pfet_06v0:M46:
Property 0.18u)'nrd in circuit2 has no matching property in circuit1
pfet_06v0:1020 vs. GRADIENT_NAV2:_core/GRADIENT2:4/COMP:6/sub_diff:2/pfet_06v0:M46:
Property 0.18u)'ps in circuit2 has no matching property in circuit1
pfet_06v0:1176 vs. GRADIENT_NAV2:_core/GRADIENT2:1/COMP:4/sub_diff:2/pfet_06v0:M46:
Property W'nrs in circuit2 has no matching property in circuit1
pfet_06v0:1176 vs. GRADIENT_NAV2:_core/GRADIENT2:1/COMP:4/sub_diff:2/pfet_06v0:M46:
Property 0.18u)'nrd in circuit2 has no matching property in circuit1
pfet_06v0:1176 vs. GRADIENT_NAV2:_core/GRADIENT2:1/COMP:4/sub_diff:2/pfet_06v0:M46:
Property 0.18u)'ps in circuit2 has no matching property in circuit1
pfet_06v0:1555 vs. GRADIENT_NAV2:_core/GRADIENT2:2/COMP:4/sub_diff:2/pfet_06v0:M46:
Property W'nrs in circuit2 has no matching property in circuit1
pfet_06v0:1555 vs. GRADIENT_NAV2:_core/GRADIENT2:2/COMP:4/sub_diff:2/pfet_06v0:M46:
Property 0.18u)'nrd in circuit2 has no matching property in circuit1
pfet_06v0:1555 vs. GRADIENT_NAV2:_core/GRADIENT2:2/COMP:4/sub_diff:2/pfet_06v0:M46:
Property 0.18u)'ps in circuit2 has no matching property in circuit1
pfet_06v0:106 vs. GRADIENT_NAV2:_core/GRADIENT2:3/COMP:4/sub_diff:2/pfet_06v0:M46:
Property W'nrs in circuit2 has no matching property in circuit1
pfet_06v0:106 vs. GRADIENT_NAV2:_core/GRADIENT2:3/COMP:4/sub_diff:2/pfet_06v0:M46:
Property 0.18u)'nrd in circuit2 has no matching property in circuit1
pfet_06v0:106 vs. GRADIENT_NAV2:_core/GRADIENT2:3/COMP:4/sub_diff:2/pfet_06v0:M46:
Property 0.18u)'ps in circuit2 has no matching property in circuit1
pfet_06v0:494 vs. GRADIENT_NAV2:_core/GRADIENT2:4/COMP:4/sub_diff:2/pfet_06v0:M46:
Property W'nrs in circuit2 has no matching property in circuit1
pfet_06v0:494 vs. GRADIENT_NAV2:_core/GRADIENT2:4/COMP:4/sub_diff:2/pfet_06v0:M46:
Property 0.18u)'nrd in circuit2 has no matching property in circuit1
pfet_06v0:494 vs. GRADIENT_NAV2:_core/GRADIENT2:4/COMP:4/sub_diff:2/pfet_06v0:M46:
Property 0.18u)'ps in circuit2 has no matching property in circuit1
pfet_06v0:1060 vs. GRADIENT_NAV2:_core/GRADIENT2:1/OPAM_LIN:1/sub_diff_2_LIN:2/pfet_06v0:M46:
Property W'nrs in circuit2 has no matching property in circuit1
pfet_06v0:1060 vs. GRADIENT_NAV2:_core/GRADIENT2:1/OPAM_LIN:1/sub_diff_2_LIN:2/pfet_06v0:M46:
Property 0.18u)'nrd in circuit2 has no matching property in circuit1
pfet_06v0:1060 vs. GRADIENT_NAV2:_core/GRADIENT2:1/OPAM_LIN:1/sub_diff_2_LIN:2/pfet_06v0:M46:
Property 0.18u)'ps in circuit2 has no matching property in circuit1
pfet_06v0:1139 vs. GRADIENT_NAV2:_core/GRADIENT2:2/OPAM_LIN:1/sub_diff_2_LIN:2/pfet_06v0:M46:
Property W'nrs in circuit2 has no matching property in circuit1
pfet_06v0:1139 vs. GRADIENT_NAV2:_core/GRADIENT2:2/OPAM_LIN:1/sub_diff_2_LIN:2/pfet_06v0:M46:
Property 0.18u)'nrd in circuit2 has no matching property in circuit1
pfet_06v0:1139 vs. GRADIENT_NAV2:_core/GRADIENT2:2/OPAM_LIN:1/sub_diff_2_LIN:2/pfet_06v0:M46:
Property 0.18u)'ps in circuit2 has no matching property in circuit1
pfet_06v0:1245 vs. GRADIENT_NAV2:_core/GRADIENT2:3/OPAM_LIN:1/sub_diff_2_LIN:2/pfet_06v0:M46:
Property W'nrs in circuit2 has no matching property in circuit1
pfet_06v0:1245 vs. GRADIENT_NAV2:_core/GRADIENT2:3/OPAM_LIN:1/sub_diff_2_LIN:2/pfet_06v0:M46:
Property 0.18u)'nrd in circuit2 has no matching property in circuit1
pfet_06v0:1245 vs. GRADIENT_NAV2:_core/GRADIENT2:3/OPAM_LIN:1/sub_diff_2_LIN:2/pfet_06v0:M46:
Property 0.18u)'ps in circuit2 has no matching property in circuit1
pfet_06v0:1631 vs. GRADIENT_NAV2:_core/GRADIENT2:4/OPAM_LIN:1/sub_diff_2_LIN:2/pfet_06v0:M46:
Property W'nrs in circuit2 has no matching property in circuit1
pfet_06v0:1631 vs. GRADIENT_NAV2:_core/GRADIENT2:4/OPAM_LIN:1/sub_diff_2_LIN:2/pfet_06v0:M46:
Property 0.18u)'nrd in circuit2 has no matching property in circuit1
pfet_06v0:1631 vs. GRADIENT_NAV2:_core/GRADIENT2:4/OPAM_LIN:1/sub_diff_2_LIN:2/pfet_06v0:M46:
Property 0.18u)'ps in circuit2 has no matching property in circuit1
pfet_06v0:634 vs. GRADIENT_NAV2:_core/GRADIENT2:1/OPAM_LIN:8/sub_diff_2_LIN:2/pfet_06v0:M46:
Property W'nrs in circuit2 has no matching property in circuit1
pfet_06v0:634 vs. GRADIENT_NAV2:_core/GRADIENT2:1/OPAM_LIN:8/sub_diff_2_LIN:2/pfet_06v0:M46:
Property 0.18u)'nrd in circuit2 has no matching property in circuit1
pfet_06v0:634 vs. GRADIENT_NAV2:_core/GRADIENT2:1/OPAM_LIN:8/sub_diff_2_LIN:2/pfet_06v0:M46:
Property 0.18u)'ps in circuit2 has no matching property in circuit1
pfet_06v0:906 vs. GRADIENT_NAV2:_core/GRADIENT2:2/OPAM_LIN:8/sub_diff_2_LIN:2/pfet_06v0:M46:
Property W'nrs in circuit2 has no matching property in circuit1
pfet_06v0:906 vs. GRADIENT_NAV2:_core/GRADIENT2:2/OPAM_LIN:8/sub_diff_2_LIN:2/pfet_06v0:M46:
Property 0.18u)'nrd in circuit2 has no matching property in circuit1
pfet_06v0:906 vs. GRADIENT_NAV2:_core/GRADIENT2:2/OPAM_LIN:8/sub_diff_2_LIN:2/pfet_06v0:M46:
Property 0.18u)'ps in circuit2 has no matching property in circuit1
pfet_06v0:456 vs. GRADIENT_NAV2:_core/GRADIENT2:3/OPAM_LIN:8/sub_diff_2_LIN:2/pfet_06v0:M46:
Property W'nrs in circuit2 has no matching property in circuit1
pfet_06v0:456 vs. GRADIENT_NAV2:_core/GRADIENT2:3/OPAM_LIN:8/sub_diff_2_LIN:2/pfet_06v0:M46:
Property 0.18u)'nrd in circuit2 has no matching property in circuit1
pfet_06v0:456 vs. GRADIENT_NAV2:_core/GRADIENT2:3/OPAM_LIN:8/sub_diff_2_LIN:2/pfet_06v0:M46:
Property 0.18u)'ps in circuit2 has no matching property in circuit1
pfet_06v0:563 vs. GRADIENT_NAV2:_core/GRADIENT2:4/OPAM_LIN:8/sub_diff_2_LIN:2/pfet_06v0:M46:
Property W'nrs in circuit2 has no matching property in circuit1
pfet_06v0:563 vs. GRADIENT_NAV2:_core/GRADIENT2:4/OPAM_LIN:8/sub_diff_2_LIN:2/pfet_06v0:M46:
Property 0.18u)'nrd in circuit2 has no matching property in circuit1
pfet_06v0:563 vs. GRADIENT_NAV2:_core/GRADIENT2:4/OPAM_LIN:8/sub_diff_2_LIN:2/pfet_06v0:M46:
Property 0.18u)'ps in circuit2 has no matching property in circuit1
pfet_06v0:249 vs. GRADIENT_NAV2:_core/GRADIENT2:1/OPAM_LIN:2/sub_diff_2_LIN:2/pfet_06v0:M46:
Property W'nrs in circuit2 has no matching property in circuit1
pfet_06v0:249 vs. GRADIENT_NAV2:_core/GRADIENT2:1/OPAM_LIN:2/sub_diff_2_LIN:2/pfet_06v0:M46:
Property 0.18u)'nrd in circuit2 has no matching property in circuit1
pfet_06v0:249 vs. GRADIENT_NAV2:_core/GRADIENT2:1/OPAM_LIN:2/sub_diff_2_LIN:2/pfet_06v0:M46:
Property 0.18u)'ps in circuit2 has no matching property in circuit1
pfet_06v0:1688 vs. GRADIENT_NAV2:_core/GRADIENT2:2/OPAM_LIN:2/sub_diff_2_LIN:2/pfet_06v0:M46:
Property W'nrs in circuit2 has no matching property in circuit1
pfet_06v0:1688 vs. GRADIENT_NAV2:_core/GRADIENT2:2/OPAM_LIN:2/sub_diff_2_LIN:2/pfet_06v0:M46:
Property 0.18u)'nrd in circuit2 has no matching property in circuit1
pfet_06v0:1688 vs. GRADIENT_NAV2:_core/GRADIENT2:2/OPAM_LIN:2/sub_diff_2_LIN:2/pfet_06v0:M46:
Property 0.18u)'ps in circuit2 has no matching property in circuit1
pfet_06v0:1778 vs. GRADIENT_NAV2:_core/GRADIENT2:3/OPAM_LIN:2/sub_diff_2_LIN:2/pfet_06v0:M46:
Property W'nrs in circuit2 has no matching property in circuit1
pfet_06v0:1778 vs. GRADIENT_NAV2:_core/GRADIENT2:3/OPAM_LIN:2/sub_diff_2_LIN:2/pfet_06v0:M46:
Property 0.18u)'nrd in circuit2 has no matching property in circuit1
pfet_06v0:1778 vs. GRADIENT_NAV2:_core/GRADIENT2:3/OPAM_LIN:2/sub_diff_2_LIN:2/pfet_06v0:M46:
Property 0.18u)'ps in circuit2 has no matching property in circuit1
pfet_06v0:14 vs. GRADIENT_NAV2:_core/GRADIENT2:4/OPAM_LIN:2/sub_diff_2_LIN:2/pfet_06v0:M46:
Property W'nrs in circuit2 has no matching property in circuit1
pfet_06v0:14 vs. GRADIENT_NAV2:_core/GRADIENT2:4/OPAM_LIN:2/sub_diff_2_LIN:2/pfet_06v0:M46:
Property 0.18u)'nrd in circuit2 has no matching property in circuit1
pfet_06v0:14 vs. GRADIENT_NAV2:_core/GRADIENT2:4/OPAM_LIN:2/sub_diff_2_LIN:2/pfet_06v0:M46:
Property 0.18u)'ps in circuit2 has no matching property in circuit1
pfet_06v0:215 vs. GRADIENT_NAV2:_core/GRADIENT2:1/OPAM_LIN:8/sub_diff_2_LIN:2/pfet_06v0:M43:
Property W'nrs in circuit2 has no matching property in circuit1
pfet_06v0:215 vs. GRADIENT_NAV2:_core/GRADIENT2:1/OPAM_LIN:8/sub_diff_2_LIN:2/pfet_06v0:M43:
Property 0.18u)'nrd in circuit2 has no matching property in circuit1
pfet_06v0:215 vs. GRADIENT_NAV2:_core/GRADIENT2:1/OPAM_LIN:8/sub_diff_2_LIN:2/pfet_06v0:M43:
Property 0.18u)'ps in circuit2 has no matching property in circuit1
pfet_06v0:487 vs. GRADIENT_NAV2:_core/GRADIENT2:2/OPAM_LIN:8/sub_diff_2_LIN:2/pfet_06v0:M43:
Property W'nrs in circuit2 has no matching property in circuit1
pfet_06v0:487 vs. GRADIENT_NAV2:_core/GRADIENT2:2/OPAM_LIN:8/sub_diff_2_LIN:2/pfet_06v0:M43:
Property 0.18u)'nrd in circuit2 has no matching property in circuit1
pfet_06v0:487 vs. GRADIENT_NAV2:_core/GRADIENT2:2/OPAM_LIN:8/sub_diff_2_LIN:2/pfet_06v0:M43:
Property 0.18u)'ps in circuit2 has no matching property in circuit1
pfet_06v0:501 vs. GRADIENT_NAV2:_core/GRADIENT2:3/OPAM_LIN:8/sub_diff_2_LIN:2/pfet_06v0:M43:
Property W'nrs in circuit2 has no matching property in circuit1
pfet_06v0:501 vs. GRADIENT_NAV2:_core/GRADIENT2:3/OPAM_LIN:8/sub_diff_2_LIN:2/pfet_06v0:M43:
Property 0.18u)'nrd in circuit2 has no matching property in circuit1
pfet_06v0:501 vs. GRADIENT_NAV2:_core/GRADIENT2:3/OPAM_LIN:8/sub_diff_2_LIN:2/pfet_06v0:M43:
Property 0.18u)'ps in circuit2 has no matching property in circuit1
pfet_06v0:58 vs. GRADIENT_NAV2:_core/GRADIENT2:4/OPAM_LIN:8/sub_diff_2_LIN:2/pfet_06v0:M43:
Property W'nrs in circuit2 has no matching property in circuit1
pfet_06v0:58 vs. GRADIENT_NAV2:_core/GRADIENT2:4/OPAM_LIN:8/sub_diff_2_LIN:2/pfet_06v0:M43:
Property 0.18u)'nrd in circuit2 has no matching property in circuit1
pfet_06v0:58 vs. GRADIENT_NAV2:_core/GRADIENT2:4/OPAM_LIN:8/sub_diff_2_LIN:2/pfet_06v0:M43:
Property 0.18u)'ps in circuit2 has no matching property in circuit1
pfet_06v0:37 vs. GRADIENT_NAV2:_core/GRADIENT2:1/OPAM_LIN:1/sub_diff_2_LIN:2/pfet_06v0:M43:
Property W'nrs in circuit2 has no matching property in circuit1
pfet_06v0:37 vs. GRADIENT_NAV2:_core/GRADIENT2:1/OPAM_LIN:1/sub_diff_2_LIN:2/pfet_06v0:M43:
Property 0.18u)'nrd in circuit2 has no matching property in circuit1
pfet_06v0:37 vs. GRADIENT_NAV2:_core/GRADIENT2:1/OPAM_LIN:1/sub_diff_2_LIN:2/pfet_06v0:M43:
Property 0.18u)'ps in circuit2 has no matching property in circuit1
pfet_06v0:261 vs. GRADIENT_NAV2:_core/GRADIENT2:2/OPAM_LIN:1/sub_diff_2_LIN:2/pfet_06v0:M43:
Property W'nrs in circuit2 has no matching property in circuit1
pfet_06v0:261 vs. GRADIENT_NAV2:_core/GRADIENT2:2/OPAM_LIN:1/sub_diff_2_LIN:2/pfet_06v0:M43:
Property 0.18u)'nrd in circuit2 has no matching property in circuit1
pfet_06v0:261 vs. GRADIENT_NAV2:_core/GRADIENT2:2/OPAM_LIN:1/sub_diff_2_LIN:2/pfet_06v0:M43:
Property 0.18u)'ps in circuit2 has no matching property in circuit1
pfet_06v0:873 vs. GRADIENT_NAV2:_core/GRADIENT2:3/OPAM_LIN:1/sub_diff_2_LIN:2/pfet_06v0:M43:
Property W'nrs in circuit2 has no matching property in circuit1
pfet_06v0:873 vs. GRADIENT_NAV2:_core/GRADIENT2:3/OPAM_LIN:1/sub_diff_2_LIN:2/pfet_06v0:M43:
Property 0.18u)'nrd in circuit2 has no matching property in circuit1
pfet_06v0:873 vs. GRADIENT_NAV2:_core/GRADIENT2:3/OPAM_LIN:1/sub_diff_2_LIN:2/pfet_06v0:M43:
Property 0.18u)'ps in circuit2 has no matching property in circuit1
pfet_06v0:290 vs. GRADIENT_NAV2:_core/GRADIENT2:4/OPAM_LIN:1/sub_diff_2_LIN:2/pfet_06v0:M43:
Property W'nrs in circuit2 has no matching property in circuit1
pfet_06v0:290 vs. GRADIENT_NAV2:_core/GRADIENT2:4/OPAM_LIN:1/sub_diff_2_LIN:2/pfet_06v0:M43:
Property 0.18u)'nrd in circuit2 has no matching property in circuit1
pfet_06v0:290 vs. GRADIENT_NAV2:_core/GRADIENT2:4/OPAM_LIN:1/sub_diff_2_LIN:2/pfet_06v0:M43:
Property 0.18u)'ps in circuit2 has no matching property in circuit1
pfet_06v0:315 vs. GRADIENT_NAV2:_core/GRADIENT2:1/OPAM_LIN:2/sub_diff_2_LIN:2/pfet_06v0:M43:
Property W'nrs in circuit2 has no matching property in circuit1
pfet_06v0:315 vs. GRADIENT_NAV2:_core/GRADIENT2:1/OPAM_LIN:2/sub_diff_2_LIN:2/pfet_06v0:M43:
Property 0.18u)'nrd in circuit2 has no matching property in circuit1
pfet_06v0:315 vs. GRADIENT_NAV2:_core/GRADIENT2:1/OPAM_LIN:2/sub_diff_2_LIN:2/pfet_06v0:M43:
Property 0.18u)'ps in circuit2 has no matching property in circuit1
pfet_06v0:13 vs. GRADIENT_NAV2:_core/GRADIENT2:2/OPAM_LIN:2/sub_diff_2_LIN:2/pfet_06v0:M43:
Property W'nrs in circuit2 has no matching property in circuit1
pfet_06v0:13 vs. GRADIENT_NAV2:_core/GRADIENT2:2/OPAM_LIN:2/sub_diff_2_LIN:2/pfet_06v0:M43:
Property 0.18u)'nrd in circuit2 has no matching property in circuit1
pfet_06v0:13 vs. GRADIENT_NAV2:_core/GRADIENT2:2/OPAM_LIN:2/sub_diff_2_LIN:2/pfet_06v0:M43:
Property 0.18u)'ps in circuit2 has no matching property in circuit1
pfet_06v0:219 vs. GRADIENT_NAV2:_core/GRADIENT2:3/OPAM_LIN:2/sub_diff_2_LIN:2/pfet_06v0:M43:
Property W'nrs in circuit2 has no matching property in circuit1
pfet_06v0:219 vs. GRADIENT_NAV2:_core/GRADIENT2:3/OPAM_LIN:2/sub_diff_2_LIN:2/pfet_06v0:M43:
Property 0.18u)'nrd in circuit2 has no matching property in circuit1
pfet_06v0:219 vs. GRADIENT_NAV2:_core/GRADIENT2:3/OPAM_LIN:2/sub_diff_2_LIN:2/pfet_06v0:M43:
Property 0.18u)'ps in circuit2 has no matching property in circuit1
pfet_06v0:704 vs. GRADIENT_NAV2:_core/GRADIENT2:4/OPAM_LIN:2/sub_diff_2_LIN:2/pfet_06v0:M43:
Property W'nrs in circuit2 has no matching property in circuit1
pfet_06v0:704 vs. GRADIENT_NAV2:_core/GRADIENT2:4/OPAM_LIN:2/sub_diff_2_LIN:2/pfet_06v0:M43:
Property 0.18u)'nrd in circuit2 has no matching property in circuit1
pfet_06v0:704 vs. GRADIENT_NAV2:_core/GRADIENT2:4/OPAM_LIN:2/sub_diff_2_LIN:2/pfet_06v0:M43:
Property 0.18u)'ps in circuit2 has no matching property in circuit1
nfet_06v0:1414 vs. GRADIENT_NAV2:_core/WEIGHT:5/nfet_06v0:M3:
Property W'nrs in circuit2 has no matching property in circuit1
nfet_06v0:1414 vs. GRADIENT_NAV2:_core/WEIGHT:5/nfet_06v0:M3:
Property 0.18u)'nrd in circuit2 has no matching property in circuit1
nfet_06v0:1414 vs. GRADIENT_NAV2:_core/WEIGHT:5/nfet_06v0:M3:
Property 0.18u)'ps in circuit2 has no matching property in circuit1
nfet_06v0:1269 vs. GRADIENT_NAV2:_core/WEIGHT:5/nfet_06v0:M5:
Property W'nrs in circuit2 has no matching property in circuit1
nfet_06v0:1269 vs. GRADIENT_NAV2:_core/WEIGHT:5/nfet_06v0:M5:
Property 0.18u)'nrd in circuit2 has no matching property in circuit1
nfet_06v0:1269 vs. GRADIENT_NAV2:_core/WEIGHT:5/nfet_06v0:M5:
Property 0.18u)'ps in circuit2 has no matching property in circuit1
nfet_06v0:71 vs. GRADIENT_NAV2:_core/WEIGHT:5/nfet_06v0:M9:
Property W'nrs in circuit2 has no matching property in circuit1
nfet_06v0:71 vs. GRADIENT_NAV2:_core/WEIGHT:5/nfet_06v0:M9:
Property 0.18u)'nrd in circuit2 has no matching property in circuit1
nfet_06v0:71 vs. GRADIENT_NAV2:_core/WEIGHT:5/nfet_06v0:M9:
Property 0.18u)'ps in circuit2 has no matching property in circuit1
nfet_06v0:275 vs. GRADIENT_NAV2:_core/WEIGHT:5/nfet_06v0:M11:
Property W'nrs in circuit2 has no matching property in circuit1
nfet_06v0:275 vs. GRADIENT_NAV2:_core/WEIGHT:5/nfet_06v0:M11:
Property 0.18u)'nrd in circuit2 has no matching property in circuit1
nfet_06v0:275 vs. GRADIENT_NAV2:_core/WEIGHT:5/nfet_06v0:M11:
Property 0.18u)'ps in circuit2 has no matching property in circuit1
nfet_06v0:535 vs. GRADIENT_NAV2:_core/WEIGHT:6/nfet_06v0:M3:
Property W'nrs in circuit2 has no matching property in circuit1
nfet_06v0:535 vs. GRADIENT_NAV2:_core/WEIGHT:6/nfet_06v0:M3:
Property 0.18u)'nrd in circuit2 has no matching property in circuit1
nfet_06v0:535 vs. GRADIENT_NAV2:_core/WEIGHT:6/nfet_06v0:M3:
Property 0.18u)'ps in circuit2 has no matching property in circuit1
nfet_06v0:377 vs. GRADIENT_NAV2:_core/WEIGHT:6/nfet_06v0:M5:
Property W'nrs in circuit2 has no matching property in circuit1
nfet_06v0:377 vs. GRADIENT_NAV2:_core/WEIGHT:6/nfet_06v0:M5:
Property 0.18u)'nrd in circuit2 has no matching property in circuit1
nfet_06v0:377 vs. GRADIENT_NAV2:_core/WEIGHT:6/nfet_06v0:M5:
Property 0.18u)'ps in circuit2 has no matching property in circuit1
nfet_06v0:1083 vs. GRADIENT_NAV2:_core/WEIGHT:6/nfet_06v0:M9:
Property W'nrs in circuit2 has no matching property in circuit1
nfet_06v0:1083 vs. GRADIENT_NAV2:_core/WEIGHT:6/nfet_06v0:M9:
Property 0.18u)'nrd in circuit2 has no matching property in circuit1
nfet_06v0:1083 vs. GRADIENT_NAV2:_core/WEIGHT:6/nfet_06v0:M9:
Property 0.18u)'ps in circuit2 has no matching property in circuit1
nfet_06v0:2 vs. GRADIENT_NAV2:_core/WEIGHT:6/nfet_06v0:M11:
Property W'nrs in circuit2 has no matching property in circuit1
nfet_06v0:2 vs. GRADIENT_NAV2:_core/WEIGHT:6/nfet_06v0:M11:
Property 0.18u)'nrd in circuit2 has no matching property in circuit1
nfet_06v0:2 vs. GRADIENT_NAV2:_core/WEIGHT:6/nfet_06v0:M11:
Property 0.18u)'ps in circuit2 has no matching property in circuit1
nfet_06v0:1022 vs. GRADIENT_NAV2:_core/WEIGHT:7/nfet_06v0:M1:
Property W'nrs in circuit2 has no matching property in circuit1
nfet_06v0:1022 vs. GRADIENT_NAV2:_core/WEIGHT:7/nfet_06v0:M1:
Property 0.18u)'nrd in circuit2 has no matching property in circuit1
nfet_06v0:1022 vs. GRADIENT_NAV2:_core/WEIGHT:7/nfet_06v0:M1:
Property 0.18u)'ps in circuit2 has no matching property in circuit1
nfet_06v0:1217 vs. GRADIENT_NAV2:_core/WEIGHT:6/nfet_06v0:M1:
Property W'nrs in circuit2 has no matching property in circuit1
nfet_06v0:1217 vs. GRADIENT_NAV2:_core/WEIGHT:6/nfet_06v0:M1:
Property 0.18u)'nrd in circuit2 has no matching property in circuit1
nfet_06v0:1217 vs. GRADIENT_NAV2:_core/WEIGHT:6/nfet_06v0:M1:
Property 0.18u)'ps in circuit2 has no matching property in circuit1
nfet_06v0:113 vs. GRADIENT_NAV2:_core/WEIGHT:5/nfet_06v0:M1:
Property W'nrs in circuit2 has no matching property in circuit1
nfet_06v0:113 vs. GRADIENT_NAV2:_core/WEIGHT:5/nfet_06v0:M1:
Property 0.18u)'nrd in circuit2 has no matching property in circuit1
nfet_06v0:113 vs. GRADIENT_NAV2:_core/WEIGHT:5/nfet_06v0:M1:
Property 0.18u)'ps in circuit2 has no matching property in circuit1
nfet_06v0:730 vs. GRADIENT_NAV2:_core/WEIGHT:7/nfet_06v0:M7:
Property W'nrs in circuit2 has no matching property in circuit1
nfet_06v0:730 vs. GRADIENT_NAV2:_core/WEIGHT:7/nfet_06v0:M7:
Property 0.18u)'nrd in circuit2 has no matching property in circuit1
nfet_06v0:730 vs. GRADIENT_NAV2:_core/WEIGHT:7/nfet_06v0:M7:
Property 0.18u)'ps in circuit2 has no matching property in circuit1
nfet_06v0:1795 vs. GRADIENT_NAV2:_core/WEIGHT:5/nfet_06v0:M7:
Property W'nrs in circuit2 has no matching property in circuit1
nfet_06v0:1795 vs. GRADIENT_NAV2:_core/WEIGHT:5/nfet_06v0:M7:
Property 0.18u)'nrd in circuit2 has no matching property in circuit1
nfet_06v0:1795 vs. GRADIENT_NAV2:_core/WEIGHT:5/nfet_06v0:M7:
Property 0.18u)'ps in circuit2 has no matching property in circuit1
nfet_06v0:440 vs. GRADIENT_NAV2:_core/WEIGHT:6/nfet_06v0:M7:
Property W'nrs in circuit2 has no matching property in circuit1
nfet_06v0:440 vs. GRADIENT_NAV2:_core/WEIGHT:6/nfet_06v0:M7:
Property 0.18u)'nrd in circuit2 has no matching property in circuit1
nfet_06v0:440 vs. GRADIENT_NAV2:_core/WEIGHT:6/nfet_06v0:M7:
Property 0.18u)'ps in circuit2 has no matching property in circuit1
nfet_06v0:868 vs. GRADIENT_NAV2:_core/WEIGHT:7/nfet_06v0:M8:
Property W'nrs in circuit2 has no matching property in circuit1
nfet_06v0:868 vs. GRADIENT_NAV2:_core/WEIGHT:7/nfet_06v0:M8:
Property 0.18u)'nrd in circuit2 has no matching property in circuit1
nfet_06v0:868 vs. GRADIENT_NAV2:_core/WEIGHT:7/nfet_06v0:M8:
Property 0.18u)'ps in circuit2 has no matching property in circuit1
nfet_06v0:1924 vs. GRADIENT_NAV2:_core/WEIGHT:5/nfet_06v0:M8:
Property W'nrs in circuit2 has no matching property in circuit1
nfet_06v0:1924 vs. GRADIENT_NAV2:_core/WEIGHT:5/nfet_06v0:M8:
Property 0.18u)'nrd in circuit2 has no matching property in circuit1
nfet_06v0:1924 vs. GRADIENT_NAV2:_core/WEIGHT:5/nfet_06v0:M8:
Property 0.18u)'ps in circuit2 has no matching property in circuit1
nfet_06v0:592 vs. GRADIENT_NAV2:_core/WEIGHT:6/nfet_06v0:M8:
Property W'nrs in circuit2 has no matching property in circuit1
nfet_06v0:592 vs. GRADIENT_NAV2:_core/WEIGHT:6/nfet_06v0:M8:
Property 0.18u)'nrd in circuit2 has no matching property in circuit1
nfet_06v0:592 vs. GRADIENT_NAV2:_core/WEIGHT:6/nfet_06v0:M8:
Property 0.18u)'ps in circuit2 has no matching property in circuit1
nfet_06v0:1202 vs. GRADIENT_NAV2:_core/WEIGHT:7/nfet_06v0:M11:
Property W'nrs in circuit2 has no matching property in circuit1
nfet_06v0:1202 vs. GRADIENT_NAV2:_core/WEIGHT:7/nfet_06v0:M11:
Property 0.18u)'nrd in circuit2 has no matching property in circuit1
nfet_06v0:1202 vs. GRADIENT_NAV2:_core/WEIGHT:7/nfet_06v0:M11:
Property 0.18u)'ps in circuit2 has no matching property in circuit1
nfet_06v0:897 vs. GRADIENT_NAV2:_core/WEIGHT:7/nfet_06v0:M9:
Property W'nrs in circuit2 has no matching property in circuit1
nfet_06v0:897 vs. GRADIENT_NAV2:_core/WEIGHT:7/nfet_06v0:M9:
Property 0.18u)'nrd in circuit2 has no matching property in circuit1
nfet_06v0:897 vs. GRADIENT_NAV2:_core/WEIGHT:7/nfet_06v0:M9:
Property 0.18u)'ps in circuit2 has no matching property in circuit1
nfet_06v0:324 vs. GRADIENT_NAV2:_core/WEIGHT:7/nfet_06v0:M3:
Property W'nrs in circuit2 has no matching property in circuit1
nfet_06v0:324 vs. GRADIENT_NAV2:_core/WEIGHT:7/nfet_06v0:M3:
Property 0.18u)'nrd in circuit2 has no matching property in circuit1
nfet_06v0:324 vs. GRADIENT_NAV2:_core/WEIGHT:7/nfet_06v0:M3:
Property 0.18u)'ps in circuit2 has no matching property in circuit1
nfet_06v0:185 vs. GRADIENT_NAV2:_core/WEIGHT:7/nfet_06v0:M5:
Property W'nrs in circuit2 has no matching property in circuit1
nfet_06v0:185 vs. GRADIENT_NAV2:_core/WEIGHT:7/nfet_06v0:M5:
Property 0.18u)'nrd in circuit2 has no matching property in circuit1
nfet_06v0:185 vs. GRADIENT_NAV2:_core/WEIGHT:7/nfet_06v0:M5:
Property 0.18u)'ps in circuit2 has no matching property in circuit1
nfet_06v0:1425 vs. GRADIENT_NAV2:_core/WEIGHT:5/nfet_06v0:M14:
Property W'nrs in circuit2 has no matching property in circuit1
nfet_06v0:1425 vs. GRADIENT_NAV2:_core/WEIGHT:5/nfet_06v0:M14:
Property 0.18u)'nrd in circuit2 has no matching property in circuit1
nfet_06v0:1425 vs. GRADIENT_NAV2:_core/WEIGHT:5/nfet_06v0:M14:
Property 0.18u)'ps in circuit2 has no matching property in circuit1
nfet_06v0:1834 vs. GRADIENT_NAV2:_core/WEIGHT:6/nfet_06v0:M14:
Property W'nrs in circuit2 has no matching property in circuit1
nfet_06v0:1834 vs. GRADIENT_NAV2:_core/WEIGHT:6/nfet_06v0:M14:
Property 0.18u)'nrd in circuit2 has no matching property in circuit1
nfet_06v0:1834 vs. GRADIENT_NAV2:_core/WEIGHT:6/nfet_06v0:M14:
Property 0.18u)'ps in circuit2 has no matching property in circuit1
nfet_06v0:338 vs. GRADIENT_NAV2:_core/WEIGHT:7/nfet_06v0:M14:
Property W'nrs in circuit2 has no matching property in circuit1
nfet_06v0:338 vs. GRADIENT_NAV2:_core/WEIGHT:7/nfet_06v0:M14:
Property 0.18u)'nrd in circuit2 has no matching property in circuit1
nfet_06v0:338 vs. GRADIENT_NAV2:_core/WEIGHT:7/nfet_06v0:M14:
Property 0.18u)'ps in circuit2 has no matching property in circuit1
nfet_06v0:141 vs. GRADIENT_NAV2:_core/WEIGHT:5/nfet_06v0:M15:
Property W'nrs in circuit2 has no matching property in circuit1
nfet_06v0:141 vs. GRADIENT_NAV2:_core/WEIGHT:5/nfet_06v0:M15:
Property 0.18u)'nrd in circuit2 has no matching property in circuit1
nfet_06v0:141 vs. GRADIENT_NAV2:_core/WEIGHT:5/nfet_06v0:M15:
Property 0.18u)'ps in circuit2 has no matching property in circuit1
nfet_06v0:582 vs. GRADIENT_NAV2:_core/WEIGHT:6/nfet_06v0:M15:
Property W'nrs in circuit2 has no matching property in circuit1
nfet_06v0:582 vs. GRADIENT_NAV2:_core/WEIGHT:6/nfet_06v0:M15:
Property 0.18u)'nrd in circuit2 has no matching property in circuit1
nfet_06v0:582 vs. GRADIENT_NAV2:_core/WEIGHT:6/nfet_06v0:M15:
Property 0.18u)'ps in circuit2 has no matching property in circuit1
nfet_06v0:1065 vs. GRADIENT_NAV2:_core/WEIGHT:7/nfet_06v0:M15:
Property W'nrs in circuit2 has no matching property in circuit1
nfet_06v0:1065 vs. GRADIENT_NAV2:_core/WEIGHT:7/nfet_06v0:M15:
Property 0.18u)'nrd in circuit2 has no matching property in circuit1
nfet_06v0:1065 vs. GRADIENT_NAV2:_core/WEIGHT:7/nfet_06v0:M15:
Property 0.18u)'ps in circuit2 has no matching property in circuit1
nfet_06v0:25 vs. GRADIENT_NAV2:_core/WEIGHT:5/nfet_06v0:M16:
Property W'nrs in circuit2 has no matching property in circuit1
nfet_06v0:25 vs. GRADIENT_NAV2:_core/WEIGHT:5/nfet_06v0:M16:
Property 0.18u)'nrd in circuit2 has no matching property in circuit1
nfet_06v0:25 vs. GRADIENT_NAV2:_core/WEIGHT:5/nfet_06v0:M16:
Property 0.18u)'ps in circuit2 has no matching property in circuit1
nfet_06v0:432 vs. GRADIENT_NAV2:_core/WEIGHT:6/nfet_06v0:M16:
Property W'nrs in circuit2 has no matching property in circuit1
nfet_06v0:432 vs. GRADIENT_NAV2:_core/WEIGHT:6/nfet_06v0:M16:
Property 0.18u)'nrd in circuit2 has no matching property in circuit1
nfet_06v0:432 vs. GRADIENT_NAV2:_core/WEIGHT:6/nfet_06v0:M16:
Property 0.18u)'ps in circuit2 has no matching property in circuit1
nfet_06v0:941 vs. GRADIENT_NAV2:_core/WEIGHT:7/nfet_06v0:M16:
Property W'nrs in circuit2 has no matching property in circuit1
nfet_06v0:941 vs. GRADIENT_NAV2:_core/WEIGHT:7/nfet_06v0:M16:
Property 0.18u)'nrd in circuit2 has no matching property in circuit1
nfet_06v0:941 vs. GRADIENT_NAV2:_core/WEIGHT:7/nfet_06v0:M16:
Property 0.18u)'ps in circuit2 has no matching property in circuit1
nfet_06v0:1861 vs. GRADIENT_NAV2:_core/WEIGHT:7/nfet_06v0:MF1:
Property W'nrs in circuit2 has no matching property in circuit1
nfet_06v0:1861 vs. GRADIENT_NAV2:_core/WEIGHT:7/nfet_06v0:MF1:
Property 0.18u)'nrd in circuit2 has no matching property in circuit1
nfet_06v0:1861 vs. GRADIENT_NAV2:_core/WEIGHT:7/nfet_06v0:MF1:
Property 0.18u)'ps in circuit2 has no matching property in circuit1
nfet_06v0:1374 vs. GRADIENT_NAV2:_core/WEIGHT:6/nfet_06v0:MF1:
Property W'nrs in circuit2 has no matching property in circuit1
nfet_06v0:1374 vs. GRADIENT_NAV2:_core/WEIGHT:6/nfet_06v0:MF1:
Property 0.18u)'nrd in circuit2 has no matching property in circuit1
nfet_06v0:1374 vs. GRADIENT_NAV2:_core/WEIGHT:6/nfet_06v0:MF1:
Property 0.18u)'ps in circuit2 has no matching property in circuit1
nfet_06v0:978 vs. GRADIENT_NAV2:_core/WEIGHT:5/nfet_06v0:MF1:
Property W'nrs in circuit2 has no matching property in circuit1
nfet_06v0:978 vs. GRADIENT_NAV2:_core/WEIGHT:5/nfet_06v0:MF1:
Property 0.18u)'nrd in circuit2 has no matching property in circuit1
nfet_06v0:978 vs. GRADIENT_NAV2:_core/WEIGHT:5/nfet_06v0:MF1:
Property 0.18u)'ps in circuit2 has no matching property in circuit1
nfet_06v0:1549 vs. GRADIENT_NAV2:_core/WEIGHT:5/nfet_06v0:M17:
Property W'nrs in circuit2 has no matching property in circuit1
nfet_06v0:1549 vs. GRADIENT_NAV2:_core/WEIGHT:5/nfet_06v0:M17:
Property 0.18u)'nrd in circuit2 has no matching property in circuit1
nfet_06v0:1549 vs. GRADIENT_NAV2:_core/WEIGHT:5/nfet_06v0:M17:
Property 0.18u)'ps in circuit2 has no matching property in circuit1
nfet_06v0:1967 vs. GRADIENT_NAV2:_core/WEIGHT:6/nfet_06v0:M17:
Property W'nrs in circuit2 has no matching property in circuit1
nfet_06v0:1967 vs. GRADIENT_NAV2:_core/WEIGHT:6/nfet_06v0:M17:
Property 0.18u)'nrd in circuit2 has no matching property in circuit1
nfet_06v0:1967 vs. GRADIENT_NAV2:_core/WEIGHT:6/nfet_06v0:M17:
Property 0.18u)'ps in circuit2 has no matching property in circuit1
nfet_06v0:489 vs. GRADIENT_NAV2:_core/WEIGHT:7/nfet_06v0:M17:
Property W'nrs in circuit2 has no matching property in circuit1
nfet_06v0:489 vs. GRADIENT_NAV2:_core/WEIGHT:7/nfet_06v0:M17:
Property 0.18u)'nrd in circuit2 has no matching property in circuit1
nfet_06v0:489 vs. GRADIENT_NAV2:_core/WEIGHT:7/nfet_06v0:M17:
Property 0.18u)'ps in circuit2 has no matching property in circuit1
nfet_06v0:162 vs. GRADIENT_NAV2:_core/WEIGHT:7/nfet_06v0:M6:
Property W'nrs in circuit2 has no matching property in circuit1
nfet_06v0:162 vs. GRADIENT_NAV2:_core/WEIGHT:7/nfet_06v0:M6:
Property 0.18u)'nrd in circuit2 has no matching property in circuit1
nfet_06v0:162 vs. GRADIENT_NAV2:_core/WEIGHT:7/nfet_06v0:M6:
Property 0.18u)'ps in circuit2 has no matching property in circuit1
nfet_06v0:969 vs. GRADIENT_NAV2:_core/WEIGHT:7/nfet_06v0:M10:
Property W'nrs in circuit2 has no matching property in circuit1
nfet_06v0:969 vs. GRADIENT_NAV2:_core/WEIGHT:7/nfet_06v0:M10:
Property 0.18u)'nrd in circuit2 has no matching property in circuit1
nfet_06v0:969 vs. GRADIENT_NAV2:_core/WEIGHT:7/nfet_06v0:M10:
Property 0.18u)'ps in circuit2 has no matching property in circuit1
nfet_06v0:250 vs. GRADIENT_NAV2:_core/WEIGHT:7/nfet_06v0:M12:
Property W'nrs in circuit2 has no matching property in circuit1
nfet_06v0:250 vs. GRADIENT_NAV2:_core/WEIGHT:7/nfet_06v0:M12:
Property 0.18u)'nrd in circuit2 has no matching property in circuit1
nfet_06v0:250 vs. GRADIENT_NAV2:_core/WEIGHT:7/nfet_06v0:M12:
Property 0.18u)'ps in circuit2 has no matching property in circuit1
nfet_06v0:199 vs. GRADIENT_NAV2:_core/WEIGHT:7/nfet_06v0:M4:
Property W'nrs in circuit2 has no matching property in circuit1
nfet_06v0:199 vs. GRADIENT_NAV2:_core/WEIGHT:7/nfet_06v0:M4:
Property 0.18u)'nrd in circuit2 has no matching property in circuit1
nfet_06v0:199 vs. GRADIENT_NAV2:_core/WEIGHT:7/nfet_06v0:M4:
Property 0.18u)'ps in circuit2 has no matching property in circuit1
nfet_06v0:1870 vs. GRADIENT_NAV2:_core/WEIGHT:6/nfet_06v0:M6:
Property W'nrs in circuit2 has no matching property in circuit1
nfet_06v0:1870 vs. GRADIENT_NAV2:_core/WEIGHT:6/nfet_06v0:M6:
Property 0.18u)'nrd in circuit2 has no matching property in circuit1
nfet_06v0:1870 vs. GRADIENT_NAV2:_core/WEIGHT:6/nfet_06v0:M6:
Property 0.18u)'ps in circuit2 has no matching property in circuit1
nfet_06v0:1749 vs. GRADIENT_NAV2:_core/WEIGHT:6/nfet_06v0:M12:
Property W'nrs in circuit2 has no matching property in circuit1
nfet_06v0:1749 vs. GRADIENT_NAV2:_core/WEIGHT:6/nfet_06v0:M12:
Property 0.18u)'nrd in circuit2 has no matching property in circuit1
nfet_06v0:1749 vs. GRADIENT_NAV2:_core/WEIGHT:6/nfet_06v0:M12:
Property 0.18u)'ps in circuit2 has no matching property in circuit1
nfet_06v0:1697 vs. GRADIENT_NAV2:_core/WEIGHT:6/nfet_06v0:M4:
Property W'nrs in circuit2 has no matching property in circuit1
nfet_06v0:1697 vs. GRADIENT_NAV2:_core/WEIGHT:6/nfet_06v0:M4:
Property 0.18u)'nrd in circuit2 has no matching property in circuit1
nfet_06v0:1697 vs. GRADIENT_NAV2:_core/WEIGHT:6/nfet_06v0:M4:
Property 0.18u)'ps in circuit2 has no matching property in circuit1
nfet_06v0:686 vs. GRADIENT_NAV2:_core/WEIGHT:6/nfet_06v0:M10:
Property W'nrs in circuit2 has no matching property in circuit1
nfet_06v0:686 vs. GRADIENT_NAV2:_core/WEIGHT:6/nfet_06v0:M10:
Property 0.18u)'nrd in circuit2 has no matching property in circuit1
nfet_06v0:686 vs. GRADIENT_NAV2:_core/WEIGHT:6/nfet_06v0:M10:
Property 0.18u)'ps in circuit2 has no matching property in circuit1
nfet_06v0:1350 vs. GRADIENT_NAV2:_core/WEIGHT:5/nfet_06v0:M12:
Property W'nrs in circuit2 has no matching property in circuit1
nfet_06v0:1350 vs. GRADIENT_NAV2:_core/WEIGHT:5/nfet_06v0:M12:
Property 0.18u)'nrd in circuit2 has no matching property in circuit1
nfet_06v0:1350 vs. GRADIENT_NAV2:_core/WEIGHT:5/nfet_06v0:M12:
Property 0.18u)'ps in circuit2 has no matching property in circuit1
nfet_06v0:1292 vs. GRADIENT_NAV2:_core/WEIGHT:5/nfet_06v0:M4:
Property W'nrs in circuit2 has no matching property in circuit1
nfet_06v0:1292 vs. GRADIENT_NAV2:_core/WEIGHT:5/nfet_06v0:M4:
Property 0.18u)'nrd in circuit2 has no matching property in circuit1
nfet_06v0:1292 vs. GRADIENT_NAV2:_core/WEIGHT:5/nfet_06v0:M4:
Property 0.18u)'ps in circuit2 has no matching property in circuit1
nfet_06v0:1249 vs. GRADIENT_NAV2:_core/WEIGHT:5/nfet_06v0:M6:
Property W'nrs in circuit2 has no matching property in circuit1
nfet_06v0:1249 vs. GRADIENT_NAV2:_core/WEIGHT:5/nfet_06v0:M6:
Property 0.18u)'nrd in circuit2 has no matching property in circuit1
nfet_06v0:1249 vs. GRADIENT_NAV2:_core/WEIGHT:5/nfet_06v0:M6:
Property 0.18u)'ps in circuit2 has no matching property in circuit1
nfet_06v0:53 vs. GRADIENT_NAV2:_core/WEIGHT:5/nfet_06v0:M10:
Property W'nrs in circuit2 has no matching property in circuit1
nfet_06v0:53 vs. GRADIENT_NAV2:_core/WEIGHT:5/nfet_06v0:M10:
Property 0.18u)'nrd in circuit2 has no matching property in circuit1
nfet_06v0:53 vs. GRADIENT_NAV2:_core/WEIGHT:5/nfet_06v0:M10:
Property 0.18u)'ps in circuit2 has no matching property in circuit1
nfet_06v0:36 vs. GRADIENT_NAV2:_core/WEIGHT:5/nfet_06v0:MF2:
Property W'nrs in circuit2 has no matching property in circuit1
nfet_06v0:36 vs. GRADIENT_NAV2:_core/WEIGHT:5/nfet_06v0:MF2:
Property 0.18u)'nrd in circuit2 has no matching property in circuit1
nfet_06v0:36 vs. GRADIENT_NAV2:_core/WEIGHT:5/nfet_06v0:MF2:
Property 0.18u)'ps in circuit2 has no matching property in circuit1
nfet_06v0:439 vs. GRADIENT_NAV2:_core/WEIGHT:6/nfet_06v0:MF2:
Property W'nrs in circuit2 has no matching property in circuit1
nfet_06v0:439 vs. GRADIENT_NAV2:_core/WEIGHT:6/nfet_06v0:MF2:
Property 0.18u)'nrd in circuit2 has no matching property in circuit1
nfet_06v0:439 vs. GRADIENT_NAV2:_core/WEIGHT:6/nfet_06v0:MF2:
Property 0.18u)'ps in circuit2 has no matching property in circuit1
nfet_06v0:952 vs. GRADIENT_NAV2:_core/WEIGHT:7/nfet_06v0:MF2:
Property W'nrs in circuit2 has no matching property in circuit1
nfet_06v0:952 vs. GRADIENT_NAV2:_core/WEIGHT:7/nfet_06v0:MF2:
Property 0.18u)'nrd in circuit2 has no matching property in circuit1
nfet_06v0:952 vs. GRADIENT_NAV2:_core/WEIGHT:7/nfet_06v0:MF2:
Property 0.18u)'ps in circuit2 has no matching property in circuit1
nfet_06v0:688 vs. GRADIENT_NAV2:_core/GRADIENT2:1/COMP:4/sub_diff:2/nfet_06v0:M21:
Property W'nrs in circuit2 has no matching property in circuit1
nfet_06v0:688 vs. GRADIENT_NAV2:_core/GRADIENT2:1/COMP:4/sub_diff:2/nfet_06v0:M21:
Property 0.18u)'nrd in circuit2 has no matching property in circuit1
nfet_06v0:688 vs. GRADIENT_NAV2:_core/GRADIENT2:1/COMP:4/sub_diff:2/nfet_06v0:M21:
Property 0.18u)'ps in circuit2 has no matching property in circuit1
nfet_06v0:485 vs. GRADIENT_NAV2:_core/GRADIENT2:2/COMP:4/sub_diff:2/nfet_06v0:M21:
Property W'nrs in circuit2 has no matching property in circuit1
nfet_06v0:485 vs. GRADIENT_NAV2:_core/GRADIENT2:2/COMP:4/sub_diff:2/nfet_06v0:M21:
Property 0.18u)'nrd in circuit2 has no matching property in circuit1
nfet_06v0:485 vs. GRADIENT_NAV2:_core/GRADIENT2:2/COMP:4/sub_diff:2/nfet_06v0:M21:
Property 0.18u)'ps in circuit2 has no matching property in circuit1
nfet_06v0:823 vs. GRADIENT_NAV2:_core/GRADIENT2:3/COMP:4/sub_diff:2/nfet_06v0:M21:
Property W'nrs in circuit2 has no matching property in circuit1
nfet_06v0:823 vs. GRADIENT_NAV2:_core/GRADIENT2:3/COMP:4/sub_diff:2/nfet_06v0:M21:
Property 0.18u)'nrd in circuit2 has no matching property in circuit1
nfet_06v0:823 vs. GRADIENT_NAV2:_core/GRADIENT2:3/COMP:4/sub_diff:2/nfet_06v0:M21:
Property 0.18u)'ps in circuit2 has no matching property in circuit1
nfet_06v0:1189 vs. GRADIENT_NAV2:_core/GRADIENT2:4/COMP:4/sub_diff:2/nfet_06v0:M21:
Property W'nrs in circuit2 has no matching property in circuit1
nfet_06v0:1189 vs. GRADIENT_NAV2:_core/GRADIENT2:4/COMP:4/sub_diff:2/nfet_06v0:M21:
Property 0.18u)'nrd in circuit2 has no matching property in circuit1
nfet_06v0:1189 vs. GRADIENT_NAV2:_core/GRADIENT2:4/COMP:4/sub_diff:2/nfet_06v0:M21:
Property 0.18u)'ps in circuit2 has no matching property in circuit1
nfet_06v0:1160 vs. GRADIENT_NAV2:_core/GRADIENT2:1/COMP:5/sub_diff:2/nfet_06v0:M21:
Property W'nrs in circuit2 has no matching property in circuit1
nfet_06v0:1160 vs. GRADIENT_NAV2:_core/GRADIENT2:1/COMP:5/sub_diff:2/nfet_06v0:M21:
Property 0.18u)'nrd in circuit2 has no matching property in circuit1
nfet_06v0:1160 vs. GRADIENT_NAV2:_core/GRADIENT2:1/COMP:5/sub_diff:2/nfet_06v0:M21:
Property 0.18u)'ps in circuit2 has no matching property in circuit1
nfet_06v0:988 vs. GRADIENT_NAV2:_core/GRADIENT2:2/COMP:5/sub_diff:2/nfet_06v0:M21:
Property W'nrs in circuit2 has no matching property in circuit1
nfet_06v0:988 vs. GRADIENT_NAV2:_core/GRADIENT2:2/COMP:5/sub_diff:2/nfet_06v0:M21:
Property 0.18u)'nrd in circuit2 has no matching property in circuit1
nfet_06v0:988 vs. GRADIENT_NAV2:_core/GRADIENT2:2/COMP:5/sub_diff:2/nfet_06v0:M21:
Property 0.18u)'ps in circuit2 has no matching property in circuit1
nfet_06v0:86 vs. GRADIENT_NAV2:_core/GRADIENT2:3/COMP:5/sub_diff:2/nfet_06v0:M21:
Property W'nrs in circuit2 has no matching property in circuit1
nfet_06v0:86 vs. GRADIENT_NAV2:_core/GRADIENT2:3/COMP:5/sub_diff:2/nfet_06v0:M21:
Property 0.18u)'nrd in circuit2 has no matching property in circuit1
nfet_06v0:86 vs. GRADIENT_NAV2:_core/GRADIENT2:3/COMP:5/sub_diff:2/nfet_06v0:M21:
Property 0.18u)'ps in circuit2 has no matching property in circuit1
nfet_06v0:476 vs. GRADIENT_NAV2:_core/GRADIENT2:4/COMP:5/sub_diff:2/nfet_06v0:M21:
Property W'nrs in circuit2 has no matching property in circuit1
nfet_06v0:476 vs. GRADIENT_NAV2:_core/GRADIENT2:4/COMP:5/sub_diff:2/nfet_06v0:M21:
Property 0.18u)'nrd in circuit2 has no matching property in circuit1
nfet_06v0:476 vs. GRADIENT_NAV2:_core/GRADIENT2:4/COMP:5/sub_diff:2/nfet_06v0:M21:
Property 0.18u)'ps in circuit2 has no matching property in circuit1
nfet_06v0:1282 vs. GRADIENT_NAV2:_core/GRADIENT2:1/COMP:6/sub_diff:2/nfet_06v0:M21:
Property W'nrs in circuit2 has no matching property in circuit1
nfet_06v0:1282 vs. GRADIENT_NAV2:_core/GRADIENT2:1/COMP:6/sub_diff:2/nfet_06v0:M21:
Property 0.18u)'nrd in circuit2 has no matching property in circuit1
nfet_06v0:1282 vs. GRADIENT_NAV2:_core/GRADIENT2:1/COMP:6/sub_diff:2/nfet_06v0:M21:
Property 0.18u)'ps in circuit2 has no matching property in circuit1
nfet_06v0:1087 vs. GRADIENT_NAV2:_core/GRADIENT2:2/COMP:6/sub_diff:2/nfet_06v0:M21:
Property W'nrs in circuit2 has no matching property in circuit1
nfet_06v0:1087 vs. GRADIENT_NAV2:_core/GRADIENT2:2/COMP:6/sub_diff:2/nfet_06v0:M21:
Property 0.18u)'nrd in circuit2 has no matching property in circuit1
nfet_06v0:1087 vs. GRADIENT_NAV2:_core/GRADIENT2:2/COMP:6/sub_diff:2/nfet_06v0:M21:
Property 0.18u)'ps in circuit2 has no matching property in circuit1
nfet_06v0:195 vs. GRADIENT_NAV2:_core/GRADIENT2:3/COMP:6/sub_diff:2/nfet_06v0:M21:
Property W'nrs in circuit2 has no matching property in circuit1
nfet_06v0:195 vs. GRADIENT_NAV2:_core/GRADIENT2:3/COMP:6/sub_diff:2/nfet_06v0:M21:
Property 0.18u)'nrd in circuit2 has no matching property in circuit1
nfet_06v0:195 vs. GRADIENT_NAV2:_core/GRADIENT2:3/COMP:6/sub_diff:2/nfet_06v0:M21:
Property 0.18u)'ps in circuit2 has no matching property in circuit1
nfet_06v0:606 vs. GRADIENT_NAV2:_core/GRADIENT2:4/COMP:6/sub_diff:2/nfet_06v0:M21:
Property W'nrs in circuit2 has no matching property in circuit1
nfet_06v0:606 vs. GRADIENT_NAV2:_core/GRADIENT2:4/COMP:6/sub_diff:2/nfet_06v0:M21:
Property 0.18u)'nrd in circuit2 has no matching property in circuit1
nfet_06v0:606 vs. GRADIENT_NAV2:_core/GRADIENT2:4/COMP:6/sub_diff:2/nfet_06v0:M21:
Property 0.18u)'ps in circuit2 has no matching property in circuit1
nfet_06v0:1099 vs. GRADIENT_NAV2:_core/GRADIENT2:1/COMP:4/sub_diff:2/nfet_06v0:M22:
Property W'nrs in circuit2 has no matching property in circuit1
nfet_06v0:1099 vs. GRADIENT_NAV2:_core/GRADIENT2:1/COMP:4/sub_diff:2/nfet_06v0:M22:
Property 0.18u)'nrd in circuit2 has no matching property in circuit1
nfet_06v0:1099 vs. GRADIENT_NAV2:_core/GRADIENT2:1/COMP:4/sub_diff:2/nfet_06v0:M22:
Property 0.18u)'ps in circuit2 has no matching property in circuit1
nfet_06v0:916 vs. GRADIENT_NAV2:_core/GRADIENT2:2/COMP:4/sub_diff:2/nfet_06v0:M22:
Property W'nrs in circuit2 has no matching property in circuit1
nfet_06v0:916 vs. GRADIENT_NAV2:_core/GRADIENT2:2/COMP:4/sub_diff:2/nfet_06v0:M22:
Property 0.18u)'nrd in circuit2 has no matching property in circuit1
nfet_06v0:916 vs. GRADIENT_NAV2:_core/GRADIENT2:2/COMP:4/sub_diff:2/nfet_06v0:M22:
Property 0.18u)'ps in circuit2 has no matching property in circuit1
nfet_06v0:24 vs. GRADIENT_NAV2:_core/GRADIENT2:3/COMP:4/sub_diff:2/nfet_06v0:M22:
Property W'nrs in circuit2 has no matching property in circuit1
nfet_06v0:24 vs. GRADIENT_NAV2:_core/GRADIENT2:3/COMP:4/sub_diff:2/nfet_06v0:M22:
Property 0.18u)'nrd in circuit2 has no matching property in circuit1
nfet_06v0:24 vs. GRADIENT_NAV2:_core/GRADIENT2:3/COMP:4/sub_diff:2/nfet_06v0:M22:
Property 0.18u)'ps in circuit2 has no matching property in circuit1
nfet_06v0:401 vs. GRADIENT_NAV2:_core/GRADIENT2:4/COMP:4/sub_diff:2/nfet_06v0:M22:
Property W'nrs in circuit2 has no matching property in circuit1
nfet_06v0:401 vs. GRADIENT_NAV2:_core/GRADIENT2:4/COMP:4/sub_diff:2/nfet_06v0:M22:
Property 0.18u)'nrd in circuit2 has no matching property in circuit1
nfet_06v0:401 vs. GRADIENT_NAV2:_core/GRADIENT2:4/COMP:4/sub_diff:2/nfet_06v0:M22:
Property 0.18u)'ps in circuit2 has no matching property in circuit1
nfet_06v0:369 vs. GRADIENT_NAV2:_core/GRADIENT2:1/COMP:5/sub_diff:2/nfet_06v0:M22:
Property W'nrs in circuit2 has no matching property in circuit1
nfet_06v0:369 vs. GRADIENT_NAV2:_core/GRADIENT2:1/COMP:5/sub_diff:2/nfet_06v0:M22:
Property 0.18u)'nrd in circuit2 has no matching property in circuit1
nfet_06v0:369 vs. GRADIENT_NAV2:_core/GRADIENT2:1/COMP:5/sub_diff:2/nfet_06v0:M22:
Property 0.18u)'ps in circuit2 has no matching property in circuit1
nfet_06v0:174 vs. GRADIENT_NAV2:_core/GRADIENT2:2/COMP:5/sub_diff:2/nfet_06v0:M22:
Property W'nrs in circuit2 has no matching property in circuit1
nfet_06v0:174 vs. GRADIENT_NAV2:_core/GRADIENT2:2/COMP:5/sub_diff:2/nfet_06v0:M22:
Property 0.18u)'nrd in circuit2 has no matching property in circuit1
nfet_06v0:174 vs. GRADIENT_NAV2:_core/GRADIENT2:2/COMP:5/sub_diff:2/nfet_06v0:M22:
Property 0.18u)'ps in circuit2 has no matching property in circuit1
nfet_06v0:78 vs. GRADIENT_NAV2:_core/GRADIENT2:3/COMP:5/sub_diff:2/nfet_06v0:M22:
Property W'nrs in circuit2 has no matching property in circuit1
nfet_06v0:78 vs. GRADIENT_NAV2:_core/GRADIENT2:3/COMP:5/sub_diff:2/nfet_06v0:M22:
Property 0.18u)'nrd in circuit2 has no matching property in circuit1
nfet_06v0:78 vs. GRADIENT_NAV2:_core/GRADIENT2:3/COMP:5/sub_diff:2/nfet_06v0:M22:
Property 0.18u)'ps in circuit2 has no matching property in circuit1
nfet_06v0:457 vs. GRADIENT_NAV2:_core/GRADIENT2:4/COMP:5/sub_diff:2/nfet_06v0:M22:
Property W'nrs in circuit2 has no matching property in circuit1
nfet_06v0:457 vs. GRADIENT_NAV2:_core/GRADIENT2:4/COMP:5/sub_diff:2/nfet_06v0:M22:
Property 0.18u)'nrd in circuit2 has no matching property in circuit1
nfet_06v0:457 vs. GRADIENT_NAV2:_core/GRADIENT2:4/COMP:5/sub_diff:2/nfet_06v0:M22:
Property 0.18u)'ps in circuit2 has no matching property in circuit1
nfet_06v0:507 vs. GRADIENT_NAV2:_core/GRADIENT2:1/COMP:6/sub_diff:2/nfet_06v0:M22:
Property W'nrs in circuit2 has no matching property in circuit1
nfet_06v0:507 vs. GRADIENT_NAV2:_core/GRADIENT2:1/COMP:6/sub_diff:2/nfet_06v0:M22:
Property 0.18u)'nrd in circuit2 has no matching property in circuit1
nfet_06v0:507 vs. GRADIENT_NAV2:_core/GRADIENT2:1/COMP:6/sub_diff:2/nfet_06v0:M22:
Property 0.18u)'ps in circuit2 has no matching property in circuit1
nfet_06v0:288 vs. GRADIENT_NAV2:_core/GRADIENT2:2/COMP:6/sub_diff:2/nfet_06v0:M22:
Property W'nrs in circuit2 has no matching property in circuit1
nfet_06v0:288 vs. GRADIENT_NAV2:_core/GRADIENT2:2/COMP:6/sub_diff:2/nfet_06v0:M22:
Property 0.18u)'nrd in circuit2 has no matching property in circuit1
nfet_06v0:288 vs. GRADIENT_NAV2:_core/GRADIENT2:2/COMP:6/sub_diff:2/nfet_06v0:M22:
Property 0.18u)'ps in circuit2 has no matching property in circuit1
nfet_06v0:15 vs. GRADIENT_NAV2:_core/GRADIENT2:3/COMP:6/sub_diff:2/nfet_06v0:M22:
Property W'nrs in circuit2 has no matching property in circuit1
nfet_06v0:15 vs. GRADIENT_NAV2:_core/GRADIENT2:3/COMP:6/sub_diff:2/nfet_06v0:M22:
Property 0.18u)'nrd in circuit2 has no matching property in circuit1
nfet_06v0:15 vs. GRADIENT_NAV2:_core/GRADIENT2:3/COMP:6/sub_diff:2/nfet_06v0:M22:
Property 0.18u)'ps in circuit2 has no matching property in circuit1
nfet_06v0:385 vs. GRADIENT_NAV2:_core/GRADIENT2:4/COMP:6/sub_diff:2/nfet_06v0:M22:
Property W'nrs in circuit2 has no matching property in circuit1
nfet_06v0:385 vs. GRADIENT_NAV2:_core/GRADIENT2:4/COMP:6/sub_diff:2/nfet_06v0:M22:
Property 0.18u)'nrd in circuit2 has no matching property in circuit1
nfet_06v0:385 vs. GRADIENT_NAV2:_core/GRADIENT2:4/COMP:6/sub_diff:2/nfet_06v0:M22:
Property 0.18u)'ps in circuit2 has no matching property in circuit1
nfet_06v0:871 vs. GRADIENT_NAV2:_core/GRADIENT2:1/COMP:4/sub_diff:2/nfet_06v0:M28:
Property W'nrs in circuit2 has no matching property in circuit1
nfet_06v0:871 vs. GRADIENT_NAV2:_core/GRADIENT2:1/COMP:4/sub_diff:2/nfet_06v0:M28:
Property 0.18u)'nrd in circuit2 has no matching property in circuit1
nfet_06v0:871 vs. GRADIENT_NAV2:_core/GRADIENT2:1/COMP:4/sub_diff:2/nfet_06v0:M28:
Property 0.18u)'ps in circuit2 has no matching property in circuit1
nfet_06v0:1132 vs. GRADIENT_NAV2:_core/GRADIENT2:2/COMP:4/sub_diff:2/nfet_06v0:M28:
Property W'nrs in circuit2 has no matching property in circuit1
nfet_06v0:1132 vs. GRADIENT_NAV2:_core/GRADIENT2:2/COMP:4/sub_diff:2/nfet_06v0:M28:
Property 0.18u)'nrd in circuit2 has no matching property in circuit1
nfet_06v0:1132 vs. GRADIENT_NAV2:_core/GRADIENT2:2/COMP:4/sub_diff:2/nfet_06v0:M28:
Property 0.18u)'ps in circuit2 has no matching property in circuit1
nfet_06v0:239 vs. GRADIENT_NAV2:_core/GRADIENT2:3/COMP:4/sub_diff:2/nfet_06v0:M28:
Property W'nrs in circuit2 has no matching property in circuit1
nfet_06v0:239 vs. GRADIENT_NAV2:_core/GRADIENT2:3/COMP:4/sub_diff:2/nfet_06v0:M28:
Property 0.18u)'nrd in circuit2 has no matching property in circuit1
nfet_06v0:239 vs. GRADIENT_NAV2:_core/GRADIENT2:3/COMP:4/sub_diff:2/nfet_06v0:M28:
Property 0.18u)'ps in circuit2 has no matching property in circuit1
nfet_06v0:554 vs. GRADIENT_NAV2:_core/GRADIENT2:4/COMP:4/sub_diff:2/nfet_06v0:M28:
Property W'nrs in circuit2 has no matching property in circuit1
nfet_06v0:554 vs. GRADIENT_NAV2:_core/GRADIENT2:4/COMP:4/sub_diff:2/nfet_06v0:M28:
Property 0.18u)'nrd in circuit2 has no matching property in circuit1
nfet_06v0:554 vs. GRADIENT_NAV2:_core/GRADIENT2:4/COMP:4/sub_diff:2/nfet_06v0:M28:
Property 0.18u)'ps in circuit2 has no matching property in circuit1
nfet_06v0:128 vs. GRADIENT_NAV2:_core/GRADIENT2:1/COMP:5/sub_diff:2/nfet_06v0:M28:
Property W'nrs in circuit2 has no matching property in circuit1
nfet_06v0:128 vs. GRADIENT_NAV2:_core/GRADIENT2:1/COMP:5/sub_diff:2/nfet_06v0:M28:
Property 0.18u)'nrd in circuit2 has no matching property in circuit1
nfet_06v0:128 vs. GRADIENT_NAV2:_core/GRADIENT2:1/COMP:5/sub_diff:2/nfet_06v0:M28:
Property 0.18u)'ps in circuit2 has no matching property in circuit1
nfet_06v0:418 vs. GRADIENT_NAV2:_core/GRADIENT2:2/COMP:5/sub_diff:2/nfet_06v0:M28:
Property W'nrs in circuit2 has no matching property in circuit1
nfet_06v0:418 vs. GRADIENT_NAV2:_core/GRADIENT2:2/COMP:5/sub_diff:2/nfet_06v0:M28:
Property 0.18u)'nrd in circuit2 has no matching property in circuit1
nfet_06v0:418 vs. GRADIENT_NAV2:_core/GRADIENT2:2/COMP:5/sub_diff:2/nfet_06v0:M28:
Property 0.18u)'ps in circuit2 has no matching property in circuit1
nfet_06v0:1510 vs. GRADIENT_NAV2:_core/GRADIENT2:3/COMP:5/sub_diff:2/nfet_06v0:M28:
Property W'nrs in circuit2 has no matching property in circuit1
nfet_06v0:1510 vs. GRADIENT_NAV2:_core/GRADIENT2:3/COMP:5/sub_diff:2/nfet_06v0:M28:
Property 0.18u)'nrd in circuit2 has no matching property in circuit1
nfet_06v0:1510 vs. GRADIENT_NAV2:_core/GRADIENT2:3/COMP:5/sub_diff:2/nfet_06v0:M28:
Property 0.18u)'ps in circuit2 has no matching property in circuit1
nfet_06v0:1800 vs. GRADIENT_NAV2:_core/GRADIENT2:4/COMP:5/sub_diff:2/nfet_06v0:M28:
Property W'nrs in circuit2 has no matching property in circuit1
nfet_06v0:1800 vs. GRADIENT_NAV2:_core/GRADIENT2:4/COMP:5/sub_diff:2/nfet_06v0:M28:
Property 0.18u)'nrd in circuit2 has no matching property in circuit1
nfet_06v0:1800 vs. GRADIENT_NAV2:_core/GRADIENT2:4/COMP:5/sub_diff:2/nfet_06v0:M28:
Property 0.18u)'ps in circuit2 has no matching property in circuit1
nfet_06v0:197 vs. GRADIENT_NAV2:_core/GRADIENT2:1/COMP:6/sub_diff:2/nfet_06v0:M28:
Property W'nrs in circuit2 has no matching property in circuit1
nfet_06v0:197 vs. GRADIENT_NAV2:_core/GRADIENT2:1/COMP:6/sub_diff:2/nfet_06v0:M28:
Property 0.18u)'nrd in circuit2 has no matching property in circuit1
nfet_06v0:197 vs. GRADIENT_NAV2:_core/GRADIENT2:1/COMP:6/sub_diff:2/nfet_06v0:M28:
Property 0.18u)'ps in circuit2 has no matching property in circuit1
nfet_06v0:505 vs. GRADIENT_NAV2:_core/GRADIENT2:2/COMP:6/sub_diff:2/nfet_06v0:M28:
Property W'nrs in circuit2 has no matching property in circuit1
nfet_06v0:505 vs. GRADIENT_NAV2:_core/GRADIENT2:2/COMP:6/sub_diff:2/nfet_06v0:M28:
Property 0.18u)'nrd in circuit2 has no matching property in circuit1
nfet_06v0:505 vs. GRADIENT_NAV2:_core/GRADIENT2:2/COMP:6/sub_diff:2/nfet_06v0:M28:
Property 0.18u)'ps in circuit2 has no matching property in circuit1
nfet_06v0:1589 vs. GRADIENT_NAV2:_core/GRADIENT2:3/COMP:6/sub_diff:2/nfet_06v0:M28:
Property W'nrs in circuit2 has no matching property in circuit1
nfet_06v0:1589 vs. GRADIENT_NAV2:_core/GRADIENT2:3/COMP:6/sub_diff:2/nfet_06v0:M28:
Property 0.18u)'nrd in circuit2 has no matching property in circuit1
nfet_06v0:1589 vs. GRADIENT_NAV2:_core/GRADIENT2:3/COMP:6/sub_diff:2/nfet_06v0:M28:
Property 0.18u)'ps in circuit2 has no matching property in circuit1
nfet_06v0:1868 vs. GRADIENT_NAV2:_core/GRADIENT2:4/COMP:6/sub_diff:2/nfet_06v0:M28:
Property W'nrs in circuit2 has no matching property in circuit1
nfet_06v0:1868 vs. GRADIENT_NAV2:_core/GRADIENT2:4/COMP:6/sub_diff:2/nfet_06v0:M28:
Property 0.18u)'nrd in circuit2 has no matching property in circuit1
nfet_06v0:1868 vs. GRADIENT_NAV2:_core/GRADIENT2:4/COMP:6/sub_diff:2/nfet_06v0:M28:
Property 0.18u)'ps in circuit2 has no matching property in circuit1
nfet_06v0:935 vs. GRADIENT_NAV2:_core/GRADIENT2:1/COMP:6/sub_diff:2/nfet_06v0:M44:
Property W'nrs in circuit2 has no matching property in circuit1
nfet_06v0:935 vs. GRADIENT_NAV2:_core/GRADIENT2:1/COMP:6/sub_diff:2/nfet_06v0:M44:
Property 0.18u)'nrd in circuit2 has no matching property in circuit1
nfet_06v0:935 vs. GRADIENT_NAV2:_core/GRADIENT2:1/COMP:6/sub_diff:2/nfet_06v0:M44:
Property 0.18u)'ps in circuit2 has no matching property in circuit1
nfet_06v0:736 vs. GRADIENT_NAV2:_core/GRADIENT2:2/COMP:6/sub_diff:2/nfet_06v0:M44:
Property W'nrs in circuit2 has no matching property in circuit1
nfet_06v0:736 vs. GRADIENT_NAV2:_core/GRADIENT2:2/COMP:6/sub_diff:2/nfet_06v0:M44:
Property 0.18u)'nrd in circuit2 has no matching property in circuit1
nfet_06v0:736 vs. GRADIENT_NAV2:_core/GRADIENT2:2/COMP:6/sub_diff:2/nfet_06v0:M44:
Property 0.18u)'ps in circuit2 has no matching property in circuit1
nfet_06v0:473 vs. GRADIENT_NAV2:_core/GRADIENT2:3/COMP:6/sub_diff:2/nfet_06v0:M44:
Property W'nrs in circuit2 has no matching property in circuit1
nfet_06v0:473 vs. GRADIENT_NAV2:_core/GRADIENT2:3/COMP:6/sub_diff:2/nfet_06v0:M44:
Property 0.18u)'nrd in circuit2 has no matching property in circuit1
nfet_06v0:473 vs. GRADIENT_NAV2:_core/GRADIENT2:3/COMP:6/sub_diff:2/nfet_06v0:M44:
Property 0.18u)'ps in circuit2 has no matching property in circuit1
nfet_06v0:217 vs. GRADIENT_NAV2:_core/GRADIENT2:4/COMP:6/sub_diff:2/nfet_06v0:M44:
Property W'nrs in circuit2 has no matching property in circuit1
nfet_06v0:217 vs. GRADIENT_NAV2:_core/GRADIENT2:4/COMP:6/sub_diff:2/nfet_06v0:M44:
Property 0.18u)'nrd in circuit2 has no matching property in circuit1
nfet_06v0:217 vs. GRADIENT_NAV2:_core/GRADIENT2:4/COMP:6/sub_diff:2/nfet_06v0:M44:
Property 0.18u)'ps in circuit2 has no matching property in circuit1
nfet_06v0:200 vs. GRADIENT_NAV2:_core/GRADIENT2:1/COMP:5/sub_diff:2/nfet_06v0:M44:
Property W'nrs in circuit2 has no matching property in circuit1
nfet_06v0:200 vs. GRADIENT_NAV2:_core/GRADIENT2:1/COMP:5/sub_diff:2/nfet_06v0:M44:
Property 0.18u)'nrd in circuit2 has no matching property in circuit1
nfet_06v0:200 vs. GRADIENT_NAV2:_core/GRADIENT2:1/COMP:5/sub_diff:2/nfet_06v0:M44:
Property 0.18u)'ps in circuit2 has no matching property in circuit1
nfet_06v0:19 vs. GRADIENT_NAV2:_core/GRADIENT2:2/COMP:5/sub_diff:2/nfet_06v0:M44:
Property W'nrs in circuit2 has no matching property in circuit1
nfet_06v0:19 vs. GRADIENT_NAV2:_core/GRADIENT2:2/COMP:5/sub_diff:2/nfet_06v0:M44:
Property 0.18u)'nrd in circuit2 has no matching property in circuit1
nfet_06v0:19 vs. GRADIENT_NAV2:_core/GRADIENT2:2/COMP:5/sub_diff:2/nfet_06v0:M44:
Property 0.18u)'ps in circuit2 has no matching property in circuit1
nfet_06v0:1113 vs. GRADIENT_NAV2:_core/GRADIENT2:3/COMP:5/sub_diff:2/nfet_06v0:M44:
Property W'nrs in circuit2 has no matching property in circuit1
nfet_06v0:1113 vs. GRADIENT_NAV2:_core/GRADIENT2:3/COMP:5/sub_diff:2/nfet_06v0:M44:
Property 0.18u)'nrd in circuit2 has no matching property in circuit1
nfet_06v0:1113 vs. GRADIENT_NAV2:_core/GRADIENT2:3/COMP:5/sub_diff:2/nfet_06v0:M44:
Property 0.18u)'ps in circuit2 has no matching property in circuit1
nfet_06v0:140 vs. GRADIENT_NAV2:_core/GRADIENT2:4/COMP:5/sub_diff:2/nfet_06v0:M44:
Property W'nrs in circuit2 has no matching property in circuit1
nfet_06v0:140 vs. GRADIENT_NAV2:_core/GRADIENT2:4/COMP:5/sub_diff:2/nfet_06v0:M44:
Property 0.18u)'nrd in circuit2 has no matching property in circuit1
nfet_06v0:140 vs. GRADIENT_NAV2:_core/GRADIENT2:4/COMP:5/sub_diff:2/nfet_06v0:M44:
Property 0.18u)'ps in circuit2 has no matching property in circuit1
nfet_06v0:722 vs. GRADIENT_NAV2:_core/GRADIENT2:1/COMP:4/sub_diff:2/nfet_06v0:M44:
Property W'nrs in circuit2 has no matching property in circuit1
nfet_06v0:722 vs. GRADIENT_NAV2:_core/GRADIENT2:1/COMP:4/sub_diff:2/nfet_06v0:M44:
Property 0.18u)'nrd in circuit2 has no matching property in circuit1
nfet_06v0:722 vs. GRADIENT_NAV2:_core/GRADIENT2:1/COMP:4/sub_diff:2/nfet_06v0:M44:
Property 0.18u)'ps in circuit2 has no matching property in circuit1
nfet_06v0:519 vs. GRADIENT_NAV2:_core/GRADIENT2:2/COMP:4/sub_diff:2/nfet_06v0:M44:
Property W'nrs in circuit2 has no matching property in circuit1
nfet_06v0:519 vs. GRADIENT_NAV2:_core/GRADIENT2:2/COMP:4/sub_diff:2/nfet_06v0:M44:
Property 0.18u)'nrd in circuit2 has no matching property in circuit1
nfet_06v0:519 vs. GRADIENT_NAV2:_core/GRADIENT2:2/COMP:4/sub_diff:2/nfet_06v0:M44:
Property 0.18u)'ps in circuit2 has no matching property in circuit1
nfet_06v0:396 vs. GRADIENT_NAV2:_core/GRADIENT2:3/COMP:4/sub_diff:2/nfet_06v0:M44:
Property W'nrs in circuit2 has no matching property in circuit1
nfet_06v0:396 vs. GRADIENT_NAV2:_core/GRADIENT2:3/COMP:4/sub_diff:2/nfet_06v0:M44:
Property 0.18u)'nrd in circuit2 has no matching property in circuit1
nfet_06v0:396 vs. GRADIENT_NAV2:_core/GRADIENT2:3/COMP:4/sub_diff:2/nfet_06v0:M44:
Property 0.18u)'ps in circuit2 has no matching property in circuit1
nfet_06v0:11 vs. GRADIENT_NAV2:_core/GRADIENT2:4/COMP:4/sub_diff:2/nfet_06v0:M44:
Property W'nrs in circuit2 has no matching property in circuit1
nfet_06v0:11 vs. GRADIENT_NAV2:_core/GRADIENT2:4/COMP:4/sub_diff:2/nfet_06v0:M44:
Property 0.18u)'nrd in circuit2 has no matching property in circuit1
nfet_06v0:11 vs. GRADIENT_NAV2:_core/GRADIENT2:4/COMP:4/sub_diff:2/nfet_06v0:M44:
Property 0.18u)'ps in circuit2 has no matching property in circuit1
nfet_06v0:1805 vs. GRADIENT_NAV2:_core/GRADIENT2:4/DECODER:7/yGates:2/andGate:3/nfet_06v0:M6:
Property W'nrs in circuit2 has no matching property in circuit1
nfet_06v0:1805 vs. GRADIENT_NAV2:_core/GRADIENT2:4/DECODER:7/yGates:2/andGate:3/nfet_06v0:M6:
Property 0.18u)'nrd in circuit2 has no matching property in circuit1
nfet_06v0:1805 vs. GRADIENT_NAV2:_core/GRADIENT2:4/DECODER:7/yGates:2/andGate:3/nfet_06v0:M6:
Property 0.18u)'ps in circuit2 has no matching property in circuit1
nfet_06v0:1707 vs. GRADIENT_NAV2:_core/GRADIENT2:1/DECODER:7/yGates:2/andGate:3/nfet_06v0:M6:
Property W'nrs in circuit2 has no matching property in circuit1
nfet_06v0:1707 vs. GRADIENT_NAV2:_core/GRADIENT2:1/DECODER:7/yGates:2/andGate:3/nfet_06v0:M6:
Property 0.18u)'nrd in circuit2 has no matching property in circuit1
nfet_06v0:1707 vs. GRADIENT_NAV2:_core/GRADIENT2:1/DECODER:7/yGates:2/andGate:3/nfet_06v0:M6:
Property 0.18u)'ps in circuit2 has no matching property in circuit1
nfet_06v0:1101 vs. GRADIENT_NAV2:_core/GRADIENT2:3/DECODER:7/yGates:2/andGate:3/nfet_06v0:M6:
Property W'nrs in circuit2 has no matching property in circuit1
nfet_06v0:1101 vs. GRADIENT_NAV2:_core/GRADIENT2:3/DECODER:7/yGates:2/andGate:3/nfet_06v0:M6:
Property 0.18u)'nrd in circuit2 has no matching property in circuit1
nfet_06v0:1101 vs. GRADIENT_NAV2:_core/GRADIENT2:3/DECODER:7/yGates:2/andGate:3/nfet_06v0:M6:
Property 0.18u)'ps in circuit2 has no matching property in circuit1
nfet_06v0:3 vs. GRADIENT_NAV2:_core/GRADIENT2:2/DECODER:7/yGates:2/andGate:3/nfet_06v0:M6:
Property W'nrs in circuit2 has no matching property in circuit1
nfet_06v0:3 vs. GRADIENT_NAV2:_core/GRADIENT2:2/DECODER:7/yGates:2/andGate:3/nfet_06v0:M6:
Property 0.18u)'nrd in circuit2 has no matching property in circuit1
nfet_06v0:3 vs. GRADIENT_NAV2:_core/GRADIENT2:2/DECODER:7/yGates:2/andGate:3/nfet_06v0:M6:
Property 0.18u)'ps in circuit2 has no matching property in circuit1
nfet_06v0:236 vs. GRADIENT_NAV2:_core/GRADIENT2:1/DECODER:7/Z:1/nfet_06v0:M1:
Property W'nrs in circuit2 has no matching property in circuit1
nfet_06v0:236 vs. GRADIENT_NAV2:_core/GRADIENT2:1/DECODER:7/Z:1/nfet_06v0:M1:
Property 0.18u)'nrd in circuit2 has no matching property in circuit1
nfet_06v0:236 vs. GRADIENT_NAV2:_core/GRADIENT2:1/DECODER:7/Z:1/nfet_06v0:M1:
Property 0.18u)'ps in circuit2 has no matching property in circuit1
nfet_06v0:545 vs. GRADIENT_NAV2:_core/GRADIENT2:2/DECODER:7/Z:1/nfet_06v0:M1:
Property W'nrs in circuit2 has no matching property in circuit1
nfet_06v0:545 vs. GRADIENT_NAV2:_core/GRADIENT2:2/DECODER:7/Z:1/nfet_06v0:M1:
Property 0.18u)'nrd in circuit2 has no matching property in circuit1
nfet_06v0:545 vs. GRADIENT_NAV2:_core/GRADIENT2:2/DECODER:7/Z:1/nfet_06v0:M1:
Property 0.18u)'ps in circuit2 has no matching property in circuit1
nfet_06v0:1622 vs. GRADIENT_NAV2:_core/GRADIENT2:3/DECODER:7/Z:1/nfet_06v0:M1:
Property W'nrs in circuit2 has no matching property in circuit1
nfet_06v0:1622 vs. GRADIENT_NAV2:_core/GRADIENT2:3/DECODER:7/Z:1/nfet_06v0:M1:
Property 0.18u)'nrd in circuit2 has no matching property in circuit1
nfet_06v0:1622 vs. GRADIENT_NAV2:_core/GRADIENT2:3/DECODER:7/Z:1/nfet_06v0:M1:
Property 0.18u)'ps in circuit2 has no matching property in circuit1
nfet_06v0:346 vs. GRADIENT_NAV2:_core/GRADIENT2:4/DECODER:7/Z:1/nfet_06v0:M1:
Property W'nrs in circuit2 has no matching property in circuit1
nfet_06v0:346 vs. GRADIENT_NAV2:_core/GRADIENT2:4/DECODER:7/Z:1/nfet_06v0:M1:
Property 0.18u)'nrd in circuit2 has no matching property in circuit1
nfet_06v0:346 vs. GRADIENT_NAV2:_core/GRADIENT2:4/DECODER:7/Z:1/nfet_06v0:M1:
Property 0.18u)'ps in circuit2 has no matching property in circuit1
nfet_06v0:1885 vs. GRADIENT_NAV2:_core/GRADIENT2:1/DECODER:7/Z:1/nfet_06v0:M7:
Property W'nrs in circuit2 has no matching property in circuit1
nfet_06v0:1885 vs. GRADIENT_NAV2:_core/GRADIENT2:1/DECODER:7/Z:1/nfet_06v0:M7:
Property 0.18u)'nrd in circuit2 has no matching property in circuit1
nfet_06v0:1885 vs. GRADIENT_NAV2:_core/GRADIENT2:1/DECODER:7/Z:1/nfet_06v0:M7:
Property 0.18u)'ps in circuit2 has no matching property in circuit1
nfet_06v0:182 vs. GRADIENT_NAV2:_core/GRADIENT2:2/DECODER:7/Z:1/nfet_06v0:M7:
Property W'nrs in circuit2 has no matching property in circuit1
nfet_06v0:182 vs. GRADIENT_NAV2:_core/GRADIENT2:2/DECODER:7/Z:1/nfet_06v0:M7:
Property 0.18u)'nrd in circuit2 has no matching property in circuit1
nfet_06v0:182 vs. GRADIENT_NAV2:_core/GRADIENT2:2/DECODER:7/Z:1/nfet_06v0:M7:
Property 0.18u)'ps in circuit2 has no matching property in circuit1
nfet_06v0:1295 vs. GRADIENT_NAV2:_core/GRADIENT2:3/DECODER:7/Z:1/nfet_06v0:M7:
Property W'nrs in circuit2 has no matching property in circuit1
nfet_06v0:1295 vs. GRADIENT_NAV2:_core/GRADIENT2:3/DECODER:7/Z:1/nfet_06v0:M7:
Property 0.18u)'nrd in circuit2 has no matching property in circuit1
nfet_06v0:1295 vs. GRADIENT_NAV2:_core/GRADIENT2:3/DECODER:7/Z:1/nfet_06v0:M7:
Property 0.18u)'ps in circuit2 has no matching property in circuit1
nfet_06v0:221 vs. GRADIENT_NAV2:_core/GRADIENT2:4/DECODER:7/Z:1/nfet_06v0:M7:
Property W'nrs in circuit2 has no matching property in circuit1
nfet_06v0:221 vs. GRADIENT_NAV2:_core/GRADIENT2:4/DECODER:7/Z:1/nfet_06v0:M7:
Property 0.18u)'nrd in circuit2 has no matching property in circuit1
nfet_06v0:221 vs. GRADIENT_NAV2:_core/GRADIENT2:4/DECODER:7/Z:1/nfet_06v0:M7:
Property 0.18u)'ps in circuit2 has no matching property in circuit1
nfet_06v0:1874 vs. GRADIENT_NAV2:_core/GRADIENT2:1/DECODER:7/yGates:2/invertor:2/nfet_06v0:M5:
Property W'nrs in circuit2 has no matching property in circuit1
nfet_06v0:1874 vs. GRADIENT_NAV2:_core/GRADIENT2:1/DECODER:7/yGates:2/invertor:2/nfet_06v0:M5:
Property 0.18u)'nrd in circuit2 has no matching property in circuit1
nfet_06v0:1874 vs. GRADIENT_NAV2:_core/GRADIENT2:1/DECODER:7/yGates:2/invertor:2/nfet_06v0:M5:
Property 0.18u)'ps in circuit2 has no matching property in circuit1
nfet_06v0:167 vs. GRADIENT_NAV2:_core/GRADIENT2:2/DECODER:7/yGates:2/invertor:2/nfet_06v0:M5:
Property W'nrs in circuit2 has no matching property in circuit1
nfet_06v0:167 vs. GRADIENT_NAV2:_core/GRADIENT2:2/DECODER:7/yGates:2/invertor:2/nfet_06v0:M5:
Property 0.18u)'nrd in circuit2 has no matching property in circuit1
nfet_06v0:167 vs. GRADIENT_NAV2:_core/GRADIENT2:2/DECODER:7/yGates:2/invertor:2/nfet_06v0:M5:
Property 0.18u)'ps in circuit2 has no matching property in circuit1
nfet_06v0:1278 vs. GRADIENT_NAV2:_core/GRADIENT2:3/DECODER:7/yGates:2/invertor:2/nfet_06v0:M5:
Property W'nrs in circuit2 has no matching property in circuit1
nfet_06v0:1278 vs. GRADIENT_NAV2:_core/GRADIENT2:3/DECODER:7/yGates:2/invertor:2/nfet_06v0:M5:
Property 0.18u)'nrd in circuit2 has no matching property in circuit1
nfet_06v0:1278 vs. GRADIENT_NAV2:_core/GRADIENT2:3/DECODER:7/yGates:2/invertor:2/nfet_06v0:M5:
Property 0.18u)'ps in circuit2 has no matching property in circuit1
nfet_06v0:1418 vs. GRADIENT_NAV2:_core/GRADIENT2:4/DECODER:7/yGates:2/invertor:2/nfet_06v0:M5:
Property W'nrs in circuit2 has no matching property in circuit1
nfet_06v0:1418 vs. GRADIENT_NAV2:_core/GRADIENT2:4/DECODER:7/yGates:2/invertor:2/nfet_06v0:M5:
Property 0.18u)'nrd in circuit2 has no matching property in circuit1
nfet_06v0:1418 vs. GRADIENT_NAV2:_core/GRADIENT2:4/DECODER:7/yGates:2/invertor:2/nfet_06v0:M5:
Property 0.18u)'ps in circuit2 has no matching property in circuit1
nfet_06v0:1564 vs. GRADIENT_NAV2:_core/GRADIENT2:1/DECODER:7/yGates:2/andGate:3/nfet_06v0:M3:
Property W'nrs in circuit2 has no matching property in circuit1
nfet_06v0:1564 vs. GRADIENT_NAV2:_core/GRADIENT2:1/DECODER:7/yGates:2/andGate:3/nfet_06v0:M3:
Property 0.18u)'nrd in circuit2 has no matching property in circuit1
nfet_06v0:1564 vs. GRADIENT_NAV2:_core/GRADIENT2:1/DECODER:7/yGates:2/andGate:3/nfet_06v0:M3:
Property 0.18u)'ps in circuit2 has no matching property in circuit1
nfet_06v0:1852 vs. GRADIENT_NAV2:_core/GRADIENT2:2/DECODER:7/yGates:2/andGate:3/nfet_06v0:M3:
Property W'nrs in circuit2 has no matching property in circuit1
nfet_06v0:1852 vs. GRADIENT_NAV2:_core/GRADIENT2:2/DECODER:7/yGates:2/andGate:3/nfet_06v0:M3:
Property 0.18u)'nrd in circuit2 has no matching property in circuit1
nfet_06v0:1852 vs. GRADIENT_NAV2:_core/GRADIENT2:2/DECODER:7/yGates:2/andGate:3/nfet_06v0:M3:
Property 0.18u)'ps in circuit2 has no matching property in circuit1
nfet_06v0:989 vs. GRADIENT_NAV2:_core/GRADIENT2:3/DECODER:7/yGates:2/andGate:3/nfet_06v0:M3:
Property W'nrs in circuit2 has no matching property in circuit1
nfet_06v0:989 vs. GRADIENT_NAV2:_core/GRADIENT2:3/DECODER:7/yGates:2/andGate:3/nfet_06v0:M3:
Property 0.18u)'nrd in circuit2 has no matching property in circuit1
nfet_06v0:989 vs. GRADIENT_NAV2:_core/GRADIENT2:3/DECODER:7/yGates:2/andGate:3/nfet_06v0:M3:
Property 0.18u)'ps in circuit2 has no matching property in circuit1
nfet_06v0:1664 vs. GRADIENT_NAV2:_core/GRADIENT2:4/DECODER:7/yGates:2/andGate:3/nfet_06v0:M3:
Property W'nrs in circuit2 has no matching property in circuit1
nfet_06v0:1664 vs. GRADIENT_NAV2:_core/GRADIENT2:4/DECODER:7/yGates:2/andGate:3/nfet_06v0:M3:
Property 0.18u)'nrd in circuit2 has no matching property in circuit1
nfet_06v0:1664 vs. GRADIENT_NAV2:_core/GRADIENT2:4/DECODER:7/yGates:2/andGate:3/nfet_06v0:M3:
Property 0.18u)'ps in circuit2 has no matching property in circuit1
nfet_06v0:152 vs. GRADIENT_NAV2:_core/GRADIENT2:1/DECODER:7/xGates:3/andGate:2/nfet_06v0:M3:
Property W'nrs in circuit2 has no matching property in circuit1
nfet_06v0:152 vs. GRADIENT_NAV2:_core/GRADIENT2:1/DECODER:7/xGates:3/andGate:2/nfet_06v0:M3:
Property 0.18u)'nrd in circuit2 has no matching property in circuit1
nfet_06v0:152 vs. GRADIENT_NAV2:_core/GRADIENT2:1/DECODER:7/xGates:3/andGate:2/nfet_06v0:M3:
Property 0.18u)'ps in circuit2 has no matching property in circuit1
nfet_06v0:453 vs. GRADIENT_NAV2:_core/GRADIENT2:2/DECODER:7/xGates:3/andGate:2/nfet_06v0:M3:
Property W'nrs in circuit2 has no matching property in circuit1
nfet_06v0:453 vs. GRADIENT_NAV2:_core/GRADIENT2:2/DECODER:7/xGates:3/andGate:2/nfet_06v0:M3:
Property 0.18u)'nrd in circuit2 has no matching property in circuit1
nfet_06v0:453 vs. GRADIENT_NAV2:_core/GRADIENT2:2/DECODER:7/xGates:3/andGate:2/nfet_06v0:M3:
Property 0.18u)'ps in circuit2 has no matching property in circuit1
nfet_06v0:1537 vs. GRADIENT_NAV2:_core/GRADIENT2:3/DECODER:7/xGates:3/andGate:2/nfet_06v0:M3:
Property W'nrs in circuit2 has no matching property in circuit1
nfet_06v0:1537 vs. GRADIENT_NAV2:_core/GRADIENT2:3/DECODER:7/xGates:3/andGate:2/nfet_06v0:M3:
Property 0.18u)'nrd in circuit2 has no matching property in circuit1
nfet_06v0:1537 vs. GRADIENT_NAV2:_core/GRADIENT2:3/DECODER:7/xGates:3/andGate:2/nfet_06v0:M3:
Property 0.18u)'ps in circuit2 has no matching property in circuit1
nfet_06v0:251 vs. GRADIENT_NAV2:_core/GRADIENT2:4/DECODER:7/xGates:3/andGate:2/nfet_06v0:M3:
Property W'nrs in circuit2 has no matching property in circuit1
nfet_06v0:251 vs. GRADIENT_NAV2:_core/GRADIENT2:4/DECODER:7/xGates:3/andGate:2/nfet_06v0:M3:
Property 0.18u)'nrd in circuit2 has no matching property in circuit1
nfet_06v0:251 vs. GRADIENT_NAV2:_core/GRADIENT2:4/DECODER:7/xGates:3/andGate:2/nfet_06v0:M3:
Property 0.18u)'ps in circuit2 has no matching property in circuit1
nfet_06v0:282 vs. GRADIENT_NAV2:_core/GRADIENT2:1/DECODER:7/xGates:3/andGate:2/nfet_06v0:M6:
Property W'nrs in circuit2 has no matching property in circuit1
nfet_06v0:282 vs. GRADIENT_NAV2:_core/GRADIENT2:1/DECODER:7/xGates:3/andGate:2/nfet_06v0:M6:
Property 0.18u)'nrd in circuit2 has no matching property in circuit1
nfet_06v0:282 vs. GRADIENT_NAV2:_core/GRADIENT2:1/DECODER:7/xGates:3/andGate:2/nfet_06v0:M6:
Property 0.18u)'ps in circuit2 has no matching property in circuit1
nfet_06v0:602 vs. GRADIENT_NAV2:_core/GRADIENT2:2/DECODER:7/xGates:3/andGate:2/nfet_06v0:M6:
Property W'nrs in circuit2 has no matching property in circuit1
nfet_06v0:602 vs. GRADIENT_NAV2:_core/GRADIENT2:2/DECODER:7/xGates:3/andGate:2/nfet_06v0:M6:
Property 0.18u)'nrd in circuit2 has no matching property in circuit1
nfet_06v0:602 vs. GRADIENT_NAV2:_core/GRADIENT2:2/DECODER:7/xGates:3/andGate:2/nfet_06v0:M6:
Property 0.18u)'ps in circuit2 has no matching property in circuit1
nfet_06v0:1676 vs. GRADIENT_NAV2:_core/GRADIENT2:3/DECODER:7/xGates:3/andGate:2/nfet_06v0:M6:
Property W'nrs in circuit2 has no matching property in circuit1
nfet_06v0:1676 vs. GRADIENT_NAV2:_core/GRADIENT2:3/DECODER:7/xGates:3/andGate:2/nfet_06v0:M6:
Property 0.18u)'nrd in circuit2 has no matching property in circuit1
nfet_06v0:1676 vs. GRADIENT_NAV2:_core/GRADIENT2:3/DECODER:7/xGates:3/andGate:2/nfet_06v0:M6:
Property 0.18u)'ps in circuit2 has no matching property in circuit1
nfet_06v0:1522 vs. GRADIENT_NAV2:_core/GRADIENT2:4/DECODER:7/xGates:3/andGate:2/nfet_06v0:M6:
Property W'nrs in circuit2 has no matching property in circuit1
nfet_06v0:1522 vs. GRADIENT_NAV2:_core/GRADIENT2:4/DECODER:7/xGates:3/andGate:2/nfet_06v0:M6:
Property 0.18u)'nrd in circuit2 has no matching property in circuit1
nfet_06v0:1522 vs. GRADIENT_NAV2:_core/GRADIENT2:4/DECODER:7/xGates:3/andGate:2/nfet_06v0:M6:
Property 0.18u)'ps in circuit2 has no matching property in circuit1
nfet_06v0:1643 vs. GRADIENT_NAV2:_core/GRADIENT2:1/COMP:6/bias:1/nfet_06v0:M6:
Property W'nrs in circuit2 has no matching property in circuit1
nfet_06v0:1643 vs. GRADIENT_NAV2:_core/GRADIENT2:1/COMP:6/bias:1/nfet_06v0:M6:
Property 0.18u)'nrd in circuit2 has no matching property in circuit1
nfet_06v0:1643 vs. GRADIENT_NAV2:_core/GRADIENT2:1/COMP:6/bias:1/nfet_06v0:M6:
Property 0.18u)'ps in circuit2 has no matching property in circuit1
nfet_06v0:1941 vs. GRADIENT_NAV2:_core/GRADIENT2:2/COMP:6/bias:1/nfet_06v0:M6:
Property W'nrs in circuit2 has no matching property in circuit1
nfet_06v0:1941 vs. GRADIENT_NAV2:_core/GRADIENT2:2/COMP:6/bias:1/nfet_06v0:M6:
Property 0.18u)'nrd in circuit2 has no matching property in circuit1
nfet_06v0:1941 vs. GRADIENT_NAV2:_core/GRADIENT2:2/COMP:6/bias:1/nfet_06v0:M6:
Property 0.18u)'ps in circuit2 has no matching property in circuit1
nfet_06v0:1061 vs. GRADIENT_NAV2:_core/GRADIENT2:3/COMP:6/bias:1/nfet_06v0:M6:
Property W'nrs in circuit2 has no matching property in circuit1
nfet_06v0:1061 vs. GRADIENT_NAV2:_core/GRADIENT2:3/COMP:6/bias:1/nfet_06v0:M6:
Property 0.18u)'nrd in circuit2 has no matching property in circuit1
nfet_06v0:1061 vs. GRADIENT_NAV2:_core/GRADIENT2:3/COMP:6/bias:1/nfet_06v0:M6:
Property 0.18u)'ps in circuit2 has no matching property in circuit1
nfet_06v0:1348 vs. GRADIENT_NAV2:_core/GRADIENT2:4/COMP:6/bias:1/nfet_06v0:M6:
Property W'nrs in circuit2 has no matching property in circuit1
nfet_06v0:1348 vs. GRADIENT_NAV2:_core/GRADIENT2:4/COMP:6/bias:1/nfet_06v0:M6:
Property 0.18u)'nrd in circuit2 has no matching property in circuit1
nfet_06v0:1348 vs. GRADIENT_NAV2:_core/GRADIENT2:4/COMP:6/bias:1/nfet_06v0:M6:
Property 0.18u)'ps in circuit2 has no matching property in circuit1
nfet_06v0:925 vs. GRADIENT_NAV2:_core/GRADIENT2:1/COMP:5/bias:1/nfet_06v0:M6:
Property W'nrs in circuit2 has no matching property in circuit1
nfet_06v0:925 vs. GRADIENT_NAV2:_core/GRADIENT2:1/COMP:5/bias:1/nfet_06v0:M6:
Property 0.18u)'nrd in circuit2 has no matching property in circuit1
nfet_06v0:925 vs. GRADIENT_NAV2:_core/GRADIENT2:1/COMP:5/bias:1/nfet_06v0:M6:
Property 0.18u)'ps in circuit2 has no matching property in circuit1
nfet_06v0:1204 vs. GRADIENT_NAV2:_core/GRADIENT2:2/COMP:5/bias:1/nfet_06v0:M6:
Property W'nrs in circuit2 has no matching property in circuit1
nfet_06v0:1204 vs. GRADIENT_NAV2:_core/GRADIENT2:2/COMP:5/bias:1/nfet_06v0:M6:
Property 0.18u)'nrd in circuit2 has no matching property in circuit1
nfet_06v0:1204 vs. GRADIENT_NAV2:_core/GRADIENT2:2/COMP:5/bias:1/nfet_06v0:M6:
Property 0.18u)'ps in circuit2 has no matching property in circuit1
nfet_06v0:303 vs. GRADIENT_NAV2:_core/GRADIENT2:3/COMP:5/bias:1/nfet_06v0:M6:
Property W'nrs in circuit2 has no matching property in circuit1
nfet_06v0:303 vs. GRADIENT_NAV2:_core/GRADIENT2:3/COMP:5/bias:1/nfet_06v0:M6:
Property 0.18u)'nrd in circuit2 has no matching property in circuit1
nfet_06v0:303 vs. GRADIENT_NAV2:_core/GRADIENT2:3/COMP:5/bias:1/nfet_06v0:M6:
Property 0.18u)'ps in circuit2 has no matching property in circuit1
nfet_06v0:617 vs. GRADIENT_NAV2:_core/GRADIENT2:4/COMP:5/bias:1/nfet_06v0:M6:
Property W'nrs in circuit2 has no matching property in circuit1
nfet_06v0:617 vs. GRADIENT_NAV2:_core/GRADIENT2:4/COMP:5/bias:1/nfet_06v0:M6:
Property 0.18u)'nrd in circuit2 has no matching property in circuit1
nfet_06v0:617 vs. GRADIENT_NAV2:_core/GRADIENT2:4/COMP:5/bias:1/nfet_06v0:M6:
Property 0.18u)'ps in circuit2 has no matching property in circuit1
nfet_06v0:466 vs. GRADIENT_NAV2:_core/GRADIENT2:1/COMP:4/bias:1/nfet_06v0:M6:
Property W'nrs in circuit2 has no matching property in circuit1
nfet_06v0:466 vs. GRADIENT_NAV2:_core/GRADIENT2:1/COMP:4/bias:1/nfet_06v0:M6:
Property 0.18u)'nrd in circuit2 has no matching property in circuit1
nfet_06v0:466 vs. GRADIENT_NAV2:_core/GRADIENT2:1/COMP:4/bias:1/nfet_06v0:M6:
Property 0.18u)'ps in circuit2 has no matching property in circuit1
nfet_06v0:747 vs. GRADIENT_NAV2:_core/GRADIENT2:2/COMP:4/bias:1/nfet_06v0:M6:
Property W'nrs in circuit2 has no matching property in circuit1
nfet_06v0:747 vs. GRADIENT_NAV2:_core/GRADIENT2:2/COMP:4/bias:1/nfet_06v0:M6:
Property 0.18u)'nrd in circuit2 has no matching property in circuit1
nfet_06v0:747 vs. GRADIENT_NAV2:_core/GRADIENT2:2/COMP:4/bias:1/nfet_06v0:M6:
Property 0.18u)'ps in circuit2 has no matching property in circuit1
nfet_06v0:1839 vs. GRADIENT_NAV2:_core/GRADIENT2:3/COMP:4/bias:1/nfet_06v0:M6:
Property W'nrs in circuit2 has no matching property in circuit1
nfet_06v0:1839 vs. GRADIENT_NAV2:_core/GRADIENT2:3/COMP:4/bias:1/nfet_06v0:M6:
Property 0.18u)'nrd in circuit2 has no matching property in circuit1
nfet_06v0:1839 vs. GRADIENT_NAV2:_core/GRADIENT2:3/COMP:4/bias:1/nfet_06v0:M6:
Property 0.18u)'ps in circuit2 has no matching property in circuit1
nfet_06v0:129 vs. GRADIENT_NAV2:_core/GRADIENT2:4/COMP:4/bias:1/nfet_06v0:M6:
Property W'nrs in circuit2 has no matching property in circuit1
nfet_06v0:129 vs. GRADIENT_NAV2:_core/GRADIENT2:4/COMP:4/bias:1/nfet_06v0:M6:
Property 0.18u)'nrd in circuit2 has no matching property in circuit1
nfet_06v0:129 vs. GRADIENT_NAV2:_core/GRADIENT2:4/COMP:4/bias:1/nfet_06v0:M6:
Property 0.18u)'ps in circuit2 has no matching property in circuit1
nfet_06v0:690 vs. GRADIENT_NAV2:_core/GRADIENT2:1/OPAM_LIN:2/bias:1/nfet_06v0:M6:
Property W'nrs in circuit2 has no matching property in circuit1
nfet_06v0:690 vs. GRADIENT_NAV2:_core/GRADIENT2:1/OPAM_LIN:2/bias:1/nfet_06v0:M6:
Property 0.18u)'nrd in circuit2 has no matching property in circuit1
nfet_06v0:690 vs. GRADIENT_NAV2:_core/GRADIENT2:1/OPAM_LIN:2/bias:1/nfet_06v0:M6:
Property 0.18u)'ps in circuit2 has no matching property in circuit1
nfet_06v0:1532 vs. GRADIENT_NAV2:_core/GRADIENT2:2/OPAM_LIN:2/bias:1/nfet_06v0:M6:
Property W'nrs in circuit2 has no matching property in circuit1
nfet_06v0:1532 vs. GRADIENT_NAV2:_core/GRADIENT2:2/OPAM_LIN:2/bias:1/nfet_06v0:M6:
Property 0.18u)'nrd in circuit2 has no matching property in circuit1
nfet_06v0:1532 vs. GRADIENT_NAV2:_core/GRADIENT2:2/OPAM_LIN:2/bias:1/nfet_06v0:M6:
Property 0.18u)'ps in circuit2 has no matching property in circuit1
nfet_06v0:982 vs. GRADIENT_NAV2:_core/GRADIENT2:3/OPAM_LIN:2/bias:1/nfet_06v0:M6:
Property W'nrs in circuit2 has no matching property in circuit1
nfet_06v0:982 vs. GRADIENT_NAV2:_core/GRADIENT2:3/OPAM_LIN:2/bias:1/nfet_06v0:M6:
Property 0.18u)'nrd in circuit2 has no matching property in circuit1
nfet_06v0:982 vs. GRADIENT_NAV2:_core/GRADIENT2:3/OPAM_LIN:2/bias:1/nfet_06v0:M6:
Property 0.18u)'ps in circuit2 has no matching property in circuit1
nfet_06v0:1179 vs. GRADIENT_NAV2:_core/GRADIENT2:4/OPAM_LIN:2/bias:1/nfet_06v0:M6:
Property W'nrs in circuit2 has no matching property in circuit1
nfet_06v0:1179 vs. GRADIENT_NAV2:_core/GRADIENT2:4/OPAM_LIN:2/bias:1/nfet_06v0:M6:
Property 0.18u)'nrd in circuit2 has no matching property in circuit1
nfet_06v0:1179 vs. GRADIENT_NAV2:_core/GRADIENT2:4/OPAM_LIN:2/bias:1/nfet_06v0:M6:
Property 0.18u)'ps in circuit2 has no matching property in circuit1
nfet_06v0:317 vs. GRADIENT_NAV2:_core/GRADIENT2:1/OPAM_LIN:1/bias:1/nfet_06v0:M6:
Property W'nrs in circuit2 has no matching property in circuit1
nfet_06v0:317 vs. GRADIENT_NAV2:_core/GRADIENT2:1/OPAM_LIN:1/bias:1/nfet_06v0:M6:
Property 0.18u)'nrd in circuit2 has no matching property in circuit1
nfet_06v0:317 vs. GRADIENT_NAV2:_core/GRADIENT2:1/OPAM_LIN:1/bias:1/nfet_06v0:M6:
Property 0.18u)'ps in circuit2 has no matching property in circuit1
nfet_06v0:1731 vs. GRADIENT_NAV2:_core/GRADIENT2:2/OPAM_LIN:1/bias:1/nfet_06v0:M6:
Property W'nrs in circuit2 has no matching property in circuit1
nfet_06v0:1731 vs. GRADIENT_NAV2:_core/GRADIENT2:2/OPAM_LIN:1/bias:1/nfet_06v0:M6:
Property 0.18u)'nrd in circuit2 has no matching property in circuit1
nfet_06v0:1731 vs. GRADIENT_NAV2:_core/GRADIENT2:2/OPAM_LIN:1/bias:1/nfet_06v0:M6:
Property 0.18u)'ps in circuit2 has no matching property in circuit1
nfet_06v0:435 vs. GRADIENT_NAV2:_core/GRADIENT2:3/OPAM_LIN:1/bias:1/nfet_06v0:M6:
Property W'nrs in circuit2 has no matching property in circuit1
nfet_06v0:435 vs. GRADIENT_NAV2:_core/GRADIENT2:3/OPAM_LIN:1/bias:1/nfet_06v0:M6:
Property 0.18u)'nrd in circuit2 has no matching property in circuit1
nfet_06v0:435 vs. GRADIENT_NAV2:_core/GRADIENT2:3/OPAM_LIN:1/bias:1/nfet_06v0:M6:
Property 0.18u)'ps in circuit2 has no matching property in circuit1
nfet_06v0:664 vs. GRADIENT_NAV2:_core/GRADIENT2:4/OPAM_LIN:1/bias:1/nfet_06v0:M6:
Property W'nrs in circuit2 has no matching property in circuit1
nfet_06v0:664 vs. GRADIENT_NAV2:_core/GRADIENT2:4/OPAM_LIN:1/bias:1/nfet_06v0:M6:
Property 0.18u)'nrd in circuit2 has no matching property in circuit1
nfet_06v0:664 vs. GRADIENT_NAV2:_core/GRADIENT2:4/OPAM_LIN:1/bias:1/nfet_06v0:M6:
Property 0.18u)'ps in circuit2 has no matching property in circuit1
nfet_06v0:1207 vs. GRADIENT_NAV2:_core/GRADIENT2:1/OPAM_LIN:8/bias:1/nfet_06v0:M6:
Property W'nrs in circuit2 has no matching property in circuit1
nfet_06v0:1207 vs. GRADIENT_NAV2:_core/GRADIENT2:1/OPAM_LIN:8/bias:1/nfet_06v0:M6:
Property 0.18u)'nrd in circuit2 has no matching property in circuit1
nfet_06v0:1207 vs. GRADIENT_NAV2:_core/GRADIENT2:1/OPAM_LIN:8/bias:1/nfet_06v0:M6:
Property 0.18u)'ps in circuit2 has no matching property in circuit1
nfet_06v0:1884 vs. GRADIENT_NAV2:_core/GRADIENT2:2/OPAM_LIN:8/bias:1/nfet_06v0:M6:
Property W'nrs in circuit2 has no matching property in circuit1
nfet_06v0:1884 vs. GRADIENT_NAV2:_core/GRADIENT2:2/OPAM_LIN:8/bias:1/nfet_06v0:M6:
Property 0.18u)'nrd in circuit2 has no matching property in circuit1
nfet_06v0:1884 vs. GRADIENT_NAV2:_core/GRADIENT2:2/OPAM_LIN:8/bias:1/nfet_06v0:M6:
Property 0.18u)'ps in circuit2 has no matching property in circuit1
nfet_06v0:300 vs. GRADIENT_NAV2:_core/GRADIENT2:3/OPAM_LIN:8/bias:1/nfet_06v0:M6:
Property W'nrs in circuit2 has no matching property in circuit1
nfet_06v0:300 vs. GRADIENT_NAV2:_core/GRADIENT2:3/OPAM_LIN:8/bias:1/nfet_06v0:M6:
Property 0.18u)'nrd in circuit2 has no matching property in circuit1
nfet_06v0:300 vs. GRADIENT_NAV2:_core/GRADIENT2:3/OPAM_LIN:8/bias:1/nfet_06v0:M6:
Property 0.18u)'ps in circuit2 has no matching property in circuit1
nfet_06v0:1717 vs. GRADIENT_NAV2:_core/GRADIENT2:4/OPAM_LIN:8/bias:1/nfet_06v0:M6:
Property W'nrs in circuit2 has no matching property in circuit1
nfet_06v0:1717 vs. GRADIENT_NAV2:_core/GRADIENT2:4/OPAM_LIN:8/bias:1/nfet_06v0:M6:
Property 0.18u)'nrd in circuit2 has no matching property in circuit1
nfet_06v0:1717 vs. GRADIENT_NAV2:_core/GRADIENT2:4/OPAM_LIN:8/bias:1/nfet_06v0:M6:
Property 0.18u)'ps in circuit2 has no matching property in circuit1
nfet_06v0:578 vs. GRADIENT_NAV2:_core/GRADIENT2:1/COMP:6/bias:1/nfet_06v0:M9:
Property W'nrs in circuit2 has no matching property in circuit1
nfet_06v0:578 vs. GRADIENT_NAV2:_core/GRADIENT2:1/COMP:6/bias:1/nfet_06v0:M9:
Property 0.18u)'nrd in circuit2 has no matching property in circuit1
nfet_06v0:578 vs. GRADIENT_NAV2:_core/GRADIENT2:1/COMP:6/bias:1/nfet_06v0:M9:
Property 0.18u)'ps in circuit2 has no matching property in circuit1
nfet_06v0:855 vs. GRADIENT_NAV2:_core/GRADIENT2:2/COMP:6/bias:1/nfet_06v0:M9:
Property W'nrs in circuit2 has no matching property in circuit1
nfet_06v0:855 vs. GRADIENT_NAV2:_core/GRADIENT2:2/COMP:6/bias:1/nfet_06v0:M9:
Property 0.18u)'nrd in circuit2 has no matching property in circuit1
nfet_06v0:855 vs. GRADIENT_NAV2:_core/GRADIENT2:2/COMP:6/bias:1/nfet_06v0:M9:
Property 0.18u)'ps in circuit2 has no matching property in circuit1
nfet_06v0:1938 vs. GRADIENT_NAV2:_core/GRADIENT2:3/COMP:6/bias:1/nfet_06v0:M9:
Property W'nrs in circuit2 has no matching property in circuit1
nfet_06v0:1938 vs. GRADIENT_NAV2:_core/GRADIENT2:3/COMP:6/bias:1/nfet_06v0:M9:
Property 0.18u)'nrd in circuit2 has no matching property in circuit1
nfet_06v0:1938 vs. GRADIENT_NAV2:_core/GRADIENT2:3/COMP:6/bias:1/nfet_06v0:M9:
Property 0.18u)'ps in circuit2 has no matching property in circuit1
nfet_06v0:228 vs. GRADIENT_NAV2:_core/GRADIENT2:4/COMP:6/bias:1/nfet_06v0:M9:
Property W'nrs in circuit2 has no matching property in circuit1
nfet_06v0:228 vs. GRADIENT_NAV2:_core/GRADIENT2:4/COMP:6/bias:1/nfet_06v0:M9:
Property 0.18u)'nrd in circuit2 has no matching property in circuit1
nfet_06v0:228 vs. GRADIENT_NAV2:_core/GRADIENT2:4/COMP:6/bias:1/nfet_06v0:M9:
Property 0.18u)'ps in circuit2 has no matching property in circuit1
nfet_06v0:549 vs. GRADIENT_NAV2:_core/GRADIENT2:1/COMP:4/bias:1/nfet_06v0:M9:
Property W'nrs in circuit2 has no matching property in circuit1
nfet_06v0:549 vs. GRADIENT_NAV2:_core/GRADIENT2:1/COMP:4/bias:1/nfet_06v0:M9:
Property 0.18u)'nrd in circuit2 has no matching property in circuit1
nfet_06v0:549 vs. GRADIENT_NAV2:_core/GRADIENT2:1/COMP:4/bias:1/nfet_06v0:M9:
Property 0.18u)'ps in circuit2 has no matching property in circuit1
nfet_06v0:836 vs. GRADIENT_NAV2:_core/GRADIENT2:2/COMP:4/bias:1/nfet_06v0:M9:
Property W'nrs in circuit2 has no matching property in circuit1
nfet_06v0:836 vs. GRADIENT_NAV2:_core/GRADIENT2:2/COMP:4/bias:1/nfet_06v0:M9:
Property 0.18u)'nrd in circuit2 has no matching property in circuit1
nfet_06v0:836 vs. GRADIENT_NAV2:_core/GRADIENT2:2/COMP:4/bias:1/nfet_06v0:M9:
Property 0.18u)'ps in circuit2 has no matching property in circuit1
nfet_06v0:1913 vs. GRADIENT_NAV2:_core/GRADIENT2:3/COMP:4/bias:1/nfet_06v0:M9:
Property W'nrs in circuit2 has no matching property in circuit1
nfet_06v0:1913 vs. GRADIENT_NAV2:_core/GRADIENT2:3/COMP:4/bias:1/nfet_06v0:M9:
Property 0.18u)'nrd in circuit2 has no matching property in circuit1
nfet_06v0:1913 vs. GRADIENT_NAV2:_core/GRADIENT2:3/COMP:4/bias:1/nfet_06v0:M9:
Property 0.18u)'ps in circuit2 has no matching property in circuit1
nfet_06v0:207 vs. GRADIENT_NAV2:_core/GRADIENT2:4/COMP:4/bias:1/nfet_06v0:M9:
Property W'nrs in circuit2 has no matching property in circuit1
nfet_06v0:207 vs. GRADIENT_NAV2:_core/GRADIENT2:4/COMP:4/bias:1/nfet_06v0:M9:
Property 0.18u)'nrd in circuit2 has no matching property in circuit1
nfet_06v0:207 vs. GRADIENT_NAV2:_core/GRADIENT2:4/COMP:4/bias:1/nfet_06v0:M9:
Property 0.18u)'ps in circuit2 has no matching property in circuit1
nfet_06v0:496 vs. GRADIENT_NAV2:_core/GRADIENT2:1/COMP:5/bias:1/nfet_06v0:M9:
Property W'nrs in circuit2 has no matching property in circuit1
nfet_06v0:496 vs. GRADIENT_NAV2:_core/GRADIENT2:1/COMP:5/bias:1/nfet_06v0:M9:
Property 0.18u)'nrd in circuit2 has no matching property in circuit1
nfet_06v0:496 vs. GRADIENT_NAV2:_core/GRADIENT2:1/COMP:5/bias:1/nfet_06v0:M9:
Property 0.18u)'ps in circuit2 has no matching property in circuit1
nfet_06v0:775 vs. GRADIENT_NAV2:_core/GRADIENT2:2/COMP:5/bias:1/nfet_06v0:M9:
Property W'nrs in circuit2 has no matching property in circuit1
nfet_06v0:775 vs. GRADIENT_NAV2:_core/GRADIENT2:2/COMP:5/bias:1/nfet_06v0:M9:
Property 0.18u)'nrd in circuit2 has no matching property in circuit1
nfet_06v0:775 vs. GRADIENT_NAV2:_core/GRADIENT2:2/COMP:5/bias:1/nfet_06v0:M9:
Property 0.18u)'ps in circuit2 has no matching property in circuit1
nfet_06v0:1864 vs. GRADIENT_NAV2:_core/GRADIENT2:3/COMP:5/bias:1/nfet_06v0:M9:
Property W'nrs in circuit2 has no matching property in circuit1
nfet_06v0:1864 vs. GRADIENT_NAV2:_core/GRADIENT2:3/COMP:5/bias:1/nfet_06v0:M9:
Property 0.18u)'nrd in circuit2 has no matching property in circuit1
nfet_06v0:1864 vs. GRADIENT_NAV2:_core/GRADIENT2:3/COMP:5/bias:1/nfet_06v0:M9:
Property 0.18u)'ps in circuit2 has no matching property in circuit1
nfet_06v0:155 vs. GRADIENT_NAV2:_core/GRADIENT2:4/COMP:5/bias:1/nfet_06v0:M9:
Property W'nrs in circuit2 has no matching property in circuit1
nfet_06v0:155 vs. GRADIENT_NAV2:_core/GRADIENT2:4/COMP:5/bias:1/nfet_06v0:M9:
Property 0.18u)'nrd in circuit2 has no matching property in circuit1
nfet_06v0:155 vs. GRADIENT_NAV2:_core/GRADIENT2:4/COMP:5/bias:1/nfet_06v0:M9:
Property 0.18u)'ps in circuit2 has no matching property in circuit1
nfet_06v0:1548 vs. GRADIENT_NAV2:_core/GRADIENT2:1/OPAM_LIN:2/bias:1/nfet_06v0:M9:
Property W'nrs in circuit2 has no matching property in circuit1
nfet_06v0:1548 vs. GRADIENT_NAV2:_core/GRADIENT2:1/OPAM_LIN:2/bias:1/nfet_06v0:M9:
Property 0.18u)'nrd in circuit2 has no matching property in circuit1
nfet_06v0:1548 vs. GRADIENT_NAV2:_core/GRADIENT2:1/OPAM_LIN:2/bias:1/nfet_06v0:M9:
Property 0.18u)'ps in circuit2 has no matching property in circuit1
nfet_06v0:1613 vs. GRADIENT_NAV2:_core/GRADIENT2:2/OPAM_LIN:2/bias:1/nfet_06v0:M9:
Property W'nrs in circuit2 has no matching property in circuit1
nfet_06v0:1613 vs. GRADIENT_NAV2:_core/GRADIENT2:2/OPAM_LIN:2/bias:1/nfet_06v0:M9:
Property 0.18u)'nrd in circuit2 has no matching property in circuit1
nfet_06v0:1613 vs. GRADIENT_NAV2:_core/GRADIENT2:2/OPAM_LIN:2/bias:1/nfet_06v0:M9:
Property 0.18u)'ps in circuit2 has no matching property in circuit1
nfet_06v0:551 vs. GRADIENT_NAV2:_core/GRADIENT2:3/OPAM_LIN:2/bias:1/nfet_06v0:M9:
Property W'nrs in circuit2 has no matching property in circuit1
nfet_06v0:551 vs. GRADIENT_NAV2:_core/GRADIENT2:3/OPAM_LIN:2/bias:1/nfet_06v0:M9:
Property 0.18u)'nrd in circuit2 has no matching property in circuit1
nfet_06v0:551 vs. GRADIENT_NAV2:_core/GRADIENT2:3/OPAM_LIN:2/bias:1/nfet_06v0:M9:
Property 0.18u)'ps in circuit2 has no matching property in circuit1
nfet_06v0:757 vs. GRADIENT_NAV2:_core/GRADIENT2:4/OPAM_LIN:2/bias:1/nfet_06v0:M9:
Property W'nrs in circuit2 has no matching property in circuit1
nfet_06v0:757 vs. GRADIENT_NAV2:_core/GRADIENT2:4/OPAM_LIN:2/bias:1/nfet_06v0:M9:
Property 0.18u)'nrd in circuit2 has no matching property in circuit1
nfet_06v0:757 vs. GRADIENT_NAV2:_core/GRADIENT2:4/OPAM_LIN:2/bias:1/nfet_06v0:M9:
Property 0.18u)'ps in circuit2 has no matching property in circuit1
nfet_06v0:776 vs. GRADIENT_NAV2:_core/GRADIENT2:1/OPAM_LIN:8/bias:1/nfet_06v0:M9:
Property W'nrs in circuit2 has no matching property in circuit1
nfet_06v0:776 vs. GRADIENT_NAV2:_core/GRADIENT2:1/OPAM_LIN:8/bias:1/nfet_06v0:M9:
Property 0.18u)'nrd in circuit2 has no matching property in circuit1
nfet_06v0:776 vs. GRADIENT_NAV2:_core/GRADIENT2:1/OPAM_LIN:8/bias:1/nfet_06v0:M9:
Property 0.18u)'ps in circuit2 has no matching property in circuit1
nfet_06v0:800 vs. GRADIENT_NAV2:_core/GRADIENT2:2/OPAM_LIN:8/bias:1/nfet_06v0:M9:
Property W'nrs in circuit2 has no matching property in circuit1
nfet_06v0:800 vs. GRADIENT_NAV2:_core/GRADIENT2:2/OPAM_LIN:8/bias:1/nfet_06v0:M9:
Property 0.18u)'nrd in circuit2 has no matching property in circuit1
nfet_06v0:800 vs. GRADIENT_NAV2:_core/GRADIENT2:2/OPAM_LIN:8/bias:1/nfet_06v0:M9:
Property 0.18u)'ps in circuit2 has no matching property in circuit1
nfet_06v0:378 vs. GRADIENT_NAV2:_core/GRADIENT2:3/OPAM_LIN:8/bias:1/nfet_06v0:M9:
Property W'nrs in circuit2 has no matching property in circuit1
nfet_06v0:378 vs. GRADIENT_NAV2:_core/GRADIENT2:3/OPAM_LIN:8/bias:1/nfet_06v0:M9:
Property 0.18u)'nrd in circuit2 has no matching property in circuit1
nfet_06v0:378 vs. GRADIENT_NAV2:_core/GRADIENT2:3/OPAM_LIN:8/bias:1/nfet_06v0:M9:
Property 0.18u)'ps in circuit2 has no matching property in circuit1
nfet_06v0:1288 vs. GRADIENT_NAV2:_core/GRADIENT2:4/OPAM_LIN:8/bias:1/nfet_06v0:M9:
Property W'nrs in circuit2 has no matching property in circuit1
nfet_06v0:1288 vs. GRADIENT_NAV2:_core/GRADIENT2:4/OPAM_LIN:8/bias:1/nfet_06v0:M9:
Property 0.18u)'nrd in circuit2 has no matching property in circuit1
nfet_06v0:1288 vs. GRADIENT_NAV2:_core/GRADIENT2:4/OPAM_LIN:8/bias:1/nfet_06v0:M9:
Property 0.18u)'ps in circuit2 has no matching property in circuit1
nfet_06v0:402 vs. GRADIENT_NAV2:_core/GRADIENT2:1/OPAM_LIN:1/bias:1/nfet_06v0:M9:
Property W'nrs in circuit2 has no matching property in circuit1
nfet_06v0:402 vs. GRADIENT_NAV2:_core/GRADIENT2:1/OPAM_LIN:1/bias:1/nfet_06v0:M9:
Property 0.18u)'nrd in circuit2 has no matching property in circuit1
nfet_06v0:402 vs. GRADIENT_NAV2:_core/GRADIENT2:1/OPAM_LIN:1/bias:1/nfet_06v0:M9:
Property 0.18u)'ps in circuit2 has no matching property in circuit1
nfet_06v0:1311 vs. GRADIENT_NAV2:_core/GRADIENT2:2/OPAM_LIN:1/bias:1/nfet_06v0:M9:
Property W'nrs in circuit2 has no matching property in circuit1
nfet_06v0:1311 vs. GRADIENT_NAV2:_core/GRADIENT2:2/OPAM_LIN:1/bias:1/nfet_06v0:M9:
Property 0.18u)'nrd in circuit2 has no matching property in circuit1
nfet_06v0:1311 vs. GRADIENT_NAV2:_core/GRADIENT2:2/OPAM_LIN:1/bias:1/nfet_06v0:M9:
Property 0.18u)'ps in circuit2 has no matching property in circuit1
nfet_06v0:4 vs. GRADIENT_NAV2:_core/GRADIENT2:3/OPAM_LIN:1/bias:1/nfet_06v0:M9:
Property W'nrs in circuit2 has no matching property in circuit1
nfet_06v0:4 vs. GRADIENT_NAV2:_core/GRADIENT2:3/OPAM_LIN:1/bias:1/nfet_06v0:M9:
Property 0.18u)'nrd in circuit2 has no matching property in circuit1
nfet_06v0:4 vs. GRADIENT_NAV2:_core/GRADIENT2:3/OPAM_LIN:1/bias:1/nfet_06v0:M9:
Property 0.18u)'ps in circuit2 has no matching property in circuit1
nfet_06v0:1524 vs. GRADIENT_NAV2:_core/GRADIENT2:4/OPAM_LIN:1/bias:1/nfet_06v0:M9:
Property W'nrs in circuit2 has no matching property in circuit1
nfet_06v0:1524 vs. GRADIENT_NAV2:_core/GRADIENT2:4/OPAM_LIN:1/bias:1/nfet_06v0:M9:
Property 0.18u)'nrd in circuit2 has no matching property in circuit1
nfet_06v0:1524 vs. GRADIENT_NAV2:_core/GRADIENT2:4/OPAM_LIN:1/bias:1/nfet_06v0:M9:
Property 0.18u)'ps in circuit2 has no matching property in circuit1
nfet_06v0:609 vs. GRADIENT_NAV2:_core/GRADIENT2:1/OPAM_LIN:2/bias:1/nfet_06v0:M47:
Property W'nrs in circuit2 has no matching property in circuit1
nfet_06v0:609 vs. GRADIENT_NAV2:_core/GRADIENT2:1/OPAM_LIN:2/bias:1/nfet_06v0:M47:
Property 0.18u)'nrd in circuit2 has no matching property in circuit1
nfet_06v0:609 vs. GRADIENT_NAV2:_core/GRADIENT2:1/OPAM_LIN:2/bias:1/nfet_06v0:M47:
Property 0.18u)'ps in circuit2 has no matching property in circuit1
nfet_06v0:666 vs. GRADIENT_NAV2:_core/GRADIENT2:2/OPAM_LIN:2/bias:1/nfet_06v0:M47:
Property W'nrs in circuit2 has no matching property in circuit1
nfet_06v0:666 vs. GRADIENT_NAV2:_core/GRADIENT2:2/OPAM_LIN:2/bias:1/nfet_06v0:M47:
Property 0.18u)'nrd in circuit2 has no matching property in circuit1
nfet_06v0:666 vs. GRADIENT_NAV2:_core/GRADIENT2:2/OPAM_LIN:2/bias:1/nfet_06v0:M47:
Property 0.18u)'ps in circuit2 has no matching property in circuit1
nfet_06v0:1545 vs. GRADIENT_NAV2:_core/GRADIENT2:3/OPAM_LIN:2/bias:1/nfet_06v0:M47:
Property W'nrs in circuit2 has no matching property in circuit1
nfet_06v0:1545 vs. GRADIENT_NAV2:_core/GRADIENT2:3/OPAM_LIN:2/bias:1/nfet_06v0:M47:
Property 0.18u)'nrd in circuit2 has no matching property in circuit1
nfet_06v0:1545 vs. GRADIENT_NAV2:_core/GRADIENT2:3/OPAM_LIN:2/bias:1/nfet_06v0:M47:
Property 0.18u)'ps in circuit2 has no matching property in circuit1
nfet_06v0:929 vs. GRADIENT_NAV2:_core/GRADIENT2:4/OPAM_LIN:2/bias:1/nfet_06v0:M47:
Property W'nrs in circuit2 has no matching property in circuit1
nfet_06v0:929 vs. GRADIENT_NAV2:_core/GRADIENT2:4/OPAM_LIN:2/bias:1/nfet_06v0:M47:
Property 0.18u)'nrd in circuit2 has no matching property in circuit1
nfet_06v0:929 vs. GRADIENT_NAV2:_core/GRADIENT2:4/OPAM_LIN:2/bias:1/nfet_06v0:M47:
Property 0.18u)'ps in circuit2 has no matching property in circuit1
nfet_06v0:955 vs. GRADIENT_NAV2:_core/GRADIENT2:1/OPAM_LIN:8/bias:1/nfet_06v0:M47:
Property W'nrs in circuit2 has no matching property in circuit1
nfet_06v0:955 vs. GRADIENT_NAV2:_core/GRADIENT2:1/OPAM_LIN:8/bias:1/nfet_06v0:M47:
Property 0.18u)'nrd in circuit2 has no matching property in circuit1
nfet_06v0:955 vs. GRADIENT_NAV2:_core/GRADIENT2:1/OPAM_LIN:8/bias:1/nfet_06v0:M47:
Property 0.18u)'ps in circuit2 has no matching property in circuit1
nfet_06v0:1802 vs. GRADIENT_NAV2:_core/GRADIENT2:2/OPAM_LIN:8/bias:1/nfet_06v0:M47:
Property W'nrs in circuit2 has no matching property in circuit1
nfet_06v0:1802 vs. GRADIENT_NAV2:_core/GRADIENT2:2/OPAM_LIN:8/bias:1/nfet_06v0:M47:
Property 0.18u)'nrd in circuit2 has no matching property in circuit1
nfet_06v0:1802 vs. GRADIENT_NAV2:_core/GRADIENT2:2/OPAM_LIN:8/bias:1/nfet_06v0:M47:
Property 0.18u)'ps in circuit2 has no matching property in circuit1
nfet_06v0:1410 vs. GRADIENT_NAV2:_core/GRADIENT2:3/OPAM_LIN:8/bias:1/nfet_06v0:M47:
Property W'nrs in circuit2 has no matching property in circuit1
nfet_06v0:1410 vs. GRADIENT_NAV2:_core/GRADIENT2:3/OPAM_LIN:8/bias:1/nfet_06v0:M47:
Property 0.18u)'nrd in circuit2 has no matching property in circuit1
nfet_06v0:1410 vs. GRADIENT_NAV2:_core/GRADIENT2:3/OPAM_LIN:8/bias:1/nfet_06v0:M47:
Property 0.18u)'ps in circuit2 has no matching property in circuit1
nfet_06v0:308 vs. GRADIENT_NAV2:_core/GRADIENT2:4/OPAM_LIN:8/bias:1/nfet_06v0:M47:
Property W'nrs in circuit2 has no matching property in circuit1
nfet_06v0:308 vs. GRADIENT_NAV2:_core/GRADIENT2:4/OPAM_LIN:8/bias:1/nfet_06v0:M47:
Property 0.18u)'nrd in circuit2 has no matching property in circuit1
nfet_06v0:308 vs. GRADIENT_NAV2:_core/GRADIENT2:4/OPAM_LIN:8/bias:1/nfet_06v0:M47:
Property 0.18u)'ps in circuit2 has no matching property in circuit1
nfet_06v0:1424 vs. GRADIENT_NAV2:_core/GRADIENT2:1/OPAM_LIN:1/bias:1/nfet_06v0:M47:
Property W'nrs in circuit2 has no matching property in circuit1
nfet_06v0:1424 vs. GRADIENT_NAV2:_core/GRADIENT2:1/OPAM_LIN:1/bias:1/nfet_06v0:M47:
Property 0.18u)'nrd in circuit2 has no matching property in circuit1
nfet_06v0:1424 vs. GRADIENT_NAV2:_core/GRADIENT2:1/OPAM_LIN:1/bias:1/nfet_06v0:M47:
Property 0.18u)'ps in circuit2 has no matching property in circuit1
nfet_06v0:328 vs. GRADIENT_NAV2:_core/GRADIENT2:2/OPAM_LIN:1/bias:1/nfet_06v0:M47:
Property W'nrs in circuit2 has no matching property in circuit1
nfet_06v0:328 vs. GRADIENT_NAV2:_core/GRADIENT2:2/OPAM_LIN:1/bias:1/nfet_06v0:M47:
Property 0.18u)'nrd in circuit2 has no matching property in circuit1
nfet_06v0:328 vs. GRADIENT_NAV2:_core/GRADIENT2:2/OPAM_LIN:1/bias:1/nfet_06v0:M47:
Property 0.18u)'ps in circuit2 has no matching property in circuit1
nfet_06v0:159 vs. GRADIENT_NAV2:_core/GRADIENT2:3/OPAM_LIN:1/bias:1/nfet_06v0:M47:
Property W'nrs in circuit2 has no matching property in circuit1
nfet_06v0:159 vs. GRADIENT_NAV2:_core/GRADIENT2:3/OPAM_LIN:1/bias:1/nfet_06v0:M47:
Property 0.18u)'nrd in circuit2 has no matching property in circuit1
nfet_06v0:159 vs. GRADIENT_NAV2:_core/GRADIENT2:3/OPAM_LIN:1/bias:1/nfet_06v0:M47:
Property 0.18u)'ps in circuit2 has no matching property in circuit1
nfet_06v0:587 vs. GRADIENT_NAV2:_core/GRADIENT2:4/OPAM_LIN:1/bias:1/nfet_06v0:M47:
Property W'nrs in circuit2 has no matching property in circuit1
nfet_06v0:587 vs. GRADIENT_NAV2:_core/GRADIENT2:4/OPAM_LIN:1/bias:1/nfet_06v0:M47:
Property 0.18u)'nrd in circuit2 has no matching property in circuit1
nfet_06v0:587 vs. GRADIENT_NAV2:_core/GRADIENT2:4/OPAM_LIN:1/bias:1/nfet_06v0:M47:
Property 0.18u)'ps in circuit2 has no matching property in circuit1
nfet_06v0:908 vs. GRADIENT_NAV2:_core/GRADIENT2:1/COMP:4/bias:1/nfet_06v0:M48:
Property W'nrs in circuit2 has no matching property in circuit1
nfet_06v0:908 vs. GRADIENT_NAV2:_core/GRADIENT2:1/COMP:4/bias:1/nfet_06v0:M48:
Property 0.18u)'nrd in circuit2 has no matching property in circuit1
nfet_06v0:908 vs. GRADIENT_NAV2:_core/GRADIENT2:1/COMP:4/bias:1/nfet_06v0:M48:
Property 0.18u)'ps in circuit2 has no matching property in circuit1
nfet_06v0:1180 vs. GRADIENT_NAV2:_core/GRADIENT2:2/COMP:4/bias:1/nfet_06v0:M48:
Property W'nrs in circuit2 has no matching property in circuit1
nfet_06v0:1180 vs. GRADIENT_NAV2:_core/GRADIENT2:2/COMP:4/bias:1/nfet_06v0:M48:
Property 0.18u)'nrd in circuit2 has no matching property in circuit1
nfet_06v0:1180 vs. GRADIENT_NAV2:_core/GRADIENT2:2/COMP:4/bias:1/nfet_06v0:M48:
Property 0.18u)'ps in circuit2 has no matching property in circuit1
nfet_06v0:277 vs. GRADIENT_NAV2:_core/GRADIENT2:3/COMP:4/bias:1/nfet_06v0:M48:
Property W'nrs in circuit2 has no matching property in circuit1
nfet_06v0:277 vs. GRADIENT_NAV2:_core/GRADIENT2:3/COMP:4/bias:1/nfet_06v0:M48:
Property 0.18u)'nrd in circuit2 has no matching property in circuit1
nfet_06v0:277 vs. GRADIENT_NAV2:_core/GRADIENT2:3/COMP:4/bias:1/nfet_06v0:M48:
Property 0.18u)'ps in circuit2 has no matching property in circuit1
nfet_06v0:600 vs. GRADIENT_NAV2:_core/GRADIENT2:4/COMP:4/bias:1/nfet_06v0:M48:
Property W'nrs in circuit2 has no matching property in circuit1
nfet_06v0:600 vs. GRADIENT_NAV2:_core/GRADIENT2:4/COMP:4/bias:1/nfet_06v0:M48:
Property 0.18u)'nrd in circuit2 has no matching property in circuit1
nfet_06v0:600 vs. GRADIENT_NAV2:_core/GRADIENT2:4/COMP:4/bias:1/nfet_06v0:M48:
Property 0.18u)'ps in circuit2 has no matching property in circuit1
nfet_06v0:163 vs. GRADIENT_NAV2:_core/GRADIENT2:1/COMP:5/bias:1/nfet_06v0:M48:
Property W'nrs in circuit2 has no matching property in circuit1
nfet_06v0:163 vs. GRADIENT_NAV2:_core/GRADIENT2:1/COMP:5/bias:1/nfet_06v0:M48:
Property 0.18u)'nrd in circuit2 has no matching property in circuit1
nfet_06v0:163 vs. GRADIENT_NAV2:_core/GRADIENT2:1/COMP:5/bias:1/nfet_06v0:M48:
Property 0.18u)'ps in circuit2 has no matching property in circuit1
nfet_06v0:469 vs. GRADIENT_NAV2:_core/GRADIENT2:2/COMP:5/bias:1/nfet_06v0:M48:
Property W'nrs in circuit2 has no matching property in circuit1
nfet_06v0:469 vs. GRADIENT_NAV2:_core/GRADIENT2:2/COMP:5/bias:1/nfet_06v0:M48:
Property 0.18u)'nrd in circuit2 has no matching property in circuit1
nfet_06v0:469 vs. GRADIENT_NAV2:_core/GRADIENT2:2/COMP:5/bias:1/nfet_06v0:M48:
Property 0.18u)'ps in circuit2 has no matching property in circuit1
nfet_06v0:1552 vs. GRADIENT_NAV2:_core/GRADIENT2:3/COMP:5/bias:1/nfet_06v0:M48:
Property W'nrs in circuit2 has no matching property in circuit1
nfet_06v0:1552 vs. GRADIENT_NAV2:_core/GRADIENT2:3/COMP:5/bias:1/nfet_06v0:M48:
Property 0.18u)'nrd in circuit2 has no matching property in circuit1
nfet_06v0:1552 vs. GRADIENT_NAV2:_core/GRADIENT2:3/COMP:5/bias:1/nfet_06v0:M48:
Property 0.18u)'ps in circuit2 has no matching property in circuit1
nfet_06v0:1844 vs. GRADIENT_NAV2:_core/GRADIENT2:4/COMP:5/bias:1/nfet_06v0:M48:
Property W'nrs in circuit2 has no matching property in circuit1
nfet_06v0:1844 vs. GRADIENT_NAV2:_core/GRADIENT2:4/COMP:5/bias:1/nfet_06v0:M48:
Property 0.18u)'nrd in circuit2 has no matching property in circuit1
nfet_06v0:1844 vs. GRADIENT_NAV2:_core/GRADIENT2:4/COMP:5/bias:1/nfet_06v0:M48:
Property 0.18u)'ps in circuit2 has no matching property in circuit1
nfet_06v0:480 vs. GRADIENT_NAV2:_core/GRADIENT2:1/COMP:6/bias:1/nfet_06v0:M48:
Property W'nrs in circuit2 has no matching property in circuit1
nfet_06v0:480 vs. GRADIENT_NAV2:_core/GRADIENT2:1/COMP:6/bias:1/nfet_06v0:M48:
Property 0.18u)'nrd in circuit2 has no matching property in circuit1
nfet_06v0:480 vs. GRADIENT_NAV2:_core/GRADIENT2:1/COMP:6/bias:1/nfet_06v0:M48:
Property 0.18u)'ps in circuit2 has no matching property in circuit1
nfet_06v0:761 vs. GRADIENT_NAV2:_core/GRADIENT2:2/COMP:6/bias:1/nfet_06v0:M48:
Property W'nrs in circuit2 has no matching property in circuit1
nfet_06v0:761 vs. GRADIENT_NAV2:_core/GRADIENT2:2/COMP:6/bias:1/nfet_06v0:M48:
Property 0.18u)'nrd in circuit2 has no matching property in circuit1
nfet_06v0:761 vs. GRADIENT_NAV2:_core/GRADIENT2:2/COMP:6/bias:1/nfet_06v0:M48:
Property 0.18u)'ps in circuit2 has no matching property in circuit1
nfet_06v0:1853 vs. GRADIENT_NAV2:_core/GRADIENT2:3/COMP:6/bias:1/nfet_06v0:M48:
Property W'nrs in circuit2 has no matching property in circuit1
nfet_06v0:1853 vs. GRADIENT_NAV2:_core/GRADIENT2:3/COMP:6/bias:1/nfet_06v0:M48:
Property 0.18u)'nrd in circuit2 has no matching property in circuit1
nfet_06v0:1853 vs. GRADIENT_NAV2:_core/GRADIENT2:3/COMP:6/bias:1/nfet_06v0:M48:
Property 0.18u)'ps in circuit2 has no matching property in circuit1
nfet_06v0:138 vs. GRADIENT_NAV2:_core/GRADIENT2:4/COMP:6/bias:1/nfet_06v0:M48:
Property W'nrs in circuit2 has no matching property in circuit1
nfet_06v0:138 vs. GRADIENT_NAV2:_core/GRADIENT2:4/COMP:6/bias:1/nfet_06v0:M48:
Property 0.18u)'nrd in circuit2 has no matching property in circuit1
nfet_06v0:138 vs. GRADIENT_NAV2:_core/GRADIENT2:4/COMP:6/bias:1/nfet_06v0:M48:
Property 0.18u)'ps in circuit2 has no matching property in circuit1
nfet_06v0:1242 vs. GRADIENT_NAV2:_core/GRADIENT2:1/OPAM_LIN:2/bias:1/nfet_06v0:M48:
Property W'nrs in circuit2 has no matching property in circuit1
nfet_06v0:1242 vs. GRADIENT_NAV2:_core/GRADIENT2:1/OPAM_LIN:2/bias:1/nfet_06v0:M48:
Property 0.18u)'nrd in circuit2 has no matching property in circuit1
nfet_06v0:1242 vs. GRADIENT_NAV2:_core/GRADIENT2:1/OPAM_LIN:2/bias:1/nfet_06v0:M48:
Property 0.18u)'ps in circuit2 has no matching property in circuit1
nfet_06v0:1322 vs. GRADIENT_NAV2:_core/GRADIENT2:2/OPAM_LIN:2/bias:1/nfet_06v0:M48:
Property W'nrs in circuit2 has no matching property in circuit1
nfet_06v0:1322 vs. GRADIENT_NAV2:_core/GRADIENT2:2/OPAM_LIN:2/bias:1/nfet_06v0:M48:
Property 0.18u)'nrd in circuit2 has no matching property in circuit1
nfet_06v0:1322 vs. GRADIENT_NAV2:_core/GRADIENT2:2/OPAM_LIN:2/bias:1/nfet_06v0:M48:
Property 0.18u)'ps in circuit2 has no matching property in circuit1
nfet_06v0:218 vs. GRADIENT_NAV2:_core/GRADIENT2:3/OPAM_LIN:2/bias:1/nfet_06v0:M48:
Property W'nrs in circuit2 has no matching property in circuit1
nfet_06v0:218 vs. GRADIENT_NAV2:_core/GRADIENT2:3/OPAM_LIN:2/bias:1/nfet_06v0:M48:
Property 0.18u)'nrd in circuit2 has no matching property in circuit1
nfet_06v0:218 vs. GRADIENT_NAV2:_core/GRADIENT2:3/OPAM_LIN:2/bias:1/nfet_06v0:M48:
Property 0.18u)'ps in circuit2 has no matching property in circuit1
nfet_06v0:448 vs. GRADIENT_NAV2:_core/GRADIENT2:4/OPAM_LIN:2/bias:1/nfet_06v0:M48:
Property W'nrs in circuit2 has no matching property in circuit1
nfet_06v0:448 vs. GRADIENT_NAV2:_core/GRADIENT2:4/OPAM_LIN:2/bias:1/nfet_06v0:M48:
Property 0.18u)'nrd in circuit2 has no matching property in circuit1
nfet_06v0:448 vs. GRADIENT_NAV2:_core/GRADIENT2:4/OPAM_LIN:2/bias:1/nfet_06v0:M48:
Property 0.18u)'ps in circuit2 has no matching property in circuit1
nfet_06v0:100 vs. GRADIENT_NAV2:_core/GRADIENT2:1/OPAM_LIN:1/bias:1/nfet_06v0:M48:
Property W'nrs in circuit2 has no matching property in circuit1
nfet_06v0:100 vs. GRADIENT_NAV2:_core/GRADIENT2:1/OPAM_LIN:1/bias:1/nfet_06v0:M48:
Property 0.18u)'nrd in circuit2 has no matching property in circuit1
nfet_06v0:100 vs. GRADIENT_NAV2:_core/GRADIENT2:1/OPAM_LIN:1/bias:1/nfet_06v0:M48:
Property 0.18u)'ps in circuit2 has no matching property in circuit1
nfet_06v0:1009 vs. GRADIENT_NAV2:_core/GRADIENT2:2/OPAM_LIN:1/bias:1/nfet_06v0:M48:
Property W'nrs in circuit2 has no matching property in circuit1
nfet_06v0:1009 vs. GRADIENT_NAV2:_core/GRADIENT2:2/OPAM_LIN:1/bias:1/nfet_06v0:M48:
Property 0.18u)'nrd in circuit2 has no matching property in circuit1
nfet_06v0:1009 vs. GRADIENT_NAV2:_core/GRADIENT2:2/OPAM_LIN:1/bias:1/nfet_06v0:M48:
Property 0.18u)'ps in circuit2 has no matching property in circuit1
nfet_06v0:1672 vs. GRADIENT_NAV2:_core/GRADIENT2:3/OPAM_LIN:1/bias:1/nfet_06v0:M48:
Property W'nrs in circuit2 has no matching property in circuit1
nfet_06v0:1672 vs. GRADIENT_NAV2:_core/GRADIENT2:3/OPAM_LIN:1/bias:1/nfet_06v0:M48:
Property 0.18u)'nrd in circuit2 has no matching property in circuit1
nfet_06v0:1672 vs. GRADIENT_NAV2:_core/GRADIENT2:3/OPAM_LIN:1/bias:1/nfet_06v0:M48:
Property 0.18u)'ps in circuit2 has no matching property in circuit1
nfet_06v0:1229 vs. GRADIENT_NAV2:_core/GRADIENT2:4/OPAM_LIN:1/bias:1/nfet_06v0:M48:
Property W'nrs in circuit2 has no matching property in circuit1
nfet_06v0:1229 vs. GRADIENT_NAV2:_core/GRADIENT2:4/OPAM_LIN:1/bias:1/nfet_06v0:M48:
Property 0.18u)'nrd in circuit2 has no matching property in circuit1
nfet_06v0:1229 vs. GRADIENT_NAV2:_core/GRADIENT2:4/OPAM_LIN:1/bias:1/nfet_06v0:M48:
Property 0.18u)'ps in circuit2 has no matching property in circuit1
nfet_06v0:472 vs. GRADIENT_NAV2:_core/GRADIENT2:1/OPAM_LIN:8/bias:1/nfet_06v0:M48:
Property W'nrs in circuit2 has no matching property in circuit1
nfet_06v0:472 vs. GRADIENT_NAV2:_core/GRADIENT2:1/OPAM_LIN:8/bias:1/nfet_06v0:M48:
Property 0.18u)'nrd in circuit2 has no matching property in circuit1
nfet_06v0:472 vs. GRADIENT_NAV2:_core/GRADIENT2:1/OPAM_LIN:8/bias:1/nfet_06v0:M48:
Property 0.18u)'ps in circuit2 has no matching property in circuit1
nfet_06v0:483 vs. GRADIENT_NAV2:_core/GRADIENT2:2/OPAM_LIN:8/bias:1/nfet_06v0:M48:
Property W'nrs in circuit2 has no matching property in circuit1
nfet_06v0:483 vs. GRADIENT_NAV2:_core/GRADIENT2:2/OPAM_LIN:8/bias:1/nfet_06v0:M48:
Property 0.18u)'nrd in circuit2 has no matching property in circuit1
nfet_06v0:483 vs. GRADIENT_NAV2:_core/GRADIENT2:2/OPAM_LIN:8/bias:1/nfet_06v0:M48:
Property 0.18u)'ps in circuit2 has no matching property in circuit1
nfet_06v0:82 vs. GRADIENT_NAV2:_core/GRADIENT2:3/OPAM_LIN:8/bias:1/nfet_06v0:M48:
Property W'nrs in circuit2 has no matching property in circuit1
nfet_06v0:82 vs. GRADIENT_NAV2:_core/GRADIENT2:3/OPAM_LIN:8/bias:1/nfet_06v0:M48:
Property 0.18u)'nrd in circuit2 has no matching property in circuit1
nfet_06v0:82 vs. GRADIENT_NAV2:_core/GRADIENT2:3/OPAM_LIN:8/bias:1/nfet_06v0:M48:
Property 0.18u)'ps in circuit2 has no matching property in circuit1
nfet_06v0:995 vs. GRADIENT_NAV2:_core/GRADIENT2:4/OPAM_LIN:8/bias:1/nfet_06v0:M48:
Property W'nrs in circuit2 has no matching property in circuit1
nfet_06v0:995 vs. GRADIENT_NAV2:_core/GRADIENT2:4/OPAM_LIN:8/bias:1/nfet_06v0:M48:
Property 0.18u)'nrd in circuit2 has no matching property in circuit1
nfet_06v0:995 vs. GRADIENT_NAV2:_core/GRADIENT2:4/OPAM_LIN:8/bias:1/nfet_06v0:M48:
Property 0.18u)'ps in circuit2 has no matching property in circuit1
nfet_06v0:1569 vs. GRADIENT_NAV2:_core/GRADIENT2:1/COMP:6/bias:1/nfet_06v0:M47:
Property W'nrs in circuit2 has no matching property in circuit1
nfet_06v0:1569 vs. GRADIENT_NAV2:_core/GRADIENT2:1/COMP:6/bias:1/nfet_06v0:M47:
Property 0.18u)'nrd in circuit2 has no matching property in circuit1
nfet_06v0:1569 vs. GRADIENT_NAV2:_core/GRADIENT2:1/COMP:6/bias:1/nfet_06v0:M47:
Property 0.18u)'ps in circuit2 has no matching property in circuit1
nfet_06v0:1855 vs. GRADIENT_NAV2:_core/GRADIENT2:2/COMP:6/bias:1/nfet_06v0:M47:
Property W'nrs in circuit2 has no matching property in circuit1
nfet_06v0:1855 vs. GRADIENT_NAV2:_core/GRADIENT2:2/COMP:6/bias:1/nfet_06v0:M47:
Property 0.18u)'nrd in circuit2 has no matching property in circuit1
nfet_06v0:1855 vs. GRADIENT_NAV2:_core/GRADIENT2:2/COMP:6/bias:1/nfet_06v0:M47:
Property 0.18u)'ps in circuit2 has no matching property in circuit1
nfet_06v0:994 vs. GRADIENT_NAV2:_core/GRADIENT2:3/COMP:6/bias:1/nfet_06v0:M47:
Property W'nrs in circuit2 has no matching property in circuit1
nfet_06v0:994 vs. GRADIENT_NAV2:_core/GRADIENT2:3/COMP:6/bias:1/nfet_06v0:M47:
Property 0.18u)'nrd in circuit2 has no matching property in circuit1
nfet_06v0:994 vs. GRADIENT_NAV2:_core/GRADIENT2:3/COMP:6/bias:1/nfet_06v0:M47:
Property 0.18u)'ps in circuit2 has no matching property in circuit1
nfet_06v0:1253 vs. GRADIENT_NAV2:_core/GRADIENT2:4/COMP:6/bias:1/nfet_06v0:M47:
Property W'nrs in circuit2 has no matching property in circuit1
nfet_06v0:1253 vs. GRADIENT_NAV2:_core/GRADIENT2:4/COMP:6/bias:1/nfet_06v0:M47:
Property 0.18u)'nrd in circuit2 has no matching property in circuit1
nfet_06v0:1253 vs. GRADIENT_NAV2:_core/GRADIENT2:4/COMP:6/bias:1/nfet_06v0:M47:
Property 0.18u)'ps in circuit2 has no matching property in circuit1
nfet_06v0:1493 vs. GRADIENT_NAV2:_core/GRADIENT2:1/COMP:5/bias:1/nfet_06v0:M47:
Property W'nrs in circuit2 has no matching property in circuit1
nfet_06v0:1493 vs. GRADIENT_NAV2:_core/GRADIENT2:1/COMP:5/bias:1/nfet_06v0:M47:
Property 0.18u)'nrd in circuit2 has no matching property in circuit1
nfet_06v0:1493 vs. GRADIENT_NAV2:_core/GRADIENT2:1/COMP:5/bias:1/nfet_06v0:M47:
Property 0.18u)'ps in circuit2 has no matching property in circuit1
nfet_06v0:1781 vs. GRADIENT_NAV2:_core/GRADIENT2:2/COMP:5/bias:1/nfet_06v0:M47:
Property W'nrs in circuit2 has no matching property in circuit1
nfet_06v0:1781 vs. GRADIENT_NAV2:_core/GRADIENT2:2/COMP:5/bias:1/nfet_06v0:M47:
Property 0.18u)'nrd in circuit2 has no matching property in circuit1
nfet_06v0:1781 vs. GRADIENT_NAV2:_core/GRADIENT2:2/COMP:5/bias:1/nfet_06v0:M47:
Property 0.18u)'ps in circuit2 has no matching property in circuit1
nfet_06v0:910 vs. GRADIENT_NAV2:_core/GRADIENT2:3/COMP:5/bias:1/nfet_06v0:M47:
Property W'nrs in circuit2 has no matching property in circuit1
nfet_06v0:910 vs. GRADIENT_NAV2:_core/GRADIENT2:3/COMP:5/bias:1/nfet_06v0:M47:
Property 0.18u)'nrd in circuit2 has no matching property in circuit1
nfet_06v0:910 vs. GRADIENT_NAV2:_core/GRADIENT2:3/COMP:5/bias:1/nfet_06v0:M47:
Property 0.18u)'ps in circuit2 has no matching property in circuit1
nfet_06v0:1184 vs. GRADIENT_NAV2:_core/GRADIENT2:4/COMP:5/bias:1/nfet_06v0:M47:
Property W'nrs in circuit2 has no matching property in circuit1
nfet_06v0:1184 vs. GRADIENT_NAV2:_core/GRADIENT2:4/COMP:5/bias:1/nfet_06v0:M47:
Property 0.18u)'nrd in circuit2 has no matching property in circuit1
nfet_06v0:1184 vs. GRADIENT_NAV2:_core/GRADIENT2:4/COMP:5/bias:1/nfet_06v0:M47:
Property 0.18u)'ps in circuit2 has no matching property in circuit1
nfet_06v0:18 vs. GRADIENT_NAV2:_core/GRADIENT2:1/COMP:4/bias:1/nfet_06v0:M47:
Property W'nrs in circuit2 has no matching property in circuit1
nfet_06v0:18 vs. GRADIENT_NAV2:_core/GRADIENT2:1/COMP:4/bias:1/nfet_06v0:M47:
Property 0.18u)'nrd in circuit2 has no matching property in circuit1
nfet_06v0:18 vs. GRADIENT_NAV2:_core/GRADIENT2:1/COMP:4/bias:1/nfet_06v0:M47:
Property 0.18u)'ps in circuit2 has no matching property in circuit1
nfet_06v0:285 vs. GRADIENT_NAV2:_core/GRADIENT2:2/COMP:4/bias:1/nfet_06v0:M47:
Property W'nrs in circuit2 has no matching property in circuit1
nfet_06v0:285 vs. GRADIENT_NAV2:_core/GRADIENT2:2/COMP:4/bias:1/nfet_06v0:M47:
Property 0.18u)'nrd in circuit2 has no matching property in circuit1
nfet_06v0:285 vs. GRADIENT_NAV2:_core/GRADIENT2:2/COMP:4/bias:1/nfet_06v0:M47:
Property 0.18u)'ps in circuit2 has no matching property in circuit1
nfet_06v0:1404 vs. GRADIENT_NAV2:_core/GRADIENT2:3/COMP:4/bias:1/nfet_06v0:M47:
Property W'nrs in circuit2 has no matching property in circuit1
nfet_06v0:1404 vs. GRADIENT_NAV2:_core/GRADIENT2:3/COMP:4/bias:1/nfet_06v0:M47:
Property 0.18u)'nrd in circuit2 has no matching property in circuit1
nfet_06v0:1404 vs. GRADIENT_NAV2:_core/GRADIENT2:3/COMP:4/bias:1/nfet_06v0:M47:
Property 0.18u)'ps in circuit2 has no matching property in circuit1
nfet_06v0:1677 vs. GRADIENT_NAV2:_core/GRADIENT2:4/COMP:4/bias:1/nfet_06v0:M47:
Property W'nrs in circuit2 has no matching property in circuit1
nfet_06v0:1677 vs. GRADIENT_NAV2:_core/GRADIENT2:4/COMP:4/bias:1/nfet_06v0:M47:
Property 0.18u)'nrd in circuit2 has no matching property in circuit1
nfet_06v0:1677 vs. GRADIENT_NAV2:_core/GRADIENT2:4/COMP:4/bias:1/nfet_06v0:M47:
Property 0.18u)'ps in circuit2 has no matching property in circuit1
nfet_06v0:1946 vs. GRADIENT_NAV2:_core/GRADIENT2:1/OPAM_LIN:1/bias:1/nfet_06v0:M49:
Property W'nrs in circuit2 has no matching property in circuit1
nfet_06v0:1946 vs. GRADIENT_NAV2:_core/GRADIENT2:1/OPAM_LIN:1/bias:1/nfet_06v0:M49:
Property 0.18u)'nrd in circuit2 has no matching property in circuit1
nfet_06v0:1946 vs. GRADIENT_NAV2:_core/GRADIENT2:1/OPAM_LIN:1/bias:1/nfet_06v0:M49:
Property 0.18u)'ps in circuit2 has no matching property in circuit1
nfet_06v0:874 vs. GRADIENT_NAV2:_core/GRADIENT2:2/OPAM_LIN:1/bias:1/nfet_06v0:M49:
Property W'nrs in circuit2 has no matching property in circuit1
nfet_06v0:874 vs. GRADIENT_NAV2:_core/GRADIENT2:2/OPAM_LIN:1/bias:1/nfet_06v0:M49:
Property 0.18u)'nrd in circuit2 has no matching property in circuit1
nfet_06v0:874 vs. GRADIENT_NAV2:_core/GRADIENT2:2/OPAM_LIN:1/bias:1/nfet_06v0:M49:
Property 0.18u)'ps in circuit2 has no matching property in circuit1
nfet_06v0:1530 vs. GRADIENT_NAV2:_core/GRADIENT2:3/OPAM_LIN:1/bias:1/nfet_06v0:M49:
Property W'nrs in circuit2 has no matching property in circuit1
nfet_06v0:1530 vs. GRADIENT_NAV2:_core/GRADIENT2:3/OPAM_LIN:1/bias:1/nfet_06v0:M49:
Property 0.18u)'nrd in circuit2 has no matching property in circuit1
nfet_06v0:1530 vs. GRADIENT_NAV2:_core/GRADIENT2:3/OPAM_LIN:1/bias:1/nfet_06v0:M49:
Property 0.18u)'ps in circuit2 has no matching property in circuit1
nfet_06v0:1935 vs. GRADIENT_NAV2:_core/GRADIENT2:4/OPAM_LIN:1/bias:1/nfet_06v0:M49:
Property W'nrs in circuit2 has no matching property in circuit1
nfet_06v0:1935 vs. GRADIENT_NAV2:_core/GRADIENT2:4/OPAM_LIN:1/bias:1/nfet_06v0:M49:
Property 0.18u)'nrd in circuit2 has no matching property in circuit1
nfet_06v0:1935 vs. GRADIENT_NAV2:_core/GRADIENT2:4/OPAM_LIN:1/bias:1/nfet_06v0:M49:
Property 0.18u)'ps in circuit2 has no matching property in circuit1
nfet_06v0:318 vs. GRADIENT_NAV2:_core/GRADIENT2:1/OPAM_LIN:8/bias:1/nfet_06v0:M49:
Property W'nrs in circuit2 has no matching property in circuit1
nfet_06v0:318 vs. GRADIENT_NAV2:_core/GRADIENT2:1/OPAM_LIN:8/bias:1/nfet_06v0:M49:
Property 0.18u)'nrd in circuit2 has no matching property in circuit1
nfet_06v0:318 vs. GRADIENT_NAV2:_core/GRADIENT2:1/OPAM_LIN:8/bias:1/nfet_06v0:M49:
Property 0.18u)'ps in circuit2 has no matching property in circuit1
nfet_06v0:1194 vs. GRADIENT_NAV2:_core/GRADIENT2:2/OPAM_LIN:8/bias:1/nfet_06v0:M49:
Property W'nrs in circuit2 has no matching property in circuit1
nfet_06v0:1194 vs. GRADIENT_NAV2:_core/GRADIENT2:2/OPAM_LIN:8/bias:1/nfet_06v0:M49:
Property 0.18u)'nrd in circuit2 has no matching property in circuit1
nfet_06v0:1194 vs. GRADIENT_NAV2:_core/GRADIENT2:2/OPAM_LIN:8/bias:1/nfet_06v0:M49:
Property 0.18u)'ps in circuit2 has no matching property in circuit1
nfet_06v0:1921 vs. GRADIENT_NAV2:_core/GRADIENT2:3/OPAM_LIN:8/bias:1/nfet_06v0:M49:
Property W'nrs in circuit2 has no matching property in circuit1
nfet_06v0:1921 vs. GRADIENT_NAV2:_core/GRADIENT2:3/OPAM_LIN:8/bias:1/nfet_06v0:M49:
Property 0.18u)'nrd in circuit2 has no matching property in circuit1
nfet_06v0:1921 vs. GRADIENT_NAV2:_core/GRADIENT2:3/OPAM_LIN:8/bias:1/nfet_06v0:M49:
Property 0.18u)'ps in circuit2 has no matching property in circuit1
nfet_06v0:854 vs. GRADIENT_NAV2:_core/GRADIENT2:4/OPAM_LIN:8/bias:1/nfet_06v0:M49:
Property W'nrs in circuit2 has no matching property in circuit1
nfet_06v0:854 vs. GRADIENT_NAV2:_core/GRADIENT2:4/OPAM_LIN:8/bias:1/nfet_06v0:M49:
Property 0.18u)'nrd in circuit2 has no matching property in circuit1
nfet_06v0:854 vs. GRADIENT_NAV2:_core/GRADIENT2:4/OPAM_LIN:8/bias:1/nfet_06v0:M49:
Property 0.18u)'ps in circuit2 has no matching property in circuit1
nfet_06v0:1961 vs. GRADIENT_NAV2:_core/GRADIENT2:1/OPAM_LIN:2/bias:1/nfet_06v0:M49:
Property W'nrs in circuit2 has no matching property in circuit1
nfet_06v0:1961 vs. GRADIENT_NAV2:_core/GRADIENT2:1/OPAM_LIN:2/bias:1/nfet_06v0:M49:
Property 0.18u)'nrd in circuit2 has no matching property in circuit1
nfet_06v0:1961 vs. GRADIENT_NAV2:_core/GRADIENT2:1/OPAM_LIN:2/bias:1/nfet_06v0:M49:
Property 0.18u)'ps in circuit2 has no matching property in circuit1
nfet_06v0:1177 vs. GRADIENT_NAV2:_core/GRADIENT2:2/OPAM_LIN:2/bias:1/nfet_06v0:M49:
Property W'nrs in circuit2 has no matching property in circuit1
nfet_06v0:1177 vs. GRADIENT_NAV2:_core/GRADIENT2:2/OPAM_LIN:2/bias:1/nfet_06v0:M49:
Property 0.18u)'nrd in circuit2 has no matching property in circuit1
nfet_06v0:1177 vs. GRADIENT_NAV2:_core/GRADIENT2:2/OPAM_LIN:2/bias:1/nfet_06v0:M49:
Property 0.18u)'ps in circuit2 has no matching property in circuit1
nfet_06v0:97 vs. GRADIENT_NAV2:_core/GRADIENT2:3/OPAM_LIN:2/bias:1/nfet_06v0:M49:
Property W'nrs in circuit2 has no matching property in circuit1
nfet_06v0:97 vs. GRADIENT_NAV2:_core/GRADIENT2:3/OPAM_LIN:2/bias:1/nfet_06v0:M49:
Property 0.18u)'nrd in circuit2 has no matching property in circuit1
nfet_06v0:97 vs. GRADIENT_NAV2:_core/GRADIENT2:3/OPAM_LIN:2/bias:1/nfet_06v0:M49:
Property 0.18u)'ps in circuit2 has no matching property in circuit1
nfet_06v0:299 vs. GRADIENT_NAV2:_core/GRADIENT2:4/OPAM_LIN:2/bias:1/nfet_06v0:M49:
Property W'nrs in circuit2 has no matching property in circuit1
nfet_06v0:299 vs. GRADIENT_NAV2:_core/GRADIENT2:4/OPAM_LIN:2/bias:1/nfet_06v0:M49:
Property 0.18u)'nrd in circuit2 has no matching property in circuit1
nfet_06v0:299 vs. GRADIENT_NAV2:_core/GRADIENT2:4/OPAM_LIN:2/bias:1/nfet_06v0:M49:
Property 0.18u)'ps in circuit2 has no matching property in circuit1
nfet_06v0:770 vs. GRADIENT_NAV2:_core/GRADIENT2:1/COMP:4/bias:1/nfet_06v0:M49:
Property W'nrs in circuit2 has no matching property in circuit1
nfet_06v0:770 vs. GRADIENT_NAV2:_core/GRADIENT2:1/COMP:4/bias:1/nfet_06v0:M49:
Property 0.18u)'nrd in circuit2 has no matching property in circuit1
nfet_06v0:770 vs. GRADIENT_NAV2:_core/GRADIENT2:1/COMP:4/bias:1/nfet_06v0:M49:
Property 0.18u)'ps in circuit2 has no matching property in circuit1
nfet_06v0:1050 vs. GRADIENT_NAV2:_core/GRADIENT2:2/COMP:4/bias:1/nfet_06v0:M49:
Property W'nrs in circuit2 has no matching property in circuit1
nfet_06v0:1050 vs. GRADIENT_NAV2:_core/GRADIENT2:2/COMP:4/bias:1/nfet_06v0:M49:
Property 0.18u)'nrd in circuit2 has no matching property in circuit1
nfet_06v0:1050 vs. GRADIENT_NAV2:_core/GRADIENT2:2/COMP:4/bias:1/nfet_06v0:M49:
Property 0.18u)'ps in circuit2 has no matching property in circuit1
nfet_06v0:149 vs. GRADIENT_NAV2:_core/GRADIENT2:3/COMP:4/bias:1/nfet_06v0:M49:
Property W'nrs in circuit2 has no matching property in circuit1
nfet_06v0:149 vs. GRADIENT_NAV2:_core/GRADIENT2:3/COMP:4/bias:1/nfet_06v0:M49:
Property 0.18u)'nrd in circuit2 has no matching property in circuit1
nfet_06v0:149 vs. GRADIENT_NAV2:_core/GRADIENT2:3/COMP:4/bias:1/nfet_06v0:M49:
Property 0.18u)'ps in circuit2 has no matching property in circuit1
nfet_06v0:451 vs. GRADIENT_NAV2:_core/GRADIENT2:4/COMP:4/bias:1/nfet_06v0:M49:
Property W'nrs in circuit2 has no matching property in circuit1
nfet_06v0:451 vs. GRADIENT_NAV2:_core/GRADIENT2:4/COMP:4/bias:1/nfet_06v0:M49:
Property 0.18u)'nrd in circuit2 has no matching property in circuit1
nfet_06v0:451 vs. GRADIENT_NAV2:_core/GRADIENT2:4/COMP:4/bias:1/nfet_06v0:M49:
Property 0.18u)'ps in circuit2 has no matching property in circuit1
nfet_06v0:51 vs. GRADIENT_NAV2:_core/GRADIENT2:1/COMP:5/bias:1/nfet_06v0:M49:
Property W'nrs in circuit2 has no matching property in circuit1
nfet_06v0:51 vs. GRADIENT_NAV2:_core/GRADIENT2:1/COMP:5/bias:1/nfet_06v0:M49:
Property 0.18u)'nrd in circuit2 has no matching property in circuit1
nfet_06v0:51 vs. GRADIENT_NAV2:_core/GRADIENT2:1/COMP:5/bias:1/nfet_06v0:M49:
Property 0.18u)'ps in circuit2 has no matching property in circuit1
nfet_06v0:316 vs. GRADIENT_NAV2:_core/GRADIENT2:2/COMP:5/bias:1/nfet_06v0:M49:
Property W'nrs in circuit2 has no matching property in circuit1
nfet_06v0:316 vs. GRADIENT_NAV2:_core/GRADIENT2:2/COMP:5/bias:1/nfet_06v0:M49:
Property 0.18u)'nrd in circuit2 has no matching property in circuit1
nfet_06v0:316 vs. GRADIENT_NAV2:_core/GRADIENT2:2/COMP:5/bias:1/nfet_06v0:M49:
Property 0.18u)'ps in circuit2 has no matching property in circuit1
nfet_06v0:1428 vs. GRADIENT_NAV2:_core/GRADIENT2:3/COMP:5/bias:1/nfet_06v0:M49:
Property W'nrs in circuit2 has no matching property in circuit1
nfet_06v0:1428 vs. GRADIENT_NAV2:_core/GRADIENT2:3/COMP:5/bias:1/nfet_06v0:M49:
Property 0.18u)'nrd in circuit2 has no matching property in circuit1
nfet_06v0:1428 vs. GRADIENT_NAV2:_core/GRADIENT2:3/COMP:5/bias:1/nfet_06v0:M49:
Property 0.18u)'ps in circuit2 has no matching property in circuit1
nfet_06v0:1711 vs. GRADIENT_NAV2:_core/GRADIENT2:4/COMP:5/bias:1/nfet_06v0:M49:
Property W'nrs in circuit2 has no matching property in circuit1
nfet_06v0:1711 vs. GRADIENT_NAV2:_core/GRADIENT2:4/COMP:5/bias:1/nfet_06v0:M49:
Property 0.18u)'nrd in circuit2 has no matching property in circuit1
nfet_06v0:1711 vs. GRADIENT_NAV2:_core/GRADIENT2:4/COMP:5/bias:1/nfet_06v0:M49:
Property 0.18u)'ps in circuit2 has no matching property in circuit1
nfet_06v0:332 vs. GRADIENT_NAV2:_core/GRADIENT2:1/COMP:6/bias:1/nfet_06v0:M49:
Property W'nrs in circuit2 has no matching property in circuit1
nfet_06v0:332 vs. GRADIENT_NAV2:_core/GRADIENT2:1/COMP:6/bias:1/nfet_06v0:M49:
Property 0.18u)'nrd in circuit2 has no matching property in circuit1
nfet_06v0:332 vs. GRADIENT_NAV2:_core/GRADIENT2:1/COMP:6/bias:1/nfet_06v0:M49:
Property 0.18u)'ps in circuit2 has no matching property in circuit1
nfet_06v0:642 vs. GRADIENT_NAV2:_core/GRADIENT2:2/COMP:6/bias:1/nfet_06v0:M49:
Property W'nrs in circuit2 has no matching property in circuit1
nfet_06v0:642 vs. GRADIENT_NAV2:_core/GRADIENT2:2/COMP:6/bias:1/nfet_06v0:M49:
Property 0.18u)'nrd in circuit2 has no matching property in circuit1
nfet_06v0:642 vs. GRADIENT_NAV2:_core/GRADIENT2:2/COMP:6/bias:1/nfet_06v0:M49:
Property 0.18u)'ps in circuit2 has no matching property in circuit1
nfet_06v0:1724 vs. GRADIENT_NAV2:_core/GRADIENT2:3/COMP:6/bias:1/nfet_06v0:M49:
Property W'nrs in circuit2 has no matching property in circuit1
nfet_06v0:1724 vs. GRADIENT_NAV2:_core/GRADIENT2:3/COMP:6/bias:1/nfet_06v0:M49:
Property 0.18u)'nrd in circuit2 has no matching property in circuit1
nfet_06v0:1724 vs. GRADIENT_NAV2:_core/GRADIENT2:3/COMP:6/bias:1/nfet_06v0:M49:
Property 0.18u)'ps in circuit2 has no matching property in circuit1
nfet_06v0:23 vs. GRADIENT_NAV2:_core/GRADIENT2:4/COMP:6/bias:1/nfet_06v0:M49:
Property W'nrs in circuit2 has no matching property in circuit1
nfet_06v0:23 vs. GRADIENT_NAV2:_core/GRADIENT2:4/COMP:6/bias:1/nfet_06v0:M49:
Property 0.18u)'nrd in circuit2 has no matching property in circuit1
nfet_06v0:23 vs. GRADIENT_NAV2:_core/GRADIENT2:4/COMP:6/bias:1/nfet_06v0:M49:
Property 0.18u)'ps in circuit2 has no matching property in circuit1
nfet_06v0:461 vs. GRADIENT_NAV2:_core/GRADIENT2:1/OPAM_LIN:2/bias:1/nfet_06v0:M50:
Property W'nrs in circuit2 has no matching property in circuit1
nfet_06v0:461 vs. GRADIENT_NAV2:_core/GRADIENT2:1/OPAM_LIN:2/bias:1/nfet_06v0:M50:
Property 0.18u)'nrd in circuit2 has no matching property in circuit1
nfet_06v0:461 vs. GRADIENT_NAV2:_core/GRADIENT2:1/OPAM_LIN:2/bias:1/nfet_06v0:M50:
Property 0.18u)'ps in circuit2 has no matching property in circuit1
nfet_06v0:528 vs. GRADIENT_NAV2:_core/GRADIENT2:2/OPAM_LIN:2/bias:1/nfet_06v0:M50:
Property W'nrs in circuit2 has no matching property in circuit1
nfet_06v0:528 vs. GRADIENT_NAV2:_core/GRADIENT2:2/OPAM_LIN:2/bias:1/nfet_06v0:M50:
Property 0.18u)'nrd in circuit2 has no matching property in circuit1
nfet_06v0:528 vs. GRADIENT_NAV2:_core/GRADIENT2:2/OPAM_LIN:2/bias:1/nfet_06v0:M50:
Property 0.18u)'ps in circuit2 has no matching property in circuit1
nfet_06v0:1422 vs. GRADIENT_NAV2:_core/GRADIENT2:3/OPAM_LIN:2/bias:1/nfet_06v0:M50:
Property W'nrs in circuit2 has no matching property in circuit1
nfet_06v0:1422 vs. GRADIENT_NAV2:_core/GRADIENT2:3/OPAM_LIN:2/bias:1/nfet_06v0:M50:
Property 0.18u)'nrd in circuit2 has no matching property in circuit1
nfet_06v0:1422 vs. GRADIENT_NAV2:_core/GRADIENT2:3/OPAM_LIN:2/bias:1/nfet_06v0:M50:
Property 0.18u)'ps in circuit2 has no matching property in circuit1
nfet_06v0:1624 vs. GRADIENT_NAV2:_core/GRADIENT2:4/OPAM_LIN:2/bias:1/nfet_06v0:M50:
Property W'nrs in circuit2 has no matching property in circuit1
nfet_06v0:1624 vs. GRADIENT_NAV2:_core/GRADIENT2:4/OPAM_LIN:2/bias:1/nfet_06v0:M50:
Property 0.18u)'nrd in circuit2 has no matching property in circuit1
nfet_06v0:1624 vs. GRADIENT_NAV2:_core/GRADIENT2:4/OPAM_LIN:2/bias:1/nfet_06v0:M50:
Property 0.18u)'ps in circuit2 has no matching property in circuit1
nfet_06v0:1298 vs. GRADIENT_NAV2:_core/GRADIENT2:1/OPAM_LIN:1/bias:1/nfet_06v0:M50:
Property W'nrs in circuit2 has no matching property in circuit1
nfet_06v0:1298 vs. GRADIENT_NAV2:_core/GRADIENT2:1/OPAM_LIN:1/bias:1/nfet_06v0:M50:
Property 0.18u)'nrd in circuit2 has no matching property in circuit1
nfet_06v0:1298 vs. GRADIENT_NAV2:_core/GRADIENT2:1/OPAM_LIN:1/bias:1/nfet_06v0:M50:
Property 0.18u)'ps in circuit2 has no matching property in circuit1
nfet_06v0:193 vs. GRADIENT_NAV2:_core/GRADIENT2:2/OPAM_LIN:1/bias:1/nfet_06v0:M50:
Property W'nrs in circuit2 has no matching property in circuit1
nfet_06v0:193 vs. GRADIENT_NAV2:_core/GRADIENT2:2/OPAM_LIN:1/bias:1/nfet_06v0:M50:
Property 0.18u)'nrd in circuit2 has no matching property in circuit1
nfet_06v0:193 vs. GRADIENT_NAV2:_core/GRADIENT2:2/OPAM_LIN:1/bias:1/nfet_06v0:M50:
Property 0.18u)'ps in circuit2 has no matching property in circuit1
nfet_06v0:891 vs. GRADIENT_NAV2:_core/GRADIENT2:3/OPAM_LIN:1/bias:1/nfet_06v0:M50:
Property W'nrs in circuit2 has no matching property in circuit1
nfet_06v0:891 vs. GRADIENT_NAV2:_core/GRADIENT2:3/OPAM_LIN:1/bias:1/nfet_06v0:M50:
Property 0.18u)'nrd in circuit2 has no matching property in circuit1
nfet_06v0:891 vs. GRADIENT_NAV2:_core/GRADIENT2:3/OPAM_LIN:1/bias:1/nfet_06v0:M50:
Property 0.18u)'ps in circuit2 has no matching property in circuit1
nfet_06v0:436 vs. GRADIENT_NAV2:_core/GRADIENT2:4/OPAM_LIN:1/bias:1/nfet_06v0:M50:
Property W'nrs in circuit2 has no matching property in circuit1
nfet_06v0:436 vs. GRADIENT_NAV2:_core/GRADIENT2:4/OPAM_LIN:1/bias:1/nfet_06v0:M50:
Property 0.18u)'nrd in circuit2 has no matching property in circuit1
nfet_06v0:436 vs. GRADIENT_NAV2:_core/GRADIENT2:4/OPAM_LIN:1/bias:1/nfet_06v0:M50:
Property 0.18u)'ps in circuit2 has no matching property in circuit1
nfet_06v0:1640 vs. GRADIENT_NAV2:_core/GRADIENT2:1/OPAM_LIN:8/bias:1/nfet_06v0:M50:
Property W'nrs in circuit2 has no matching property in circuit1
nfet_06v0:1640 vs. GRADIENT_NAV2:_core/GRADIENT2:1/OPAM_LIN:8/bias:1/nfet_06v0:M50:
Property 0.18u)'nrd in circuit2 has no matching property in circuit1
nfet_06v0:1640 vs. GRADIENT_NAV2:_core/GRADIENT2:1/OPAM_LIN:8/bias:1/nfet_06v0:M50:
Property 0.18u)'ps in circuit2 has no matching property in circuit1
nfet_06v0:1658 vs. GRADIENT_NAV2:_core/GRADIENT2:2/OPAM_LIN:8/bias:1/nfet_06v0:M50:
Property W'nrs in circuit2 has no matching property in circuit1
nfet_06v0:1658 vs. GRADIENT_NAV2:_core/GRADIENT2:2/OPAM_LIN:8/bias:1/nfet_06v0:M50:
Property 0.18u)'nrd in circuit2 has no matching property in circuit1
nfet_06v0:1658 vs. GRADIENT_NAV2:_core/GRADIENT2:2/OPAM_LIN:8/bias:1/nfet_06v0:M50:
Property 0.18u)'ps in circuit2 has no matching property in circuit1
nfet_06v0:1270 vs. GRADIENT_NAV2:_core/GRADIENT2:3/OPAM_LIN:8/bias:1/nfet_06v0:M50:
Property W'nrs in circuit2 has no matching property in circuit1
nfet_06v0:1270 vs. GRADIENT_NAV2:_core/GRADIENT2:3/OPAM_LIN:8/bias:1/nfet_06v0:M50:
Property 0.18u)'nrd in circuit2 has no matching property in circuit1
nfet_06v0:1270 vs. GRADIENT_NAV2:_core/GRADIENT2:3/OPAM_LIN:8/bias:1/nfet_06v0:M50:
Property 0.18u)'ps in circuit2 has no matching property in circuit1
nfet_06v0:172 vs. GRADIENT_NAV2:_core/GRADIENT2:4/OPAM_LIN:8/bias:1/nfet_06v0:M50:
Property W'nrs in circuit2 has no matching property in circuit1
nfet_06v0:172 vs. GRADIENT_NAV2:_core/GRADIENT2:4/OPAM_LIN:8/bias:1/nfet_06v0:M50:
Property 0.18u)'nrd in circuit2 has no matching property in circuit1
nfet_06v0:172 vs. GRADIENT_NAV2:_core/GRADIENT2:4/OPAM_LIN:8/bias:1/nfet_06v0:M50:
Property 0.18u)'ps in circuit2 has no matching property in circuit1
nfet_06v0:1446 vs. GRADIENT_NAV2:_core/GRADIENT2:1/COMP:6/bias:1/nfet_06v0:M50:
Property W'nrs in circuit2 has no matching property in circuit1
nfet_06v0:1446 vs. GRADIENT_NAV2:_core/GRADIENT2:1/COMP:6/bias:1/nfet_06v0:M50:
Property 0.18u)'nrd in circuit2 has no matching property in circuit1
nfet_06v0:1446 vs. GRADIENT_NAV2:_core/GRADIENT2:1/COMP:6/bias:1/nfet_06v0:M50:
Property 0.18u)'ps in circuit2 has no matching property in circuit1
nfet_06v0:1725 vs. GRADIENT_NAV2:_core/GRADIENT2:2/COMP:6/bias:1/nfet_06v0:M50:
Property W'nrs in circuit2 has no matching property in circuit1
nfet_06v0:1725 vs. GRADIENT_NAV2:_core/GRADIENT2:2/COMP:6/bias:1/nfet_06v0:M50:
Property 0.18u)'nrd in circuit2 has no matching property in circuit1
nfet_06v0:1725 vs. GRADIENT_NAV2:_core/GRADIENT2:2/COMP:6/bias:1/nfet_06v0:M50:
Property 0.18u)'ps in circuit2 has no matching property in circuit1
nfet_06v0:852 vs. GRADIENT_NAV2:_core/GRADIENT2:3/COMP:6/bias:1/nfet_06v0:M50:
Property W'nrs in circuit2 has no matching property in circuit1
nfet_06v0:852 vs. GRADIENT_NAV2:_core/GRADIENT2:3/COMP:6/bias:1/nfet_06v0:M50:
Property 0.18u)'nrd in circuit2 has no matching property in circuit1
nfet_06v0:852 vs. GRADIENT_NAV2:_core/GRADIENT2:3/COMP:6/bias:1/nfet_06v0:M50:
Property 0.18u)'ps in circuit2 has no matching property in circuit1
nfet_06v0:1117 vs. GRADIENT_NAV2:_core/GRADIENT2:4/COMP:6/bias:1/nfet_06v0:M50:
Property W'nrs in circuit2 has no matching property in circuit1
nfet_06v0:1117 vs. GRADIENT_NAV2:_core/GRADIENT2:4/COMP:6/bias:1/nfet_06v0:M50:
Property 0.18u)'nrd in circuit2 has no matching property in circuit1
nfet_06v0:1117 vs. GRADIENT_NAV2:_core/GRADIENT2:4/COMP:6/bias:1/nfet_06v0:M50:
Property 0.18u)'ps in circuit2 has no matching property in circuit1
nfet_06v0:1372 vs. GRADIENT_NAV2:_core/GRADIENT2:1/COMP:5/bias:1/nfet_06v0:M50:
Property W'nrs in circuit2 has no matching property in circuit1
nfet_06v0:1372 vs. GRADIENT_NAV2:_core/GRADIENT2:1/COMP:5/bias:1/nfet_06v0:M50:
Property 0.18u)'nrd in circuit2 has no matching property in circuit1
nfet_06v0:1372 vs. GRADIENT_NAV2:_core/GRADIENT2:1/COMP:5/bias:1/nfet_06v0:M50:
Property 0.18u)'ps in circuit2 has no matching property in circuit1
nfet_06v0:1638 vs. GRADIENT_NAV2:_core/GRADIENT2:2/COMP:5/bias:1/nfet_06v0:M50:
Property W'nrs in circuit2 has no matching property in circuit1
nfet_06v0:1638 vs. GRADIENT_NAV2:_core/GRADIENT2:2/COMP:5/bias:1/nfet_06v0:M50:
Property 0.18u)'nrd in circuit2 has no matching property in circuit1
nfet_06v0:1638 vs. GRADIENT_NAV2:_core/GRADIENT2:2/COMP:5/bias:1/nfet_06v0:M50:
Property 0.18u)'ps in circuit2 has no matching property in circuit1
nfet_06v0:772 vs. GRADIENT_NAV2:_core/GRADIENT2:3/COMP:5/bias:1/nfet_06v0:M50:
Property W'nrs in circuit2 has no matching property in circuit1
nfet_06v0:772 vs. GRADIENT_NAV2:_core/GRADIENT2:3/COMP:5/bias:1/nfet_06v0:M50:
Property 0.18u)'nrd in circuit2 has no matching property in circuit1
nfet_06v0:772 vs. GRADIENT_NAV2:_core/GRADIENT2:3/COMP:5/bias:1/nfet_06v0:M50:
Property 0.18u)'ps in circuit2 has no matching property in circuit1
nfet_06v0:1054 vs. GRADIENT_NAV2:_core/GRADIENT2:4/COMP:5/bias:1/nfet_06v0:M50:
Property W'nrs in circuit2 has no matching property in circuit1
nfet_06v0:1054 vs. GRADIENT_NAV2:_core/GRADIENT2:4/COMP:5/bias:1/nfet_06v0:M50:
Property 0.18u)'nrd in circuit2 has no matching property in circuit1
nfet_06v0:1054 vs. GRADIENT_NAV2:_core/GRADIENT2:4/COMP:5/bias:1/nfet_06v0:M50:
Property 0.18u)'ps in circuit2 has no matching property in circuit1
nfet_06v0:1863 vs. GRADIENT_NAV2:_core/GRADIENT2:1/COMP:4/bias:1/nfet_06v0:M50:
Property W'nrs in circuit2 has no matching property in circuit1
nfet_06v0:1863 vs. GRADIENT_NAV2:_core/GRADIENT2:1/COMP:4/bias:1/nfet_06v0:M50:
Property 0.18u)'nrd in circuit2 has no matching property in circuit1
nfet_06v0:1863 vs. GRADIENT_NAV2:_core/GRADIENT2:1/COMP:4/bias:1/nfet_06v0:M50:
Property 0.18u)'ps in circuit2 has no matching property in circuit1
nfet_06v0:154 vs. GRADIENT_NAV2:_core/GRADIENT2:2/COMP:4/bias:1/nfet_06v0:M50:
Property W'nrs in circuit2 has no matching property in circuit1
nfet_06v0:154 vs. GRADIENT_NAV2:_core/GRADIENT2:2/COMP:4/bias:1/nfet_06v0:M50:
Property 0.18u)'nrd in circuit2 has no matching property in circuit1
nfet_06v0:154 vs. GRADIENT_NAV2:_core/GRADIENT2:2/COMP:4/bias:1/nfet_06v0:M50:
Property 0.18u)'ps in circuit2 has no matching property in circuit1
nfet_06v0:1264 vs. GRADIENT_NAV2:_core/GRADIENT2:3/COMP:4/bias:1/nfet_06v0:M50:
Property W'nrs in circuit2 has no matching property in circuit1
nfet_06v0:1264 vs. GRADIENT_NAV2:_core/GRADIENT2:3/COMP:4/bias:1/nfet_06v0:M50:
Property 0.18u)'nrd in circuit2 has no matching property in circuit1
nfet_06v0:1264 vs. GRADIENT_NAV2:_core/GRADIENT2:3/COMP:4/bias:1/nfet_06v0:M50:
Property 0.18u)'ps in circuit2 has no matching property in circuit1
nfet_06v0:1538 vs. GRADIENT_NAV2:_core/GRADIENT2:4/COMP:4/bias:1/nfet_06v0:M50:
Property W'nrs in circuit2 has no matching property in circuit1
nfet_06v0:1538 vs. GRADIENT_NAV2:_core/GRADIENT2:4/COMP:4/bias:1/nfet_06v0:M50:
Property 0.18u)'nrd in circuit2 has no matching property in circuit1
nfet_06v0:1538 vs. GRADIENT_NAV2:_core/GRADIENT2:4/COMP:4/bias:1/nfet_06v0:M50:
Property 0.18u)'ps in circuit2 has no matching property in circuit1
nfet_06v0:1268 vs. GRADIENT_NAV2:_core/GRADIENT2:2/OPAM_LIN:2/sub_diff_2_LIN:2/nfet_06v0:M19:
Property W'nrs in circuit2 has no matching property in circuit1
nfet_06v0:1268 vs. GRADIENT_NAV2:_core/GRADIENT2:2/OPAM_LIN:2/sub_diff_2_LIN:2/nfet_06v0:M19:
Property 0.18u)'nrd in circuit2 has no matching property in circuit1
nfet_06v0:1268 vs. GRADIENT_NAV2:_core/GRADIENT2:2/OPAM_LIN:2/sub_diff_2_LIN:2/nfet_06v0:M19:
Property 0.18u)'ps in circuit2 has no matching property in circuit1
nfet_06v0:1191 vs. GRADIENT_NAV2:_core/GRADIENT2:2/OPAM_LIN:2/sub_diff_2_LIN:2/nfet_06v0:M17:
Property W'nrs in circuit2 has no matching property in circuit1
nfet_06v0:1191 vs. GRADIENT_NAV2:_core/GRADIENT2:2/OPAM_LIN:2/sub_diff_2_LIN:2/nfet_06v0:M17:
Property 0.18u)'nrd in circuit2 has no matching property in circuit1
nfet_06v0:1191 vs. GRADIENT_NAV2:_core/GRADIENT2:2/OPAM_LIN:2/sub_diff_2_LIN:2/nfet_06v0:M17:
Property 0.18u)'ps in circuit2 has no matching property in circuit1
nfet_06v0:1898 vs. GRADIENT_NAV2:_core/GRADIENT2:3/OPAM_LIN:2/sub_diff_2_LIN:2/nfet_06v0:M19:
Property W'nrs in circuit2 has no matching property in circuit1
nfet_06v0:1898 vs. GRADIENT_NAV2:_core/GRADIENT2:3/OPAM_LIN:2/sub_diff_2_LIN:2/nfet_06v0:M19:
Property 0.18u)'nrd in circuit2 has no matching property in circuit1
nfet_06v0:1898 vs. GRADIENT_NAV2:_core/GRADIENT2:3/OPAM_LIN:2/sub_diff_2_LIN:2/nfet_06v0:M19:
Property 0.18u)'ps in circuit2 has no matching property in circuit1
nfet_06v0:808 vs. GRADIENT_NAV2:_core/GRADIENT2:3/OPAM_LIN:2/sub_diff_2_LIN:2/nfet_06v0:M17:
Property W'nrs in circuit2 has no matching property in circuit1
nfet_06v0:808 vs. GRADIENT_NAV2:_core/GRADIENT2:3/OPAM_LIN:2/sub_diff_2_LIN:2/nfet_06v0:M17:
Property 0.18u)'nrd in circuit2 has no matching property in circuit1
nfet_06v0:808 vs. GRADIENT_NAV2:_core/GRADIENT2:3/OPAM_LIN:2/sub_diff_2_LIN:2/nfet_06v0:M17:
Property 0.18u)'ps in circuit2 has no matching property in circuit1
nfet_06v0:1492 vs. GRADIENT_NAV2:_core/GRADIENT2:4/OPAM_LIN:2/sub_diff_2_LIN:2/nfet_06v0:M19:
Property W'nrs in circuit2 has no matching property in circuit1
nfet_06v0:1492 vs. GRADIENT_NAV2:_core/GRADIENT2:4/OPAM_LIN:2/sub_diff_2_LIN:2/nfet_06v0:M19:
Property 0.18u)'nrd in circuit2 has no matching property in circuit1
nfet_06v0:1492 vs. GRADIENT_NAV2:_core/GRADIENT2:4/OPAM_LIN:2/sub_diff_2_LIN:2/nfet_06v0:M19:
Property 0.18u)'ps in circuit2 has no matching property in circuit1
nfet_06v0:392 vs. GRADIENT_NAV2:_core/GRADIENT2:4/OPAM_LIN:2/sub_diff_2_LIN:2/nfet_06v0:M17:
Property W'nrs in circuit2 has no matching property in circuit1
nfet_06v0:392 vs. GRADIENT_NAV2:_core/GRADIENT2:4/OPAM_LIN:2/sub_diff_2_LIN:2/nfet_06v0:M17:
Property 0.18u)'nrd in circuit2 has no matching property in circuit1
nfet_06v0:392 vs. GRADIENT_NAV2:_core/GRADIENT2:4/OPAM_LIN:2/sub_diff_2_LIN:2/nfet_06v0:M17:
Property 0.18u)'ps in circuit2 has no matching property in circuit1
nfet_06v0:1205 vs. GRADIENT_NAV2:_core/GRADIENT2:1/OPAM_LIN:2/sub_diff_2_LIN:2/nfet_06v0:M19:
Property W'nrs in circuit2 has no matching property in circuit1
nfet_06v0:1205 vs. GRADIENT_NAV2:_core/GRADIENT2:1/OPAM_LIN:2/sub_diff_2_LIN:2/nfet_06v0:M19:
Property 0.18u)'nrd in circuit2 has no matching property in circuit1
nfet_06v0:1205 vs. GRADIENT_NAV2:_core/GRADIENT2:1/OPAM_LIN:2/sub_diff_2_LIN:2/nfet_06v0:M19:
Property 0.18u)'ps in circuit2 has no matching property in circuit1
nfet_06v0:307 vs. GRADIENT_NAV2:_core/GRADIENT2:1/OPAM_LIN:2/sub_diff_2_LIN:2/nfet_06v0:M17:
Property W'nrs in circuit2 has no matching property in circuit1
nfet_06v0:307 vs. GRADIENT_NAV2:_core/GRADIENT2:1/OPAM_LIN:2/sub_diff_2_LIN:2/nfet_06v0:M17:
Property 0.18u)'nrd in circuit2 has no matching property in circuit1
nfet_06v0:307 vs. GRADIENT_NAV2:_core/GRADIENT2:1/OPAM_LIN:2/sub_diff_2_LIN:2/nfet_06v0:M17:
Property 0.18u)'ps in circuit2 has no matching property in circuit1
nfet_06v0:1621 vs. GRADIENT_NAV2:_core/GRADIENT2:3/OPAM_LIN:1/sub_diff_2_LIN:2/nfet_06v0:M19:
Property W'nrs in circuit2 has no matching property in circuit1
nfet_06v0:1621 vs. GRADIENT_NAV2:_core/GRADIENT2:3/OPAM_LIN:1/sub_diff_2_LIN:2/nfet_06v0:M19:
Property 0.18u)'nrd in circuit2 has no matching property in circuit1
nfet_06v0:1621 vs. GRADIENT_NAV2:_core/GRADIENT2:3/OPAM_LIN:1/sub_diff_2_LIN:2/nfet_06v0:M19:
Property 0.18u)'ps in circuit2 has no matching property in circuit1
nfet_06v0:756 vs. GRADIENT_NAV2:_core/GRADIENT2:3/OPAM_LIN:1/sub_diff_2_LIN:2/nfet_06v0:M17:
Property W'nrs in circuit2 has no matching property in circuit1
nfet_06v0:756 vs. GRADIENT_NAV2:_core/GRADIENT2:3/OPAM_LIN:1/sub_diff_2_LIN:2/nfet_06v0:M17:
Property 0.18u)'nrd in circuit2 has no matching property in circuit1
nfet_06v0:756 vs. GRADIENT_NAV2:_core/GRADIENT2:3/OPAM_LIN:1/sub_diff_2_LIN:2/nfet_06v0:M17:
Property 0.18u)'ps in circuit2 has no matching property in circuit1
nfet_06v0:1558 vs. GRADIENT_NAV2:_core/GRADIENT2:2/OPAM_LIN:1/sub_diff_2_LIN:2/nfet_06v0:M19:
Property W'nrs in circuit2 has no matching property in circuit1
nfet_06v0:1558 vs. GRADIENT_NAV2:_core/GRADIENT2:2/OPAM_LIN:1/sub_diff_2_LIN:2/nfet_06v0:M19:
Property 0.18u)'nrd in circuit2 has no matching property in circuit1
nfet_06v0:1558 vs. GRADIENT_NAV2:_core/GRADIENT2:2/OPAM_LIN:1/sub_diff_2_LIN:2/nfet_06v0:M19:
Property 0.18u)'ps in circuit2 has no matching property in circuit1
nfet_06v0:702 vs. GRADIENT_NAV2:_core/GRADIENT2:2/OPAM_LIN:1/sub_diff_2_LIN:2/nfet_06v0:M17:
Property W'nrs in circuit2 has no matching property in circuit1
nfet_06v0:702 vs. GRADIENT_NAV2:_core/GRADIENT2:2/OPAM_LIN:1/sub_diff_2_LIN:2/nfet_06v0:M17:
Property 0.18u)'nrd in circuit2 has no matching property in circuit1
nfet_06v0:702 vs. GRADIENT_NAV2:_core/GRADIENT2:2/OPAM_LIN:1/sub_diff_2_LIN:2/nfet_06v0:M17:
Property 0.18u)'ps in circuit2 has no matching property in circuit1
nfet_06v0:1174 vs. GRADIENT_NAV2:_core/GRADIENT2:4/OPAM_LIN:1/sub_diff_2_LIN:2/nfet_06v0:M19:
Property W'nrs in circuit2 has no matching property in circuit1
nfet_06v0:1174 vs. GRADIENT_NAV2:_core/GRADIENT2:4/OPAM_LIN:1/sub_diff_2_LIN:2/nfet_06v0:M19:
Property 0.18u)'nrd in circuit2 has no matching property in circuit1
nfet_06v0:1174 vs. GRADIENT_NAV2:_core/GRADIENT2:4/OPAM_LIN:1/sub_diff_2_LIN:2/nfet_06v0:M19:
Property 0.18u)'ps in circuit2 has no matching property in circuit1
nfet_06v0:281 vs. GRADIENT_NAV2:_core/GRADIENT2:4/OPAM_LIN:1/sub_diff_2_LIN:2/nfet_06v0:M17:
Property W'nrs in circuit2 has no matching property in circuit1
nfet_06v0:281 vs. GRADIENT_NAV2:_core/GRADIENT2:4/OPAM_LIN:1/sub_diff_2_LIN:2/nfet_06v0:M17:
Property 0.18u)'nrd in circuit2 has no matching property in circuit1
nfet_06v0:281 vs. GRADIENT_NAV2:_core/GRADIENT2:4/OPAM_LIN:1/sub_diff_2_LIN:2/nfet_06v0:M17:
Property 0.18u)'ps in circuit2 has no matching property in circuit1
nfet_06v0:1956 vs. GRADIENT_NAV2:_core/GRADIENT2:1/OPAM_LIN:1/sub_diff_2_LIN:2/nfet_06v0:M19:
Property W'nrs in circuit2 has no matching property in circuit1
nfet_06v0:1956 vs. GRADIENT_NAV2:_core/GRADIENT2:1/OPAM_LIN:1/sub_diff_2_LIN:2/nfet_06v0:M19:
Property 0.18u)'nrd in circuit2 has no matching property in circuit1
nfet_06v0:1956 vs. GRADIENT_NAV2:_core/GRADIENT2:1/OPAM_LIN:1/sub_diff_2_LIN:2/nfet_06v0:M19:
Property 0.18u)'ps in circuit2 has no matching property in circuit1
nfet_06v0:57 vs. GRADIENT_NAV2:_core/GRADIENT2:1/OPAM_LIN:1/sub_diff_2_LIN:2/nfet_06v0:M17:
Property W'nrs in circuit2 has no matching property in circuit1
nfet_06v0:57 vs. GRADIENT_NAV2:_core/GRADIENT2:1/OPAM_LIN:1/sub_diff_2_LIN:2/nfet_06v0:M17:
Property 0.18u)'nrd in circuit2 has no matching property in circuit1
nfet_06v0:57 vs. GRADIENT_NAV2:_core/GRADIENT2:1/OPAM_LIN:1/sub_diff_2_LIN:2/nfet_06v0:M17:
Property 0.18u)'ps in circuit2 has no matching property in circuit1
nfet_06v0:1528 vs. GRADIENT_NAV2:_core/GRADIENT2:4/OPAM_LIN:8/sub_diff_2_LIN:2/nfet_06v0:M19:
Property W'nrs in circuit2 has no matching property in circuit1
nfet_06v0:1528 vs. GRADIENT_NAV2:_core/GRADIENT2:4/OPAM_LIN:8/sub_diff_2_LIN:2/nfet_06v0:M19:
Property 0.18u)'nrd in circuit2 has no matching property in circuit1
nfet_06v0:1528 vs. GRADIENT_NAV2:_core/GRADIENT2:4/OPAM_LIN:8/sub_diff_2_LIN:2/nfet_06v0:M19:
Property 0.18u)'ps in circuit2 has no matching property in circuit1
nfet_06v0:675 vs. GRADIENT_NAV2:_core/GRADIENT2:4/OPAM_LIN:8/sub_diff_2_LIN:2/nfet_06v0:M17:
Property W'nrs in circuit2 has no matching property in circuit1
nfet_06v0:675 vs. GRADIENT_NAV2:_core/GRADIENT2:4/OPAM_LIN:8/sub_diff_2_LIN:2/nfet_06v0:M17:
Property 0.18u)'nrd in circuit2 has no matching property in circuit1
nfet_06v0:675 vs. GRADIENT_NAV2:_core/GRADIENT2:4/OPAM_LIN:8/sub_diff_2_LIN:2/nfet_06v0:M17:
Property 0.18u)'ps in circuit2 has no matching property in circuit1
nfet_06v0:1520 vs. GRADIENT_NAV2:_core/GRADIENT2:2/OPAM_LIN:8/sub_diff_2_LIN:2/nfet_06v0:M19:
Property W'nrs in circuit2 has no matching property in circuit1
nfet_06v0:1520 vs. GRADIENT_NAV2:_core/GRADIENT2:2/OPAM_LIN:8/sub_diff_2_LIN:2/nfet_06v0:M19:
Property 0.18u)'nrd in circuit2 has no matching property in circuit1
nfet_06v0:1520 vs. GRADIENT_NAV2:_core/GRADIENT2:2/OPAM_LIN:8/sub_diff_2_LIN:2/nfet_06v0:M19:
Property 0.18u)'ps in circuit2 has no matching property in circuit1
nfet_06v0:433 vs. GRADIENT_NAV2:_core/GRADIENT2:2/OPAM_LIN:8/sub_diff_2_LIN:2/nfet_06v0:M17:
Property W'nrs in circuit2 has no matching property in circuit1
nfet_06v0:433 vs. GRADIENT_NAV2:_core/GRADIENT2:2/OPAM_LIN:8/sub_diff_2_LIN:2/nfet_06v0:M17:
Property 0.18u)'nrd in circuit2 has no matching property in circuit1
nfet_06v0:433 vs. GRADIENT_NAV2:_core/GRADIENT2:2/OPAM_LIN:8/sub_diff_2_LIN:2/nfet_06v0:M17:
Property 0.18u)'ps in circuit2 has no matching property in circuit1
nfet_06v0:1508 vs. GRADIENT_NAV2:_core/GRADIENT2:1/OPAM_LIN:8/sub_diff_2_LIN:2/nfet_06v0:M19:
Property W'nrs in circuit2 has no matching property in circuit1
nfet_06v0:1508 vs. GRADIENT_NAV2:_core/GRADIENT2:1/OPAM_LIN:8/sub_diff_2_LIN:2/nfet_06v0:M19:
Property 0.18u)'nrd in circuit2 has no matching property in circuit1
nfet_06v0:1508 vs. GRADIENT_NAV2:_core/GRADIENT2:1/OPAM_LIN:8/sub_diff_2_LIN:2/nfet_06v0:M19:
Property 0.18u)'ps in circuit2 has no matching property in circuit1
nfet_06v0:414 vs. GRADIENT_NAV2:_core/GRADIENT2:1/OPAM_LIN:8/sub_diff_2_LIN:2/nfet_06v0:M17:
Property W'nrs in circuit2 has no matching property in circuit1
nfet_06v0:414 vs. GRADIENT_NAV2:_core/GRADIENT2:1/OPAM_LIN:8/sub_diff_2_LIN:2/nfet_06v0:M17:
Property 0.18u)'nrd in circuit2 has no matching property in circuit1
nfet_06v0:414 vs. GRADIENT_NAV2:_core/GRADIENT2:1/OPAM_LIN:8/sub_diff_2_LIN:2/nfet_06v0:M17:
Property 0.18u)'ps in circuit2 has no matching property in circuit1
nfet_06v0:1931 vs. GRADIENT_NAV2:_core/GRADIENT2:3/OPAM_LIN:8/sub_diff_2_LIN:2/nfet_06v0:M19:
Property W'nrs in circuit2 has no matching property in circuit1
nfet_06v0:1931 vs. GRADIENT_NAV2:_core/GRADIENT2:3/OPAM_LIN:8/sub_diff_2_LIN:2/nfet_06v0:M19:
Property 0.18u)'nrd in circuit2 has no matching property in circuit1
nfet_06v0:1931 vs. GRADIENT_NAV2:_core/GRADIENT2:3/OPAM_LIN:8/sub_diff_2_LIN:2/nfet_06v0:M19:
Property 0.18u)'ps in circuit2 has no matching property in circuit1
nfet_06v0:38 vs. GRADIENT_NAV2:_core/GRADIENT2:3/OPAM_LIN:8/sub_diff_2_LIN:2/nfet_06v0:M17:
Property W'nrs in circuit2 has no matching property in circuit1
nfet_06v0:38 vs. GRADIENT_NAV2:_core/GRADIENT2:3/OPAM_LIN:8/sub_diff_2_LIN:2/nfet_06v0:M17:
Property 0.18u)'nrd in circuit2 has no matching property in circuit1
nfet_06v0:38 vs. GRADIENT_NAV2:_core/GRADIENT2:3/OPAM_LIN:8/sub_diff_2_LIN:2/nfet_06v0:M17:
Property 0.18u)'ps in circuit2 has no matching property in circuit1
nfet_06v0:917 vs. GRADIENT_NAV2:_core/GRADIENT2:2/COMP:4/sub_diff:2/nfet_06v0:M19:
Property W'nrs in circuit2 has no matching property in circuit1
nfet_06v0:917 vs. GRADIENT_NAV2:_core/GRADIENT2:2/COMP:4/sub_diff:2/nfet_06v0:M19:
Property 0.18u)'nrd in circuit2 has no matching property in circuit1
nfet_06v0:917 vs. GRADIENT_NAV2:_core/GRADIENT2:2/COMP:4/sub_diff:2/nfet_06v0:M19:
Property 0.18u)'ps in circuit2 has no matching property in circuit1
nfet_06v0:797 vs. GRADIENT_NAV2:_core/GRADIENT2:2/COMP:4/sub_diff:2/nfet_06v0:M17:
Property W'nrs in circuit2 has no matching property in circuit1
nfet_06v0:797 vs. GRADIENT_NAV2:_core/GRADIENT2:2/COMP:4/sub_diff:2/nfet_06v0:M17:
Property 0.18u)'nrd in circuit2 has no matching property in circuit1
nfet_06v0:797 vs. GRADIENT_NAV2:_core/GRADIENT2:2/COMP:4/sub_diff:2/nfet_06v0:M17:
Property 0.18u)'ps in circuit2 has no matching property in circuit1
nfet_06v0:646 vs. GRADIENT_NAV2:_core/GRADIENT2:1/COMP:4/sub_diff:2/nfet_06v0:M19:
Property W'nrs in circuit2 has no matching property in circuit1
nfet_06v0:646 vs. GRADIENT_NAV2:_core/GRADIENT2:1/COMP:4/sub_diff:2/nfet_06v0:M19:
Property 0.18u)'nrd in circuit2 has no matching property in circuit1
nfet_06v0:646 vs. GRADIENT_NAV2:_core/GRADIENT2:1/COMP:4/sub_diff:2/nfet_06v0:M19:
Property 0.18u)'ps in circuit2 has no matching property in circuit1
nfet_06v0:512 vs. GRADIENT_NAV2:_core/GRADIENT2:1/COMP:4/sub_diff:2/nfet_06v0:M17:
Property W'nrs in circuit2 has no matching property in circuit1
nfet_06v0:512 vs. GRADIENT_NAV2:_core/GRADIENT2:1/COMP:4/sub_diff:2/nfet_06v0:M17:
Property 0.18u)'nrd in circuit2 has no matching property in circuit1
nfet_06v0:512 vs. GRADIENT_NAV2:_core/GRADIENT2:1/COMP:4/sub_diff:2/nfet_06v0:M17:
Property 0.18u)'ps in circuit2 has no matching property in circuit1
nfet_06v0:292 vs. GRADIENT_NAV2:_core/GRADIENT2:4/COMP:4/sub_diff:2/nfet_06v0:M19:
Property W'nrs in circuit2 has no matching property in circuit1
nfet_06v0:292 vs. GRADIENT_NAV2:_core/GRADIENT2:4/COMP:4/sub_diff:2/nfet_06v0:M19:
Property 0.18u)'nrd in circuit2 has no matching property in circuit1
nfet_06v0:292 vs. GRADIENT_NAV2:_core/GRADIENT2:4/COMP:4/sub_diff:2/nfet_06v0:M19:
Property 0.18u)'ps in circuit2 has no matching property in circuit1
nfet_06v0:173 vs. GRADIENT_NAV2:_core/GRADIENT2:4/COMP:4/sub_diff:2/nfet_06v0:M17:
Property W'nrs in circuit2 has no matching property in circuit1
nfet_06v0:173 vs. GRADIENT_NAV2:_core/GRADIENT2:4/COMP:4/sub_diff:2/nfet_06v0:M17:
Property 0.18u)'nrd in circuit2 has no matching property in circuit1
nfet_06v0:173 vs. GRADIENT_NAV2:_core/GRADIENT2:4/COMP:4/sub_diff:2/nfet_06v0:M17:
Property 0.18u)'ps in circuit2 has no matching property in circuit1
nfet_06v0:1880 vs. GRADIENT_NAV2:_core/GRADIENT2:3/COMP:4/sub_diff:2/nfet_06v0:M19:
Property W'nrs in circuit2 has no matching property in circuit1
nfet_06v0:1880 vs. GRADIENT_NAV2:_core/GRADIENT2:3/COMP:4/sub_diff:2/nfet_06v0:M19:
Property 0.18u)'nrd in circuit2 has no matching property in circuit1
nfet_06v0:1880 vs. GRADIENT_NAV2:_core/GRADIENT2:3/COMP:4/sub_diff:2/nfet_06v0:M19:
Property 0.18u)'ps in circuit2 has no matching property in circuit1
nfet_06v0:28 vs. GRADIENT_NAV2:_core/GRADIENT2:3/COMP:4/sub_diff:2/nfet_06v0:M17:
Property W'nrs in circuit2 has no matching property in circuit1
nfet_06v0:28 vs. GRADIENT_NAV2:_core/GRADIENT2:3/COMP:4/sub_diff:2/nfet_06v0:M17:
Property 0.18u)'nrd in circuit2 has no matching property in circuit1
nfet_06v0:28 vs. GRADIENT_NAV2:_core/GRADIENT2:3/COMP:4/sub_diff:2/nfet_06v0:M17:
Property 0.18u)'ps in circuit2 has no matching property in circuit1
nfet_06v0:1762 vs. GRADIENT_NAV2:_core/GRADIENT2:1/COMP:5/sub_diff:2/nfet_06v0:M19:
Property W'nrs in circuit2 has no matching property in circuit1
nfet_06v0:1762 vs. GRADIENT_NAV2:_core/GRADIENT2:1/COMP:5/sub_diff:2/nfet_06v0:M19:
Property 0.18u)'nrd in circuit2 has no matching property in circuit1
nfet_06v0:1762 vs. GRADIENT_NAV2:_core/GRADIENT2:1/COMP:5/sub_diff:2/nfet_06v0:M19:
Property 0.18u)'ps in circuit2 has no matching property in circuit1
nfet_06v0:810 vs. GRADIENT_NAV2:_core/GRADIENT2:1/COMP:5/sub_diff:2/nfet_06v0:M17:
Property W'nrs in circuit2 has no matching property in circuit1
nfet_06v0:810 vs. GRADIENT_NAV2:_core/GRADIENT2:1/COMP:5/sub_diff:2/nfet_06v0:M17:
Property 0.18u)'nrd in circuit2 has no matching property in circuit1
nfet_06v0:810 vs. GRADIENT_NAV2:_core/GRADIENT2:1/COMP:5/sub_diff:2/nfet_06v0:M17:
Property 0.18u)'ps in circuit2 has no matching property in circuit1
nfet_06v0:1447 vs. GRADIENT_NAV2:_core/GRADIENT2:4/COMP:5/sub_diff:2/nfet_06v0:M19:
Property W'nrs in circuit2 has no matching property in circuit1
nfet_06v0:1447 vs. GRADIENT_NAV2:_core/GRADIENT2:4/COMP:5/sub_diff:2/nfet_06v0:M19:
Property 0.18u)'nrd in circuit2 has no matching property in circuit1
nfet_06v0:1447 vs. GRADIENT_NAV2:_core/GRADIENT2:4/COMP:5/sub_diff:2/nfet_06v0:M19:
Property 0.18u)'ps in circuit2 has no matching property in circuit1
nfet_06v0:486 vs. GRADIENT_NAV2:_core/GRADIENT2:4/COMP:5/sub_diff:2/nfet_06v0:M17:
Property W'nrs in circuit2 has no matching property in circuit1
nfet_06v0:486 vs. GRADIENT_NAV2:_core/GRADIENT2:4/COMP:5/sub_diff:2/nfet_06v0:M17:
Property 0.18u)'nrd in circuit2 has no matching property in circuit1
nfet_06v0:486 vs. GRADIENT_NAV2:_core/GRADIENT2:4/COMP:5/sub_diff:2/nfet_06v0:M17:
Property 0.18u)'ps in circuit2 has no matching property in circuit1
nfet_06v0:1159 vs. GRADIENT_NAV2:_core/GRADIENT2:3/COMP:5/sub_diff:2/nfet_06v0:M19:
Property W'nrs in circuit2 has no matching property in circuit1
nfet_06v0:1159 vs. GRADIENT_NAV2:_core/GRADIENT2:3/COMP:5/sub_diff:2/nfet_06v0:M19:
Property 0.18u)'nrd in circuit2 has no matching property in circuit1
nfet_06v0:1159 vs. GRADIENT_NAV2:_core/GRADIENT2:3/COMP:5/sub_diff:2/nfet_06v0:M19:
Property 0.18u)'ps in circuit2 has no matching property in circuit1
nfet_06v0:188 vs. GRADIENT_NAV2:_core/GRADIENT2:3/COMP:5/sub_diff:2/nfet_06v0:M17:
Property W'nrs in circuit2 has no matching property in circuit1
nfet_06v0:188 vs. GRADIENT_NAV2:_core/GRADIENT2:3/COMP:5/sub_diff:2/nfet_06v0:M17:
Property 0.18u)'nrd in circuit2 has no matching property in circuit1
nfet_06v0:188 vs. GRADIENT_NAV2:_core/GRADIENT2:3/COMP:5/sub_diff:2/nfet_06v0:M17:
Property 0.18u)'ps in circuit2 has no matching property in circuit1
nfet_06v0:1079 vs. GRADIENT_NAV2:_core/GRADIENT2:2/COMP:5/sub_diff:2/nfet_06v0:M19:
Property W'nrs in circuit2 has no matching property in circuit1
nfet_06v0:1079 vs. GRADIENT_NAV2:_core/GRADIENT2:2/COMP:5/sub_diff:2/nfet_06v0:M19:
Property 0.18u)'nrd in circuit2 has no matching property in circuit1
nfet_06v0:1079 vs. GRADIENT_NAV2:_core/GRADIENT2:2/COMP:5/sub_diff:2/nfet_06v0:M19:
Property 0.18u)'ps in circuit2 has no matching property in circuit1
nfet_06v0:72 vs. GRADIENT_NAV2:_core/GRADIENT2:2/COMP:5/sub_diff:2/nfet_06v0:M17:
Property W'nrs in circuit2 has no matching property in circuit1
nfet_06v0:72 vs. GRADIENT_NAV2:_core/GRADIENT2:2/COMP:5/sub_diff:2/nfet_06v0:M17:
Property 0.18u)'nrd in circuit2 has no matching property in circuit1
nfet_06v0:72 vs. GRADIENT_NAV2:_core/GRADIENT2:2/COMP:5/sub_diff:2/nfet_06v0:M17:
Property 0.18u)'ps in circuit2 has no matching property in circuit1
nfet_06v0:1147 vs. GRADIENT_NAV2:_core/GRADIENT2:2/COMP:6/sub_diff:2/nfet_06v0:M19:
Property W'nrs in circuit2 has no matching property in circuit1
nfet_06v0:1147 vs. GRADIENT_NAV2:_core/GRADIENT2:2/COMP:6/sub_diff:2/nfet_06v0:M19:
Property 0.18u)'nrd in circuit2 has no matching property in circuit1
nfet_06v0:1147 vs. GRADIENT_NAV2:_core/GRADIENT2:2/COMP:6/sub_diff:2/nfet_06v0:M19:
Property 0.18u)'ps in circuit2 has no matching property in circuit1
nfet_06v0:827 vs. GRADIENT_NAV2:_core/GRADIENT2:2/COMP:6/sub_diff:2/nfet_06v0:M17:
Property W'nrs in circuit2 has no matching property in circuit1
nfet_06v0:827 vs. GRADIENT_NAV2:_core/GRADIENT2:2/COMP:6/sub_diff:2/nfet_06v0:M17:
Property 0.18u)'nrd in circuit2 has no matching property in circuit1
nfet_06v0:827 vs. GRADIENT_NAV2:_core/GRADIENT2:2/COMP:6/sub_diff:2/nfet_06v0:M17:
Property 0.18u)'ps in circuit2 has no matching property in circuit1
nfet_06v0:879 vs. GRADIENT_NAV2:_core/GRADIENT2:1/COMP:6/sub_diff:2/nfet_06v0:M19:
Property W'nrs in circuit2 has no matching property in circuit1
nfet_06v0:879 vs. GRADIENT_NAV2:_core/GRADIENT2:1/COMP:6/sub_diff:2/nfet_06v0:M19:
Property 0.18u)'nrd in circuit2 has no matching property in circuit1
nfet_06v0:879 vs. GRADIENT_NAV2:_core/GRADIENT2:1/COMP:6/sub_diff:2/nfet_06v0:M19:
Property 0.18u)'ps in circuit2 has no matching property in circuit1
nfet_06v0:531 vs. GRADIENT_NAV2:_core/GRADIENT2:1/COMP:6/sub_diff:2/nfet_06v0:M17:
Property W'nrs in circuit2 has no matching property in circuit1
nfet_06v0:531 vs. GRADIENT_NAV2:_core/GRADIENT2:1/COMP:6/sub_diff:2/nfet_06v0:M17:
Property 0.18u)'nrd in circuit2 has no matching property in circuit1
nfet_06v0:531 vs. GRADIENT_NAV2:_core/GRADIENT2:1/COMP:6/sub_diff:2/nfet_06v0:M17:
Property 0.18u)'ps in circuit2 has no matching property in circuit1
nfet_06v0:1903 vs. GRADIENT_NAV2:_core/GRADIENT2:3/COMP:6/sub_diff:2/nfet_06v0:M19:
Property W'nrs in circuit2 has no matching property in circuit1
nfet_06v0:1903 vs. GRADIENT_NAV2:_core/GRADIENT2:3/COMP:6/sub_diff:2/nfet_06v0:M19:
Property 0.18u)'nrd in circuit2 has no matching property in circuit1
nfet_06v0:1903 vs. GRADIENT_NAV2:_core/GRADIENT2:3/COMP:6/sub_diff:2/nfet_06v0:M19:
Property 0.18u)'ps in circuit2 has no matching property in circuit1
nfet_06v0:256 vs. GRADIENT_NAV2:_core/GRADIENT2:3/COMP:6/sub_diff:2/nfet_06v0:M17:
Property W'nrs in circuit2 has no matching property in circuit1
nfet_06v0:256 vs. GRADIENT_NAV2:_core/GRADIENT2:3/COMP:6/sub_diff:2/nfet_06v0:M17:
Property 0.18u)'nrd in circuit2 has no matching property in circuit1
nfet_06v0:256 vs. GRADIENT_NAV2:_core/GRADIENT2:3/COMP:6/sub_diff:2/nfet_06v0:M17:
Property 0.18u)'ps in circuit2 has no matching property in circuit1
nfet_06v0:571 vs. GRADIENT_NAV2:_core/GRADIENT2:4/COMP:6/sub_diff:2/nfet_06v0:M19:
Property W'nrs in circuit2 has no matching property in circuit1
nfet_06v0:571 vs. GRADIENT_NAV2:_core/GRADIENT2:4/COMP:6/sub_diff:2/nfet_06v0:M19:
Property 0.18u)'nrd in circuit2 has no matching property in circuit1
nfet_06v0:571 vs. GRADIENT_NAV2:_core/GRADIENT2:4/COMP:6/sub_diff:2/nfet_06v0:M19:
Property 0.18u)'ps in circuit2 has no matching property in circuit1
nfet_06v0:196 vs. GRADIENT_NAV2:_core/GRADIENT2:4/COMP:6/sub_diff:2/nfet_06v0:M17:
Property W'nrs in circuit2 has no matching property in circuit1
nfet_06v0:196 vs. GRADIENT_NAV2:_core/GRADIENT2:4/COMP:6/sub_diff:2/nfet_06v0:M17:
Property 0.18u)'nrd in circuit2 has no matching property in circuit1
nfet_06v0:196 vs. GRADIENT_NAV2:_core/GRADIENT2:4/COMP:6/sub_diff:2/nfet_06v0:M17:
Property 0.18u)'ps in circuit2 has no matching property in circuit1
nfet_06v0:604 vs. GRADIENT_NAV2:_core/GRADIENT2:1/OPAM_LIN:8/sub_diff_2_LIN:2/nfet_06v0:M21:
Property W'nrs in circuit2 has no matching property in circuit1
nfet_06v0:604 vs. GRADIENT_NAV2:_core/GRADIENT2:1/OPAM_LIN:8/sub_diff_2_LIN:2/nfet_06v0:M21:
Property 0.18u)'nrd in circuit2 has no matching property in circuit1
nfet_06v0:604 vs. GRADIENT_NAV2:_core/GRADIENT2:1/OPAM_LIN:8/sub_diff_2_LIN:2/nfet_06v0:M21:
Property 0.18u)'ps in circuit2 has no matching property in circuit1
nfet_06v0:1892 vs. GRADIENT_NAV2:_core/GRADIENT2:2/OPAM_LIN:8/sub_diff_2_LIN:2/nfet_06v0:M21:
Property W'nrs in circuit2 has no matching property in circuit1
nfet_06v0:1892 vs. GRADIENT_NAV2:_core/GRADIENT2:2/OPAM_LIN:8/sub_diff_2_LIN:2/nfet_06v0:M21:
Property 0.18u)'nrd in circuit2 has no matching property in circuit1
nfet_06v0:1892 vs. GRADIENT_NAV2:_core/GRADIENT2:2/OPAM_LIN:8/sub_diff_2_LIN:2/nfet_06v0:M21:
Property 0.18u)'ps in circuit2 has no matching property in circuit1
nfet_06v0:1488 vs. GRADIENT_NAV2:_core/GRADIENT2:3/OPAM_LIN:8/sub_diff_2_LIN:2/nfet_06v0:M21:
Property W'nrs in circuit2 has no matching property in circuit1
nfet_06v0:1488 vs. GRADIENT_NAV2:_core/GRADIENT2:3/OPAM_LIN:8/sub_diff_2_LIN:2/nfet_06v0:M21:
Property 0.18u)'nrd in circuit2 has no matching property in circuit1
nfet_06v0:1488 vs. GRADIENT_NAV2:_core/GRADIENT2:3/OPAM_LIN:8/sub_diff_2_LIN:2/nfet_06v0:M21:
Property 0.18u)'ps in circuit2 has no matching property in circuit1
nfet_06v0:596 vs. GRADIENT_NAV2:_core/GRADIENT2:4/OPAM_LIN:8/sub_diff_2_LIN:2/nfet_06v0:M21:
Property W'nrs in circuit2 has no matching property in circuit1
nfet_06v0:596 vs. GRADIENT_NAV2:_core/GRADIENT2:4/OPAM_LIN:8/sub_diff_2_LIN:2/nfet_06v0:M21:
Property 0.18u)'nrd in circuit2 has no matching property in circuit1
nfet_06v0:596 vs. GRADIENT_NAV2:_core/GRADIENT2:4/OPAM_LIN:8/sub_diff_2_LIN:2/nfet_06v0:M21:
Property 0.18u)'ps in circuit2 has no matching property in circuit1
nfet_06v0:1506 vs. GRADIENT_NAV2:_core/GRADIENT2:1/OPAM_LIN:1/sub_diff_2_LIN:2/nfet_06v0:M21:
Property W'nrs in circuit2 has no matching property in circuit1
nfet_06v0:1506 vs. GRADIENT_NAV2:_core/GRADIENT2:1/OPAM_LIN:1/sub_diff_2_LIN:2/nfet_06v0:M21:
Property 0.18u)'nrd in circuit2 has no matching property in circuit1
nfet_06v0:1506 vs. GRADIENT_NAV2:_core/GRADIENT2:1/OPAM_LIN:1/sub_diff_2_LIN:2/nfet_06v0:M21:
Property 0.18u)'ps in circuit2 has no matching property in circuit1
nfet_06v0:615 vs. GRADIENT_NAV2:_core/GRADIENT2:2/OPAM_LIN:1/sub_diff_2_LIN:2/nfet_06v0:M21:
Property W'nrs in circuit2 has no matching property in circuit1
nfet_06v0:615 vs. GRADIENT_NAV2:_core/GRADIENT2:2/OPAM_LIN:1/sub_diff_2_LIN:2/nfet_06v0:M21:
Property 0.18u)'nrd in circuit2 has no matching property in circuit1
nfet_06v0:615 vs. GRADIENT_NAV2:_core/GRADIENT2:2/OPAM_LIN:1/sub_diff_2_LIN:2/nfet_06v0:M21:
Property 0.18u)'ps in circuit2 has no matching property in circuit1
nfet_06v0:1796 vs. GRADIENT_NAV2:_core/GRADIENT2:3/OPAM_LIN:1/sub_diff_2_LIN:2/nfet_06v0:M21:
Property W'nrs in circuit2 has no matching property in circuit1
nfet_06v0:1796 vs. GRADIENT_NAV2:_core/GRADIENT2:3/OPAM_LIN:1/sub_diff_2_LIN:2/nfet_06v0:M21:
Property 0.18u)'nrd in circuit2 has no matching property in circuit1
nfet_06v0:1796 vs. GRADIENT_NAV2:_core/GRADIENT2:3/OPAM_LIN:1/sub_diff_2_LIN:2/nfet_06v0:M21:
Property 0.18u)'ps in circuit2 has no matching property in circuit1
nfet_06v0:671 vs. GRADIENT_NAV2:_core/GRADIENT2:4/OPAM_LIN:1/sub_diff_2_LIN:2/nfet_06v0:M21:
Property W'nrs in circuit2 has no matching property in circuit1
nfet_06v0:671 vs. GRADIENT_NAV2:_core/GRADIENT2:4/OPAM_LIN:1/sub_diff_2_LIN:2/nfet_06v0:M21:
Property 0.18u)'nrd in circuit2 has no matching property in circuit1
nfet_06v0:671 vs. GRADIENT_NAV2:_core/GRADIENT2:4/OPAM_LIN:1/sub_diff_2_LIN:2/nfet_06v0:M21:
Property 0.18u)'ps in circuit2 has no matching property in circuit1
nfet_06v0:695 vs. GRADIENT_NAV2:_core/GRADIENT2:1/OPAM_LIN:2/sub_diff_2_LIN:2/nfet_06v0:M21:
Property W'nrs in circuit2 has no matching property in circuit1
nfet_06v0:695 vs. GRADIENT_NAV2:_core/GRADIENT2:1/OPAM_LIN:2/sub_diff_2_LIN:2/nfet_06v0:M21:
Property 0.18u)'nrd in circuit2 has no matching property in circuit1
nfet_06v0:695 vs. GRADIENT_NAV2:_core/GRADIENT2:1/OPAM_LIN:2/sub_diff_2_LIN:2/nfet_06v0:M21:
Property 0.18u)'ps in circuit2 has no matching property in circuit1
nfet_06v0:752 vs. GRADIENT_NAV2:_core/GRADIENT2:2/OPAM_LIN:2/sub_diff_2_LIN:2/nfet_06v0:M21:
Property W'nrs in circuit2 has no matching property in circuit1
nfet_06v0:752 vs. GRADIENT_NAV2:_core/GRADIENT2:2/OPAM_LIN:2/sub_diff_2_LIN:2/nfet_06v0:M21:
Property 0.18u)'nrd in circuit2 has no matching property in circuit1
nfet_06v0:752 vs. GRADIENT_NAV2:_core/GRADIENT2:2/OPAM_LIN:2/sub_diff_2_LIN:2/nfet_06v0:M21:
Property 0.18u)'ps in circuit2 has no matching property in circuit1
nfet_06v0:1815 vs. GRADIENT_NAV2:_core/GRADIENT2:3/OPAM_LIN:2/sub_diff_2_LIN:2/nfet_06v0:M21:
Property W'nrs in circuit2 has no matching property in circuit1
nfet_06v0:1815 vs. GRADIENT_NAV2:_core/GRADIENT2:3/OPAM_LIN:2/sub_diff_2_LIN:2/nfet_06v0:M21:
Property 0.18u)'nrd in circuit2 has no matching property in circuit1
nfet_06v0:1815 vs. GRADIENT_NAV2:_core/GRADIENT2:3/OPAM_LIN:2/sub_diff_2_LIN:2/nfet_06v0:M21:
Property 0.18u)'ps in circuit2 has no matching property in circuit1
nfet_06v0:580 vs. GRADIENT_NAV2:_core/GRADIENT2:4/OPAM_LIN:2/sub_diff_2_LIN:2/nfet_06v0:M21:
Property W'nrs in circuit2 has no matching property in circuit1
nfet_06v0:580 vs. GRADIENT_NAV2:_core/GRADIENT2:4/OPAM_LIN:2/sub_diff_2_LIN:2/nfet_06v0:M21:
Property 0.18u)'nrd in circuit2 has no matching property in circuit1
nfet_06v0:580 vs. GRADIENT_NAV2:_core/GRADIENT2:4/OPAM_LIN:2/sub_diff_2_LIN:2/nfet_06v0:M21:
Property 0.18u)'ps in circuit2 has no matching property in circuit1
nfet_06v0:566 vs. GRADIENT_NAV2:_core/GRADIENT2:1/OPAM_LIN:1/sub_diff_2_LIN:2/nfet_06v0:M22:
Property W'nrs in circuit2 has no matching property in circuit1
nfet_06v0:566 vs. GRADIENT_NAV2:_core/GRADIENT2:1/OPAM_LIN:1/sub_diff_2_LIN:2/nfet_06v0:M22:
Property 0.18u)'nrd in circuit2 has no matching property in circuit1
nfet_06v0:566 vs. GRADIENT_NAV2:_core/GRADIENT2:1/OPAM_LIN:1/sub_diff_2_LIN:2/nfet_06v0:M22:
Property 0.18u)'ps in circuit2 has no matching property in circuit1
nfet_06v0:81 vs. GRADIENT_NAV2:_core/GRADIENT2:2/OPAM_LIN:1/sub_diff_2_LIN:2/nfet_06v0:M22:
Property W'nrs in circuit2 has no matching property in circuit1
nfet_06v0:81 vs. GRADIENT_NAV2:_core/GRADIENT2:2/OPAM_LIN:1/sub_diff_2_LIN:2/nfet_06v0:M22:
Property 0.18u)'nrd in circuit2 has no matching property in circuit1
nfet_06v0:81 vs. GRADIENT_NAV2:_core/GRADIENT2:2/OPAM_LIN:1/sub_diff_2_LIN:2/nfet_06v0:M22:
Property 0.18u)'ps in circuit2 has no matching property in circuit1
nfet_06v0:1281 vs. GRADIENT_NAV2:_core/GRADIENT2:3/OPAM_LIN:1/sub_diff_2_LIN:2/nfet_06v0:M22:
Property W'nrs in circuit2 has no matching property in circuit1
nfet_06v0:1281 vs. GRADIENT_NAV2:_core/GRADIENT2:3/OPAM_LIN:1/sub_diff_2_LIN:2/nfet_06v0:M22:
Property 0.18u)'nrd in circuit2 has no matching property in circuit1
nfet_06v0:1281 vs. GRADIENT_NAV2:_core/GRADIENT2:3/OPAM_LIN:1/sub_diff_2_LIN:2/nfet_06v0:M22:
Property 0.18u)'ps in circuit2 has no matching property in circuit1
nfet_06v0:1667 vs. GRADIENT_NAV2:_core/GRADIENT2:4/OPAM_LIN:1/sub_diff_2_LIN:2/nfet_06v0:M22:
Property W'nrs in circuit2 has no matching property in circuit1
nfet_06v0:1667 vs. GRADIENT_NAV2:_core/GRADIENT2:4/OPAM_LIN:1/sub_diff_2_LIN:2/nfet_06v0:M22:
Property 0.18u)'nrd in circuit2 has no matching property in circuit1
nfet_06v0:1667 vs. GRADIENT_NAV2:_core/GRADIENT2:4/OPAM_LIN:1/sub_diff_2_LIN:2/nfet_06v0:M22:
Property 0.18u)'ps in circuit2 has no matching property in circuit1
nfet_06v0:74 vs. GRADIENT_NAV2:_core/GRADIENT2:1/OPAM_LIN:8/sub_diff_2_LIN:2/nfet_06v0:M22:
Property W'nrs in circuit2 has no matching property in circuit1
nfet_06v0:74 vs. GRADIENT_NAV2:_core/GRADIENT2:1/OPAM_LIN:8/sub_diff_2_LIN:2/nfet_06v0:M22:
Property 0.18u)'nrd in circuit2 has no matching property in circuit1
nfet_06v0:74 vs. GRADIENT_NAV2:_core/GRADIENT2:1/OPAM_LIN:8/sub_diff_2_LIN:2/nfet_06v0:M22:
Property 0.18u)'ps in circuit2 has no matching property in circuit1
nfet_06v0:943 vs. GRADIENT_NAV2:_core/GRADIENT2:2/OPAM_LIN:8/sub_diff_2_LIN:2/nfet_06v0:M22:
Property W'nrs in circuit2 has no matching property in circuit1
nfet_06v0:943 vs. GRADIENT_NAV2:_core/GRADIENT2:2/OPAM_LIN:8/sub_diff_2_LIN:2/nfet_06v0:M22:
Property 0.18u)'nrd in circuit2 has no matching property in circuit1
nfet_06v0:943 vs. GRADIENT_NAV2:_core/GRADIENT2:2/OPAM_LIN:8/sub_diff_2_LIN:2/nfet_06v0:M22:
Property 0.18u)'ps in circuit2 has no matching property in circuit1
nfet_06v0:537 vs. GRADIENT_NAV2:_core/GRADIENT2:3/OPAM_LIN:8/sub_diff_2_LIN:2/nfet_06v0:M22:
Property W'nrs in circuit2 has no matching property in circuit1
nfet_06v0:537 vs. GRADIENT_NAV2:_core/GRADIENT2:3/OPAM_LIN:8/sub_diff_2_LIN:2/nfet_06v0:M22:
Property 0.18u)'nrd in circuit2 has no matching property in circuit1
nfet_06v0:537 vs. GRADIENT_NAV2:_core/GRADIENT2:3/OPAM_LIN:8/sub_diff_2_LIN:2/nfet_06v0:M22:
Property 0.18u)'ps in circuit2 has no matching property in circuit1
nfet_06v0:63 vs. GRADIENT_NAV2:_core/GRADIENT2:4/OPAM_LIN:8/sub_diff_2_LIN:2/nfet_06v0:M22:
Property W'nrs in circuit2 has no matching property in circuit1
nfet_06v0:63 vs. GRADIENT_NAV2:_core/GRADIENT2:4/OPAM_LIN:8/sub_diff_2_LIN:2/nfet_06v0:M22:
Property 0.18u)'nrd in circuit2 has no matching property in circuit1
nfet_06v0:63 vs. GRADIENT_NAV2:_core/GRADIENT2:4/OPAM_LIN:8/sub_diff_2_LIN:2/nfet_06v0:M22:
Property 0.18u)'ps in circuit2 has no matching property in circuit1
nfet_06v0:1694 vs. GRADIENT_NAV2:_core/GRADIENT2:1/OPAM_LIN:2/sub_diff_2_LIN:2/nfet_06v0:M22:
Property W'nrs in circuit2 has no matching property in circuit1
nfet_06v0:1694 vs. GRADIENT_NAV2:_core/GRADIENT2:1/OPAM_LIN:2/sub_diff_2_LIN:2/nfet_06v0:M22:
Property 0.18u)'nrd in circuit2 has no matching property in circuit1
nfet_06v0:1694 vs. GRADIENT_NAV2:_core/GRADIENT2:1/OPAM_LIN:2/sub_diff_2_LIN:2/nfet_06v0:M22:
Property 0.18u)'ps in circuit2 has no matching property in circuit1
nfet_06v0:1763 vs. GRADIENT_NAV2:_core/GRADIENT2:2/OPAM_LIN:2/sub_diff_2_LIN:2/nfet_06v0:M22:
Property W'nrs in circuit2 has no matching property in circuit1
nfet_06v0:1763 vs. GRADIENT_NAV2:_core/GRADIENT2:2/OPAM_LIN:2/sub_diff_2_LIN:2/nfet_06v0:M22:
Property 0.18u)'nrd in circuit2 has no matching property in circuit1
nfet_06v0:1763 vs. GRADIENT_NAV2:_core/GRADIENT2:2/OPAM_LIN:2/sub_diff_2_LIN:2/nfet_06v0:M22:
Property 0.18u)'ps in circuit2 has no matching property in circuit1
nfet_06v0:1301 vs. GRADIENT_NAV2:_core/GRADIENT2:3/OPAM_LIN:2/sub_diff_2_LIN:2/nfet_06v0:M22:
Property W'nrs in circuit2 has no matching property in circuit1
nfet_06v0:1301 vs. GRADIENT_NAV2:_core/GRADIENT2:3/OPAM_LIN:2/sub_diff_2_LIN:2/nfet_06v0:M22:
Property 0.18u)'nrd in circuit2 has no matching property in circuit1
nfet_06v0:1301 vs. GRADIENT_NAV2:_core/GRADIENT2:3/OPAM_LIN:2/sub_diff_2_LIN:2/nfet_06v0:M22:
Property 0.18u)'ps in circuit2 has no matching property in circuit1
nfet_06v0:52 vs. GRADIENT_NAV2:_core/GRADIENT2:4/OPAM_LIN:2/sub_diff_2_LIN:2/nfet_06v0:M22:
Property W'nrs in circuit2 has no matching property in circuit1
nfet_06v0:52 vs. GRADIENT_NAV2:_core/GRADIENT2:4/OPAM_LIN:2/sub_diff_2_LIN:2/nfet_06v0:M22:
Property 0.18u)'nrd in circuit2 has no matching property in circuit1
nfet_06v0:52 vs. GRADIENT_NAV2:_core/GRADIENT2:4/OPAM_LIN:2/sub_diff_2_LIN:2/nfet_06v0:M22:
Property 0.18u)'ps in circuit2 has no matching property in circuit1
nfet_06v0:1653 vs. GRADIENT_NAV2:_core/GRADIENT2:4/OPAM_LIN:1/sub_diff_2_LIN:2/nfet_06v0:M23:
Property W'nrs in circuit2 has no matching property in circuit1
nfet_06v0:1653 vs. GRADIENT_NAV2:_core/GRADIENT2:4/OPAM_LIN:1/sub_diff_2_LIN:2/nfet_06v0:M23:
Property 0.18u)'nrd in circuit2 has no matching property in circuit1
nfet_06v0:1653 vs. GRADIENT_NAV2:_core/GRADIENT2:4/OPAM_LIN:1/sub_diff_2_LIN:2/nfet_06v0:M23:
Property 0.18u)'ps in circuit2 has no matching property in circuit1
nfet_06v0:1272 vs. GRADIENT_NAV2:_core/GRADIENT2:3/OPAM_LIN:1/sub_diff_2_LIN:2/nfet_06v0:M23:
Property W'nrs in circuit2 has no matching property in circuit1
nfet_06v0:1272 vs. GRADIENT_NAV2:_core/GRADIENT2:3/OPAM_LIN:1/sub_diff_2_LIN:2/nfet_06v0:M23:
Property 0.18u)'nrd in circuit2 has no matching property in circuit1
nfet_06v0:1272 vs. GRADIENT_NAV2:_core/GRADIENT2:3/OPAM_LIN:1/sub_diff_2_LIN:2/nfet_06v0:M23:
Property 0.18u)'ps in circuit2 has no matching property in circuit1
nfet_06v0:652 vs. GRADIENT_NAV2:_core/GRADIENT2:2/OPAM_LIN:1/sub_diff_2_LIN:2/nfet_06v0:M23:
Property W'nrs in circuit2 has no matching property in circuit1
nfet_06v0:652 vs. GRADIENT_NAV2:_core/GRADIENT2:2/OPAM_LIN:1/sub_diff_2_LIN:2/nfet_06v0:M23:
Property 0.18u)'nrd in circuit2 has no matching property in circuit1
nfet_06v0:652 vs. GRADIENT_NAV2:_core/GRADIENT2:2/OPAM_LIN:1/sub_diff_2_LIN:2/nfet_06v0:M23:
Property 0.18u)'ps in circuit2 has no matching property in circuit1
nfet_06v0:555 vs. GRADIENT_NAV2:_core/GRADIENT2:1/OPAM_LIN:1/sub_diff_2_LIN:2/nfet_06v0:M23:
Property W'nrs in circuit2 has no matching property in circuit1
nfet_06v0:555 vs. GRADIENT_NAV2:_core/GRADIENT2:1/OPAM_LIN:1/sub_diff_2_LIN:2/nfet_06v0:M23:
Property 0.18u)'nrd in circuit2 has no matching property in circuit1
nfet_06v0:555 vs. GRADIENT_NAV2:_core/GRADIENT2:1/OPAM_LIN:1/sub_diff_2_LIN:2/nfet_06v0:M23:
Property 0.18u)'ps in circuit2 has no matching property in circuit1
nfet_06v0:931 vs. GRADIENT_NAV2:_core/GRADIENT2:2/OPAM_LIN:8/sub_diff_2_LIN:2/nfet_06v0:M23:
Property W'nrs in circuit2 has no matching property in circuit1
nfet_06v0:931 vs. GRADIENT_NAV2:_core/GRADIENT2:2/OPAM_LIN:8/sub_diff_2_LIN:2/nfet_06v0:M23:
Property 0.18u)'nrd in circuit2 has no matching property in circuit1
nfet_06v0:931 vs. GRADIENT_NAV2:_core/GRADIENT2:2/OPAM_LIN:8/sub_diff_2_LIN:2/nfet_06v0:M23:
Property 0.18u)'ps in circuit2 has no matching property in circuit1
nfet_06v0:632 vs. GRADIENT_NAV2:_core/GRADIENT2:4/OPAM_LIN:8/sub_diff_2_LIN:2/nfet_06v0:M23:
Property W'nrs in circuit2 has no matching property in circuit1
nfet_06v0:632 vs. GRADIENT_NAV2:_core/GRADIENT2:4/OPAM_LIN:8/sub_diff_2_LIN:2/nfet_06v0:M23:
Property 0.18u)'nrd in circuit2 has no matching property in circuit1
nfet_06v0:632 vs. GRADIENT_NAV2:_core/GRADIENT2:4/OPAM_LIN:8/sub_diff_2_LIN:2/nfet_06v0:M23:
Property 0.18u)'ps in circuit2 has no matching property in circuit1
nfet_06v0:525 vs. GRADIENT_NAV2:_core/GRADIENT2:3/OPAM_LIN:8/sub_diff_2_LIN:2/nfet_06v0:M23:
Property W'nrs in circuit2 has no matching property in circuit1
nfet_06v0:525 vs. GRADIENT_NAV2:_core/GRADIENT2:3/OPAM_LIN:8/sub_diff_2_LIN:2/nfet_06v0:M23:
Property 0.18u)'nrd in circuit2 has no matching property in circuit1
nfet_06v0:525 vs. GRADIENT_NAV2:_core/GRADIENT2:3/OPAM_LIN:8/sub_diff_2_LIN:2/nfet_06v0:M23:
Property 0.18u)'ps in circuit2 has no matching property in circuit1
nfet_06v0:61 vs. GRADIENT_NAV2:_core/GRADIENT2:1/OPAM_LIN:8/sub_diff_2_LIN:2/nfet_06v0:M23:
Property W'nrs in circuit2 has no matching property in circuit1
nfet_06v0:61 vs. GRADIENT_NAV2:_core/GRADIENT2:1/OPAM_LIN:8/sub_diff_2_LIN:2/nfet_06v0:M23:
Property 0.18u)'nrd in circuit2 has no matching property in circuit1
nfet_06v0:61 vs. GRADIENT_NAV2:_core/GRADIENT2:1/OPAM_LIN:8/sub_diff_2_LIN:2/nfet_06v0:M23:
Property 0.18u)'ps in circuit2 has no matching property in circuit1
nfet_06v0:1849 vs. GRADIENT_NAV2:_core/GRADIENT2:3/OPAM_LIN:2/sub_diff_2_LIN:2/nfet_06v0:M23:
Property W'nrs in circuit2 has no matching property in circuit1
nfet_06v0:1849 vs. GRADIENT_NAV2:_core/GRADIENT2:3/OPAM_LIN:2/sub_diff_2_LIN:2/nfet_06v0:M23:
Property 0.18u)'nrd in circuit2 has no matching property in circuit1
nfet_06v0:1849 vs. GRADIENT_NAV2:_core/GRADIENT2:3/OPAM_LIN:2/sub_diff_2_LIN:2/nfet_06v0:M23:
Property 0.18u)'ps in circuit2 has no matching property in circuit1
nfet_06v0:1753 vs. GRADIENT_NAV2:_core/GRADIENT2:2/OPAM_LIN:2/sub_diff_2_LIN:2/nfet_06v0:M23:
Property W'nrs in circuit2 has no matching property in circuit1
nfet_06v0:1753 vs. GRADIENT_NAV2:_core/GRADIENT2:2/OPAM_LIN:2/sub_diff_2_LIN:2/nfet_06v0:M23:
Property 0.18u)'nrd in circuit2 has no matching property in circuit1
nfet_06v0:1753 vs. GRADIENT_NAV2:_core/GRADIENT2:2/OPAM_LIN:2/sub_diff_2_LIN:2/nfet_06v0:M23:
Property 0.18u)'ps in circuit2 has no matching property in circuit1
nfet_06v0:1687 vs. GRADIENT_NAV2:_core/GRADIENT2:1/OPAM_LIN:2/sub_diff_2_LIN:2/nfet_06v0:M23:
Property W'nrs in circuit2 has no matching property in circuit1
nfet_06v0:1687 vs. GRADIENT_NAV2:_core/GRADIENT2:1/OPAM_LIN:2/sub_diff_2_LIN:2/nfet_06v0:M23:
Property 0.18u)'nrd in circuit2 has no matching property in circuit1
nfet_06v0:1687 vs. GRADIENT_NAV2:_core/GRADIENT2:1/OPAM_LIN:2/sub_diff_2_LIN:2/nfet_06v0:M23:
Property 0.18u)'ps in circuit2 has no matching property in circuit1
nfet_06v0:43 vs. GRADIENT_NAV2:_core/GRADIENT2:4/OPAM_LIN:2/sub_diff_2_LIN:2/nfet_06v0:M23:
Property W'nrs in circuit2 has no matching property in circuit1
nfet_06v0:43 vs. GRADIENT_NAV2:_core/GRADIENT2:4/OPAM_LIN:2/sub_diff_2_LIN:2/nfet_06v0:M23:
Property 0.18u)'nrd in circuit2 has no matching property in circuit1
nfet_06v0:43 vs. GRADIENT_NAV2:_core/GRADIENT2:4/OPAM_LIN:2/sub_diff_2_LIN:2/nfet_06v0:M23:
Property 0.18u)'ps in circuit2 has no matching property in circuit1
nfet_06v0:939 vs. GRADIENT_NAV2:_core/GRADIENT2:4/COMP:5/sub_diff:2/nfet_06v0:M23:
Property W'nrs in circuit2 has no matching property in circuit1
nfet_06v0:939 vs. GRADIENT_NAV2:_core/GRADIENT2:4/COMP:5/sub_diff:2/nfet_06v0:M23:
Property 0.18u)'nrd in circuit2 has no matching property in circuit1
nfet_06v0:939 vs. GRADIENT_NAV2:_core/GRADIENT2:4/COMP:5/sub_diff:2/nfet_06v0:M23:
Property 0.18u)'ps in circuit2 has no matching property in circuit1
nfet_06v0:560 vs. GRADIENT_NAV2:_core/GRADIENT2:3/COMP:5/sub_diff:2/nfet_06v0:M23:
Property W'nrs in circuit2 has no matching property in circuit1
nfet_06v0:560 vs. GRADIENT_NAV2:_core/GRADIENT2:3/COMP:5/sub_diff:2/nfet_06v0:M23:
Property 0.18u)'nrd in circuit2 has no matching property in circuit1
nfet_06v0:560 vs. GRADIENT_NAV2:_core/GRADIENT2:3/COMP:5/sub_diff:2/nfet_06v0:M23:
Property 0.18u)'ps in circuit2 has no matching property in circuit1
nfet_06v0:224 vs. GRADIENT_NAV2:_core/GRADIENT2:1/COMP:5/sub_diff:2/nfet_06v0:M23:
Property W'nrs in circuit2 has no matching property in circuit1
nfet_06v0:224 vs. GRADIENT_NAV2:_core/GRADIENT2:1/COMP:5/sub_diff:2/nfet_06v0:M23:
Property 0.18u)'nrd in circuit2 has no matching property in circuit1
nfet_06v0:224 vs. GRADIENT_NAV2:_core/GRADIENT2:1/COMP:5/sub_diff:2/nfet_06v0:M23:
Property 0.18u)'ps in circuit2 has no matching property in circuit1
nfet_06v0:49 vs. GRADIENT_NAV2:_core/GRADIENT2:2/COMP:5/sub_diff:2/nfet_06v0:M23:
Property W'nrs in circuit2 has no matching property in circuit1
nfet_06v0:49 vs. GRADIENT_NAV2:_core/GRADIENT2:2/COMP:5/sub_diff:2/nfet_06v0:M23:
Property 0.18u)'nrd in circuit2 has no matching property in circuit1
nfet_06v0:49 vs. GRADIENT_NAV2:_core/GRADIENT2:2/COMP:5/sub_diff:2/nfet_06v0:M23:
Property 0.18u)'ps in circuit2 has no matching property in circuit1
nfet_06v0:379 vs. GRADIENT_NAV2:_core/GRADIENT2:4/COMP:4/sub_diff:2/nfet_06v0:M23:
Property W'nrs in circuit2 has no matching property in circuit1
nfet_06v0:379 vs. GRADIENT_NAV2:_core/GRADIENT2:4/COMP:4/sub_diff:2/nfet_06v0:M23:
Property 0.18u)'nrd in circuit2 has no matching property in circuit1
nfet_06v0:379 vs. GRADIENT_NAV2:_core/GRADIENT2:4/COMP:4/sub_diff:2/nfet_06v0:M23:
Property 0.18u)'ps in circuit2 has no matching property in circuit1
nfet_06v0:304 vs. GRADIENT_NAV2:_core/GRADIENT2:1/COMP:4/sub_diff:2/nfet_06v0:M23:
Property W'nrs in circuit2 has no matching property in circuit1
nfet_06v0:304 vs. GRADIENT_NAV2:_core/GRADIENT2:1/COMP:4/sub_diff:2/nfet_06v0:M23:
Property 0.18u)'nrd in circuit2 has no matching property in circuit1
nfet_06v0:304 vs. GRADIENT_NAV2:_core/GRADIENT2:1/COMP:4/sub_diff:2/nfet_06v0:M23:
Property 0.18u)'ps in circuit2 has no matching property in circuit1
nfet_06v0:121 vs. GRADIENT_NAV2:_core/GRADIENT2:2/COMP:4/sub_diff:2/nfet_06v0:M23:
Property W'nrs in circuit2 has no matching property in circuit1
nfet_06v0:121 vs. GRADIENT_NAV2:_core/GRADIENT2:2/COMP:4/sub_diff:2/nfet_06v0:M23:
Property 0.18u)'nrd in circuit2 has no matching property in circuit1
nfet_06v0:121 vs. GRADIENT_NAV2:_core/GRADIENT2:2/COMP:4/sub_diff:2/nfet_06v0:M23:
Property 0.18u)'ps in circuit2 has no matching property in circuit1
nfet_06v0:8 vs. GRADIENT_NAV2:_core/GRADIENT2:3/COMP:4/sub_diff:2/nfet_06v0:M23:
Property W'nrs in circuit2 has no matching property in circuit1
nfet_06v0:8 vs. GRADIENT_NAV2:_core/GRADIENT2:3/COMP:4/sub_diff:2/nfet_06v0:M23:
Property 0.18u)'nrd in circuit2 has no matching property in circuit1
nfet_06v0:8 vs. GRADIENT_NAV2:_core/GRADIENT2:3/COMP:4/sub_diff:2/nfet_06v0:M23:
Property 0.18u)'ps in circuit2 has no matching property in circuit1
nfet_06v0:1591 vs. GRADIENT_NAV2:_core/GRADIENT2:4/COMP:6/sub_diff:2/nfet_06v0:M23:
Property W'nrs in circuit2 has no matching property in circuit1
nfet_06v0:1591 vs. GRADIENT_NAV2:_core/GRADIENT2:4/COMP:6/sub_diff:2/nfet_06v0:M23:
Property 0.18u)'nrd in circuit2 has no matching property in circuit1
nfet_06v0:1591 vs. GRADIENT_NAV2:_core/GRADIENT2:4/COMP:6/sub_diff:2/nfet_06v0:M23:
Property 0.18u)'ps in circuit2 has no matching property in circuit1
nfet_06v0:1220 vs. GRADIENT_NAV2:_core/GRADIENT2:3/COMP:6/sub_diff:2/nfet_06v0:M23:
Property W'nrs in circuit2 has no matching property in circuit1
nfet_06v0:1220 vs. GRADIENT_NAV2:_core/GRADIENT2:3/COMP:6/sub_diff:2/nfet_06v0:M23:
Property 0.18u)'nrd in circuit2 has no matching property in circuit1
nfet_06v0:1220 vs. GRADIENT_NAV2:_core/GRADIENT2:3/COMP:6/sub_diff:2/nfet_06v0:M23:
Property 0.18u)'ps in circuit2 has no matching property in circuit1
nfet_06v0:294 vs. GRADIENT_NAV2:_core/GRADIENT2:1/COMP:6/sub_diff:2/nfet_06v0:M23:
Property W'nrs in circuit2 has no matching property in circuit1
nfet_06v0:294 vs. GRADIENT_NAV2:_core/GRADIENT2:1/COMP:6/sub_diff:2/nfet_06v0:M23:
Property 0.18u)'nrd in circuit2 has no matching property in circuit1
nfet_06v0:294 vs. GRADIENT_NAV2:_core/GRADIENT2:1/COMP:6/sub_diff:2/nfet_06v0:M23:
Property 0.18u)'ps in circuit2 has no matching property in circuit1
nfet_06v0:115 vs. GRADIENT_NAV2:_core/GRADIENT2:2/COMP:6/sub_diff:2/nfet_06v0:M23:
Property W'nrs in circuit2 has no matching property in circuit1
nfet_06v0:115 vs. GRADIENT_NAV2:_core/GRADIENT2:2/COMP:6/sub_diff:2/nfet_06v0:M23:
Property 0.18u)'nrd in circuit2 has no matching property in circuit1
nfet_06v0:115 vs. GRADIENT_NAV2:_core/GRADIENT2:2/COMP:6/sub_diff:2/nfet_06v0:M23:
Property 0.18u)'ps in circuit2 has no matching property in circuit1
nfet_06v0:1809 vs. GRADIENT_NAV2:_core/GRADIENT2:2/OPAM_LIN:8/sub_diff_2_LIN:2/nfet_06v0:M24:
Property W'nrs in circuit2 has no matching property in circuit1
nfet_06v0:1809 vs. GRADIENT_NAV2:_core/GRADIENT2:2/OPAM_LIN:8/sub_diff_2_LIN:2/nfet_06v0:M24:
Property 0.18u)'nrd in circuit2 has no matching property in circuit1
nfet_06v0:1809 vs. GRADIENT_NAV2:_core/GRADIENT2:2/OPAM_LIN:8/sub_diff_2_LIN:2/nfet_06v0:M24:
Property 0.18u)'ps in circuit2 has no matching property in circuit1
nfet_06v0:1496 vs. GRADIENT_NAV2:_core/GRADIENT2:4/OPAM_LIN:8/sub_diff_2_LIN:2/nfet_06v0:M24:
Property W'nrs in circuit2 has no matching property in circuit1
nfet_06v0:1496 vs. GRADIENT_NAV2:_core/GRADIENT2:4/OPAM_LIN:8/sub_diff_2_LIN:2/nfet_06v0:M24:
Property 0.18u)'nrd in circuit2 has no matching property in circuit1
nfet_06v0:1496 vs. GRADIENT_NAV2:_core/GRADIENT2:4/OPAM_LIN:8/sub_diff_2_LIN:2/nfet_06v0:M24:
Property 0.18u)'ps in circuit2 has no matching property in circuit1
nfet_06v0:1413 vs. GRADIENT_NAV2:_core/GRADIENT2:3/OPAM_LIN:8/sub_diff_2_LIN:2/nfet_06v0:M24:
Property W'nrs in circuit2 has no matching property in circuit1
nfet_06v0:1413 vs. GRADIENT_NAV2:_core/GRADIENT2:3/OPAM_LIN:8/sub_diff_2_LIN:2/nfet_06v0:M24:
Property 0.18u)'nrd in circuit2 has no matching property in circuit1
nfet_06v0:1413 vs. GRADIENT_NAV2:_core/GRADIENT2:3/OPAM_LIN:8/sub_diff_2_LIN:2/nfet_06v0:M24:
Property 0.18u)'ps in circuit2 has no matching property in circuit1
nfet_06v0:962 vs. GRADIENT_NAV2:_core/GRADIENT2:1/OPAM_LIN:8/sub_diff_2_LIN:2/nfet_06v0:M24:
Property W'nrs in circuit2 has no matching property in circuit1
nfet_06v0:962 vs. GRADIENT_NAV2:_core/GRADIENT2:1/OPAM_LIN:8/sub_diff_2_LIN:2/nfet_06v0:M24:
Property 0.18u)'nrd in circuit2 has no matching property in circuit1
nfet_06v0:962 vs. GRADIENT_NAV2:_core/GRADIENT2:1/OPAM_LIN:8/sub_diff_2_LIN:2/nfet_06v0:M24:
Property 0.18u)'ps in circuit2 has no matching property in circuit1
nfet_06v0:1514 vs. GRADIENT_NAV2:_core/GRADIENT2:2/OPAM_LIN:1/sub_diff_2_LIN:2/nfet_06v0:M24:
Property W'nrs in circuit2 has no matching property in circuit1
nfet_06v0:1514 vs. GRADIENT_NAV2:_core/GRADIENT2:2/OPAM_LIN:1/sub_diff_2_LIN:2/nfet_06v0:M24:
Property 0.18u)'nrd in circuit2 has no matching property in circuit1
nfet_06v0:1514 vs. GRADIENT_NAV2:_core/GRADIENT2:2/OPAM_LIN:1/sub_diff_2_LIN:2/nfet_06v0:M24:
Property 0.18u)'ps in circuit2 has no matching property in circuit1
nfet_06v0:1433 vs. GRADIENT_NAV2:_core/GRADIENT2:1/OPAM_LIN:1/sub_diff_2_LIN:2/nfet_06v0:M24:
Property W'nrs in circuit2 has no matching property in circuit1
nfet_06v0:1433 vs. GRADIENT_NAV2:_core/GRADIENT2:1/OPAM_LIN:1/sub_diff_2_LIN:2/nfet_06v0:M24:
Property 0.18u)'nrd in circuit2 has no matching property in circuit1
nfet_06v0:1433 vs. GRADIENT_NAV2:_core/GRADIENT2:1/OPAM_LIN:1/sub_diff_2_LIN:2/nfet_06v0:M24:
Property 0.18u)'ps in circuit2 has no matching property in circuit1
nfet_06v0:595 vs. GRADIENT_NAV2:_core/GRADIENT2:4/OPAM_LIN:1/sub_diff_2_LIN:2/nfet_06v0:M24:
Property W'nrs in circuit2 has no matching property in circuit1
nfet_06v0:595 vs. GRADIENT_NAV2:_core/GRADIENT2:4/OPAM_LIN:1/sub_diff_2_LIN:2/nfet_06v0:M24:
Property 0.18u)'nrd in circuit2 has no matching property in circuit1
nfet_06v0:595 vs. GRADIENT_NAV2:_core/GRADIENT2:4/OPAM_LIN:1/sub_diff_2_LIN:2/nfet_06v0:M24:
Property 0.18u)'ps in circuit2 has no matching property in circuit1
nfet_06v0:164 vs. GRADIENT_NAV2:_core/GRADIENT2:3/OPAM_LIN:1/sub_diff_2_LIN:2/nfet_06v0:M24:
Property W'nrs in circuit2 has no matching property in circuit1
nfet_06v0:164 vs. GRADIENT_NAV2:_core/GRADIENT2:3/OPAM_LIN:1/sub_diff_2_LIN:2/nfet_06v0:M24:
Property 0.18u)'nrd in circuit2 has no matching property in circuit1
nfet_06v0:164 vs. GRADIENT_NAV2:_core/GRADIENT2:3/OPAM_LIN:1/sub_diff_2_LIN:2/nfet_06v0:M24:
Property 0.18u)'ps in circuit2 has no matching property in circuit1
nfet_06v0:938 vs. GRADIENT_NAV2:_core/GRADIENT2:4/OPAM_LIN:2/sub_diff_2_LIN:2/nfet_06v0:M24:
Property W'nrs in circuit2 has no matching property in circuit1
nfet_06v0:938 vs. GRADIENT_NAV2:_core/GRADIENT2:4/OPAM_LIN:2/sub_diff_2_LIN:2/nfet_06v0:M24:
Property 0.18u)'nrd in circuit2 has no matching property in circuit1
nfet_06v0:938 vs. GRADIENT_NAV2:_core/GRADIENT2:4/OPAM_LIN:2/sub_diff_2_LIN:2/nfet_06v0:M24:
Property 0.18u)'ps in circuit2 has no matching property in circuit1
nfet_06v0:759 vs. GRADIENT_NAV2:_core/GRADIENT2:3/OPAM_LIN:2/sub_diff_2_LIN:2/nfet_06v0:M24:
Property W'nrs in circuit2 has no matching property in circuit1
nfet_06v0:759 vs. GRADIENT_NAV2:_core/GRADIENT2:3/OPAM_LIN:2/sub_diff_2_LIN:2/nfet_06v0:M24:
Property 0.18u)'nrd in circuit2 has no matching property in circuit1
nfet_06v0:759 vs. GRADIENT_NAV2:_core/GRADIENT2:3/OPAM_LIN:2/sub_diff_2_LIN:2/nfet_06v0:M24:
Property 0.18u)'ps in circuit2 has no matching property in circuit1
nfet_06v0:673 vs. GRADIENT_NAV2:_core/GRADIENT2:2/OPAM_LIN:2/sub_diff_2_LIN:2/nfet_06v0:M24:
Property W'nrs in circuit2 has no matching property in circuit1
nfet_06v0:673 vs. GRADIENT_NAV2:_core/GRADIENT2:2/OPAM_LIN:2/sub_diff_2_LIN:2/nfet_06v0:M24:
Property 0.18u)'nrd in circuit2 has no matching property in circuit1
nfet_06v0:673 vs. GRADIENT_NAV2:_core/GRADIENT2:2/OPAM_LIN:2/sub_diff_2_LIN:2/nfet_06v0:M24:
Property 0.18u)'ps in circuit2 has no matching property in circuit1
nfet_06v0:613 vs. GRADIENT_NAV2:_core/GRADIENT2:1/OPAM_LIN:2/sub_diff_2_LIN:2/nfet_06v0:M24:
Property W'nrs in circuit2 has no matching property in circuit1
nfet_06v0:613 vs. GRADIENT_NAV2:_core/GRADIENT2:1/OPAM_LIN:2/sub_diff_2_LIN:2/nfet_06v0:M24:
Property 0.18u)'nrd in circuit2 has no matching property in circuit1
nfet_06v0:613 vs. GRADIENT_NAV2:_core/GRADIENT2:1/OPAM_LIN:2/sub_diff_2_LIN:2/nfet_06v0:M24:
Property 0.18u)'ps in circuit2 has no matching property in circuit1
nfet_06v0:1287 vs. GRADIENT_NAV2:_core/GRADIENT2:3/COMP:4/sub_diff:2/nfet_06v0:M24:
Property W'nrs in circuit2 has no matching property in circuit1
nfet_06v0:1287 vs. GRADIENT_NAV2:_core/GRADIENT2:3/COMP:4/sub_diff:2/nfet_06v0:M24:
Property 0.18u)'nrd in circuit2 has no matching property in circuit1
nfet_06v0:1287 vs. GRADIENT_NAV2:_core/GRADIENT2:3/COMP:4/sub_diff:2/nfet_06v0:M24:
Property 0.18u)'ps in circuit2 has no matching property in circuit1
nfet_06v0:370 vs. GRADIENT_NAV2:_core/GRADIENT2:1/COMP:4/sub_diff:2/nfet_06v0:M24:
Property W'nrs in circuit2 has no matching property in circuit1
nfet_06v0:370 vs. GRADIENT_NAV2:_core/GRADIENT2:1/COMP:4/sub_diff:2/nfet_06v0:M24:
Property 0.18u)'nrd in circuit2 has no matching property in circuit1
nfet_06v0:370 vs. GRADIENT_NAV2:_core/GRADIENT2:1/COMP:4/sub_diff:2/nfet_06v0:M24:
Property 0.18u)'ps in circuit2 has no matching property in circuit1
nfet_06v0:260 vs. GRADIENT_NAV2:_core/GRADIENT2:4/COMP:4/sub_diff:2/nfet_06v0:M24:
Property W'nrs in circuit2 has no matching property in circuit1
nfet_06v0:260 vs. GRADIENT_NAV2:_core/GRADIENT2:4/COMP:4/sub_diff:2/nfet_06v0:M24:
Property 0.18u)'nrd in circuit2 has no matching property in circuit1
nfet_06v0:260 vs. GRADIENT_NAV2:_core/GRADIENT2:4/COMP:4/sub_diff:2/nfet_06v0:M24:
Property 0.18u)'ps in circuit2 has no matching property in circuit1
nfet_06v0:175 vs. GRADIENT_NAV2:_core/GRADIENT2:2/COMP:4/sub_diff:2/nfet_06v0:M24:
Property W'nrs in circuit2 has no matching property in circuit1
nfet_06v0:175 vs. GRADIENT_NAV2:_core/GRADIENT2:2/COMP:4/sub_diff:2/nfet_06v0:M24:
Property 0.18u)'nrd in circuit2 has no matching property in circuit1
nfet_06v0:175 vs. GRADIENT_NAV2:_core/GRADIENT2:2/COMP:4/sub_diff:2/nfet_06v0:M24:
Property 0.18u)'ps in circuit2 has no matching property in circuit1
nfet_06v0:850 vs. GRADIENT_NAV2:_core/GRADIENT2:1/COMP:5/sub_diff:2/nfet_06v0:M24:
Property W'nrs in circuit2 has no matching property in circuit1
nfet_06v0:850 vs. GRADIENT_NAV2:_core/GRADIENT2:1/COMP:5/sub_diff:2/nfet_06v0:M24:
Property 0.18u)'nrd in circuit2 has no matching property in circuit1
nfet_06v0:850 vs. GRADIENT_NAV2:_core/GRADIENT2:1/COMP:5/sub_diff:2/nfet_06v0:M24:
Property 0.18u)'ps in circuit2 has no matching property in circuit1
nfet_06v0:657 vs. GRADIENT_NAV2:_core/GRADIENT2:2/COMP:5/sub_diff:2/nfet_06v0:M24:
Property W'nrs in circuit2 has no matching property in circuit1
nfet_06v0:657 vs. GRADIENT_NAV2:_core/GRADIENT2:2/COMP:5/sub_diff:2/nfet_06v0:M24:
Property 0.18u)'nrd in circuit2 has no matching property in circuit1
nfet_06v0:657 vs. GRADIENT_NAV2:_core/GRADIENT2:2/COMP:5/sub_diff:2/nfet_06v0:M24:
Property 0.18u)'ps in circuit2 has no matching property in circuit1
nfet_06v0:347 vs. GRADIENT_NAV2:_core/GRADIENT2:3/COMP:5/sub_diff:2/nfet_06v0:M24:
Property W'nrs in circuit2 has no matching property in circuit1
nfet_06v0:347 vs. GRADIENT_NAV2:_core/GRADIENT2:3/COMP:5/sub_diff:2/nfet_06v0:M24:
Property 0.18u)'nrd in circuit2 has no matching property in circuit1
nfet_06v0:347 vs. GRADIENT_NAV2:_core/GRADIENT2:3/COMP:5/sub_diff:2/nfet_06v0:M24:
Property 0.18u)'ps in circuit2 has no matching property in circuit1
nfet_06v0:132 vs. GRADIENT_NAV2:_core/GRADIENT2:4/COMP:5/sub_diff:2/nfet_06v0:M24:
Property W'nrs in circuit2 has no matching property in circuit1
nfet_06v0:132 vs. GRADIENT_NAV2:_core/GRADIENT2:4/COMP:5/sub_diff:2/nfet_06v0:M24:
Property 0.18u)'nrd in circuit2 has no matching property in circuit1
nfet_06v0:132 vs. GRADIENT_NAV2:_core/GRADIENT2:4/COMP:5/sub_diff:2/nfet_06v0:M24:
Property 0.18u)'ps in circuit2 has no matching property in circuit1
nfet_06v0:1497 vs. GRADIENT_NAV2:_core/GRADIENT2:1/COMP:6/sub_diff:2/nfet_06v0:M24:
Property W'nrs in circuit2 has no matching property in circuit1
nfet_06v0:1497 vs. GRADIENT_NAV2:_core/GRADIENT2:1/COMP:6/sub_diff:2/nfet_06v0:M24:
Property 0.18u)'nrd in circuit2 has no matching property in circuit1
nfet_06v0:1497 vs. GRADIENT_NAV2:_core/GRADIENT2:1/COMP:6/sub_diff:2/nfet_06v0:M24:
Property 0.18u)'ps in circuit2 has no matching property in circuit1
nfet_06v0:1317 vs. GRADIENT_NAV2:_core/GRADIENT2:2/COMP:6/sub_diff:2/nfet_06v0:M24:
Property W'nrs in circuit2 has no matching property in circuit1
nfet_06v0:1317 vs. GRADIENT_NAV2:_core/GRADIENT2:2/COMP:6/sub_diff:2/nfet_06v0:M24:
Property 0.18u)'nrd in circuit2 has no matching property in circuit1
nfet_06v0:1317 vs. GRADIENT_NAV2:_core/GRADIENT2:2/COMP:6/sub_diff:2/nfet_06v0:M24:
Property 0.18u)'ps in circuit2 has no matching property in circuit1
nfet_06v0:826 vs. GRADIENT_NAV2:_core/GRADIENT2:4/COMP:6/sub_diff:2/nfet_06v0:M24:
Property W'nrs in circuit2 has no matching property in circuit1
nfet_06v0:826 vs. GRADIENT_NAV2:_core/GRADIENT2:4/COMP:6/sub_diff:2/nfet_06v0:M24:
Property 0.18u)'nrd in circuit2 has no matching property in circuit1
nfet_06v0:826 vs. GRADIENT_NAV2:_core/GRADIENT2:4/COMP:6/sub_diff:2/nfet_06v0:M24:
Property 0.18u)'ps in circuit2 has no matching property in circuit1
nfet_06v0:427 vs. GRADIENT_NAV2:_core/GRADIENT2:3/COMP:6/sub_diff:2/nfet_06v0:M24:
Property W'nrs in circuit2 has no matching property in circuit1
nfet_06v0:427 vs. GRADIENT_NAV2:_core/GRADIENT2:3/COMP:6/sub_diff:2/nfet_06v0:M24:
Property 0.18u)'nrd in circuit2 has no matching property in circuit1
nfet_06v0:427 vs. GRADIENT_NAV2:_core/GRADIENT2:3/COMP:6/sub_diff:2/nfet_06v0:M24:
Property 0.18u)'ps in circuit2 has no matching property in circuit1
nfet_06v0:1540 vs. GRADIENT_NAV2:_core/GRADIENT2:2/DECODER:7/xGates:3/andGate:2/nfet_06v0:M5:
Property W'nrs in circuit2 has no matching property in circuit1
nfet_06v0:1540 vs. GRADIENT_NAV2:_core/GRADIENT2:2/DECODER:7/xGates:3/andGate:2/nfet_06v0:M5:
Property 0.18u)'nrd in circuit2 has no matching property in circuit1
nfet_06v0:1540 vs. GRADIENT_NAV2:_core/GRADIENT2:2/DECODER:7/xGates:3/andGate:2/nfet_06v0:M5:
Property 0.18u)'ps in circuit2 has no matching property in circuit1
nfet_06v0:1371 vs. GRADIENT_NAV2:_core/GRADIENT2:4/DECODER:7/xGates:3/andGate:2/nfet_06v0:M5:
Property W'nrs in circuit2 has no matching property in circuit1
nfet_06v0:1371 vs. GRADIENT_NAV2:_core/GRADIENT2:4/DECODER:7/xGates:3/andGate:2/nfet_06v0:M5:
Property 0.18u)'nrd in circuit2 has no matching property in circuit1
nfet_06v0:1371 vs. GRADIENT_NAV2:_core/GRADIENT2:4/DECODER:7/xGates:3/andGate:2/nfet_06v0:M5:
Property 0.18u)'ps in circuit2 has no matching property in circuit1
nfet_06v0:1265 vs. GRADIENT_NAV2:_core/GRADIENT2:1/DECODER:7/xGates:3/andGate:2/nfet_06v0:M5:
Property W'nrs in circuit2 has no matching property in circuit1
nfet_06v0:1265 vs. GRADIENT_NAV2:_core/GRADIENT2:1/DECODER:7/xGates:3/andGate:2/nfet_06v0:M5:
Property 0.18u)'nrd in circuit2 has no matching property in circuit1
nfet_06v0:1265 vs. GRADIENT_NAV2:_core/GRADIENT2:1/DECODER:7/xGates:3/andGate:2/nfet_06v0:M5:
Property 0.18u)'ps in circuit2 has no matching property in circuit1
nfet_06v0:680 vs. GRADIENT_NAV2:_core/GRADIENT2:3/DECODER:7/xGates:3/andGate:2/nfet_06v0:M5:
Property W'nrs in circuit2 has no matching property in circuit1
nfet_06v0:680 vs. GRADIENT_NAV2:_core/GRADIENT2:3/DECODER:7/xGates:3/andGate:2/nfet_06v0:M5:
Property 0.18u)'nrd in circuit2 has no matching property in circuit1
nfet_06v0:680 vs. GRADIENT_NAV2:_core/GRADIENT2:3/DECODER:7/xGates:3/andGate:2/nfet_06v0:M5:
Property 0.18u)'ps in circuit2 has no matching property in circuit1
nfet_06v0:1546 vs. GRADIENT_NAV2:_core/GRADIENT2:1/OPAM_LIN:1/sub_diff_2_LIN:2/nfet_06v0:M25:
Property W'nrs in circuit2 has no matching property in circuit1
nfet_06v0:1546 vs. GRADIENT_NAV2:_core/GRADIENT2:1/OPAM_LIN:1/sub_diff_2_LIN:2/nfet_06v0:M25:
Property 0.18u)'nrd in circuit2 has no matching property in circuit1
nfet_06v0:1546 vs. GRADIENT_NAV2:_core/GRADIENT2:1/OPAM_LIN:1/sub_diff_2_LIN:2/nfet_06v0:M25:
Property 0.18u)'ps in circuit2 has no matching property in circuit1
nfet_06v0:1534 vs. GRADIENT_NAV2:_core/GRADIENT2:4/OPAM_LIN:1/sub_diff_2_LIN:2/nfet_06v0:M25:
Property W'nrs in circuit2 has no matching property in circuit1
nfet_06v0:1534 vs. GRADIENT_NAV2:_core/GRADIENT2:4/OPAM_LIN:1/sub_diff_2_LIN:2/nfet_06v0:M25:
Property 0.18u)'nrd in circuit2 has no matching property in circuit1
nfet_06v0:1534 vs. GRADIENT_NAV2:_core/GRADIENT2:4/OPAM_LIN:1/sub_diff_2_LIN:2/nfet_06v0:M25:
Property 0.18u)'ps in circuit2 has no matching property in circuit1
nfet_06v0:1143 vs. GRADIENT_NAV2:_core/GRADIENT2:3/OPAM_LIN:1/sub_diff_2_LIN:2/nfet_06v0:M25:
Property W'nrs in circuit2 has no matching property in circuit1
nfet_06v0:1143 vs. GRADIENT_NAV2:_core/GRADIENT2:3/OPAM_LIN:1/sub_diff_2_LIN:2/nfet_06v0:M25:
Property 0.18u)'nrd in circuit2 has no matching property in circuit1
nfet_06v0:1143 vs. GRADIENT_NAV2:_core/GRADIENT2:3/OPAM_LIN:1/sub_diff_2_LIN:2/nfet_06v0:M25:
Property 0.18u)'ps in circuit2 has no matching property in circuit1
nfet_06v0:1081 vs. GRADIENT_NAV2:_core/GRADIENT2:2/OPAM_LIN:1/sub_diff_2_LIN:2/nfet_06v0:M25:
Property W'nrs in circuit2 has no matching property in circuit1
nfet_06v0:1081 vs. GRADIENT_NAV2:_core/GRADIENT2:2/OPAM_LIN:1/sub_diff_2_LIN:2/nfet_06v0:M25:
Property 0.18u)'nrd in circuit2 has no matching property in circuit1
nfet_06v0:1081 vs. GRADIENT_NAV2:_core/GRADIENT2:2/OPAM_LIN:1/sub_diff_2_LIN:2/nfet_06v0:M25:
Property 0.18u)'ps in circuit2 has no matching property in circuit1
nfet_06v0:1914 vs. GRADIENT_NAV2:_core/GRADIENT2:1/OPAM_LIN:8/sub_diff_2_LIN:2/nfet_06v0:M25:
Property W'nrs in circuit2 has no matching property in circuit1
nfet_06v0:1914 vs. GRADIENT_NAV2:_core/GRADIENT2:1/OPAM_LIN:8/sub_diff_2_LIN:2/nfet_06v0:M25:
Property 0.18u)'nrd in circuit2 has no matching property in circuit1
nfet_06v0:1914 vs. GRADIENT_NAV2:_core/GRADIENT2:1/OPAM_LIN:8/sub_diff_2_LIN:2/nfet_06v0:M25:
Property 0.18u)'ps in circuit2 has no matching property in circuit1
nfet_06v0:1523 vs. GRADIENT_NAV2:_core/GRADIENT2:3/OPAM_LIN:8/sub_diff_2_LIN:2/nfet_06v0:M25:
Property W'nrs in circuit2 has no matching property in circuit1
nfet_06v0:1523 vs. GRADIENT_NAV2:_core/GRADIENT2:3/OPAM_LIN:8/sub_diff_2_LIN:2/nfet_06v0:M25:
Property 0.18u)'nrd in circuit2 has no matching property in circuit1
nfet_06v0:1523 vs. GRADIENT_NAV2:_core/GRADIENT2:3/OPAM_LIN:8/sub_diff_2_LIN:2/nfet_06v0:M25:
Property 0.18u)'ps in circuit2 has no matching property in circuit1
nfet_06v0:1068 vs. GRADIENT_NAV2:_core/GRADIENT2:4/OPAM_LIN:8/sub_diff_2_LIN:2/nfet_06v0:M25:
Property W'nrs in circuit2 has no matching property in circuit1
nfet_06v0:1068 vs. GRADIENT_NAV2:_core/GRADIENT2:4/OPAM_LIN:8/sub_diff_2_LIN:2/nfet_06v0:M25:
Property 0.18u)'nrd in circuit2 has no matching property in circuit1
nfet_06v0:1068 vs. GRADIENT_NAV2:_core/GRADIENT2:4/OPAM_LIN:8/sub_diff_2_LIN:2/nfet_06v0:M25:
Property 0.18u)'ps in circuit2 has no matching property in circuit1
nfet_06v0:813 vs. GRADIENT_NAV2:_core/GRADIENT2:2/OPAM_LIN:8/sub_diff_2_LIN:2/nfet_06v0:M25:
Property W'nrs in circuit2 has no matching property in circuit1
nfet_06v0:813 vs. GRADIENT_NAV2:_core/GRADIENT2:2/OPAM_LIN:8/sub_diff_2_LIN:2/nfet_06v0:M25:
Property 0.18u)'nrd in circuit2 has no matching property in circuit1
nfet_06v0:813 vs. GRADIENT_NAV2:_core/GRADIENT2:2/OPAM_LIN:8/sub_diff_2_LIN:2/nfet_06v0:M25:
Property 0.18u)'ps in circuit2 has no matching property in circuit1
nfet_06v0:1899 vs. GRADIENT_NAV2:_core/GRADIENT2:4/OPAM_LIN:2/sub_diff_2_LIN:2/nfet_06v0:M25:
Property W'nrs in circuit2 has no matching property in circuit1
nfet_06v0:1899 vs. GRADIENT_NAV2:_core/GRADIENT2:4/OPAM_LIN:2/sub_diff_2_LIN:2/nfet_06v0:M25:
Property 0.18u)'nrd in circuit2 has no matching property in circuit1
nfet_06v0:1899 vs. GRADIENT_NAV2:_core/GRADIENT2:4/OPAM_LIN:2/sub_diff_2_LIN:2/nfet_06v0:M25:
Property 0.18u)'ps in circuit2 has no matching property in circuit1
nfet_06v0:1560 vs. GRADIENT_NAV2:_core/GRADIENT2:1/OPAM_LIN:2/sub_diff_2_LIN:2/nfet_06v0:M25:
Property W'nrs in circuit2 has no matching property in circuit1
nfet_06v0:1560 vs. GRADIENT_NAV2:_core/GRADIENT2:1/OPAM_LIN:2/sub_diff_2_LIN:2/nfet_06v0:M25:
Property 0.18u)'nrd in circuit2 has no matching property in circuit1
nfet_06v0:1560 vs. GRADIENT_NAV2:_core/GRADIENT2:1/OPAM_LIN:2/sub_diff_2_LIN:2/nfet_06v0:M25:
Property 0.18u)'ps in circuit2 has no matching property in circuit1
nfet_06v0:799 vs. GRADIENT_NAV2:_core/GRADIENT2:2/OPAM_LIN:2/sub_diff_2_LIN:2/nfet_06v0:M25:
Property W'nrs in circuit2 has no matching property in circuit1
nfet_06v0:799 vs. GRADIENT_NAV2:_core/GRADIENT2:2/OPAM_LIN:2/sub_diff_2_LIN:2/nfet_06v0:M25:
Property 0.18u)'nrd in circuit2 has no matching property in circuit1
nfet_06v0:799 vs. GRADIENT_NAV2:_core/GRADIENT2:2/OPAM_LIN:2/sub_diff_2_LIN:2/nfet_06v0:M25:
Property 0.18u)'ps in circuit2 has no matching property in circuit1
nfet_06v0:305 vs. GRADIENT_NAV2:_core/GRADIENT2:3/OPAM_LIN:2/sub_diff_2_LIN:2/nfet_06v0:M25:
Property W'nrs in circuit2 has no matching property in circuit1
nfet_06v0:305 vs. GRADIENT_NAV2:_core/GRADIENT2:3/OPAM_LIN:2/sub_diff_2_LIN:2/nfet_06v0:M25:
Property 0.18u)'nrd in circuit2 has no matching property in circuit1
nfet_06v0:305 vs. GRADIENT_NAV2:_core/GRADIENT2:3/OPAM_LIN:2/sub_diff_2_LIN:2/nfet_06v0:M25:
Property 0.18u)'ps in circuit2 has no matching property in circuit1
nfet_06v0:990 vs. GRADIENT_NAV2:_core/GRADIENT2:2/DECODER:7/yGates:2/andGate:3/nfet_06v0:M5:
Property W'nrs in circuit2 has no matching property in circuit1
nfet_06v0:990 vs. GRADIENT_NAV2:_core/GRADIENT2:2/DECODER:7/yGates:2/andGate:3/nfet_06v0:M5:
Property 0.18u)'nrd in circuit2 has no matching property in circuit1
nfet_06v0:990 vs. GRADIENT_NAV2:_core/GRADIENT2:2/DECODER:7/yGates:2/andGate:3/nfet_06v0:M5:
Property 0.18u)'ps in circuit2 has no matching property in circuit1
nfet_06v0:705 vs. GRADIENT_NAV2:_core/GRADIENT2:1/DECODER:7/yGates:2/andGate:3/nfet_06v0:M5:
Property W'nrs in circuit2 has no matching property in circuit1
nfet_06v0:705 vs. GRADIENT_NAV2:_core/GRADIENT2:1/DECODER:7/yGates:2/andGate:3/nfet_06v0:M5:
Property 0.18u)'nrd in circuit2 has no matching property in circuit1
nfet_06v0:705 vs. GRADIENT_NAV2:_core/GRADIENT2:1/DECODER:7/yGates:2/andGate:3/nfet_06v0:M5:
Property 0.18u)'ps in circuit2 has no matching property in circuit1
nfet_06v0:214 vs. GRADIENT_NAV2:_core/GRADIENT2:4/DECODER:7/yGates:2/andGate:3/nfet_06v0:M5:
Property W'nrs in circuit2 has no matching property in circuit1
nfet_06v0:214 vs. GRADIENT_NAV2:_core/GRADIENT2:4/DECODER:7/yGates:2/andGate:3/nfet_06v0:M5:
Property 0.18u)'nrd in circuit2 has no matching property in circuit1
nfet_06v0:214 vs. GRADIENT_NAV2:_core/GRADIENT2:4/DECODER:7/yGates:2/andGate:3/nfet_06v0:M5:
Property 0.18u)'ps in circuit2 has no matching property in circuit1
nfet_06v0:90 vs. GRADIENT_NAV2:_core/GRADIENT2:3/DECODER:7/yGates:2/andGate:3/nfet_06v0:M5:
Property W'nrs in circuit2 has no matching property in circuit1
nfet_06v0:90 vs. GRADIENT_NAV2:_core/GRADIENT2:3/DECODER:7/yGates:2/andGate:3/nfet_06v0:M5:
Property 0.18u)'nrd in circuit2 has no matching property in circuit1
nfet_06v0:90 vs. GRADIENT_NAV2:_core/GRADIENT2:3/DECODER:7/yGates:2/andGate:3/nfet_06v0:M5:
Property 0.18u)'ps in circuit2 has no matching property in circuit1
nfet_06v0:885 vs. GRADIENT_NAV2:_core/GRADIENT2:4/COMP:4/sub_diff:2/nfet_06v0:M25:
Property W'nrs in circuit2 has no matching property in circuit1
nfet_06v0:885 vs. GRADIENT_NAV2:_core/GRADIENT2:4/COMP:4/sub_diff:2/nfet_06v0:M25:
Property 0.18u)'nrd in circuit2 has no matching property in circuit1
nfet_06v0:885 vs. GRADIENT_NAV2:_core/GRADIENT2:4/COMP:4/sub_diff:2/nfet_06v0:M25:
Property 0.18u)'ps in circuit2 has no matching property in circuit1
nfet_06v0:532 vs. GRADIENT_NAV2:_core/GRADIENT2:1/COMP:4/sub_diff:2/nfet_06v0:M25:
Property W'nrs in circuit2 has no matching property in circuit1
nfet_06v0:532 vs. GRADIENT_NAV2:_core/GRADIENT2:1/COMP:4/sub_diff:2/nfet_06v0:M25:
Property 0.18u)'nrd in circuit2 has no matching property in circuit1
nfet_06v0:532 vs. GRADIENT_NAV2:_core/GRADIENT2:1/COMP:4/sub_diff:2/nfet_06v0:M25:
Property 0.18u)'ps in circuit2 has no matching property in circuit1
nfet_06v0:510 vs. GRADIENT_NAV2:_core/GRADIENT2:3/COMP:4/sub_diff:2/nfet_06v0:M25:
Property W'nrs in circuit2 has no matching property in circuit1
nfet_06v0:510 vs. GRADIENT_NAV2:_core/GRADIENT2:3/COMP:4/sub_diff:2/nfet_06v0:M25:
Property 0.18u)'nrd in circuit2 has no matching property in circuit1
nfet_06v0:510 vs. GRADIENT_NAV2:_core/GRADIENT2:3/COMP:4/sub_diff:2/nfet_06v0:M25:
Property 0.18u)'ps in circuit2 has no matching property in circuit1
nfet_06v0:323 vs. GRADIENT_NAV2:_core/GRADIENT2:2/COMP:4/sub_diff:2/nfet_06v0:M25:
Property W'nrs in circuit2 has no matching property in circuit1
nfet_06v0:323 vs. GRADIENT_NAV2:_core/GRADIENT2:2/COMP:4/sub_diff:2/nfet_06v0:M25:
Property 0.18u)'nrd in circuit2 has no matching property in circuit1
nfet_06v0:323 vs. GRADIENT_NAV2:_core/GRADIENT2:2/COMP:4/sub_diff:2/nfet_06v0:M25:
Property 0.18u)'ps in circuit2 has no matching property in circuit1
nfet_06v0:951 vs. GRADIENT_NAV2:_core/GRADIENT2:3/COMP:5/sub_diff:2/nfet_06v0:M25:
Property W'nrs in circuit2 has no matching property in circuit1
nfet_06v0:951 vs. GRADIENT_NAV2:_core/GRADIENT2:3/COMP:5/sub_diff:2/nfet_06v0:M25:
Property 0.18u)'nrd in circuit2 has no matching property in circuit1
nfet_06v0:951 vs. GRADIENT_NAV2:_core/GRADIENT2:3/COMP:5/sub_diff:2/nfet_06v0:M25:
Property 0.18u)'ps in circuit2 has no matching property in circuit1
nfet_06v0:367 vs. GRADIENT_NAV2:_core/GRADIENT2:2/COMP:5/sub_diff:2/nfet_06v0:M25:
Property W'nrs in circuit2 has no matching property in circuit1
nfet_06v0:367 vs. GRADIENT_NAV2:_core/GRADIENT2:2/COMP:5/sub_diff:2/nfet_06v0:M25:
Property 0.18u)'nrd in circuit2 has no matching property in circuit1
nfet_06v0:367 vs. GRADIENT_NAV2:_core/GRADIENT2:2/COMP:5/sub_diff:2/nfet_06v0:M25:
Property 0.18u)'ps in circuit2 has no matching property in circuit1
nfet_06v0:35 vs. GRADIENT_NAV2:_core/GRADIENT2:4/COMP:5/sub_diff:2/nfet_06v0:M25:
Property W'nrs in circuit2 has no matching property in circuit1
nfet_06v0:35 vs. GRADIENT_NAV2:_core/GRADIENT2:4/COMP:5/sub_diff:2/nfet_06v0:M25:
Property 0.18u)'nrd in circuit2 has no matching property in circuit1
nfet_06v0:35 vs. GRADIENT_NAV2:_core/GRADIENT2:4/COMP:5/sub_diff:2/nfet_06v0:M25:
Property 0.18u)'ps in circuit2 has no matching property in circuit1
nfet_06v0:33 vs. GRADIENT_NAV2:_core/GRADIENT2:1/COMP:5/sub_diff:2/nfet_06v0:M25:
Property W'nrs in circuit2 has no matching property in circuit1
nfet_06v0:33 vs. GRADIENT_NAV2:_core/GRADIENT2:1/COMP:5/sub_diff:2/nfet_06v0:M25:
Property 0.18u)'nrd in circuit2 has no matching property in circuit1
nfet_06v0:33 vs. GRADIENT_NAV2:_core/GRADIENT2:1/COMP:5/sub_diff:2/nfet_06v0:M25:
Property 0.18u)'ps in circuit2 has no matching property in circuit1
nfet_06v0:1016 vs. GRADIENT_NAV2:_core/GRADIENT2:3/COMP:6/sub_diff:2/nfet_06v0:M25:
Property W'nrs in circuit2 has no matching property in circuit1
nfet_06v0:1016 vs. GRADIENT_NAV2:_core/GRADIENT2:3/COMP:6/sub_diff:2/nfet_06v0:M25:
Property 0.18u)'nrd in circuit2 has no matching property in circuit1
nfet_06v0:1016 vs. GRADIENT_NAV2:_core/GRADIENT2:3/COMP:6/sub_diff:2/nfet_06v0:M25:
Property 0.18u)'ps in circuit2 has no matching property in circuit1
nfet_06v0:533 vs. GRADIENT_NAV2:_core/GRADIENT2:2/COMP:6/sub_diff:2/nfet_06v0:M25:
Property W'nrs in circuit2 has no matching property in circuit1
nfet_06v0:533 vs. GRADIENT_NAV2:_core/GRADIENT2:2/COMP:6/sub_diff:2/nfet_06v0:M25:
Property 0.18u)'nrd in circuit2 has no matching property in circuit1
nfet_06v0:533 vs. GRADIENT_NAV2:_core/GRADIENT2:2/COMP:6/sub_diff:2/nfet_06v0:M25:
Property 0.18u)'ps in circuit2 has no matching property in circuit1
nfet_06v0:103 vs. GRADIENT_NAV2:_core/GRADIENT2:1/COMP:6/sub_diff:2/nfet_06v0:M25:
Property W'nrs in circuit2 has no matching property in circuit1
nfet_06v0:103 vs. GRADIENT_NAV2:_core/GRADIENT2:1/COMP:6/sub_diff:2/nfet_06v0:M25:
Property 0.18u)'nrd in circuit2 has no matching property in circuit1
nfet_06v0:103 vs. GRADIENT_NAV2:_core/GRADIENT2:1/COMP:6/sub_diff:2/nfet_06v0:M25:
Property 0.18u)'ps in circuit2 has no matching property in circuit1
nfet_06v0:26 vs. GRADIENT_NAV2:_core/GRADIENT2:4/COMP:6/sub_diff:2/nfet_06v0:M25:
Property W'nrs in circuit2 has no matching property in circuit1
nfet_06v0:26 vs. GRADIENT_NAV2:_core/GRADIENT2:4/COMP:6/sub_diff:2/nfet_06v0:M25:
Property 0.18u)'nrd in circuit2 has no matching property in circuit1
nfet_06v0:26 vs. GRADIENT_NAV2:_core/GRADIENT2:4/COMP:6/sub_diff:2/nfet_06v0:M25:
Property 0.18u)'ps in circuit2 has no matching property in circuit1
nfet_06v0:1461 vs. GRADIENT_NAV2:_core/GRADIENT2:2/OPAM_LIN:8/sub_diff_2_LIN:2/nfet_06v0:M26:
Property W'nrs in circuit2 has no matching property in circuit1
nfet_06v0:1461 vs. GRADIENT_NAV2:_core/GRADIENT2:2/OPAM_LIN:8/sub_diff_2_LIN:2/nfet_06v0:M26:
Property 0.18u)'nrd in circuit2 has no matching property in circuit1
nfet_06v0:1461 vs. GRADIENT_NAV2:_core/GRADIENT2:2/OPAM_LIN:8/sub_diff_2_LIN:2/nfet_06v0:M26:
Property 0.18u)'ps in circuit2 has no matching property in circuit1
nfet_06v0:619 vs. GRADIENT_NAV2:_core/GRADIENT2:1/OPAM_LIN:8/sub_diff_2_LIN:2/nfet_06v0:M26:
Property W'nrs in circuit2 has no matching property in circuit1
nfet_06v0:619 vs. GRADIENT_NAV2:_core/GRADIENT2:1/OPAM_LIN:8/sub_diff_2_LIN:2/nfet_06v0:M26:
Property 0.18u)'nrd in circuit2 has no matching property in circuit1
nfet_06v0:619 vs. GRADIENT_NAV2:_core/GRADIENT2:1/OPAM_LIN:8/sub_diff_2_LIN:2/nfet_06v0:M26:
Property 0.18u)'ps in circuit2 has no matching property in circuit1
nfet_06v0:298 vs. GRADIENT_NAV2:_core/GRADIENT2:4/OPAM_LIN:8/sub_diff_2_LIN:2/nfet_06v0:M26:
Property W'nrs in circuit2 has no matching property in circuit1
nfet_06v0:298 vs. GRADIENT_NAV2:_core/GRADIENT2:4/OPAM_LIN:8/sub_diff_2_LIN:2/nfet_06v0:M26:
Property 0.18u)'nrd in circuit2 has no matching property in circuit1
nfet_06v0:298 vs. GRADIENT_NAV2:_core/GRADIENT2:4/OPAM_LIN:8/sub_diff_2_LIN:2/nfet_06v0:M26:
Property 0.18u)'ps in circuit2 has no matching property in circuit1
nfet_06v0:205 vs. GRADIENT_NAV2:_core/GRADIENT2:3/OPAM_LIN:8/sub_diff_2_LIN:2/nfet_06v0:M26:
Property W'nrs in circuit2 has no matching property in circuit1
nfet_06v0:205 vs. GRADIENT_NAV2:_core/GRADIENT2:3/OPAM_LIN:8/sub_diff_2_LIN:2/nfet_06v0:M26:
Property 0.18u)'nrd in circuit2 has no matching property in circuit1
nfet_06v0:205 vs. GRADIENT_NAV2:_core/GRADIENT2:3/OPAM_LIN:8/sub_diff_2_LIN:2/nfet_06v0:M26:
Property 0.18u)'ps in circuit2 has no matching property in circuit1
nfet_06v0:1820 vs. GRADIENT_NAV2:_core/GRADIENT2:3/OPAM_LIN:1/sub_diff_2_LIN:2/nfet_06v0:M26:
Property W'nrs in circuit2 has no matching property in circuit1
nfet_06v0:1820 vs. GRADIENT_NAV2:_core/GRADIENT2:3/OPAM_LIN:1/sub_diff_2_LIN:2/nfet_06v0:M26:
Property 0.18u)'nrd in circuit2 has no matching property in circuit1
nfet_06v0:1820 vs. GRADIENT_NAV2:_core/GRADIENT2:3/OPAM_LIN:1/sub_diff_2_LIN:2/nfet_06v0:M26:
Property 0.18u)'ps in circuit2 has no matching property in circuit1
nfet_06v0:319 vs. GRADIENT_NAV2:_core/GRADIENT2:2/OPAM_LIN:1/sub_diff_2_LIN:2/nfet_06v0:M26:
Property W'nrs in circuit2 has no matching property in circuit1
nfet_06v0:319 vs. GRADIENT_NAV2:_core/GRADIENT2:2/OPAM_LIN:1/sub_diff_2_LIN:2/nfet_06v0:M26:
Property 0.18u)'nrd in circuit2 has no matching property in circuit1
nfet_06v0:319 vs. GRADIENT_NAV2:_core/GRADIENT2:2/OPAM_LIN:1/sub_diff_2_LIN:2/nfet_06v0:M26:
Property 0.18u)'ps in circuit2 has no matching property in circuit1
nfet_06v0:226 vs. GRADIENT_NAV2:_core/GRADIENT2:1/OPAM_LIN:1/sub_diff_2_LIN:2/nfet_06v0:M26:
Property W'nrs in circuit2 has no matching property in circuit1
nfet_06v0:226 vs. GRADIENT_NAV2:_core/GRADIENT2:1/OPAM_LIN:1/sub_diff_2_LIN:2/nfet_06v0:M26:
Property 0.18u)'nrd in circuit2 has no matching property in circuit1
nfet_06v0:226 vs. GRADIENT_NAV2:_core/GRADIENT2:1/OPAM_LIN:1/sub_diff_2_LIN:2/nfet_06v0:M26:
Property 0.18u)'ps in circuit2 has no matching property in circuit1
nfet_06v0:216 vs. GRADIENT_NAV2:_core/GRADIENT2:4/OPAM_LIN:1/sub_diff_2_LIN:2/nfet_06v0:M26:
Property W'nrs in circuit2 has no matching property in circuit1
nfet_06v0:216 vs. GRADIENT_NAV2:_core/GRADIENT2:4/OPAM_LIN:1/sub_diff_2_LIN:2/nfet_06v0:M26:
Property 0.18u)'nrd in circuit2 has no matching property in circuit1
nfet_06v0:216 vs. GRADIENT_NAV2:_core/GRADIENT2:4/OPAM_LIN:1/sub_diff_2_LIN:2/nfet_06v0:M26:
Property 0.18u)'ps in circuit2 has no matching property in circuit1
nfet_06v0:1531 vs. GRADIENT_NAV2:_core/GRADIENT2:3/OPAM_LIN:2/sub_diff_2_LIN:2/nfet_06v0:M26:
Property W'nrs in circuit2 has no matching property in circuit1
nfet_06v0:1531 vs. GRADIENT_NAV2:_core/GRADIENT2:3/OPAM_LIN:2/sub_diff_2_LIN:2/nfet_06v0:M26:
Property 0.18u)'nrd in circuit2 has no matching property in circuit1
nfet_06v0:1531 vs. GRADIENT_NAV2:_core/GRADIENT2:3/OPAM_LIN:2/sub_diff_2_LIN:2/nfet_06v0:M26:
Property 0.18u)'ps in circuit2 has no matching property in circuit1
nfet_06v0:1451 vs. GRADIENT_NAV2:_core/GRADIENT2:2/OPAM_LIN:2/sub_diff_2_LIN:2/nfet_06v0:M26:
Property W'nrs in circuit2 has no matching property in circuit1
nfet_06v0:1451 vs. GRADIENT_NAV2:_core/GRADIENT2:2/OPAM_LIN:2/sub_diff_2_LIN:2/nfet_06v0:M26:
Property 0.18u)'nrd in circuit2 has no matching property in circuit1
nfet_06v0:1451 vs. GRADIENT_NAV2:_core/GRADIENT2:2/OPAM_LIN:2/sub_diff_2_LIN:2/nfet_06v0:M26:
Property 0.18u)'ps in circuit2 has no matching property in circuit1
nfet_06v0:598 vs. GRADIENT_NAV2:_core/GRADIENT2:4/OPAM_LIN:2/sub_diff_2_LIN:2/nfet_06v0:M26:
Property W'nrs in circuit2 has no matching property in circuit1
nfet_06v0:598 vs. GRADIENT_NAV2:_core/GRADIENT2:4/OPAM_LIN:2/sub_diff_2_LIN:2/nfet_06v0:M26:
Property 0.18u)'nrd in circuit2 has no matching property in circuit1
nfet_06v0:598 vs. GRADIENT_NAV2:_core/GRADIENT2:4/OPAM_LIN:2/sub_diff_2_LIN:2/nfet_06v0:M26:
Property 0.18u)'ps in circuit2 has no matching property in circuit1
nfet_06v0:233 vs. GRADIENT_NAV2:_core/GRADIENT2:1/OPAM_LIN:2/sub_diff_2_LIN:2/nfet_06v0:M26:
Property W'nrs in circuit2 has no matching property in circuit1
nfet_06v0:233 vs. GRADIENT_NAV2:_core/GRADIENT2:1/OPAM_LIN:2/sub_diff_2_LIN:2/nfet_06v0:M26:
Property 0.18u)'nrd in circuit2 has no matching property in circuit1
nfet_06v0:233 vs. GRADIENT_NAV2:_core/GRADIENT2:1/OPAM_LIN:2/sub_diff_2_LIN:2/nfet_06v0:M26:
Property 0.18u)'ps in circuit2 has no matching property in circuit1
nfet_06v0:968 vs. GRADIENT_NAV2:_core/GRADIENT2:4/COMP:4/sub_diff:2/nfet_06v0:M26:
Property W'nrs in circuit2 has no matching property in circuit1
nfet_06v0:968 vs. GRADIENT_NAV2:_core/GRADIENT2:4/COMP:4/sub_diff:2/nfet_06v0:M26:
Property 0.18u)'nrd in circuit2 has no matching property in circuit1
nfet_06v0:968 vs. GRADIENT_NAV2:_core/GRADIENT2:4/COMP:4/sub_diff:2/nfet_06v0:M26:
Property 0.18u)'ps in circuit2 has no matching property in circuit1
nfet_06v0:590 vs. GRADIENT_NAV2:_core/GRADIENT2:3/COMP:4/sub_diff:2/nfet_06v0:M26:
Property W'nrs in circuit2 has no matching property in circuit1
nfet_06v0:590 vs. GRADIENT_NAV2:_core/GRADIENT2:3/COMP:4/sub_diff:2/nfet_06v0:M26:
Property 0.18u)'nrd in circuit2 has no matching property in circuit1
nfet_06v0:590 vs. GRADIENT_NAV2:_core/GRADIENT2:3/COMP:4/sub_diff:2/nfet_06v0:M26:
Property 0.18u)'ps in circuit2 has no matching property in circuit1
nfet_06v0:241 vs. GRADIENT_NAV2:_core/GRADIENT2:1/COMP:4/sub_diff:2/nfet_06v0:M26:
Property W'nrs in circuit2 has no matching property in circuit1
nfet_06v0:241 vs. GRADIENT_NAV2:_core/GRADIENT2:1/COMP:4/sub_diff:2/nfet_06v0:M26:
Property 0.18u)'nrd in circuit2 has no matching property in circuit1
nfet_06v0:241 vs. GRADIENT_NAV2:_core/GRADIENT2:1/COMP:4/sub_diff:2/nfet_06v0:M26:
Property 0.18u)'ps in circuit2 has no matching property in circuit1
nfet_06v0:73 vs. GRADIENT_NAV2:_core/GRADIENT2:2/COMP:4/sub_diff:2/nfet_06v0:M26:
Property W'nrs in circuit2 has no matching property in circuit1
nfet_06v0:73 vs. GRADIENT_NAV2:_core/GRADIENT2:2/COMP:4/sub_diff:2/nfet_06v0:M26:
Property 0.18u)'nrd in circuit2 has no matching property in circuit1
nfet_06v0:73 vs. GRADIENT_NAV2:_core/GRADIENT2:2/COMP:4/sub_diff:2/nfet_06v0:M26:
Property 0.18u)'ps in circuit2 has no matching property in circuit1
nfet_06v0:463 vs. GRADIENT_NAV2:_core/GRADIENT2:1/COMP:5/sub_diff:2/nfet_06v0:M26:
Property W'nrs in circuit2 has no matching property in circuit1
nfet_06v0:463 vs. GRADIENT_NAV2:_core/GRADIENT2:1/COMP:5/sub_diff:2/nfet_06v0:M26:
Property 0.18u)'nrd in circuit2 has no matching property in circuit1
nfet_06v0:463 vs. GRADIENT_NAV2:_core/GRADIENT2:1/COMP:5/sub_diff:2/nfet_06v0:M26:
Property 0.18u)'ps in circuit2 has no matching property in circuit1
nfet_06v0:458 vs. GRADIENT_NAV2:_core/GRADIENT2:4/COMP:5/sub_diff:2/nfet_06v0:M26:
Property W'nrs in circuit2 has no matching property in circuit1
nfet_06v0:458 vs. GRADIENT_NAV2:_core/GRADIENT2:4/COMP:5/sub_diff:2/nfet_06v0:M26:
Property 0.18u)'nrd in circuit2 has no matching property in circuit1
nfet_06v0:458 vs. GRADIENT_NAV2:_core/GRADIENT2:4/COMP:5/sub_diff:2/nfet_06v0:M26:
Property 0.18u)'ps in circuit2 has no matching property in circuit1
nfet_06v0:248 vs. GRADIENT_NAV2:_core/GRADIENT2:2/COMP:5/sub_diff:2/nfet_06v0:M26:
Property W'nrs in circuit2 has no matching property in circuit1
nfet_06v0:248 vs. GRADIENT_NAV2:_core/GRADIENT2:2/COMP:5/sub_diff:2/nfet_06v0:M26:
Property 0.18u)'nrd in circuit2 has no matching property in circuit1
nfet_06v0:248 vs. GRADIENT_NAV2:_core/GRADIENT2:2/COMP:5/sub_diff:2/nfet_06v0:M26:
Property 0.18u)'ps in circuit2 has no matching property in circuit1
nfet_06v0:80 vs. GRADIENT_NAV2:_core/GRADIENT2:3/COMP:5/sub_diff:2/nfet_06v0:M26:
Property W'nrs in circuit2 has no matching property in circuit1
nfet_06v0:80 vs. GRADIENT_NAV2:_core/GRADIENT2:3/COMP:5/sub_diff:2/nfet_06v0:M26:
Property 0.18u)'nrd in circuit2 has no matching property in circuit1
nfet_06v0:80 vs. GRADIENT_NAV2:_core/GRADIENT2:3/COMP:5/sub_diff:2/nfet_06v0:M26:
Property 0.18u)'ps in circuit2 has no matching property in circuit1
nfet_06v0:697 vs. GRADIENT_NAV2:_core/GRADIENT2:1/COMP:6/sub_diff:2/nfet_06v0:M26:
Property W'nrs in circuit2 has no matching property in circuit1
nfet_06v0:697 vs. GRADIENT_NAV2:_core/GRADIENT2:1/COMP:6/sub_diff:2/nfet_06v0:M26:
Property 0.18u)'nrd in circuit2 has no matching property in circuit1
nfet_06v0:697 vs. GRADIENT_NAV2:_core/GRADIENT2:1/COMP:6/sub_diff:2/nfet_06v0:M26:
Property 0.18u)'ps in circuit2 has no matching property in circuit1
nfet_06v0:623 vs. GRADIENT_NAV2:_core/GRADIENT2:4/COMP:6/sub_diff:2/nfet_06v0:M26:
Property W'nrs in circuit2 has no matching property in circuit1
nfet_06v0:623 vs. GRADIENT_NAV2:_core/GRADIENT2:4/COMP:6/sub_diff:2/nfet_06v0:M26:
Property 0.18u)'nrd in circuit2 has no matching property in circuit1
nfet_06v0:623 vs. GRADIENT_NAV2:_core/GRADIENT2:4/COMP:6/sub_diff:2/nfet_06v0:M26:
Property 0.18u)'ps in circuit2 has no matching property in circuit1
nfet_06v0:498 vs. GRADIENT_NAV2:_core/GRADIENT2:2/COMP:6/sub_diff:2/nfet_06v0:M26:
Property W'nrs in circuit2 has no matching property in circuit1
nfet_06v0:498 vs. GRADIENT_NAV2:_core/GRADIENT2:2/COMP:6/sub_diff:2/nfet_06v0:M26:
Property 0.18u)'nrd in circuit2 has no matching property in circuit1
nfet_06v0:498 vs. GRADIENT_NAV2:_core/GRADIENT2:2/COMP:6/sub_diff:2/nfet_06v0:M26:
Property 0.18u)'ps in circuit2 has no matching property in circuit1
nfet_06v0:211 vs. GRADIENT_NAV2:_core/GRADIENT2:3/COMP:6/sub_diff:2/nfet_06v0:M26:
Property W'nrs in circuit2 has no matching property in circuit1
nfet_06v0:211 vs. GRADIENT_NAV2:_core/GRADIENT2:3/COMP:6/sub_diff:2/nfet_06v0:M26:
Property 0.18u)'nrd in circuit2 has no matching property in circuit1
nfet_06v0:211 vs. GRADIENT_NAV2:_core/GRADIENT2:3/COMP:6/sub_diff:2/nfet_06v0:M26:
Property 0.18u)'ps in circuit2 has no matching property in circuit1
nfet_06v0:1406 vs. GRADIENT_NAV2:_core/GRADIENT2:1/COMP:6/sub_diff:2/nfet_06v0:M27:
Property W'nrs in circuit2 has no matching property in circuit1
nfet_06v0:1406 vs. GRADIENT_NAV2:_core/GRADIENT2:1/COMP:6/sub_diff:2/nfet_06v0:M27:
Property 0.18u)'nrd in circuit2 has no matching property in circuit1
nfet_06v0:1406 vs. GRADIENT_NAV2:_core/GRADIENT2:1/COMP:6/sub_diff:2/nfet_06v0:M27:
Property 0.18u)'ps in circuit2 has no matching property in circuit1
nfet_06v0:1682 vs. GRADIENT_NAV2:_core/GRADIENT2:2/COMP:6/sub_diff:2/nfet_06v0:M27:
Property W'nrs in circuit2 has no matching property in circuit1
nfet_06v0:1682 vs. GRADIENT_NAV2:_core/GRADIENT2:2/COMP:6/sub_diff:2/nfet_06v0:M27:
Property 0.18u)'nrd in circuit2 has no matching property in circuit1
nfet_06v0:1682 vs. GRADIENT_NAV2:_core/GRADIENT2:2/COMP:6/sub_diff:2/nfet_06v0:M27:
Property 0.18u)'ps in circuit2 has no matching property in circuit1
nfet_06v0:815 vs. GRADIENT_NAV2:_core/GRADIENT2:3/COMP:6/sub_diff:2/nfet_06v0:M27:
Property W'nrs in circuit2 has no matching property in circuit1
nfet_06v0:815 vs. GRADIENT_NAV2:_core/GRADIENT2:3/COMP:6/sub_diff:2/nfet_06v0:M27:
Property 0.18u)'nrd in circuit2 has no matching property in circuit1
nfet_06v0:815 vs. GRADIENT_NAV2:_core/GRADIENT2:3/COMP:6/sub_diff:2/nfet_06v0:M27:
Property 0.18u)'ps in circuit2 has no matching property in circuit1
nfet_06v0:1080 vs. GRADIENT_NAV2:_core/GRADIENT2:4/COMP:6/sub_diff:2/nfet_06v0:M27:
Property W'nrs in circuit2 has no matching property in circuit1
nfet_06v0:1080 vs. GRADIENT_NAV2:_core/GRADIENT2:4/COMP:6/sub_diff:2/nfet_06v0:M27:
Property 0.18u)'nrd in circuit2 has no matching property in circuit1
nfet_06v0:1080 vs. GRADIENT_NAV2:_core/GRADIENT2:4/COMP:6/sub_diff:2/nfet_06v0:M27:
Property 0.18u)'ps in circuit2 has no matching property in circuit1
nfet_06v0:1148 vs. GRADIENT_NAV2:_core/GRADIENT2:1/COMP:4/sub_diff:2/nfet_06v0:M27:
Property W'nrs in circuit2 has no matching property in circuit1
nfet_06v0:1148 vs. GRADIENT_NAV2:_core/GRADIENT2:1/COMP:4/sub_diff:2/nfet_06v0:M27:
Property 0.18u)'nrd in circuit2 has no matching property in circuit1
nfet_06v0:1148 vs. GRADIENT_NAV2:_core/GRADIENT2:1/COMP:4/sub_diff:2/nfet_06v0:M27:
Property 0.18u)'ps in circuit2 has no matching property in circuit1
nfet_06v0:1441 vs. GRADIENT_NAV2:_core/GRADIENT2:2/COMP:4/sub_diff:2/nfet_06v0:M27:
Property W'nrs in circuit2 has no matching property in circuit1
nfet_06v0:1441 vs. GRADIENT_NAV2:_core/GRADIENT2:2/COMP:4/sub_diff:2/nfet_06v0:M27:
Property 0.18u)'nrd in circuit2 has no matching property in circuit1
nfet_06v0:1441 vs. GRADIENT_NAV2:_core/GRADIENT2:2/COMP:4/sub_diff:2/nfet_06v0:M27:
Property 0.18u)'ps in circuit2 has no matching property in circuit1
nfet_06v0:572 vs. GRADIENT_NAV2:_core/GRADIENT2:3/COMP:4/sub_diff:2/nfet_06v0:M27:
Property W'nrs in circuit2 has no matching property in circuit1
nfet_06v0:572 vs. GRADIENT_NAV2:_core/GRADIENT2:3/COMP:4/sub_diff:2/nfet_06v0:M27:
Property 0.18u)'nrd in circuit2 has no matching property in circuit1
nfet_06v0:572 vs. GRADIENT_NAV2:_core/GRADIENT2:3/COMP:4/sub_diff:2/nfet_06v0:M27:
Property 0.18u)'ps in circuit2 has no matching property in circuit1
nfet_06v0:849 vs. GRADIENT_NAV2:_core/GRADIENT2:4/COMP:4/sub_diff:2/nfet_06v0:M27:
Property W'nrs in circuit2 has no matching property in circuit1
nfet_06v0:849 vs. GRADIENT_NAV2:_core/GRADIENT2:4/COMP:4/sub_diff:2/nfet_06v0:M27:
Property 0.18u)'nrd in circuit2 has no matching property in circuit1
nfet_06v0:849 vs. GRADIENT_NAV2:_core/GRADIENT2:4/COMP:4/sub_diff:2/nfet_06v0:M27:
Property 0.18u)'ps in circuit2 has no matching property in circuit1
nfet_06v0:1102 vs. GRADIENT_NAV2:_core/GRADIENT2:1/COMP:5/sub_diff:2/nfet_06v0:M27:
Property W'nrs in circuit2 has no matching property in circuit1
nfet_06v0:1102 vs. GRADIENT_NAV2:_core/GRADIENT2:1/COMP:5/sub_diff:2/nfet_06v0:M27:
Property 0.18u)'nrd in circuit2 has no matching property in circuit1
nfet_06v0:1102 vs. GRADIENT_NAV2:_core/GRADIENT2:1/COMP:5/sub_diff:2/nfet_06v0:M27:
Property 0.18u)'ps in circuit2 has no matching property in circuit1
nfet_06v0:1395 vs. GRADIENT_NAV2:_core/GRADIENT2:2/COMP:5/sub_diff:2/nfet_06v0:M27:
Property W'nrs in circuit2 has no matching property in circuit1
nfet_06v0:1395 vs. GRADIENT_NAV2:_core/GRADIENT2:2/COMP:5/sub_diff:2/nfet_06v0:M27:
Property 0.18u)'nrd in circuit2 has no matching property in circuit1
nfet_06v0:1395 vs. GRADIENT_NAV2:_core/GRADIENT2:2/COMP:5/sub_diff:2/nfet_06v0:M27:
Property 0.18u)'ps in circuit2 has no matching property in circuit1
nfet_06v0:513 vs. GRADIENT_NAV2:_core/GRADIENT2:3/COMP:5/sub_diff:2/nfet_06v0:M27:
Property W'nrs in circuit2 has no matching property in circuit1
nfet_06v0:513 vs. GRADIENT_NAV2:_core/GRADIENT2:3/COMP:5/sub_diff:2/nfet_06v0:M27:
Property 0.18u)'nrd in circuit2 has no matching property in circuit1
nfet_06v0:513 vs. GRADIENT_NAV2:_core/GRADIENT2:3/COMP:5/sub_diff:2/nfet_06v0:M27:
Property 0.18u)'ps in circuit2 has no matching property in circuit1
nfet_06v0:794 vs. GRADIENT_NAV2:_core/GRADIENT2:4/COMP:5/sub_diff:2/nfet_06v0:M27:
Property W'nrs in circuit2 has no matching property in circuit1
nfet_06v0:794 vs. GRADIENT_NAV2:_core/GRADIENT2:4/COMP:5/sub_diff:2/nfet_06v0:M27:
Property 0.18u)'nrd in circuit2 has no matching property in circuit1
nfet_06v0:794 vs. GRADIENT_NAV2:_core/GRADIENT2:4/COMP:5/sub_diff:2/nfet_06v0:M27:
Property 0.18u)'ps in circuit2 has no matching property in circuit1
nfet_06v0:1388 vs. GRADIENT_NAV2:_core/GRADIENT2:1/OPAM_LIN:2/sub_diff_2_LIN:2/nfet_06v0:M27:
Property W'nrs in circuit2 has no matching property in circuit1
nfet_06v0:1388 vs. GRADIENT_NAV2:_core/GRADIENT2:1/OPAM_LIN:2/sub_diff_2_LIN:2/nfet_06v0:M27:
Property 0.18u)'nrd in circuit2 has no matching property in circuit1
nfet_06v0:1388 vs. GRADIENT_NAV2:_core/GRADIENT2:1/OPAM_LIN:2/sub_diff_2_LIN:2/nfet_06v0:M27:
Property 0.18u)'ps in circuit2 has no matching property in circuit1
nfet_06v0:626 vs. GRADIENT_NAV2:_core/GRADIENT2:2/OPAM_LIN:2/sub_diff_2_LIN:2/nfet_06v0:M27:
Property W'nrs in circuit2 has no matching property in circuit1
nfet_06v0:626 vs. GRADIENT_NAV2:_core/GRADIENT2:2/OPAM_LIN:2/sub_diff_2_LIN:2/nfet_06v0:M27:
Property 0.18u)'nrd in circuit2 has no matching property in circuit1
nfet_06v0:626 vs. GRADIENT_NAV2:_core/GRADIENT2:2/OPAM_LIN:2/sub_diff_2_LIN:2/nfet_06v0:M27:
Property 0.18u)'ps in circuit2 has no matching property in circuit1
nfet_06v0:1536 vs. GRADIENT_NAV2:_core/GRADIENT2:3/OPAM_LIN:2/sub_diff_2_LIN:2/nfet_06v0:M27:
Property W'nrs in circuit2 has no matching property in circuit1
nfet_06v0:1536 vs. GRADIENT_NAV2:_core/GRADIENT2:3/OPAM_LIN:2/sub_diff_2_LIN:2/nfet_06v0:M27:
Property 0.18u)'nrd in circuit2 has no matching property in circuit1
nfet_06v0:1536 vs. GRADIENT_NAV2:_core/GRADIENT2:3/OPAM_LIN:2/sub_diff_2_LIN:2/nfet_06v0:M27:
Property 0.18u)'ps in circuit2 has no matching property in circuit1
nfet_06v0:1719 vs. GRADIENT_NAV2:_core/GRADIENT2:4/OPAM_LIN:2/sub_diff_2_LIN:2/nfet_06v0:M27:
Property W'nrs in circuit2 has no matching property in circuit1
nfet_06v0:1719 vs. GRADIENT_NAV2:_core/GRADIENT2:4/OPAM_LIN:2/sub_diff_2_LIN:2/nfet_06v0:M27:
Property 0.18u)'nrd in circuit2 has no matching property in circuit1
nfet_06v0:1719 vs. GRADIENT_NAV2:_core/GRADIENT2:4/OPAM_LIN:2/sub_diff_2_LIN:2/nfet_06v0:M27:
Property 0.18u)'ps in circuit2 has no matching property in circuit1
nfet_06v0:1376 vs. GRADIENT_NAV2:_core/GRADIENT2:1/OPAM_LIN:1/sub_diff_2_LIN:2/nfet_06v0:M27:
Property W'nrs in circuit2 has no matching property in circuit1
nfet_06v0:1376 vs. GRADIENT_NAV2:_core/GRADIENT2:1/OPAM_LIN:1/sub_diff_2_LIN:2/nfet_06v0:M27:
Property 0.18u)'nrd in circuit2 has no matching property in circuit1
nfet_06v0:1376 vs. GRADIENT_NAV2:_core/GRADIENT2:1/OPAM_LIN:1/sub_diff_2_LIN:2/nfet_06v0:M27:
Property 0.18u)'ps in circuit2 has no matching property in circuit1
nfet_06v0:321 vs. GRADIENT_NAV2:_core/GRADIENT2:2/OPAM_LIN:1/sub_diff_2_LIN:2/nfet_06v0:M27:
Property W'nrs in circuit2 has no matching property in circuit1
nfet_06v0:321 vs. GRADIENT_NAV2:_core/GRADIENT2:2/OPAM_LIN:1/sub_diff_2_LIN:2/nfet_06v0:M27:
Property 0.18u)'nrd in circuit2 has no matching property in circuit1
nfet_06v0:321 vs. GRADIENT_NAV2:_core/GRADIENT2:2/OPAM_LIN:1/sub_diff_2_LIN:2/nfet_06v0:M27:
Property 0.18u)'ps in circuit2 has no matching property in circuit1
nfet_06v0:987 vs. GRADIENT_NAV2:_core/GRADIENT2:3/OPAM_LIN:1/sub_diff_2_LIN:2/nfet_06v0:M27:
Property W'nrs in circuit2 has no matching property in circuit1
nfet_06v0:987 vs. GRADIENT_NAV2:_core/GRADIENT2:3/OPAM_LIN:1/sub_diff_2_LIN:2/nfet_06v0:M27:
Property 0.18u)'nrd in circuit2 has no matching property in circuit1
nfet_06v0:987 vs. GRADIENT_NAV2:_core/GRADIENT2:3/OPAM_LIN:1/sub_diff_2_LIN:2/nfet_06v0:M27:
Property 0.18u)'ps in circuit2 has no matching property in circuit1
nfet_06v0:1369 vs. GRADIENT_NAV2:_core/GRADIENT2:4/OPAM_LIN:1/sub_diff_2_LIN:2/nfet_06v0:M27:
Property W'nrs in circuit2 has no matching property in circuit1
nfet_06v0:1369 vs. GRADIENT_NAV2:_core/GRADIENT2:4/OPAM_LIN:1/sub_diff_2_LIN:2/nfet_06v0:M27:
Property 0.18u)'nrd in circuit2 has no matching property in circuit1
nfet_06v0:1369 vs. GRADIENT_NAV2:_core/GRADIENT2:4/OPAM_LIN:1/sub_diff_2_LIN:2/nfet_06v0:M27:
Property 0.18u)'ps in circuit2 has no matching property in circuit1
nfet_06v0:1733 vs. GRADIENT_NAV2:_core/GRADIENT2:1/OPAM_LIN:8/sub_diff_2_LIN:2/nfet_06v0:M27:
Property W'nrs in circuit2 has no matching property in circuit1
nfet_06v0:1733 vs. GRADIENT_NAV2:_core/GRADIENT2:1/OPAM_LIN:8/sub_diff_2_LIN:2/nfet_06v0:M27:
Property 0.18u)'nrd in circuit2 has no matching property in circuit1
nfet_06v0:1733 vs. GRADIENT_NAV2:_core/GRADIENT2:1/OPAM_LIN:8/sub_diff_2_LIN:2/nfet_06v0:M27:
Property 0.18u)'ps in circuit2 has no matching property in circuit1
nfet_06v0:635 vs. GRADIENT_NAV2:_core/GRADIENT2:2/OPAM_LIN:8/sub_diff_2_LIN:2/nfet_06v0:M27:
Property W'nrs in circuit2 has no matching property in circuit1
nfet_06v0:635 vs. GRADIENT_NAV2:_core/GRADIENT2:2/OPAM_LIN:8/sub_diff_2_LIN:2/nfet_06v0:M27:
Property 0.18u)'nrd in circuit2 has no matching property in circuit1
nfet_06v0:635 vs. GRADIENT_NAV2:_core/GRADIENT2:2/OPAM_LIN:8/sub_diff_2_LIN:2/nfet_06v0:M27:
Property 0.18u)'ps in circuit2 has no matching property in circuit1
nfet_06v0:1357 vs. GRADIENT_NAV2:_core/GRADIENT2:3/OPAM_LIN:8/sub_diff_2_LIN:2/nfet_06v0:M27:
Property W'nrs in circuit2 has no matching property in circuit1
nfet_06v0:1357 vs. GRADIENT_NAV2:_core/GRADIENT2:3/OPAM_LIN:8/sub_diff_2_LIN:2/nfet_06v0:M27:
Property 0.18u)'nrd in circuit2 has no matching property in circuit1
nfet_06v0:1357 vs. GRADIENT_NAV2:_core/GRADIENT2:3/OPAM_LIN:8/sub_diff_2_LIN:2/nfet_06v0:M27:
Property 0.18u)'ps in circuit2 has no matching property in circuit1
nfet_06v0:301 vs. GRADIENT_NAV2:_core/GRADIENT2:4/OPAM_LIN:8/sub_diff_2_LIN:2/nfet_06v0:M27:
Property W'nrs in circuit2 has no matching property in circuit1
nfet_06v0:301 vs. GRADIENT_NAV2:_core/GRADIENT2:4/OPAM_LIN:8/sub_diff_2_LIN:2/nfet_06v0:M27:
Property 0.18u)'nrd in circuit2 has no matching property in circuit1
nfet_06v0:301 vs. GRADIENT_NAV2:_core/GRADIENT2:4/OPAM_LIN:8/sub_diff_2_LIN:2/nfet_06v0:M27:
Property 0.18u)'ps in circuit2 has no matching property in circuit1
nfet_06v0:1947 vs. GRADIENT_NAV2:_core/GRADIENT2:1/OPAM_LIN:8/sub_diff_2_LIN:2/nfet_06v0:M28:
Property W'nrs in circuit2 has no matching property in circuit1
nfet_06v0:1947 vs. GRADIENT_NAV2:_core/GRADIENT2:1/OPAM_LIN:8/sub_diff_2_LIN:2/nfet_06v0:M28:
Property 0.18u)'nrd in circuit2 has no matching property in circuit1
nfet_06v0:1947 vs. GRADIENT_NAV2:_core/GRADIENT2:1/OPAM_LIN:8/sub_diff_2_LIN:2/nfet_06v0:M28:
Property 0.18u)'ps in circuit2 has no matching property in circuit1
nfet_06v0:1620 vs. GRADIENT_NAV2:_core/GRADIENT2:2/OPAM_LIN:8/sub_diff_2_LIN:2/nfet_06v0:M28:
Property W'nrs in circuit2 has no matching property in circuit1
nfet_06v0:1620 vs. GRADIENT_NAV2:_core/GRADIENT2:2/OPAM_LIN:8/sub_diff_2_LIN:2/nfet_06v0:M28:
Property 0.18u)'nrd in circuit2 has no matching property in circuit1
nfet_06v0:1620 vs. GRADIENT_NAV2:_core/GRADIENT2:2/OPAM_LIN:8/sub_diff_2_LIN:2/nfet_06v0:M28:
Property 0.18u)'ps in circuit2 has no matching property in circuit1
nfet_06v0:376 vs. GRADIENT_NAV2:_core/GRADIENT2:3/OPAM_LIN:8/sub_diff_2_LIN:2/nfet_06v0:M28:
Property W'nrs in circuit2 has no matching property in circuit1
nfet_06v0:376 vs. GRADIENT_NAV2:_core/GRADIENT2:3/OPAM_LIN:8/sub_diff_2_LIN:2/nfet_06v0:M28:
Property 0.18u)'nrd in circuit2 has no matching property in circuit1
nfet_06v0:376 vs. GRADIENT_NAV2:_core/GRADIENT2:3/OPAM_LIN:8/sub_diff_2_LIN:2/nfet_06v0:M28:
Property 0.18u)'ps in circuit2 has no matching property in circuit1
nfet_06v0:484 vs. GRADIENT_NAV2:_core/GRADIENT2:4/OPAM_LIN:8/sub_diff_2_LIN:2/nfet_06v0:M28:
Property W'nrs in circuit2 has no matching property in circuit1
nfet_06v0:484 vs. GRADIENT_NAV2:_core/GRADIENT2:4/OPAM_LIN:8/sub_diff_2_LIN:2/nfet_06v0:M28:
Property 0.18u)'nrd in circuit2 has no matching property in circuit1
nfet_06v0:484 vs. GRADIENT_NAV2:_core/GRADIENT2:4/OPAM_LIN:8/sub_diff_2_LIN:2/nfet_06v0:M28:
Property 0.18u)'ps in circuit2 has no matching property in circuit1
nfet_06v0:400 vs. GRADIENT_NAV2:_core/GRADIENT2:1/OPAM_LIN:1/sub_diff_2_LIN:2/nfet_06v0:M28:
Property W'nrs in circuit2 has no matching property in circuit1
nfet_06v0:400 vs. GRADIENT_NAV2:_core/GRADIENT2:1/OPAM_LIN:1/sub_diff_2_LIN:2/nfet_06v0:M28:
Property 0.18u)'nrd in circuit2 has no matching property in circuit1
nfet_06v0:400 vs. GRADIENT_NAV2:_core/GRADIENT2:1/OPAM_LIN:1/sub_diff_2_LIN:2/nfet_06v0:M28:
Property 0.18u)'ps in circuit2 has no matching property in circuit1
nfet_06v0:508 vs. GRADIENT_NAV2:_core/GRADIENT2:2/OPAM_LIN:1/sub_diff_2_LIN:2/nfet_06v0:M28:
Property W'nrs in circuit2 has no matching property in circuit1
nfet_06v0:508 vs. GRADIENT_NAV2:_core/GRADIENT2:2/OPAM_LIN:1/sub_diff_2_LIN:2/nfet_06v0:M28:
Property 0.18u)'nrd in circuit2 has no matching property in circuit1
nfet_06v0:508 vs. GRADIENT_NAV2:_core/GRADIENT2:2/OPAM_LIN:1/sub_diff_2_LIN:2/nfet_06v0:M28:
Property 0.18u)'ps in circuit2 has no matching property in circuit1
nfet_06v0:1178 vs. GRADIENT_NAV2:_core/GRADIENT2:3/OPAM_LIN:1/sub_diff_2_LIN:2/nfet_06v0:M28:
Property W'nrs in circuit2 has no matching property in circuit1
nfet_06v0:1178 vs. GRADIENT_NAV2:_core/GRADIENT2:3/OPAM_LIN:1/sub_diff_2_LIN:2/nfet_06v0:M28:
Property 0.18u)'nrd in circuit2 has no matching property in circuit1
nfet_06v0:1178 vs. GRADIENT_NAV2:_core/GRADIENT2:3/OPAM_LIN:1/sub_diff_2_LIN:2/nfet_06v0:M28:
Property 0.18u)'ps in circuit2 has no matching property in circuit1
nfet_06v0:388 vs. GRADIENT_NAV2:_core/GRADIENT2:4/OPAM_LIN:1/sub_diff_2_LIN:2/nfet_06v0:M28:
Property W'nrs in circuit2 has no matching property in circuit1
nfet_06v0:388 vs. GRADIENT_NAV2:_core/GRADIENT2:4/OPAM_LIN:1/sub_diff_2_LIN:2/nfet_06v0:M28:
Property 0.18u)'nrd in circuit2 has no matching property in circuit1
nfet_06v0:388 vs. GRADIENT_NAV2:_core/GRADIENT2:4/OPAM_LIN:1/sub_diff_2_LIN:2/nfet_06v0:M28:
Property 0.18u)'ps in circuit2 has no matching property in circuit1
nfet_06v0:410 vs. GRADIENT_NAV2:_core/GRADIENT2:1/OPAM_LIN:2/sub_diff_2_LIN:2/nfet_06v0:M28:
Property W'nrs in circuit2 has no matching property in circuit1
nfet_06v0:410 vs. GRADIENT_NAV2:_core/GRADIENT2:1/OPAM_LIN:2/sub_diff_2_LIN:2/nfet_06v0:M28:
Property 0.18u)'nrd in circuit2 has no matching property in circuit1
nfet_06v0:410 vs. GRADIENT_NAV2:_core/GRADIENT2:1/OPAM_LIN:2/sub_diff_2_LIN:2/nfet_06v0:M28:
Property 0.18u)'ps in circuit2 has no matching property in circuit1
nfet_06v0:1608 vs. GRADIENT_NAV2:_core/GRADIENT2:2/OPAM_LIN:2/sub_diff_2_LIN:2/nfet_06v0:M28:
Property W'nrs in circuit2 has no matching property in circuit1
nfet_06v0:1608 vs. GRADIENT_NAV2:_core/GRADIENT2:2/OPAM_LIN:2/sub_diff_2_LIN:2/nfet_06v0:M28:
Property 0.18u)'nrd in circuit2 has no matching property in circuit1
nfet_06v0:1608 vs. GRADIENT_NAV2:_core/GRADIENT2:2/OPAM_LIN:2/sub_diff_2_LIN:2/nfet_06v0:M28:
Property 0.18u)'ps in circuit2 has no matching property in circuit1
nfet_06v0:1715 vs. GRADIENT_NAV2:_core/GRADIENT2:3/OPAM_LIN:2/sub_diff_2_LIN:2/nfet_06v0:M28:
Property W'nrs in circuit2 has no matching property in circuit1
nfet_06v0:1715 vs. GRADIENT_NAV2:_core/GRADIENT2:3/OPAM_LIN:2/sub_diff_2_LIN:2/nfet_06v0:M28:
Property 0.18u)'nrd in circuit2 has no matching property in circuit1
nfet_06v0:1715 vs. GRADIENT_NAV2:_core/GRADIENT2:3/OPAM_LIN:2/sub_diff_2_LIN:2/nfet_06v0:M28:
Property 0.18u)'ps in circuit2 has no matching property in circuit1
nfet_06v0:1922 vs. GRADIENT_NAV2:_core/GRADIENT2:4/OPAM_LIN:2/sub_diff_2_LIN:2/nfet_06v0:M28:
Property W'nrs in circuit2 has no matching property in circuit1
nfet_06v0:1922 vs. GRADIENT_NAV2:_core/GRADIENT2:4/OPAM_LIN:2/sub_diff_2_LIN:2/nfet_06v0:M28:
Property 0.18u)'nrd in circuit2 has no matching property in circuit1
nfet_06v0:1922 vs. GRADIENT_NAV2:_core/GRADIENT2:4/OPAM_LIN:2/sub_diff_2_LIN:2/nfet_06v0:M28:
Property 0.18u)'ps in circuit2 has no matching property in circuit1
nfet_06v0:1507 vs. GRADIENT_NAV2:_core/GRADIENT2:1/COMP:4/sub_diff:2/nfet_06v0:M38:
Property W'nrs in circuit2 has no matching property in circuit1
nfet_06v0:1507 vs. GRADIENT_NAV2:_core/GRADIENT2:1/COMP:4/sub_diff:2/nfet_06v0:M38:
Property 0.18u)'nrd in circuit2 has no matching property in circuit1
nfet_06v0:1507 vs. GRADIENT_NAV2:_core/GRADIENT2:1/COMP:4/sub_diff:2/nfet_06v0:M38:
Property 0.18u)'ps in circuit2 has no matching property in circuit1
nfet_06v0:1798 vs. GRADIENT_NAV2:_core/GRADIENT2:2/COMP:4/sub_diff:2/nfet_06v0:M38:
Property W'nrs in circuit2 has no matching property in circuit1
nfet_06v0:1798 vs. GRADIENT_NAV2:_core/GRADIENT2:2/COMP:4/sub_diff:2/nfet_06v0:M38:
Property 0.18u)'nrd in circuit2 has no matching property in circuit1
nfet_06v0:1798 vs. GRADIENT_NAV2:_core/GRADIENT2:2/COMP:4/sub_diff:2/nfet_06v0:M38:
Property 0.18u)'ps in circuit2 has no matching property in circuit1
nfet_06v0:924 vs. GRADIENT_NAV2:_core/GRADIENT2:3/COMP:4/sub_diff:2/nfet_06v0:M38:
Property W'nrs in circuit2 has no matching property in circuit1
nfet_06v0:924 vs. GRADIENT_NAV2:_core/GRADIENT2:3/COMP:4/sub_diff:2/nfet_06v0:M38:
Property 0.18u)'nrd in circuit2 has no matching property in circuit1
nfet_06v0:924 vs. GRADIENT_NAV2:_core/GRADIENT2:3/COMP:4/sub_diff:2/nfet_06v0:M38:
Property 0.18u)'ps in circuit2 has no matching property in circuit1
nfet_06v0:1203 vs. GRADIENT_NAV2:_core/GRADIENT2:4/COMP:4/sub_diff:2/nfet_06v0:M38:
Property W'nrs in circuit2 has no matching property in circuit1
nfet_06v0:1203 vs. GRADIENT_NAV2:_core/GRADIENT2:4/COMP:4/sub_diff:2/nfet_06v0:M38:
Property 0.18u)'nrd in circuit2 has no matching property in circuit1
nfet_06v0:1203 vs. GRADIENT_NAV2:_core/GRADIENT2:4/COMP:4/sub_diff:2/nfet_06v0:M38:
Property 0.18u)'ps in circuit2 has no matching property in circuit1
nfet_06v0:1024 vs. GRADIENT_NAV2:_core/GRADIENT2:1/COMP:5/sub_diff:2/nfet_06v0:M38:
Property W'nrs in circuit2 has no matching property in circuit1
nfet_06v0:1024 vs. GRADIENT_NAV2:_core/GRADIENT2:1/COMP:5/sub_diff:2/nfet_06v0:M38:
Property 0.18u)'nrd in circuit2 has no matching property in circuit1
nfet_06v0:1024 vs. GRADIENT_NAV2:_core/GRADIENT2:1/COMP:5/sub_diff:2/nfet_06v0:M38:
Property 0.18u)'ps in circuit2 has no matching property in circuit1
nfet_06v0:1309 vs. GRADIENT_NAV2:_core/GRADIENT2:2/COMP:5/sub_diff:2/nfet_06v0:M38:
Property W'nrs in circuit2 has no matching property in circuit1
nfet_06v0:1309 vs. GRADIENT_NAV2:_core/GRADIENT2:2/COMP:5/sub_diff:2/nfet_06v0:M38:
Property 0.18u)'nrd in circuit2 has no matching property in circuit1
nfet_06v0:1309 vs. GRADIENT_NAV2:_core/GRADIENT2:2/COMP:5/sub_diff:2/nfet_06v0:M38:
Property 0.18u)'ps in circuit2 has no matching property in circuit1
nfet_06v0:415 vs. GRADIENT_NAV2:_core/GRADIENT2:3/COMP:5/sub_diff:2/nfet_06v0:M38:
Property W'nrs in circuit2 has no matching property in circuit1
nfet_06v0:415 vs. GRADIENT_NAV2:_core/GRADIENT2:3/COMP:5/sub_diff:2/nfet_06v0:M38:
Property 0.18u)'nrd in circuit2 has no matching property in circuit1
nfet_06v0:415 vs. GRADIENT_NAV2:_core/GRADIENT2:3/COMP:5/sub_diff:2/nfet_06v0:M38:
Property 0.18u)'ps in circuit2 has no matching property in circuit1
nfet_06v0:713 vs. GRADIENT_NAV2:_core/GRADIENT2:4/COMP:5/sub_diff:2/nfet_06v0:M38:
Property W'nrs in circuit2 has no matching property in circuit1
nfet_06v0:713 vs. GRADIENT_NAV2:_core/GRADIENT2:4/COMP:5/sub_diff:2/nfet_06v0:M38:
Property 0.18u)'nrd in circuit2 has no matching property in circuit1
nfet_06v0:713 vs. GRADIENT_NAV2:_core/GRADIENT2:4/COMP:5/sub_diff:2/nfet_06v0:M38:
Property 0.18u)'ps in circuit2 has no matching property in circuit1
nfet_06v0:271 vs. GRADIENT_NAV2:_core/GRADIENT2:1/COMP:6/sub_diff:2/nfet_06v0:M38:
Property W'nrs in circuit2 has no matching property in circuit1
nfet_06v0:271 vs. GRADIENT_NAV2:_core/GRADIENT2:1/COMP:6/sub_diff:2/nfet_06v0:M38:
Property 0.18u)'nrd in circuit2 has no matching property in circuit1
nfet_06v0:271 vs. GRADIENT_NAV2:_core/GRADIENT2:1/COMP:6/sub_diff:2/nfet_06v0:M38:
Property 0.18u)'ps in circuit2 has no matching property in circuit1
nfet_06v0:593 vs. GRADIENT_NAV2:_core/GRADIENT2:2/COMP:6/sub_diff:2/nfet_06v0:M38:
Property W'nrs in circuit2 has no matching property in circuit1
nfet_06v0:593 vs. GRADIENT_NAV2:_core/GRADIENT2:2/COMP:6/sub_diff:2/nfet_06v0:M38:
Property 0.18u)'nrd in circuit2 has no matching property in circuit1
nfet_06v0:593 vs. GRADIENT_NAV2:_core/GRADIENT2:2/COMP:6/sub_diff:2/nfet_06v0:M38:
Property 0.18u)'ps in circuit2 has no matching property in circuit1
nfet_06v0:1660 vs. GRADIENT_NAV2:_core/GRADIENT2:3/COMP:6/sub_diff:2/nfet_06v0:M38:
Property W'nrs in circuit2 has no matching property in circuit1
nfet_06v0:1660 vs. GRADIENT_NAV2:_core/GRADIENT2:3/COMP:6/sub_diff:2/nfet_06v0:M38:
Property 0.18u)'nrd in circuit2 has no matching property in circuit1
nfet_06v0:1660 vs. GRADIENT_NAV2:_core/GRADIENT2:3/COMP:6/sub_diff:2/nfet_06v0:M38:
Property 0.18u)'ps in circuit2 has no matching property in circuit1
nfet_06v0:1951 vs. GRADIENT_NAV2:_core/GRADIENT2:4/COMP:6/sub_diff:2/nfet_06v0:M38:
Property W'nrs in circuit2 has no matching property in circuit1
nfet_06v0:1951 vs. GRADIENT_NAV2:_core/GRADIENT2:4/COMP:6/sub_diff:2/nfet_06v0:M38:
Property 0.18u)'nrd in circuit2 has no matching property in circuit1
nfet_06v0:1951 vs. GRADIENT_NAV2:_core/GRADIENT2:4/COMP:6/sub_diff:2/nfet_06v0:M38:
Property 0.18u)'ps in circuit2 has no matching property in circuit1
nfet_06v0:860 vs. GRADIENT_NAV2:_core/GRADIENT2:1/OPAM_LIN:8/sub_diff_2_LIN:2/nfet_06v0:M38:
Property W'nrs in circuit2 has no matching property in circuit1
nfet_06v0:860 vs. GRADIENT_NAV2:_core/GRADIENT2:1/OPAM_LIN:8/sub_diff_2_LIN:2/nfet_06v0:M38:
Property 0.18u)'nrd in circuit2 has no matching property in circuit1
nfet_06v0:860 vs. GRADIENT_NAV2:_core/GRADIENT2:1/OPAM_LIN:8/sub_diff_2_LIN:2/nfet_06v0:M38:
Property 0.18u)'ps in circuit2 has no matching property in circuit1
nfet_06v0:1210 vs. GRADIENT_NAV2:_core/GRADIENT2:2/OPAM_LIN:8/sub_diff_2_LIN:2/nfet_06v0:M38:
Property W'nrs in circuit2 has no matching property in circuit1
nfet_06v0:1210 vs. GRADIENT_NAV2:_core/GRADIENT2:2/OPAM_LIN:8/sub_diff_2_LIN:2/nfet_06v0:M38:
Property 0.18u)'nrd in circuit2 has no matching property in circuit1
nfet_06v0:1210 vs. GRADIENT_NAV2:_core/GRADIENT2:2/OPAM_LIN:8/sub_diff_2_LIN:2/nfet_06v0:M38:
Property 0.18u)'ps in circuit2 has no matching property in circuit1
nfet_06v0:1934 vs. GRADIENT_NAV2:_core/GRADIENT2:3/OPAM_LIN:8/sub_diff_2_LIN:2/nfet_06v0:M38:
Property W'nrs in circuit2 has no matching property in circuit1
nfet_06v0:1934 vs. GRADIENT_NAV2:_core/GRADIENT2:3/OPAM_LIN:8/sub_diff_2_LIN:2/nfet_06v0:M38:
Property 0.18u)'nrd in circuit2 has no matching property in circuit1
nfet_06v0:1934 vs. GRADIENT_NAV2:_core/GRADIENT2:3/OPAM_LIN:8/sub_diff_2_LIN:2/nfet_06v0:M38:
Property 0.18u)'ps in circuit2 has no matching property in circuit1
nfet_06v0:1363 vs. GRADIENT_NAV2:_core/GRADIENT2:4/OPAM_LIN:8/sub_diff_2_LIN:2/nfet_06v0:M38:
Property W'nrs in circuit2 has no matching property in circuit1
nfet_06v0:1363 vs. GRADIENT_NAV2:_core/GRADIENT2:4/OPAM_LIN:8/sub_diff_2_LIN:2/nfet_06v0:M38:
Property 0.18u)'nrd in circuit2 has no matching property in circuit1
nfet_06v0:1363 vs. GRADIENT_NAV2:_core/GRADIENT2:4/OPAM_LIN:8/sub_diff_2_LIN:2/nfet_06v0:M38:
Property 0.18u)'ps in circuit2 has no matching property in circuit1
nfet_06v0:1974 vs. GRADIENT_NAV2:_core/GRADIENT2:1/OPAM_LIN:2/sub_diff_2_LIN:2/nfet_06v0:M38:
Property W'nrs in circuit2 has no matching property in circuit1
nfet_06v0:1974 vs. GRADIENT_NAV2:_core/GRADIENT2:1/OPAM_LIN:2/sub_diff_2_LIN:2/nfet_06v0:M38:
Property 0.18u)'nrd in circuit2 has no matching property in circuit1
nfet_06v0:1974 vs. GRADIENT_NAV2:_core/GRADIENT2:1/OPAM_LIN:2/sub_diff_2_LIN:2/nfet_06v0:M38:
Property 0.18u)'ps in circuit2 has no matching property in circuit1
nfet_06v0:1192 vs. GRADIENT_NAV2:_core/GRADIENT2:2/OPAM_LIN:2/sub_diff_2_LIN:2/nfet_06v0:M38:
Property W'nrs in circuit2 has no matching property in circuit1
nfet_06v0:1192 vs. GRADIENT_NAV2:_core/GRADIENT2:2/OPAM_LIN:2/sub_diff_2_LIN:2/nfet_06v0:M38:
Property 0.18u)'nrd in circuit2 has no matching property in circuit1
nfet_06v0:1192 vs. GRADIENT_NAV2:_core/GRADIENT2:2/OPAM_LIN:2/sub_diff_2_LIN:2/nfet_06v0:M38:
Property 0.18u)'ps in circuit2 has no matching property in circuit1
nfet_06v0:631 vs. GRADIENT_NAV2:_core/GRADIENT2:3/OPAM_LIN:2/sub_diff_2_LIN:2/nfet_06v0:M38:
Property W'nrs in circuit2 has no matching property in circuit1
nfet_06v0:631 vs. GRADIENT_NAV2:_core/GRADIENT2:3/OPAM_LIN:2/sub_diff_2_LIN:2/nfet_06v0:M38:
Property 0.18u)'nrd in circuit2 has no matching property in circuit1
nfet_06v0:631 vs. GRADIENT_NAV2:_core/GRADIENT2:3/OPAM_LIN:2/sub_diff_2_LIN:2/nfet_06v0:M38:
Property 0.18u)'ps in circuit2 has no matching property in circuit1
nfet_06v0:841 vs. GRADIENT_NAV2:_core/GRADIENT2:4/OPAM_LIN:2/sub_diff_2_LIN:2/nfet_06v0:M38:
Property W'nrs in circuit2 has no matching property in circuit1
nfet_06v0:841 vs. GRADIENT_NAV2:_core/GRADIENT2:4/OPAM_LIN:2/sub_diff_2_LIN:2/nfet_06v0:M38:
Property 0.18u)'nrd in circuit2 has no matching property in circuit1
nfet_06v0:841 vs. GRADIENT_NAV2:_core/GRADIENT2:4/OPAM_LIN:2/sub_diff_2_LIN:2/nfet_06v0:M38:
Property 0.18u)'ps in circuit2 has no matching property in circuit1
nfet_06v0:1957 vs. GRADIENT_NAV2:_core/GRADIENT2:1/OPAM_LIN:1/sub_diff_2_LIN:2/nfet_06v0:M38:
Property W'nrs in circuit2 has no matching property in circuit1
nfet_06v0:1957 vs. GRADIENT_NAV2:_core/GRADIENT2:1/OPAM_LIN:1/sub_diff_2_LIN:2/nfet_06v0:M38:
Property 0.18u)'nrd in circuit2 has no matching property in circuit1
nfet_06v0:1957 vs. GRADIENT_NAV2:_core/GRADIENT2:1/OPAM_LIN:1/sub_diff_2_LIN:2/nfet_06v0:M38:
Property 0.18u)'ps in circuit2 has no matching property in circuit1
nfet_06v0:1382 vs. GRADIENT_NAV2:_core/GRADIENT2:2/OPAM_LIN:1/sub_diff_2_LIN:2/nfet_06v0:M38:
Property W'nrs in circuit2 has no matching property in circuit1
nfet_06v0:1382 vs. GRADIENT_NAV2:_core/GRADIENT2:2/OPAM_LIN:1/sub_diff_2_LIN:2/nfet_06v0:M38:
Property 0.18u)'nrd in circuit2 has no matching property in circuit1
nfet_06v0:1382 vs. GRADIENT_NAV2:_core/GRADIENT2:2/OPAM_LIN:1/sub_diff_2_LIN:2/nfet_06v0:M38:
Property 0.18u)'ps in circuit2 has no matching property in circuit1
nfet_06v0:83 vs. GRADIENT_NAV2:_core/GRADIENT2:3/OPAM_LIN:1/sub_diff_2_LIN:2/nfet_06v0:M38:
Property W'nrs in circuit2 has no matching property in circuit1
nfet_06v0:83 vs. GRADIENT_NAV2:_core/GRADIENT2:3/OPAM_LIN:1/sub_diff_2_LIN:2/nfet_06v0:M38:
Property 0.18u)'nrd in circuit2 has no matching property in circuit1
nfet_06v0:83 vs. GRADIENT_NAV2:_core/GRADIENT2:3/OPAM_LIN:1/sub_diff_2_LIN:2/nfet_06v0:M38:
Property 0.18u)'ps in circuit2 has no matching property in circuit1
nfet_06v0:1948 vs. GRADIENT_NAV2:_core/GRADIENT2:4/OPAM_LIN:1/sub_diff_2_LIN:2/nfet_06v0:M38:
Property W'nrs in circuit2 has no matching property in circuit1
nfet_06v0:1948 vs. GRADIENT_NAV2:_core/GRADIENT2:4/OPAM_LIN:1/sub_diff_2_LIN:2/nfet_06v0:M38:
Property 0.18u)'nrd in circuit2 has no matching property in circuit1
nfet_06v0:1948 vs. GRADIENT_NAV2:_core/GRADIENT2:4/OPAM_LIN:1/sub_diff_2_LIN:2/nfet_06v0:M38:
Property 0.18u)'ps in circuit2 has no matching property in circuit1
nfet_06v0:1928 vs. GRADIENT_NAV2:_core/GRADIENT2:2/COMP:4/sub_diff:2/nfet_06v0:M39:
Property W'nrs in circuit2 has no matching property in circuit1
nfet_06v0:1928 vs. GRADIENT_NAV2:_core/GRADIENT2:2/COMP:4/sub_diff:2/nfet_06v0:M39:
Property 0.18u)'nrd in circuit2 has no matching property in circuit1
nfet_06v0:1928 vs. GRADIENT_NAV2:_core/GRADIENT2:2/COMP:4/sub_diff:2/nfet_06v0:M39:
Property 0.18u)'ps in circuit2 has no matching property in circuit1
nfet_06v0:1635 vs. GRADIENT_NAV2:_core/GRADIENT2:1/COMP:4/sub_diff:2/nfet_06v0:M39:
Property W'nrs in circuit2 has no matching property in circuit1
nfet_06v0:1635 vs. GRADIENT_NAV2:_core/GRADIENT2:1/COMP:4/sub_diff:2/nfet_06v0:M39:
Property 0.18u)'nrd in circuit2 has no matching property in circuit1
nfet_06v0:1635 vs. GRADIENT_NAV2:_core/GRADIENT2:1/COMP:4/sub_diff:2/nfet_06v0:M39:
Property 0.18u)'ps in circuit2 has no matching property in circuit1
nfet_06v0:1341 vs. GRADIENT_NAV2:_core/GRADIENT2:4/COMP:4/sub_diff:2/nfet_06v0:M39:
Property W'nrs in circuit2 has no matching property in circuit1
nfet_06v0:1341 vs. GRADIENT_NAV2:_core/GRADIENT2:4/COMP:4/sub_diff:2/nfet_06v0:M39:
Property 0.18u)'nrd in circuit2 has no matching property in circuit1
nfet_06v0:1341 vs. GRADIENT_NAV2:_core/GRADIENT2:4/COMP:4/sub_diff:2/nfet_06v0:M39:
Property 0.18u)'ps in circuit2 has no matching property in circuit1
nfet_06v0:1049 vs. GRADIENT_NAV2:_core/GRADIENT2:3/COMP:4/sub_diff:2/nfet_06v0:M39:
Property W'nrs in circuit2 has no matching property in circuit1
nfet_06v0:1049 vs. GRADIENT_NAV2:_core/GRADIENT2:3/COMP:4/sub_diff:2/nfet_06v0:M39:
Property 0.18u)'nrd in circuit2 has no matching property in circuit1
nfet_06v0:1049 vs. GRADIENT_NAV2:_core/GRADIENT2:3/COMP:4/sub_diff:2/nfet_06v0:M39:
Property 0.18u)'ps in circuit2 has no matching property in circuit1
nfet_06v0:1439 vs. GRADIENT_NAV2:_core/GRADIENT2:2/COMP:5/sub_diff:2/nfet_06v0:M39:
Property W'nrs in circuit2 has no matching property in circuit1
nfet_06v0:1439 vs. GRADIENT_NAV2:_core/GRADIENT2:2/COMP:5/sub_diff:2/nfet_06v0:M39:
Property 0.18u)'nrd in circuit2 has no matching property in circuit1
nfet_06v0:1439 vs. GRADIENT_NAV2:_core/GRADIENT2:2/COMP:5/sub_diff:2/nfet_06v0:M39:
Property 0.18u)'ps in circuit2 has no matching property in circuit1
nfet_06v0:1144 vs. GRADIENT_NAV2:_core/GRADIENT2:1/COMP:5/sub_diff:2/nfet_06v0:M39:
Property W'nrs in circuit2 has no matching property in circuit1
nfet_06v0:1144 vs. GRADIENT_NAV2:_core/GRADIENT2:1/COMP:5/sub_diff:2/nfet_06v0:M39:
Property 0.18u)'nrd in circuit2 has no matching property in circuit1
nfet_06v0:1144 vs. GRADIENT_NAV2:_core/GRADIENT2:1/COMP:5/sub_diff:2/nfet_06v0:M39:
Property 0.18u)'ps in circuit2 has no matching property in circuit1
nfet_06v0:845 vs. GRADIENT_NAV2:_core/GRADIENT2:4/COMP:5/sub_diff:2/nfet_06v0:M39:
Property W'nrs in circuit2 has no matching property in circuit1
nfet_06v0:845 vs. GRADIENT_NAV2:_core/GRADIENT2:4/COMP:5/sub_diff:2/nfet_06v0:M39:
Property 0.18u)'nrd in circuit2 has no matching property in circuit1
nfet_06v0:845 vs. GRADIENT_NAV2:_core/GRADIENT2:4/COMP:5/sub_diff:2/nfet_06v0:M39:
Property 0.18u)'ps in circuit2 has no matching property in circuit1
nfet_06v0:570 vs. GRADIENT_NAV2:_core/GRADIENT2:3/COMP:5/sub_diff:2/nfet_06v0:M39:
Property W'nrs in circuit2 has no matching property in circuit1
nfet_06v0:570 vs. GRADIENT_NAV2:_core/GRADIENT2:3/COMP:5/sub_diff:2/nfet_06v0:M39:
Property 0.18u)'nrd in circuit2 has no matching property in circuit1
nfet_06v0:570 vs. GRADIENT_NAV2:_core/GRADIENT2:3/COMP:5/sub_diff:2/nfet_06v0:M39:
Property 0.18u)'ps in circuit2 has no matching property in circuit1
nfet_06v0:1804 vs. GRADIENT_NAV2:_core/GRADIENT2:3/COMP:6/sub_diff:2/nfet_06v0:M39:
Property W'nrs in circuit2 has no matching property in circuit1
nfet_06v0:1804 vs. GRADIENT_NAV2:_core/GRADIENT2:3/COMP:6/sub_diff:2/nfet_06v0:M39:
Property 0.18u)'nrd in circuit2 has no matching property in circuit1
nfet_06v0:1804 vs. GRADIENT_NAV2:_core/GRADIENT2:3/COMP:6/sub_diff:2/nfet_06v0:M39:
Property 0.18u)'ps in circuit2 has no matching property in circuit1
nfet_06v0:717 vs. GRADIENT_NAV2:_core/GRADIENT2:2/COMP:6/sub_diff:2/nfet_06v0:M39:
Property W'nrs in circuit2 has no matching property in circuit1
nfet_06v0:717 vs. GRADIENT_NAV2:_core/GRADIENT2:2/COMP:6/sub_diff:2/nfet_06v0:M39:
Property 0.18u)'nrd in circuit2 has no matching property in circuit1
nfet_06v0:717 vs. GRADIENT_NAV2:_core/GRADIENT2:2/COMP:6/sub_diff:2/nfet_06v0:M39:
Property 0.18u)'ps in circuit2 has no matching property in circuit1
nfet_06v0:421 vs. GRADIENT_NAV2:_core/GRADIENT2:1/COMP:6/sub_diff:2/nfet_06v0:M39:
Property W'nrs in circuit2 has no matching property in circuit1
nfet_06v0:421 vs. GRADIENT_NAV2:_core/GRADIENT2:1/COMP:6/sub_diff:2/nfet_06v0:M39:
Property 0.18u)'nrd in circuit2 has no matching property in circuit1
nfet_06v0:421 vs. GRADIENT_NAV2:_core/GRADIENT2:1/COMP:6/sub_diff:2/nfet_06v0:M39:
Property 0.18u)'ps in circuit2 has no matching property in circuit1
nfet_06v0:107 vs. GRADIENT_NAV2:_core/GRADIENT2:4/COMP:6/sub_diff:2/nfet_06v0:M39:
Property W'nrs in circuit2 has no matching property in circuit1
nfet_06v0:107 vs. GRADIENT_NAV2:_core/GRADIENT2:4/COMP:6/sub_diff:2/nfet_06v0:M39:
Property 0.18u)'nrd in circuit2 has no matching property in circuit1
nfet_06v0:107 vs. GRADIENT_NAV2:_core/GRADIENT2:4/COMP:6/sub_diff:2/nfet_06v0:M39:
Property 0.18u)'ps in circuit2 has no matching property in circuit1
nfet_06v0:1483 vs. GRADIENT_NAV2:_core/GRADIENT2:4/OPAM_LIN:8/sub_diff_2_LIN:2/nfet_06v0:M39:
Property W'nrs in circuit2 has no matching property in circuit1
nfet_06v0:1483 vs. GRADIENT_NAV2:_core/GRADIENT2:4/OPAM_LIN:8/sub_diff_2_LIN:2/nfet_06v0:M39:
Property 0.18u)'nrd in circuit2 has no matching property in circuit1
nfet_06v0:1483 vs. GRADIENT_NAV2:_core/GRADIENT2:4/OPAM_LIN:8/sub_diff_2_LIN:2/nfet_06v0:M39:
Property 0.18u)'ps in circuit2 has no matching property in circuit1
nfet_06v0:1000 vs. GRADIENT_NAV2:_core/GRADIENT2:1/OPAM_LIN:8/sub_diff_2_LIN:2/nfet_06v0:M39:
Property W'nrs in circuit2 has no matching property in circuit1
nfet_06v0:1000 vs. GRADIENT_NAV2:_core/GRADIENT2:1/OPAM_LIN:8/sub_diff_2_LIN:2/nfet_06v0:M39:
Property 0.18u)'nrd in circuit2 has no matching property in circuit1
nfet_06v0:1000 vs. GRADIENT_NAV2:_core/GRADIENT2:1/OPAM_LIN:8/sub_diff_2_LIN:2/nfet_06v0:M39:
Property 0.18u)'ps in circuit2 has no matching property in circuit1
nfet_06v0:500 vs. GRADIENT_NAV2:_core/GRADIENT2:2/OPAM_LIN:8/sub_diff_2_LIN:2/nfet_06v0:M39:
Property W'nrs in circuit2 has no matching property in circuit1
nfet_06v0:500 vs. GRADIENT_NAV2:_core/GRADIENT2:2/OPAM_LIN:8/sub_diff_2_LIN:2/nfet_06v0:M39:
Property 0.18u)'nrd in circuit2 has no matching property in circuit1
nfet_06v0:500 vs. GRADIENT_NAV2:_core/GRADIENT2:2/OPAM_LIN:8/sub_diff_2_LIN:2/nfet_06v0:M39:
Property 0.18u)'ps in circuit2 has no matching property in circuit1
nfet_06v0:93 vs. GRADIENT_NAV2:_core/GRADIENT2:3/OPAM_LIN:8/sub_diff_2_LIN:2/nfet_06v0:M39:
Property W'nrs in circuit2 has no matching property in circuit1
nfet_06v0:93 vs. GRADIENT_NAV2:_core/GRADIENT2:3/OPAM_LIN:8/sub_diff_2_LIN:2/nfet_06v0:M39:
Property 0.18u)'nrd in circuit2 has no matching property in circuit1
nfet_06v0:93 vs. GRADIENT_NAV2:_core/GRADIENT2:3/OPAM_LIN:8/sub_diff_2_LIN:2/nfet_06v0:M39:
Property 0.18u)'ps in circuit2 has no matching property in circuit1
nfet_06v0:1502 vs. GRADIENT_NAV2:_core/GRADIENT2:2/OPAM_LIN:1/sub_diff_2_LIN:2/nfet_06v0:M39:
Property W'nrs in circuit2 has no matching property in circuit1
nfet_06v0:1502 vs. GRADIENT_NAV2:_core/GRADIENT2:2/OPAM_LIN:1/sub_diff_2_LIN:2/nfet_06v0:M39:
Property 0.18u)'nrd in circuit2 has no matching property in circuit1
nfet_06v0:1502 vs. GRADIENT_NAV2:_core/GRADIENT2:2/OPAM_LIN:1/sub_diff_2_LIN:2/nfet_06v0:M39:
Property 0.18u)'ps in circuit2 has no matching property in circuit1
nfet_06v0:1234 vs. GRADIENT_NAV2:_core/GRADIENT2:4/OPAM_LIN:1/sub_diff_2_LIN:2/nfet_06v0:M39:
Property W'nrs in circuit2 has no matching property in circuit1
nfet_06v0:1234 vs. GRADIENT_NAV2:_core/GRADIENT2:4/OPAM_LIN:1/sub_diff_2_LIN:2/nfet_06v0:M39:
Property 0.18u)'nrd in circuit2 has no matching property in circuit1
nfet_06v0:1234 vs. GRADIENT_NAV2:_core/GRADIENT2:4/OPAM_LIN:1/sub_diff_2_LIN:2/nfet_06v0:M39:
Property 0.18u)'ps in circuit2 has no matching property in circuit1
nfet_06v0:203 vs. GRADIENT_NAV2:_core/GRADIENT2:3/OPAM_LIN:1/sub_diff_2_LIN:2/nfet_06v0:M39:
Property W'nrs in circuit2 has no matching property in circuit1
nfet_06v0:203 vs. GRADIENT_NAV2:_core/GRADIENT2:3/OPAM_LIN:1/sub_diff_2_LIN:2/nfet_06v0:M39:
Property 0.18u)'nrd in circuit2 has no matching property in circuit1
nfet_06v0:203 vs. GRADIENT_NAV2:_core/GRADIENT2:3/OPAM_LIN:1/sub_diff_2_LIN:2/nfet_06v0:M39:
Property 0.18u)'ps in circuit2 has no matching property in circuit1
nfet_06v0:110 vs. GRADIENT_NAV2:_core/GRADIENT2:1/OPAM_LIN:1/sub_diff_2_LIN:2/nfet_06v0:M39:
Property W'nrs in circuit2 has no matching property in circuit1
nfet_06v0:110 vs. GRADIENT_NAV2:_core/GRADIENT2:1/OPAM_LIN:1/sub_diff_2_LIN:2/nfet_06v0:M39:
Property 0.18u)'nrd in circuit2 has no matching property in circuit1
nfet_06v0:110 vs. GRADIENT_NAV2:_core/GRADIENT2:1/OPAM_LIN:1/sub_diff_2_LIN:2/nfet_06v0:M39:
Property 0.18u)'ps in circuit2 has no matching property in circuit1
nfet_06v0:1334 vs. GRADIENT_NAV2:_core/GRADIENT2:2/OPAM_LIN:2/sub_diff_2_LIN:2/nfet_06v0:M39:
Property W'nrs in circuit2 has no matching property in circuit1
nfet_06v0:1334 vs. GRADIENT_NAV2:_core/GRADIENT2:2/OPAM_LIN:2/sub_diff_2_LIN:2/nfet_06v0:M39:
Property 0.18u)'nrd in circuit2 has no matching property in circuit1
nfet_06v0:1334 vs. GRADIENT_NAV2:_core/GRADIENT2:2/OPAM_LIN:2/sub_diff_2_LIN:2/nfet_06v0:M39:
Property 0.18u)'ps in circuit2 has no matching property in circuit1
nfet_06v0:1252 vs. GRADIENT_NAV2:_core/GRADIENT2:1/OPAM_LIN:2/sub_diff_2_LIN:2/nfet_06v0:M39:
Property W'nrs in circuit2 has no matching property in circuit1
nfet_06v0:1252 vs. GRADIENT_NAV2:_core/GRADIENT2:1/OPAM_LIN:2/sub_diff_2_LIN:2/nfet_06v0:M39:
Property 0.18u)'nrd in circuit2 has no matching property in circuit1
nfet_06v0:1252 vs. GRADIENT_NAV2:_core/GRADIENT2:1/OPAM_LIN:2/sub_diff_2_LIN:2/nfet_06v0:M39:
Property 0.18u)'ps in circuit2 has no matching property in circuit1
nfet_06v0:979 vs. GRADIENT_NAV2:_core/GRADIENT2:4/OPAM_LIN:2/sub_diff_2_LIN:2/nfet_06v0:M39:
Property W'nrs in circuit2 has no matching property in circuit1
nfet_06v0:979 vs. GRADIENT_NAV2:_core/GRADIENT2:4/OPAM_LIN:2/sub_diff_2_LIN:2/nfet_06v0:M39:
Property 0.18u)'nrd in circuit2 has no matching property in circuit1
nfet_06v0:979 vs. GRADIENT_NAV2:_core/GRADIENT2:4/OPAM_LIN:2/sub_diff_2_LIN:2/nfet_06v0:M39:
Property 0.18u)'ps in circuit2 has no matching property in circuit1
nfet_06v0:750 vs. GRADIENT_NAV2:_core/GRADIENT2:3/OPAM_LIN:2/sub_diff_2_LIN:2/nfet_06v0:M39:
Property W'nrs in circuit2 has no matching property in circuit1
nfet_06v0:750 vs. GRADIENT_NAV2:_core/GRADIENT2:3/OPAM_LIN:2/sub_diff_2_LIN:2/nfet_06v0:M39:
Property 0.18u)'nrd in circuit2 has no matching property in circuit1
nfet_06v0:750 vs. GRADIENT_NAV2:_core/GRADIENT2:3/OPAM_LIN:2/sub_diff_2_LIN:2/nfet_06v0:M39:
Property 0.18u)'ps in circuit2 has no matching property in circuit1
nfet_06v0:1897 vs. GRADIENT_NAV2:_core/GRADIENT2:1/COMP:5/sub_diff:2/nfet_06v0:M20:
Property W'nrs in circuit2 has no matching property in circuit1
nfet_06v0:1897 vs. GRADIENT_NAV2:_core/GRADIENT2:1/COMP:5/sub_diff:2/nfet_06v0:M20:
Property 0.18u)'nrd in circuit2 has no matching property in circuit1
nfet_06v0:1897 vs. GRADIENT_NAV2:_core/GRADIENT2:1/COMP:5/sub_diff:2/nfet_06v0:M20:
Property 0.18u)'ps in circuit2 has no matching property in circuit1
nfet_06v0:1504 vs. GRADIENT_NAV2:_core/GRADIENT2:1/COMP:5/sub_diff:2/nfet_06v0:M18:
Property W'nrs in circuit2 has no matching property in circuit1
nfet_06v0:1504 vs. GRADIENT_NAV2:_core/GRADIENT2:1/COMP:5/sub_diff:2/nfet_06v0:M18:
Property 0.18u)'nrd in circuit2 has no matching property in circuit1
nfet_06v0:1504 vs. GRADIENT_NAV2:_core/GRADIENT2:1/COMP:5/sub_diff:2/nfet_06v0:M18:
Property 0.18u)'ps in circuit2 has no matching property in circuit1
nfet_06v0:1790 vs. GRADIENT_NAV2:_core/GRADIENT2:2/COMP:5/sub_diff:2/nfet_06v0:M20:
Property W'nrs in circuit2 has no matching property in circuit1
nfet_06v0:1790 vs. GRADIENT_NAV2:_core/GRADIENT2:2/COMP:5/sub_diff:2/nfet_06v0:M20:
Property 0.18u)'nrd in circuit2 has no matching property in circuit1
nfet_06v0:1790 vs. GRADIENT_NAV2:_core/GRADIENT2:2/COMP:5/sub_diff:2/nfet_06v0:M20:
Property 0.18u)'ps in circuit2 has no matching property in circuit1
nfet_06v0:189 vs. GRADIENT_NAV2:_core/GRADIENT2:2/COMP:5/sub_diff:2/nfet_06v0:M18:
Property W'nrs in circuit2 has no matching property in circuit1
nfet_06v0:189 vs. GRADIENT_NAV2:_core/GRADIENT2:2/COMP:5/sub_diff:2/nfet_06v0:M18:
Property 0.18u)'nrd in circuit2 has no matching property in circuit1
nfet_06v0:189 vs. GRADIENT_NAV2:_core/GRADIENT2:2/COMP:5/sub_diff:2/nfet_06v0:M18:
Property 0.18u)'ps in circuit2 has no matching property in circuit1
nfet_06v0:1303 vs. GRADIENT_NAV2:_core/GRADIENT2:3/COMP:5/sub_diff:2/nfet_06v0:M20:
Property W'nrs in circuit2 has no matching property in circuit1
nfet_06v0:1303 vs. GRADIENT_NAV2:_core/GRADIENT2:3/COMP:5/sub_diff:2/nfet_06v0:M20:
Property 0.18u)'nrd in circuit2 has no matching property in circuit1
nfet_06v0:1303 vs. GRADIENT_NAV2:_core/GRADIENT2:3/COMP:5/sub_diff:2/nfet_06v0:M20:
Property 0.18u)'ps in circuit2 has no matching property in circuit1
nfet_06v0:921 vs. GRADIENT_NAV2:_core/GRADIENT2:3/COMP:5/sub_diff:2/nfet_06v0:M18:
Property W'nrs in circuit2 has no matching property in circuit1
nfet_06v0:921 vs. GRADIENT_NAV2:_core/GRADIENT2:3/COMP:5/sub_diff:2/nfet_06v0:M18:
Property 0.18u)'nrd in circuit2 has no matching property in circuit1
nfet_06v0:921 vs. GRADIENT_NAV2:_core/GRADIENT2:3/COMP:5/sub_diff:2/nfet_06v0:M18:
Property 0.18u)'ps in circuit2 has no matching property in circuit1
nfet_06v0:1576 vs. GRADIENT_NAV2:_core/GRADIENT2:4/COMP:5/sub_diff:2/nfet_06v0:M20:
Property W'nrs in circuit2 has no matching property in circuit1
nfet_06v0:1576 vs. GRADIENT_NAV2:_core/GRADIENT2:4/COMP:5/sub_diff:2/nfet_06v0:M20:
Property 0.18u)'nrd in circuit2 has no matching property in circuit1
nfet_06v0:1576 vs. GRADIENT_NAV2:_core/GRADIENT2:4/COMP:5/sub_diff:2/nfet_06v0:M20:
Property 0.18u)'ps in circuit2 has no matching property in circuit1
nfet_06v0:1199 vs. GRADIENT_NAV2:_core/GRADIENT2:4/COMP:5/sub_diff:2/nfet_06v0:M18:
Property W'nrs in circuit2 has no matching property in circuit1
nfet_06v0:1199 vs. GRADIENT_NAV2:_core/GRADIENT2:4/COMP:5/sub_diff:2/nfet_06v0:M18:
Property 0.18u)'nrd in circuit2 has no matching property in circuit1
nfet_06v0:1199 vs. GRADIENT_NAV2:_core/GRADIENT2:4/COMP:5/sub_diff:2/nfet_06v0:M18:
Property 0.18u)'ps in circuit2 has no matching property in circuit1
nfet_06v0:787 vs. GRADIENT_NAV2:_core/GRADIENT2:1/COMP:6/sub_diff:2/nfet_06v0:M20:
Property W'nrs in circuit2 has no matching property in circuit1
nfet_06v0:787 vs. GRADIENT_NAV2:_core/GRADIENT2:1/COMP:6/sub_diff:2/nfet_06v0:M20:
Property 0.18u)'nrd in circuit2 has no matching property in circuit1
nfet_06v0:787 vs. GRADIENT_NAV2:_core/GRADIENT2:1/COMP:6/sub_diff:2/nfet_06v0:M20:
Property 0.18u)'ps in circuit2 has no matching property in circuit1
nfet_06v0:669 vs. GRADIENT_NAV2:_core/GRADIENT2:1/COMP:6/sub_diff:2/nfet_06v0:M18:
Property W'nrs in circuit2 has no matching property in circuit1
nfet_06v0:669 vs. GRADIENT_NAV2:_core/GRADIENT2:1/COMP:6/sub_diff:2/nfet_06v0:M18:
Property 0.18u)'nrd in circuit2 has no matching property in circuit1
nfet_06v0:669 vs. GRADIENT_NAV2:_core/GRADIENT2:1/COMP:6/sub_diff:2/nfet_06v0:M18:
Property 0.18u)'ps in circuit2 has no matching property in circuit1
nfet_06v0:1071 vs. GRADIENT_NAV2:_core/GRADIENT2:2/COMP:6/sub_diff:2/nfet_06v0:M20:
Property W'nrs in circuit2 has no matching property in circuit1
nfet_06v0:1071 vs. GRADIENT_NAV2:_core/GRADIENT2:2/COMP:6/sub_diff:2/nfet_06v0:M20:
Property 0.18u)'nrd in circuit2 has no matching property in circuit1
nfet_06v0:1071 vs. GRADIENT_NAV2:_core/GRADIENT2:2/COMP:6/sub_diff:2/nfet_06v0:M20:
Property 0.18u)'ps in circuit2 has no matching property in circuit1
nfet_06v0:960 vs. GRADIENT_NAV2:_core/GRADIENT2:2/COMP:6/sub_diff:2/nfet_06v0:M18:
Property W'nrs in circuit2 has no matching property in circuit1
nfet_06v0:960 vs. GRADIENT_NAV2:_core/GRADIENT2:2/COMP:6/sub_diff:2/nfet_06v0:M18:
Property 0.18u)'nrd in circuit2 has no matching property in circuit1
nfet_06v0:960 vs. GRADIENT_NAV2:_core/GRADIENT2:2/COMP:6/sub_diff:2/nfet_06v0:M18:
Property 0.18u)'ps in circuit2 has no matching property in circuit1
nfet_06v0:169 vs. GRADIENT_NAV2:_core/GRADIENT2:3/COMP:6/sub_diff:2/nfet_06v0:M18:
Property W'nrs in circuit2 has no matching property in circuit1
nfet_06v0:169 vs. GRADIENT_NAV2:_core/GRADIENT2:3/COMP:6/sub_diff:2/nfet_06v0:M18:
Property 0.18u)'nrd in circuit2 has no matching property in circuit1
nfet_06v0:169 vs. GRADIENT_NAV2:_core/GRADIENT2:3/COMP:6/sub_diff:2/nfet_06v0:M18:
Property 0.18u)'ps in circuit2 has no matching property in circuit1
nfet_06v0:67 vs. GRADIENT_NAV2:_core/GRADIENT2:3/COMP:6/sub_diff:2/nfet_06v0:M20:
Property W'nrs in circuit2 has no matching property in circuit1
nfet_06v0:67 vs. GRADIENT_NAV2:_core/GRADIENT2:3/COMP:6/sub_diff:2/nfet_06v0:M20:
Property 0.18u)'nrd in circuit2 has no matching property in circuit1
nfet_06v0:67 vs. GRADIENT_NAV2:_core/GRADIENT2:3/COMP:6/sub_diff:2/nfet_06v0:M20:
Property 0.18u)'ps in circuit2 has no matching property in circuit1
nfet_06v0:474 vs. GRADIENT_NAV2:_core/GRADIENT2:4/COMP:6/sub_diff:2/nfet_06v0:M20:
Property W'nrs in circuit2 has no matching property in circuit1
nfet_06v0:474 vs. GRADIENT_NAV2:_core/GRADIENT2:4/COMP:6/sub_diff:2/nfet_06v0:M20:
Property 0.18u)'nrd in circuit2 has no matching property in circuit1
nfet_06v0:474 vs. GRADIENT_NAV2:_core/GRADIENT2:4/COMP:6/sub_diff:2/nfet_06v0:M20:
Property 0.18u)'ps in circuit2 has no matching property in circuit1
nfet_06v0:333 vs. GRADIENT_NAV2:_core/GRADIENT2:4/COMP:6/sub_diff:2/nfet_06v0:M18:
Property W'nrs in circuit2 has no matching property in circuit1
nfet_06v0:333 vs. GRADIENT_NAV2:_core/GRADIENT2:4/COMP:6/sub_diff:2/nfet_06v0:M18:
Property 0.18u)'nrd in circuit2 has no matching property in circuit1
nfet_06v0:333 vs. GRADIENT_NAV2:_core/GRADIENT2:4/COMP:6/sub_diff:2/nfet_06v0:M18:
Property 0.18u)'ps in circuit2 has no matching property in circuit1
nfet_06v0:1346 vs. GRADIENT_NAV2:_core/GRADIENT2:1/COMP:4/sub_diff:2/nfet_06v0:M20:
Property W'nrs in circuit2 has no matching property in circuit1
nfet_06v0:1346 vs. GRADIENT_NAV2:_core/GRADIENT2:1/COMP:4/sub_diff:2/nfet_06v0:M20:
Property 0.18u)'nrd in circuit2 has no matching property in circuit1
nfet_06v0:1346 vs. GRADIENT_NAV2:_core/GRADIENT2:1/COMP:4/sub_diff:2/nfet_06v0:M20:
Property 0.18u)'ps in circuit2 has no matching property in circuit1
nfet_06v0:654 vs. GRADIENT_NAV2:_core/GRADIENT2:1/COMP:4/sub_diff:2/nfet_06v0:M18:
Property W'nrs in circuit2 has no matching property in circuit1
nfet_06v0:654 vs. GRADIENT_NAV2:_core/GRADIENT2:1/COMP:4/sub_diff:2/nfet_06v0:M18:
Property 0.18u)'nrd in circuit2 has no matching property in circuit1
nfet_06v0:654 vs. GRADIENT_NAV2:_core/GRADIENT2:1/COMP:4/sub_diff:2/nfet_06v0:M18:
Property 0.18u)'ps in circuit2 has no matching property in circuit1
nfet_06v0:1611 vs. GRADIENT_NAV2:_core/GRADIENT2:2/COMP:4/sub_diff:2/nfet_06v0:M20:
Property W'nrs in circuit2 has no matching property in circuit1
nfet_06v0:1611 vs. GRADIENT_NAV2:_core/GRADIENT2:2/COMP:4/sub_diff:2/nfet_06v0:M20:
Property 0.18u)'nrd in circuit2 has no matching property in circuit1
nfet_06v0:1611 vs. GRADIENT_NAV2:_core/GRADIENT2:2/COMP:4/sub_diff:2/nfet_06v0:M20:
Property 0.18u)'ps in circuit2 has no matching property in circuit1
nfet_06v0:930 vs. GRADIENT_NAV2:_core/GRADIENT2:2/COMP:4/sub_diff:2/nfet_06v0:M18:
Property W'nrs in circuit2 has no matching property in circuit1
nfet_06v0:930 vs. GRADIENT_NAV2:_core/GRADIENT2:2/COMP:4/sub_diff:2/nfet_06v0:M18:
Property 0.18u)'nrd in circuit2 has no matching property in circuit1
nfet_06v0:930 vs. GRADIENT_NAV2:_core/GRADIENT2:2/COMP:4/sub_diff:2/nfet_06v0:M18:
Property 0.18u)'ps in circuit2 has no matching property in circuit1
nfet_06v0:745 vs. GRADIENT_NAV2:_core/GRADIENT2:3/COMP:4/sub_diff:2/nfet_06v0:M18:
Property W'nrs in circuit2 has no matching property in circuit1
nfet_06v0:745 vs. GRADIENT_NAV2:_core/GRADIENT2:3/COMP:4/sub_diff:2/nfet_06v0:M18:
Property 0.18u)'nrd in circuit2 has no matching property in circuit1
nfet_06v0:745 vs. GRADIENT_NAV2:_core/GRADIENT2:3/COMP:4/sub_diff:2/nfet_06v0:M18:
Property 0.18u)'ps in circuit2 has no matching property in circuit1
nfet_06v0:40 vs. GRADIENT_NAV2:_core/GRADIENT2:3/COMP:4/sub_diff:2/nfet_06v0:M20:
Property W'nrs in circuit2 has no matching property in circuit1
nfet_06v0:40 vs. GRADIENT_NAV2:_core/GRADIENT2:3/COMP:4/sub_diff:2/nfet_06v0:M20:
Property 0.18u)'nrd in circuit2 has no matching property in circuit1
nfet_06v0:40 vs. GRADIENT_NAV2:_core/GRADIENT2:3/COMP:4/sub_diff:2/nfet_06v0:M20:
Property 0.18u)'ps in circuit2 has no matching property in circuit1
nfet_06v0:1025 vs. GRADIENT_NAV2:_core/GRADIENT2:4/COMP:4/sub_diff:2/nfet_06v0:M20:
Property W'nrs in circuit2 has no matching property in circuit1
nfet_06v0:1025 vs. GRADIENT_NAV2:_core/GRADIENT2:4/COMP:4/sub_diff:2/nfet_06v0:M20:
Property 0.18u)'nrd in circuit2 has no matching property in circuit1
nfet_06v0:1025 vs. GRADIENT_NAV2:_core/GRADIENT2:4/COMP:4/sub_diff:2/nfet_06v0:M20:
Property 0.18u)'ps in circuit2 has no matching property in circuit1
nfet_06v0:309 vs. GRADIENT_NAV2:_core/GRADIENT2:4/COMP:4/sub_diff:2/nfet_06v0:M18:
Property W'nrs in circuit2 has no matching property in circuit1
nfet_06v0:309 vs. GRADIENT_NAV2:_core/GRADIENT2:4/COMP:4/sub_diff:2/nfet_06v0:M18:
Property 0.18u)'nrd in circuit2 has no matching property in circuit1
nfet_06v0:309 vs. GRADIENT_NAV2:_core/GRADIENT2:4/COMP:4/sub_diff:2/nfet_06v0:M18:
Property 0.18u)'ps in circuit2 has no matching property in circuit1
nfet_06v0:1684 vs. GRADIENT_NAV2:_core/GRADIENT2:1/OPAM_LIN:8/sub_diff_2_LIN:2/nfet_06v0:M18:
Property W'nrs in circuit2 has no matching property in circuit1
nfet_06v0:1684 vs. GRADIENT_NAV2:_core/GRADIENT2:1/OPAM_LIN:8/sub_diff_2_LIN:2/nfet_06v0:M18:
Property 0.18u)'nrd in circuit2 has no matching property in circuit1
nfet_06v0:1684 vs. GRADIENT_NAV2:_core/GRADIENT2:1/OPAM_LIN:8/sub_diff_2_LIN:2/nfet_06v0:M18:
Property 0.18u)'ps in circuit2 has no matching property in circuit1
nfet_06v0:817 vs. GRADIENT_NAV2:_core/GRADIENT2:1/OPAM_LIN:8/sub_diff_2_LIN:2/nfet_06v0:M20:
Property W'nrs in circuit2 has no matching property in circuit1
nfet_06v0:817 vs. GRADIENT_NAV2:_core/GRADIENT2:1/OPAM_LIN:8/sub_diff_2_LIN:2/nfet_06v0:M20:
Property 0.18u)'nrd in circuit2 has no matching property in circuit1
nfet_06v0:817 vs. GRADIENT_NAV2:_core/GRADIENT2:1/OPAM_LIN:8/sub_diff_2_LIN:2/nfet_06v0:M20:
Property 0.18u)'ps in circuit2 has no matching property in circuit1
nfet_06v0:1652 vs. GRADIENT_NAV2:_core/GRADIENT2:2/OPAM_LIN:8/sub_diff_2_LIN:2/nfet_06v0:M20:
Property W'nrs in circuit2 has no matching property in circuit1
nfet_06v0:1652 vs. GRADIENT_NAV2:_core/GRADIENT2:2/OPAM_LIN:8/sub_diff_2_LIN:2/nfet_06v0:M20:
Property 0.18u)'nrd in circuit2 has no matching property in circuit1
nfet_06v0:1652 vs. GRADIENT_NAV2:_core/GRADIENT2:2/OPAM_LIN:8/sub_diff_2_LIN:2/nfet_06v0:M20:
Property 0.18u)'ps in circuit2 has no matching property in circuit1
nfet_06v0:586 vs. GRADIENT_NAV2:_core/GRADIENT2:2/OPAM_LIN:8/sub_diff_2_LIN:2/nfet_06v0:M18:
Property W'nrs in circuit2 has no matching property in circuit1
nfet_06v0:586 vs. GRADIENT_NAV2:_core/GRADIENT2:2/OPAM_LIN:8/sub_diff_2_LIN:2/nfet_06v0:M18:
Property 0.18u)'nrd in circuit2 has no matching property in circuit1
nfet_06v0:586 vs. GRADIENT_NAV2:_core/GRADIENT2:2/OPAM_LIN:8/sub_diff_2_LIN:2/nfet_06v0:M18:
Property 0.18u)'ps in circuit2 has no matching property in circuit1
nfet_06v0:153 vs. GRADIENT_NAV2:_core/GRADIENT2:3/OPAM_LIN:8/sub_diff_2_LIN:2/nfet_06v0:M18:
Property W'nrs in circuit2 has no matching property in circuit1
nfet_06v0:153 vs. GRADIENT_NAV2:_core/GRADIENT2:3/OPAM_LIN:8/sub_diff_2_LIN:2/nfet_06v0:M18:
Property 0.18u)'nrd in circuit2 has no matching property in circuit1
nfet_06v0:153 vs. GRADIENT_NAV2:_core/GRADIENT2:3/OPAM_LIN:8/sub_diff_2_LIN:2/nfet_06v0:M18:
Property 0.18u)'ps in circuit2 has no matching property in circuit1
nfet_06v0:89 vs. GRADIENT_NAV2:_core/GRADIENT2:3/OPAM_LIN:8/sub_diff_2_LIN:2/nfet_06v0:M20:
Property W'nrs in circuit2 has no matching property in circuit1
nfet_06v0:89 vs. GRADIENT_NAV2:_core/GRADIENT2:3/OPAM_LIN:8/sub_diff_2_LIN:2/nfet_06v0:M20:
Property 0.18u)'nrd in circuit2 has no matching property in circuit1
nfet_06v0:89 vs. GRADIENT_NAV2:_core/GRADIENT2:3/OPAM_LIN:8/sub_diff_2_LIN:2/nfet_06v0:M20:
Property 0.18u)'ps in circuit2 has no matching property in circuit1
nfet_06v0:1671 vs. GRADIENT_NAV2:_core/GRADIENT2:4/OPAM_LIN:8/sub_diff_2_LIN:2/nfet_06v0:M20:
Property W'nrs in circuit2 has no matching property in circuit1
nfet_06v0:1671 vs. GRADIENT_NAV2:_core/GRADIENT2:4/OPAM_LIN:8/sub_diff_2_LIN:2/nfet_06v0:M20:
Property 0.18u)'nrd in circuit2 has no matching property in circuit1
nfet_06v0:1671 vs. GRADIENT_NAV2:_core/GRADIENT2:4/OPAM_LIN:8/sub_diff_2_LIN:2/nfet_06v0:M20:
Property 0.18u)'ps in circuit2 has no matching property in circuit1
nfet_06v0:807 vs. GRADIENT_NAV2:_core/GRADIENT2:4/OPAM_LIN:8/sub_diff_2_LIN:2/nfet_06v0:M18:
Property W'nrs in circuit2 has no matching property in circuit1
nfet_06v0:807 vs. GRADIENT_NAV2:_core/GRADIENT2:4/OPAM_LIN:8/sub_diff_2_LIN:2/nfet_06v0:M18:
Property 0.18u)'nrd in circuit2 has no matching property in circuit1
nfet_06v0:807 vs. GRADIENT_NAV2:_core/GRADIENT2:4/OPAM_LIN:8/sub_diff_2_LIN:2/nfet_06v0:M18:
Property 0.18u)'ps in circuit2 has no matching property in circuit1
nfet_06v0:176 vs. GRADIENT_NAV2:_core/GRADIENT2:1/OPAM_LIN:1/sub_diff_2_LIN:2/nfet_06v0:M18:
Property W'nrs in circuit2 has no matching property in circuit1
nfet_06v0:176 vs. GRADIENT_NAV2:_core/GRADIENT2:1/OPAM_LIN:1/sub_diff_2_LIN:2/nfet_06v0:M18:
Property 0.18u)'nrd in circuit2 has no matching property in circuit1
nfet_06v0:176 vs. GRADIENT_NAV2:_core/GRADIENT2:1/OPAM_LIN:1/sub_diff_2_LIN:2/nfet_06v0:M18:
Property 0.18u)'ps in circuit2 has no matching property in circuit1
nfet_06v0:109 vs. GRADIENT_NAV2:_core/GRADIENT2:1/OPAM_LIN:1/sub_diff_2_LIN:2/nfet_06v0:M20:
Property W'nrs in circuit2 has no matching property in circuit1
nfet_06v0:109 vs. GRADIENT_NAV2:_core/GRADIENT2:1/OPAM_LIN:1/sub_diff_2_LIN:2/nfet_06v0:M20:
Property 0.18u)'nrd in circuit2 has no matching property in circuit1
nfet_06v0:109 vs. GRADIENT_NAV2:_core/GRADIENT2:1/OPAM_LIN:1/sub_diff_2_LIN:2/nfet_06v0:M20:
Property 0.18u)'ps in circuit2 has no matching property in circuit1
nfet_06v0:1698 vs. GRADIENT_NAV2:_core/GRADIENT2:2/OPAM_LIN:1/sub_diff_2_LIN:2/nfet_06v0:M20:
Property W'nrs in circuit2 has no matching property in circuit1
nfet_06v0:1698 vs. GRADIENT_NAV2:_core/GRADIENT2:2/OPAM_LIN:1/sub_diff_2_LIN:2/nfet_06v0:M20:
Property 0.18u)'nrd in circuit2 has no matching property in circuit1
nfet_06v0:1698 vs. GRADIENT_NAV2:_core/GRADIENT2:2/OPAM_LIN:1/sub_diff_2_LIN:2/nfet_06v0:M20:
Property 0.18u)'ps in circuit2 has no matching property in circuit1
nfet_06v0:832 vs. GRADIENT_NAV2:_core/GRADIENT2:2/OPAM_LIN:1/sub_diff_2_LIN:2/nfet_06v0:M18:
Property W'nrs in circuit2 has no matching property in circuit1
nfet_06v0:832 vs. GRADIENT_NAV2:_core/GRADIENT2:2/OPAM_LIN:1/sub_diff_2_LIN:2/nfet_06v0:M18:
Property 0.18u)'nrd in circuit2 has no matching property in circuit1
nfet_06v0:832 vs. GRADIENT_NAV2:_core/GRADIENT2:2/OPAM_LIN:1/sub_diff_2_LIN:2/nfet_06v0:M18:
Property 0.18u)'ps in circuit2 has no matching property in circuit1
nfet_06v0:927 vs. GRADIENT_NAV2:_core/GRADIENT2:3/OPAM_LIN:1/sub_diff_2_LIN:2/nfet_06v0:M20:
Property W'nrs in circuit2 has no matching property in circuit1
nfet_06v0:927 vs. GRADIENT_NAV2:_core/GRADIENT2:3/OPAM_LIN:1/sub_diff_2_LIN:2/nfet_06v0:M20:
Property 0.18u)'nrd in circuit2 has no matching property in circuit1
nfet_06v0:927 vs. GRADIENT_NAV2:_core/GRADIENT2:3/OPAM_LIN:1/sub_diff_2_LIN:2/nfet_06v0:M20:
Property 0.18u)'ps in circuit2 has no matching property in circuit1
nfet_06v0:42 vs. GRADIENT_NAV2:_core/GRADIENT2:3/OPAM_LIN:1/sub_diff_2_LIN:2/nfet_06v0:M18:
Property W'nrs in circuit2 has no matching property in circuit1
nfet_06v0:42 vs. GRADIENT_NAV2:_core/GRADIENT2:3/OPAM_LIN:1/sub_diff_2_LIN:2/nfet_06v0:M18:
Property 0.18u)'nrd in circuit2 has no matching property in circuit1
nfet_06v0:42 vs. GRADIENT_NAV2:_core/GRADIENT2:3/OPAM_LIN:1/sub_diff_2_LIN:2/nfet_06v0:M18:
Property 0.18u)'ps in circuit2 has no matching property in circuit1
nfet_06v0:1319 vs. GRADIENT_NAV2:_core/GRADIENT2:4/OPAM_LIN:1/sub_diff_2_LIN:2/nfet_06v0:M20:
Property W'nrs in circuit2 has no matching property in circuit1
nfet_06v0:1319 vs. GRADIENT_NAV2:_core/GRADIENT2:4/OPAM_LIN:1/sub_diff_2_LIN:2/nfet_06v0:M20:
Property 0.18u)'nrd in circuit2 has no matching property in circuit1
nfet_06v0:1319 vs. GRADIENT_NAV2:_core/GRADIENT2:4/OPAM_LIN:1/sub_diff_2_LIN:2/nfet_06v0:M20:
Property 0.18u)'ps in circuit2 has no matching property in circuit1
nfet_06v0:431 vs. GRADIENT_NAV2:_core/GRADIENT2:4/OPAM_LIN:1/sub_diff_2_LIN:2/nfet_06v0:M18:
Property W'nrs in circuit2 has no matching property in circuit1
nfet_06v0:431 vs. GRADIENT_NAV2:_core/GRADIENT2:4/OPAM_LIN:1/sub_diff_2_LIN:2/nfet_06v0:M18:
Property 0.18u)'nrd in circuit2 has no matching property in circuit1
nfet_06v0:431 vs. GRADIENT_NAV2:_core/GRADIENT2:4/OPAM_LIN:1/sub_diff_2_LIN:2/nfet_06v0:M18:
Property 0.18u)'ps in circuit2 has no matching property in circuit1
nfet_06v0:1342 vs. GRADIENT_NAV2:_core/GRADIENT2:1/OPAM_LIN:2/sub_diff_2_LIN:2/nfet_06v0:M20:
Property W'nrs in circuit2 has no matching property in circuit1
nfet_06v0:1342 vs. GRADIENT_NAV2:_core/GRADIENT2:1/OPAM_LIN:2/sub_diff_2_LIN:2/nfet_06v0:M20:
Property 0.18u)'nrd in circuit2 has no matching property in circuit1
nfet_06v0:1342 vs. GRADIENT_NAV2:_core/GRADIENT2:1/OPAM_LIN:2/sub_diff_2_LIN:2/nfet_06v0:M20:
Property 0.18u)'ps in circuit2 has no matching property in circuit1
nfet_06v0:455 vs. GRADIENT_NAV2:_core/GRADIENT2:1/OPAM_LIN:2/sub_diff_2_LIN:2/nfet_06v0:M18:
Property W'nrs in circuit2 has no matching property in circuit1
nfet_06v0:455 vs. GRADIENT_NAV2:_core/GRADIENT2:1/OPAM_LIN:2/sub_diff_2_LIN:2/nfet_06v0:M18:
Property 0.18u)'nrd in circuit2 has no matching property in circuit1
nfet_06v0:455 vs. GRADIENT_NAV2:_core/GRADIENT2:1/OPAM_LIN:2/sub_diff_2_LIN:2/nfet_06v0:M18:
Property 0.18u)'ps in circuit2 has no matching property in circuit1
nfet_06v0:1408 vs. GRADIENT_NAV2:_core/GRADIENT2:2/OPAM_LIN:2/sub_diff_2_LIN:2/nfet_06v0:M20:
Property W'nrs in circuit2 has no matching property in circuit1
nfet_06v0:1408 vs. GRADIENT_NAV2:_core/GRADIENT2:2/OPAM_LIN:2/sub_diff_2_LIN:2/nfet_06v0:M20:
Property 0.18u)'nrd in circuit2 has no matching property in circuit1
nfet_06v0:1408 vs. GRADIENT_NAV2:_core/GRADIENT2:2/OPAM_LIN:2/sub_diff_2_LIN:2/nfet_06v0:M20:
Property 0.18u)'ps in circuit2 has no matching property in circuit1
nfet_06v0:1333 vs. GRADIENT_NAV2:_core/GRADIENT2:2/OPAM_LIN:2/sub_diff_2_LIN:2/nfet_06v0:M18:
Property W'nrs in circuit2 has no matching property in circuit1
nfet_06v0:1333 vs. GRADIENT_NAV2:_core/GRADIENT2:2/OPAM_LIN:2/sub_diff_2_LIN:2/nfet_06v0:M18:
Property 0.18u)'nrd in circuit2 has no matching property in circuit1
nfet_06v0:1333 vs. GRADIENT_NAV2:_core/GRADIENT2:2/OPAM_LIN:2/sub_diff_2_LIN:2/nfet_06v0:M18:
Property 0.18u)'ps in circuit2 has no matching property in circuit1
nfet_06v0:946 vs. GRADIENT_NAV2:_core/GRADIENT2:3/OPAM_LIN:2/sub_diff_2_LIN:2/nfet_06v0:M18:
Property W'nrs in circuit2 has no matching property in circuit1
nfet_06v0:946 vs. GRADIENT_NAV2:_core/GRADIENT2:3/OPAM_LIN:2/sub_diff_2_LIN:2/nfet_06v0:M18:
Property 0.18u)'nrd in circuit2 has no matching property in circuit1
nfet_06v0:946 vs. GRADIENT_NAV2:_core/GRADIENT2:3/OPAM_LIN:2/sub_diff_2_LIN:2/nfet_06v0:M18:
Property 0.18u)'ps in circuit2 has no matching property in circuit1
nfet_06v0:54 vs. GRADIENT_NAV2:_core/GRADIENT2:3/OPAM_LIN:2/sub_diff_2_LIN:2/nfet_06v0:M20:
Property W'nrs in circuit2 has no matching property in circuit1
nfet_06v0:54 vs. GRADIENT_NAV2:_core/GRADIENT2:3/OPAM_LIN:2/sub_diff_2_LIN:2/nfet_06v0:M20:
Property 0.18u)'nrd in circuit2 has no matching property in circuit1
nfet_06v0:54 vs. GRADIENT_NAV2:_core/GRADIENT2:3/OPAM_LIN:2/sub_diff_2_LIN:2/nfet_06v0:M20:
Property 0.18u)'ps in circuit2 has no matching property in circuit1
nfet_06v0:1651 vs. GRADIENT_NAV2:_core/GRADIENT2:4/OPAM_LIN:2/sub_diff_2_LIN:2/nfet_06v0:M18:
Property W'nrs in circuit2 has no matching property in circuit1
nfet_06v0:1651 vs. GRADIENT_NAV2:_core/GRADIENT2:4/OPAM_LIN:2/sub_diff_2_LIN:2/nfet_06v0:M18:
Property 0.18u)'nrd in circuit2 has no matching property in circuit1
nfet_06v0:1651 vs. GRADIENT_NAV2:_core/GRADIENT2:4/OPAM_LIN:2/sub_diff_2_LIN:2/nfet_06v0:M18:
Property 0.18u)'ps in circuit2 has no matching property in circuit1
nfet_06v0:790 vs. GRADIENT_NAV2:_core/GRADIENT2:4/OPAM_LIN:2/sub_diff_2_LIN:2/nfet_06v0:M20:
Property W'nrs in circuit2 has no matching property in circuit1
nfet_06v0:790 vs. GRADIENT_NAV2:_core/GRADIENT2:4/OPAM_LIN:2/sub_diff_2_LIN:2/nfet_06v0:M20:
Property 0.18u)'nrd in circuit2 has no matching property in circuit1
nfet_06v0:790 vs. GRADIENT_NAV2:_core/GRADIENT2:4/OPAM_LIN:2/sub_diff_2_LIN:2/nfet_06v0:M20:
Property 0.18u)'ps in circuit2 has no matching property in circuit1
nfet_06v0:918 vs. GRADIENT_NAV2:_core/GRADIENT2:2/COMP:4/bias:1/nfet_06v0:M10:
Property W'nrs in circuit2 has no matching property in circuit1
nfet_06v0:918 vs. GRADIENT_NAV2:_core/GRADIENT2:2/COMP:4/bias:1/nfet_06v0:M10:
Property 0.18u)'nrd in circuit2 has no matching property in circuit1
nfet_06v0:918 vs. GRADIENT_NAV2:_core/GRADIENT2:2/COMP:4/bias:1/nfet_06v0:M10:
Property 0.18u)'ps in circuit2 has no matching property in circuit1
nfet_06v0:644 vs. GRADIENT_NAV2:_core/GRADIENT2:1/COMP:4/bias:1/nfet_06v0:M10:
Property W'nrs in circuit2 has no matching property in circuit1
nfet_06v0:644 vs. GRADIENT_NAV2:_core/GRADIENT2:1/COMP:4/bias:1/nfet_06v0:M10:
Property 0.18u)'nrd in circuit2 has no matching property in circuit1
nfet_06v0:644 vs. GRADIENT_NAV2:_core/GRADIENT2:1/COMP:4/bias:1/nfet_06v0:M10:
Property 0.18u)'ps in circuit2 has no matching property in circuit1
nfet_06v0:291 vs. GRADIENT_NAV2:_core/GRADIENT2:4/COMP:4/bias:1/nfet_06v0:M10:
Property W'nrs in circuit2 has no matching property in circuit1
nfet_06v0:291 vs. GRADIENT_NAV2:_core/GRADIENT2:4/COMP:4/bias:1/nfet_06v0:M10:
Property 0.18u)'nrd in circuit2 has no matching property in circuit1
nfet_06v0:291 vs. GRADIENT_NAV2:_core/GRADIENT2:4/COMP:4/bias:1/nfet_06v0:M10:
Property 0.18u)'ps in circuit2 has no matching property in circuit1
nfet_06v0:27 vs. GRADIENT_NAV2:_core/GRADIENT2:3/COMP:4/bias:1/nfet_06v0:M10:
Property W'nrs in circuit2 has no matching property in circuit1
nfet_06v0:27 vs. GRADIENT_NAV2:_core/GRADIENT2:3/COMP:4/bias:1/nfet_06v0:M10:
Property 0.18u)'nrd in circuit2 has no matching property in circuit1
nfet_06v0:27 vs. GRADIENT_NAV2:_core/GRADIENT2:3/COMP:4/bias:1/nfet_06v0:M10:
Property 0.18u)'ps in circuit2 has no matching property in circuit1
nfet_06v0:913 vs. GRADIENT_NAV2:_core/GRADIENT2:2/COMP:5/bias:1/nfet_06v0:M10:
Property W'nrs in circuit2 has no matching property in circuit1
nfet_06v0:913 vs. GRADIENT_NAV2:_core/GRADIENT2:2/COMP:5/bias:1/nfet_06v0:M10:
Property 0.18u)'nrd in circuit2 has no matching property in circuit1
nfet_06v0:913 vs. GRADIENT_NAV2:_core/GRADIENT2:2/COMP:5/bias:1/nfet_06v0:M10:
Property 0.18u)'ps in circuit2 has no matching property in circuit1
nfet_06v0:639 vs. GRADIENT_NAV2:_core/GRADIENT2:1/COMP:5/bias:1/nfet_06v0:M10:
Property W'nrs in circuit2 has no matching property in circuit1
nfet_06v0:639 vs. GRADIENT_NAV2:_core/GRADIENT2:1/COMP:5/bias:1/nfet_06v0:M10:
Property 0.18u)'nrd in circuit2 has no matching property in circuit1
nfet_06v0:639 vs. GRADIENT_NAV2:_core/GRADIENT2:1/COMP:5/bias:1/nfet_06v0:M10:
Property 0.18u)'ps in circuit2 has no matching property in circuit1
nfet_06v0:286 vs. GRADIENT_NAV2:_core/GRADIENT2:4/COMP:5/bias:1/nfet_06v0:M10:
Property W'nrs in circuit2 has no matching property in circuit1
nfet_06v0:286 vs. GRADIENT_NAV2:_core/GRADIENT2:4/COMP:5/bias:1/nfet_06v0:M10:
Property 0.18u)'nrd in circuit2 has no matching property in circuit1
nfet_06v0:286 vs. GRADIENT_NAV2:_core/GRADIENT2:4/COMP:5/bias:1/nfet_06v0:M10:
Property 0.18u)'ps in circuit2 has no matching property in circuit1
nfet_06v0:20 vs. GRADIENT_NAV2:_core/GRADIENT2:3/COMP:5/bias:1/nfet_06v0:M10:
Property W'nrs in circuit2 has no matching property in circuit1
nfet_06v0:20 vs. GRADIENT_NAV2:_core/GRADIENT2:3/COMP:5/bias:1/nfet_06v0:M10:
Property 0.18u)'nrd in circuit2 has no matching property in circuit1
nfet_06v0:20 vs. GRADIENT_NAV2:_core/GRADIENT2:3/COMP:5/bias:1/nfet_06v0:M10:
Property 0.18u)'ps in circuit2 has no matching property in circuit1
nfet_06v0:996 vs. GRADIENT_NAV2:_core/GRADIENT2:2/COMP:6/bias:1/nfet_06v0:M10:
Property W'nrs in circuit2 has no matching property in circuit1
nfet_06v0:996 vs. GRADIENT_NAV2:_core/GRADIENT2:2/COMP:6/bias:1/nfet_06v0:M10:
Property 0.18u)'nrd in circuit2 has no matching property in circuit1
nfet_06v0:996 vs. GRADIENT_NAV2:_core/GRADIENT2:2/COMP:6/bias:1/nfet_06v0:M10:
Property 0.18u)'ps in circuit2 has no matching property in circuit1
nfet_06v0:709 vs. GRADIENT_NAV2:_core/GRADIENT2:1/COMP:6/bias:1/nfet_06v0:M10:
Property W'nrs in circuit2 has no matching property in circuit1
nfet_06v0:709 vs. GRADIENT_NAV2:_core/GRADIENT2:1/COMP:6/bias:1/nfet_06v0:M10:
Property 0.18u)'nrd in circuit2 has no matching property in circuit1
nfet_06v0:709 vs. GRADIENT_NAV2:_core/GRADIENT2:1/COMP:6/bias:1/nfet_06v0:M10:
Property 0.18u)'ps in circuit2 has no matching property in circuit1
nfet_06v0:365 vs. GRADIENT_NAV2:_core/GRADIENT2:4/COMP:6/bias:1/nfet_06v0:M10:
Property W'nrs in circuit2 has no matching property in circuit1
nfet_06v0:365 vs. GRADIENT_NAV2:_core/GRADIENT2:4/COMP:6/bias:1/nfet_06v0:M10:
Property 0.18u)'nrd in circuit2 has no matching property in circuit1
nfet_06v0:365 vs. GRADIENT_NAV2:_core/GRADIENT2:4/COMP:6/bias:1/nfet_06v0:M10:
Property 0.18u)'ps in circuit2 has no matching property in circuit1
nfet_06v0:96 vs. GRADIENT_NAV2:_core/GRADIENT2:3/COMP:6/bias:1/nfet_06v0:M10:
Property W'nrs in circuit2 has no matching property in circuit1
nfet_06v0:96 vs. GRADIENT_NAV2:_core/GRADIENT2:3/COMP:6/bias:1/nfet_06v0:M10:
Property 0.18u)'nrd in circuit2 has no matching property in circuit1
nfet_06v0:96 vs. GRADIENT_NAV2:_core/GRADIENT2:3/COMP:6/bias:1/nfet_06v0:M10:
Property 0.18u)'ps in circuit2 has no matching property in circuit1
nfet_06v0:1420 vs. GRADIENT_NAV2:_core/GRADIENT2:4/OPAM_LIN:8/bias:1/nfet_06v0:M10:
Property W'nrs in circuit2 has no matching property in circuit1
nfet_06v0:1420 vs. GRADIENT_NAV2:_core/GRADIENT2:4/OPAM_LIN:8/bias:1/nfet_06v0:M10:
Property 0.18u)'nrd in circuit2 has no matching property in circuit1
nfet_06v0:1420 vs. GRADIENT_NAV2:_core/GRADIENT2:4/OPAM_LIN:8/bias:1/nfet_06v0:M10:
Property 0.18u)'ps in circuit2 has no matching property in circuit1
nfet_06v0:933 vs. GRADIENT_NAV2:_core/GRADIENT2:2/OPAM_LIN:8/bias:1/nfet_06v0:M10:
Property W'nrs in circuit2 has no matching property in circuit1
nfet_06v0:933 vs. GRADIENT_NAV2:_core/GRADIENT2:2/OPAM_LIN:8/bias:1/nfet_06v0:M10:
Property 0.18u)'nrd in circuit2 has no matching property in circuit1
nfet_06v0:933 vs. GRADIENT_NAV2:_core/GRADIENT2:2/OPAM_LIN:8/bias:1/nfet_06v0:M10:
Property 0.18u)'ps in circuit2 has no matching property in circuit1
nfet_06v0:527 vs. GRADIENT_NAV2:_core/GRADIENT2:3/OPAM_LIN:8/bias:1/nfet_06v0:M10:
Property W'nrs in circuit2 has no matching property in circuit1
nfet_06v0:527 vs. GRADIENT_NAV2:_core/GRADIENT2:3/OPAM_LIN:8/bias:1/nfet_06v0:M10:
Property 0.18u)'nrd in circuit2 has no matching property in circuit1
nfet_06v0:527 vs. GRADIENT_NAV2:_core/GRADIENT2:3/OPAM_LIN:8/bias:1/nfet_06v0:M10:
Property 0.18u)'ps in circuit2 has no matching property in circuit1
nfet_06v0:66 vs. GRADIENT_NAV2:_core/GRADIENT2:1/OPAM_LIN:8/bias:1/nfet_06v0:M10:
Property W'nrs in circuit2 has no matching property in circuit1
nfet_06v0:66 vs. GRADIENT_NAV2:_core/GRADIENT2:1/OPAM_LIN:8/bias:1/nfet_06v0:M10:
Property 0.18u)'nrd in circuit2 has no matching property in circuit1
nfet_06v0:66 vs. GRADIENT_NAV2:_core/GRADIENT2:1/OPAM_LIN:8/bias:1/nfet_06v0:M10:
Property 0.18u)'ps in circuit2 has no matching property in circuit1
nfet_06v0:1657 vs. GRADIENT_NAV2:_core/GRADIENT2:4/OPAM_LIN:1/bias:1/nfet_06v0:M10:
Property W'nrs in circuit2 has no matching property in circuit1
nfet_06v0:1657 vs. GRADIENT_NAV2:_core/GRADIENT2:4/OPAM_LIN:1/bias:1/nfet_06v0:M10:
Property 0.18u)'nrd in circuit2 has no matching property in circuit1
nfet_06v0:1657 vs. GRADIENT_NAV2:_core/GRADIENT2:4/OPAM_LIN:1/bias:1/nfet_06v0:M10:
Property 0.18u)'ps in circuit2 has no matching property in circuit1
nfet_06v0:1440 vs. GRADIENT_NAV2:_core/GRADIENT2:2/OPAM_LIN:1/bias:1/nfet_06v0:M10:
Property W'nrs in circuit2 has no matching property in circuit1
nfet_06v0:1440 vs. GRADIENT_NAV2:_core/GRADIENT2:2/OPAM_LIN:1/bias:1/nfet_06v0:M10:
Property 0.18u)'nrd in circuit2 has no matching property in circuit1
nfet_06v0:1440 vs. GRADIENT_NAV2:_core/GRADIENT2:2/OPAM_LIN:1/bias:1/nfet_06v0:M10:
Property 0.18u)'ps in circuit2 has no matching property in circuit1
nfet_06v0:1273 vs. GRADIENT_NAV2:_core/GRADIENT2:3/OPAM_LIN:1/bias:1/nfet_06v0:M10:
Property W'nrs in circuit2 has no matching property in circuit1
nfet_06v0:1273 vs. GRADIENT_NAV2:_core/GRADIENT2:3/OPAM_LIN:1/bias:1/nfet_06v0:M10:
Property 0.18u)'nrd in circuit2 has no matching property in circuit1
nfet_06v0:1273 vs. GRADIENT_NAV2:_core/GRADIENT2:3/OPAM_LIN:1/bias:1/nfet_06v0:M10:
Property 0.18u)'ps in circuit2 has no matching property in circuit1
nfet_06v0:558 vs. GRADIENT_NAV2:_core/GRADIENT2:1/OPAM_LIN:1/bias:1/nfet_06v0:M10:
Property W'nrs in circuit2 has no matching property in circuit1
nfet_06v0:558 vs. GRADIENT_NAV2:_core/GRADIENT2:1/OPAM_LIN:1/bias:1/nfet_06v0:M10:
Property 0.18u)'nrd in circuit2 has no matching property in circuit1
nfet_06v0:558 vs. GRADIENT_NAV2:_core/GRADIENT2:1/OPAM_LIN:1/bias:1/nfet_06v0:M10:
Property 0.18u)'ps in circuit2 has no matching property in circuit1
nfet_06v0:1756 vs. GRADIENT_NAV2:_core/GRADIENT2:2/OPAM_LIN:2/bias:1/nfet_06v0:M10:
Property W'nrs in circuit2 has no matching property in circuit1
nfet_06v0:1756 vs. GRADIENT_NAV2:_core/GRADIENT2:2/OPAM_LIN:2/bias:1/nfet_06v0:M10:
Property 0.18u)'nrd in circuit2 has no matching property in circuit1
nfet_06v0:1756 vs. GRADIENT_NAV2:_core/GRADIENT2:2/OPAM_LIN:2/bias:1/nfet_06v0:M10:
Property 0.18u)'ps in circuit2 has no matching property in circuit1
nfet_06v0:1689 vs. GRADIENT_NAV2:_core/GRADIENT2:1/OPAM_LIN:2/bias:1/nfet_06v0:M10:
Property W'nrs in circuit2 has no matching property in circuit1
nfet_06v0:1689 vs. GRADIENT_NAV2:_core/GRADIENT2:1/OPAM_LIN:2/bias:1/nfet_06v0:M10:
Property 0.18u)'nrd in circuit2 has no matching property in circuit1
nfet_06v0:1689 vs. GRADIENT_NAV2:_core/GRADIENT2:1/OPAM_LIN:2/bias:1/nfet_06v0:M10:
Property 0.18u)'ps in circuit2 has no matching property in circuit1
nfet_06v0:687 vs. GRADIENT_NAV2:_core/GRADIENT2:3/OPAM_LIN:2/bias:1/nfet_06v0:M10:
Property W'nrs in circuit2 has no matching property in circuit1
nfet_06v0:687 vs. GRADIENT_NAV2:_core/GRADIENT2:3/OPAM_LIN:2/bias:1/nfet_06v0:M10:
Property 0.18u)'nrd in circuit2 has no matching property in circuit1
nfet_06v0:687 vs. GRADIENT_NAV2:_core/GRADIENT2:3/OPAM_LIN:2/bias:1/nfet_06v0:M10:
Property 0.18u)'ps in circuit2 has no matching property in circuit1
nfet_06v0:47 vs. GRADIENT_NAV2:_core/GRADIENT2:4/OPAM_LIN:2/bias:1/nfet_06v0:M10:
Property W'nrs in circuit2 has no matching property in circuit1
nfet_06v0:47 vs. GRADIENT_NAV2:_core/GRADIENT2:4/OPAM_LIN:2/bias:1/nfet_06v0:M10:
Property 0.18u)'nrd in circuit2 has no matching property in circuit1
nfet_06v0:47 vs. GRADIENT_NAV2:_core/GRADIENT2:4/OPAM_LIN:2/bias:1/nfet_06v0:M10:
Property 0.18u)'ps in circuit2 has no matching property in circuit1
nfet_06v0:1949 vs. GRADIENT_NAV2:_core/GRADIENT2:2/COMP:6/sub_diff:2/nfet_06v0:M40:
Property W'nrs in circuit2 has no matching property in circuit1
nfet_06v0:1949 vs. GRADIENT_NAV2:_core/GRADIENT2:2/COMP:6/sub_diff:2/nfet_06v0:M40:
Property 0.18u)'nrd in circuit2 has no matching property in circuit1
nfet_06v0:1949 vs. GRADIENT_NAV2:_core/GRADIENT2:2/COMP:6/sub_diff:2/nfet_06v0:M40:
Property 0.18u)'ps in circuit2 has no matching property in circuit1
nfet_06v0:1654 vs. GRADIENT_NAV2:_core/GRADIENT2:1/COMP:6/sub_diff:2/nfet_06v0:M40:
Property W'nrs in circuit2 has no matching property in circuit1
nfet_06v0:1654 vs. GRADIENT_NAV2:_core/GRADIENT2:1/COMP:6/sub_diff:2/nfet_06v0:M40:
Property 0.18u)'nrd in circuit2 has no matching property in circuit1
nfet_06v0:1654 vs. GRADIENT_NAV2:_core/GRADIENT2:1/COMP:6/sub_diff:2/nfet_06v0:M40:
Property 0.18u)'ps in circuit2 has no matching property in circuit1
nfet_06v0:1354 vs. GRADIENT_NAV2:_core/GRADIENT2:4/COMP:6/sub_diff:2/nfet_06v0:M40:
Property W'nrs in circuit2 has no matching property in circuit1
nfet_06v0:1354 vs. GRADIENT_NAV2:_core/GRADIENT2:4/COMP:6/sub_diff:2/nfet_06v0:M40:
Property 0.18u)'nrd in circuit2 has no matching property in circuit1
nfet_06v0:1354 vs. GRADIENT_NAV2:_core/GRADIENT2:4/COMP:6/sub_diff:2/nfet_06v0:M40:
Property 0.18u)'ps in circuit2 has no matching property in circuit1
nfet_06v0:1073 vs. GRADIENT_NAV2:_core/GRADIENT2:3/COMP:6/sub_diff:2/nfet_06v0:M40:
Property W'nrs in circuit2 has no matching property in circuit1
nfet_06v0:1073 vs. GRADIENT_NAV2:_core/GRADIENT2:3/COMP:6/sub_diff:2/nfet_06v0:M40:
Property 0.18u)'nrd in circuit2 has no matching property in circuit1
nfet_06v0:1073 vs. GRADIENT_NAV2:_core/GRADIENT2:3/COMP:6/sub_diff:2/nfet_06v0:M40:
Property 0.18u)'ps in circuit2 has no matching property in circuit1
nfet_06v0:1876 vs. GRADIENT_NAV2:_core/GRADIENT2:2/COMP:4/sub_diff:2/nfet_06v0:M40:
Property W'nrs in circuit2 has no matching property in circuit1
nfet_06v0:1876 vs. GRADIENT_NAV2:_core/GRADIENT2:2/COMP:4/sub_diff:2/nfet_06v0:M40:
Property 0.18u)'nrd in circuit2 has no matching property in circuit1
nfet_06v0:1876 vs. GRADIENT_NAV2:_core/GRADIENT2:2/COMP:4/sub_diff:2/nfet_06v0:M40:
Property 0.18u)'ps in circuit2 has no matching property in circuit1
nfet_06v0:1593 vs. GRADIENT_NAV2:_core/GRADIENT2:1/COMP:4/sub_diff:2/nfet_06v0:M40:
Property W'nrs in circuit2 has no matching property in circuit1
nfet_06v0:1593 vs. GRADIENT_NAV2:_core/GRADIENT2:1/COMP:4/sub_diff:2/nfet_06v0:M40:
Property 0.18u)'nrd in circuit2 has no matching property in circuit1
nfet_06v0:1593 vs. GRADIENT_NAV2:_core/GRADIENT2:1/COMP:4/sub_diff:2/nfet_06v0:M40:
Property 0.18u)'ps in circuit2 has no matching property in circuit1
nfet_06v0:1280 vs. GRADIENT_NAV2:_core/GRADIENT2:4/COMP:4/sub_diff:2/nfet_06v0:M40:
Property W'nrs in circuit2 has no matching property in circuit1
nfet_06v0:1280 vs. GRADIENT_NAV2:_core/GRADIENT2:4/COMP:4/sub_diff:2/nfet_06v0:M40:
Property 0.18u)'nrd in circuit2 has no matching property in circuit1
nfet_06v0:1280 vs. GRADIENT_NAV2:_core/GRADIENT2:4/COMP:4/sub_diff:2/nfet_06v0:M40:
Property 0.18u)'ps in circuit2 has no matching property in circuit1
nfet_06v0:1011 vs. GRADIENT_NAV2:_core/GRADIENT2:3/COMP:4/sub_diff:2/nfet_06v0:M40:
Property W'nrs in circuit2 has no matching property in circuit1
nfet_06v0:1011 vs. GRADIENT_NAV2:_core/GRADIENT2:3/COMP:4/sub_diff:2/nfet_06v0:M40:
Property 0.18u)'nrd in circuit2 has no matching property in circuit1
nfet_06v0:1011 vs. GRADIENT_NAV2:_core/GRADIENT2:3/COMP:4/sub_diff:2/nfet_06v0:M40:
Property 0.18u)'ps in circuit2 has no matching property in circuit1
nfet_06v0:1832 vs. GRADIENT_NAV2:_core/GRADIENT2:2/COMP:5/sub_diff:2/nfet_06v0:M40:
Property W'nrs in circuit2 has no matching property in circuit1
nfet_06v0:1832 vs. GRADIENT_NAV2:_core/GRADIENT2:2/COMP:5/sub_diff:2/nfet_06v0:M40:
Property 0.18u)'nrd in circuit2 has no matching property in circuit1
nfet_06v0:1832 vs. GRADIENT_NAV2:_core/GRADIENT2:2/COMP:5/sub_diff:2/nfet_06v0:M40:
Property 0.18u)'ps in circuit2 has no matching property in circuit1
nfet_06v0:1539 vs. GRADIENT_NAV2:_core/GRADIENT2:1/COMP:5/sub_diff:2/nfet_06v0:M40:
Property W'nrs in circuit2 has no matching property in circuit1
nfet_06v0:1539 vs. GRADIENT_NAV2:_core/GRADIENT2:1/COMP:5/sub_diff:2/nfet_06v0:M40:
Property 0.18u)'nrd in circuit2 has no matching property in circuit1
nfet_06v0:1539 vs. GRADIENT_NAV2:_core/GRADIENT2:1/COMP:5/sub_diff:2/nfet_06v0:M40:
Property 0.18u)'ps in circuit2 has no matching property in circuit1
nfet_06v0:1231 vs. GRADIENT_NAV2:_core/GRADIENT2:4/COMP:5/sub_diff:2/nfet_06v0:M40:
Property W'nrs in circuit2 has no matching property in circuit1
nfet_06v0:1231 vs. GRADIENT_NAV2:_core/GRADIENT2:4/COMP:5/sub_diff:2/nfet_06v0:M40:
Property 0.18u)'nrd in circuit2 has no matching property in circuit1
nfet_06v0:1231 vs. GRADIENT_NAV2:_core/GRADIENT2:4/COMP:5/sub_diff:2/nfet_06v0:M40:
Property 0.18u)'ps in circuit2 has no matching property in circuit1
nfet_06v0:965 vs. GRADIENT_NAV2:_core/GRADIENT2:3/COMP:5/sub_diff:2/nfet_06v0:M40:
Property W'nrs in circuit2 has no matching property in circuit1
nfet_06v0:965 vs. GRADIENT_NAV2:_core/GRADIENT2:3/COMP:5/sub_diff:2/nfet_06v0:M40:
Property 0.18u)'nrd in circuit2 has no matching property in circuit1
nfet_06v0:965 vs. GRADIENT_NAV2:_core/GRADIENT2:3/COMP:5/sub_diff:2/nfet_06v0:M40:
Property 0.18u)'ps in circuit2 has no matching property in circuit1
nfet_06v0:1017 vs. GRADIENT_NAV2:_core/GRADIENT2:4/OPAM_LIN:1/sub_diff_2_LIN:2/nfet_06v0:M40:
Property W'nrs in circuit2 has no matching property in circuit1
nfet_06v0:1017 vs. GRADIENT_NAV2:_core/GRADIENT2:4/OPAM_LIN:1/sub_diff_2_LIN:2/nfet_06v0:M40:
Property 0.18u)'nrd in circuit2 has no matching property in circuit1
nfet_06v0:1017 vs. GRADIENT_NAV2:_core/GRADIENT2:4/OPAM_LIN:1/sub_diff_2_LIN:2/nfet_06v0:M40:
Property 0.18u)'ps in circuit2 has no matching property in circuit1
nfet_06v0:781 vs. GRADIENT_NAV2:_core/GRADIENT2:2/OPAM_LIN:1/sub_diff_2_LIN:2/nfet_06v0:M40:
Property W'nrs in circuit2 has no matching property in circuit1
nfet_06v0:781 vs. GRADIENT_NAV2:_core/GRADIENT2:2/OPAM_LIN:1/sub_diff_2_LIN:2/nfet_06v0:M40:
Property 0.18u)'nrd in circuit2 has no matching property in circuit1
nfet_06v0:781 vs. GRADIENT_NAV2:_core/GRADIENT2:2/OPAM_LIN:1/sub_diff_2_LIN:2/nfet_06v0:M40:
Property 0.18u)'ps in circuit2 has no matching property in circuit1
nfet_06v0:700 vs. GRADIENT_NAV2:_core/GRADIENT2:1/OPAM_LIN:1/sub_diff_2_LIN:2/nfet_06v0:M40:
Property W'nrs in circuit2 has no matching property in circuit1
nfet_06v0:700 vs. GRADIENT_NAV2:_core/GRADIENT2:1/OPAM_LIN:1/sub_diff_2_LIN:2/nfet_06v0:M40:
Property 0.18u)'nrd in circuit2 has no matching property in circuit1
nfet_06v0:700 vs. GRADIENT_NAV2:_core/GRADIENT2:1/OPAM_LIN:1/sub_diff_2_LIN:2/nfet_06v0:M40:
Property 0.18u)'ps in circuit2 has no matching property in circuit1
nfet_06v0:630 vs. GRADIENT_NAV2:_core/GRADIENT2:3/OPAM_LIN:1/sub_diff_2_LIN:2/nfet_06v0:M40:
Property W'nrs in circuit2 has no matching property in circuit1
nfet_06v0:630 vs. GRADIENT_NAV2:_core/GRADIENT2:3/OPAM_LIN:1/sub_diff_2_LIN:2/nfet_06v0:M40:
Property 0.18u)'nrd in circuit2 has no matching property in circuit1
nfet_06v0:630 vs. GRADIENT_NAV2:_core/GRADIENT2:3/OPAM_LIN:1/sub_diff_2_LIN:2/nfet_06v0:M40:
Property 0.18u)'ps in circuit2 has no matching property in circuit1
nfet_06v0:1381 vs. GRADIENT_NAV2:_core/GRADIENT2:1/OPAM_LIN:8/sub_diff_2_LIN:2/nfet_06v0:M40:
Property W'nrs in circuit2 has no matching property in circuit1
nfet_06v0:1381 vs. GRADIENT_NAV2:_core/GRADIENT2:1/OPAM_LIN:8/sub_diff_2_LIN:2/nfet_06v0:M40:
Property 0.18u)'nrd in circuit2 has no matching property in circuit1
nfet_06v0:1381 vs. GRADIENT_NAV2:_core/GRADIENT2:1/OPAM_LIN:8/sub_diff_2_LIN:2/nfet_06v0:M40:
Property 0.18u)'ps in circuit2 has no matching property in circuit1
nfet_06v0:760 vs. GRADIENT_NAV2:_core/GRADIENT2:4/OPAM_LIN:8/sub_diff_2_LIN:2/nfet_06v0:M40:
Property W'nrs in circuit2 has no matching property in circuit1
nfet_06v0:760 vs. GRADIENT_NAV2:_core/GRADIENT2:4/OPAM_LIN:8/sub_diff_2_LIN:2/nfet_06v0:M40:
Property 0.18u)'nrd in circuit2 has no matching property in circuit1
nfet_06v0:760 vs. GRADIENT_NAV2:_core/GRADIENT2:4/OPAM_LIN:8/sub_diff_2_LIN:2/nfet_06v0:M40:
Property 0.18u)'ps in circuit2 has no matching property in circuit1
nfet_06v0:677 vs. GRADIENT_NAV2:_core/GRADIENT2:3/OPAM_LIN:8/sub_diff_2_LIN:2/nfet_06v0:M40:
Property W'nrs in circuit2 has no matching property in circuit1
nfet_06v0:677 vs. GRADIENT_NAV2:_core/GRADIENT2:3/OPAM_LIN:8/sub_diff_2_LIN:2/nfet_06v0:M40:
Property 0.18u)'nrd in circuit2 has no matching property in circuit1
nfet_06v0:677 vs. GRADIENT_NAV2:_core/GRADIENT2:3/OPAM_LIN:8/sub_diff_2_LIN:2/nfet_06v0:M40:
Property 0.18u)'ps in circuit2 has no matching property in circuit1
nfet_06v0:242 vs. GRADIENT_NAV2:_core/GRADIENT2:2/OPAM_LIN:8/sub_diff_2_LIN:2/nfet_06v0:M40:
Property W'nrs in circuit2 has no matching property in circuit1
nfet_06v0:242 vs. GRADIENT_NAV2:_core/GRADIENT2:2/OPAM_LIN:8/sub_diff_2_LIN:2/nfet_06v0:M40:
Property 0.18u)'nrd in circuit2 has no matching property in circuit1
nfet_06v0:242 vs. GRADIENT_NAV2:_core/GRADIENT2:2/OPAM_LIN:8/sub_diff_2_LIN:2/nfet_06v0:M40:
Property 0.18u)'ps in circuit2 has no matching property in circuit1
nfet_06v0:1896 vs. GRADIENT_NAV2:_core/GRADIENT2:2/OPAM_LIN:2/sub_diff_2_LIN:2/nfet_06v0:M40:
Property W'nrs in circuit2 has no matching property in circuit1
nfet_06v0:1896 vs. GRADIENT_NAV2:_core/GRADIENT2:2/OPAM_LIN:2/sub_diff_2_LIN:2/nfet_06v0:M40:
Property 0.18u)'nrd in circuit2 has no matching property in circuit1
nfet_06v0:1896 vs. GRADIENT_NAV2:_core/GRADIENT2:2/OPAM_LIN:2/sub_diff_2_LIN:2/nfet_06v0:M40:
Property 0.18u)'ps in circuit2 has no matching property in circuit1
nfet_06v0:1360 vs. GRADIENT_NAV2:_core/GRADIENT2:4/OPAM_LIN:2/sub_diff_2_LIN:2/nfet_06v0:M40:
Property W'nrs in circuit2 has no matching property in circuit1
nfet_06v0:1360 vs. GRADIENT_NAV2:_core/GRADIENT2:4/OPAM_LIN:2/sub_diff_2_LIN:2/nfet_06v0:M40:
Property 0.18u)'nrd in circuit2 has no matching property in circuit1
nfet_06v0:1360 vs. GRADIENT_NAV2:_core/GRADIENT2:4/OPAM_LIN:2/sub_diff_2_LIN:2/nfet_06v0:M40:
Property 0.18u)'ps in circuit2 has no matching property in circuit1
nfet_06v0:1028 vs. GRADIENT_NAV2:_core/GRADIENT2:1/OPAM_LIN:2/sub_diff_2_LIN:2/nfet_06v0:M40:
Property W'nrs in circuit2 has no matching property in circuit1
nfet_06v0:1028 vs. GRADIENT_NAV2:_core/GRADIENT2:1/OPAM_LIN:2/sub_diff_2_LIN:2/nfet_06v0:M40:
Property 0.18u)'nrd in circuit2 has no matching property in circuit1
nfet_06v0:1028 vs. GRADIENT_NAV2:_core/GRADIENT2:1/OPAM_LIN:2/sub_diff_2_LIN:2/nfet_06v0:M40:
Property 0.18u)'ps in circuit2 has no matching property in circuit1
nfet_06v0:10 vs. GRADIENT_NAV2:_core/GRADIENT2:3/OPAM_LIN:2/sub_diff_2_LIN:2/nfet_06v0:M40:
Property W'nrs in circuit2 has no matching property in circuit1
nfet_06v0:10 vs. GRADIENT_NAV2:_core/GRADIENT2:3/OPAM_LIN:2/sub_diff_2_LIN:2/nfet_06v0:M40:
Property 0.18u)'nrd in circuit2 has no matching property in circuit1
nfet_06v0:10 vs. GRADIENT_NAV2:_core/GRADIENT2:3/OPAM_LIN:2/sub_diff_2_LIN:2/nfet_06v0:M40:
Property 0.18u)'ps in circuit2 has no matching property in circuit1
nfet_06v0:1250 vs. GRADIENT_NAV2:_core/GRADIENT2:1/COMP:4/sub_diff:2/nfet_06v0:M41:
Property W'nrs in circuit2 has no matching property in circuit1
nfet_06v0:1250 vs. GRADIENT_NAV2:_core/GRADIENT2:1/COMP:4/sub_diff:2/nfet_06v0:M41:
Property 0.18u)'nrd in circuit2 has no matching property in circuit1
nfet_06v0:1250 vs. GRADIENT_NAV2:_core/GRADIENT2:1/COMP:4/sub_diff:2/nfet_06v0:M41:
Property 0.18u)'ps in circuit2 has no matching property in circuit1
nfet_06v0:1525 vs. GRADIENT_NAV2:_core/GRADIENT2:2/COMP:4/sub_diff:2/nfet_06v0:M41:
Property W'nrs in circuit2 has no matching property in circuit1
nfet_06v0:1525 vs. GRADIENT_NAV2:_core/GRADIENT2:2/COMP:4/sub_diff:2/nfet_06v0:M41:
Property 0.18u)'nrd in circuit2 has no matching property in circuit1
nfet_06v0:1525 vs. GRADIENT_NAV2:_core/GRADIENT2:2/COMP:4/sub_diff:2/nfet_06v0:M41:
Property 0.18u)'ps in circuit2 has no matching property in circuit1
nfet_06v0:662 vs. GRADIENT_NAV2:_core/GRADIENT2:3/COMP:4/sub_diff:2/nfet_06v0:M41:
Property W'nrs in circuit2 has no matching property in circuit1
nfet_06v0:662 vs. GRADIENT_NAV2:_core/GRADIENT2:3/COMP:4/sub_diff:2/nfet_06v0:M41:
Property 0.18u)'nrd in circuit2 has no matching property in circuit1
nfet_06v0:662 vs. GRADIENT_NAV2:_core/GRADIENT2:3/COMP:4/sub_diff:2/nfet_06v0:M41:
Property 0.18u)'ps in circuit2 has no matching property in circuit1
nfet_06v0:953 vs. GRADIENT_NAV2:_core/GRADIENT2:4/COMP:4/sub_diff:2/nfet_06v0:M41:
Property W'nrs in circuit2 has no matching property in circuit1
nfet_06v0:953 vs. GRADIENT_NAV2:_core/GRADIENT2:4/COMP:4/sub_diff:2/nfet_06v0:M41:
Property 0.18u)'nrd in circuit2 has no matching property in circuit1
nfet_06v0:953 vs. GRADIENT_NAV2:_core/GRADIENT2:4/COMP:4/sub_diff:2/nfet_06v0:M41:
Property 0.18u)'ps in circuit2 has no matching property in circuit1
nfet_06v0:543 vs. GRADIENT_NAV2:_core/GRADIENT2:1/COMP:5/sub_diff:2/nfet_06v0:M41:
Property W'nrs in circuit2 has no matching property in circuit1
nfet_06v0:543 vs. GRADIENT_NAV2:_core/GRADIENT2:1/COMP:5/sub_diff:2/nfet_06v0:M41:
Property 0.18u)'nrd in circuit2 has no matching property in circuit1
nfet_06v0:543 vs. GRADIENT_NAV2:_core/GRADIENT2:1/COMP:5/sub_diff:2/nfet_06v0:M41:
Property 0.18u)'ps in circuit2 has no matching property in circuit1
nfet_06v0:833 vs. GRADIENT_NAV2:_core/GRADIENT2:2/COMP:5/sub_diff:2/nfet_06v0:M41:
Property W'nrs in circuit2 has no matching property in circuit1
nfet_06v0:833 vs. GRADIENT_NAV2:_core/GRADIENT2:2/COMP:5/sub_diff:2/nfet_06v0:M41:
Property 0.18u)'nrd in circuit2 has no matching property in circuit1
nfet_06v0:833 vs. GRADIENT_NAV2:_core/GRADIENT2:2/COMP:5/sub_diff:2/nfet_06v0:M41:
Property 0.18u)'ps in circuit2 has no matching property in circuit1
nfet_06v0:1909 vs. GRADIENT_NAV2:_core/GRADIENT2:3/COMP:5/sub_diff:2/nfet_06v0:M41:
Property W'nrs in circuit2 has no matching property in circuit1
nfet_06v0:1909 vs. GRADIENT_NAV2:_core/GRADIENT2:3/COMP:5/sub_diff:2/nfet_06v0:M41:
Property 0.18u)'nrd in circuit2 has no matching property in circuit1
nfet_06v0:1909 vs. GRADIENT_NAV2:_core/GRADIENT2:3/COMP:5/sub_diff:2/nfet_06v0:M41:
Property 0.18u)'ps in circuit2 has no matching property in circuit1
nfet_06v0:201 vs. GRADIENT_NAV2:_core/GRADIENT2:4/COMP:5/sub_diff:2/nfet_06v0:M41:
Property W'nrs in circuit2 has no matching property in circuit1
nfet_06v0:201 vs. GRADIENT_NAV2:_core/GRADIENT2:4/COMP:5/sub_diff:2/nfet_06v0:M41:
Property 0.18u)'nrd in circuit2 has no matching property in circuit1
nfet_06v0:201 vs. GRADIENT_NAV2:_core/GRADIENT2:4/COMP:5/sub_diff:2/nfet_06v0:M41:
Property 0.18u)'ps in circuit2 has no matching property in circuit1
nfet_06v0:481 vs. GRADIENT_NAV2:_core/GRADIENT2:1/COMP:6/sub_diff:2/nfet_06v0:M41:
Property W'nrs in circuit2 has no matching property in circuit1
nfet_06v0:481 vs. GRADIENT_NAV2:_core/GRADIENT2:1/COMP:6/sub_diff:2/nfet_06v0:M41:
Property 0.18u)'nrd in circuit2 has no matching property in circuit1
nfet_06v0:481 vs. GRADIENT_NAV2:_core/GRADIENT2:1/COMP:6/sub_diff:2/nfet_06v0:M41:
Property 0.18u)'ps in circuit2 has no matching property in circuit1
nfet_06v0:765 vs. GRADIENT_NAV2:_core/GRADIENT2:2/COMP:6/sub_diff:2/nfet_06v0:M41:
Property W'nrs in circuit2 has no matching property in circuit1
nfet_06v0:765 vs. GRADIENT_NAV2:_core/GRADIENT2:2/COMP:6/sub_diff:2/nfet_06v0:M41:
Property 0.18u)'nrd in circuit2 has no matching property in circuit1
nfet_06v0:765 vs. GRADIENT_NAV2:_core/GRADIENT2:2/COMP:6/sub_diff:2/nfet_06v0:M41:
Property 0.18u)'ps in circuit2 has no matching property in circuit1
nfet_06v0:1857 vs. GRADIENT_NAV2:_core/GRADIENT2:3/COMP:6/sub_diff:2/nfet_06v0:M41:
Property W'nrs in circuit2 has no matching property in circuit1
nfet_06v0:1857 vs. GRADIENT_NAV2:_core/GRADIENT2:3/COMP:6/sub_diff:2/nfet_06v0:M41:
Property 0.18u)'nrd in circuit2 has no matching property in circuit1
nfet_06v0:1857 vs. GRADIENT_NAV2:_core/GRADIENT2:3/COMP:6/sub_diff:2/nfet_06v0:M41:
Property 0.18u)'ps in circuit2 has no matching property in circuit1
nfet_06v0:142 vs. GRADIENT_NAV2:_core/GRADIENT2:4/COMP:6/sub_diff:2/nfet_06v0:M41:
Property W'nrs in circuit2 has no matching property in circuit1
nfet_06v0:142 vs. GRADIENT_NAV2:_core/GRADIENT2:4/COMP:6/sub_diff:2/nfet_06v0:M41:
Property 0.18u)'nrd in circuit2 has no matching property in circuit1
nfet_06v0:142 vs. GRADIENT_NAV2:_core/GRADIENT2:4/COMP:6/sub_diff:2/nfet_06v0:M41:
Property 0.18u)'ps in circuit2 has no matching property in circuit1
nfet_06v0:1035 vs. GRADIENT_NAV2:_core/GRADIENT2:1/OPAM_LIN:8/sub_diff_2_LIN:2/nfet_06v0:M41:
Property W'nrs in circuit2 has no matching property in circuit1
nfet_06v0:1035 vs. GRADIENT_NAV2:_core/GRADIENT2:1/OPAM_LIN:8/sub_diff_2_LIN:2/nfet_06v0:M41:
Property 0.18u)'nrd in circuit2 has no matching property in circuit1
nfet_06v0:1035 vs. GRADIENT_NAV2:_core/GRADIENT2:1/OPAM_LIN:8/sub_diff_2_LIN:2/nfet_06v0:M41:
Property 0.18u)'ps in circuit2 has no matching property in circuit1
nfet_06v0:1895 vs. GRADIENT_NAV2:_core/GRADIENT2:2/OPAM_LIN:8/sub_diff_2_LIN:2/nfet_06v0:M41:
Property W'nrs in circuit2 has no matching property in circuit1
nfet_06v0:1895 vs. GRADIENT_NAV2:_core/GRADIENT2:2/OPAM_LIN:8/sub_diff_2_LIN:2/nfet_06v0:M41:
Property 0.18u)'nrd in circuit2 has no matching property in circuit1
nfet_06v0:1895 vs. GRADIENT_NAV2:_core/GRADIENT2:2/OPAM_LIN:8/sub_diff_2_LIN:2/nfet_06v0:M41:
Property 0.18u)'ps in circuit2 has no matching property in circuit1
nfet_06v0:1452 vs. GRADIENT_NAV2:_core/GRADIENT2:3/OPAM_LIN:8/sub_diff_2_LIN:2/nfet_06v0:M41:
Property W'nrs in circuit2 has no matching property in circuit1
nfet_06v0:1452 vs. GRADIENT_NAV2:_core/GRADIENT2:3/OPAM_LIN:8/sub_diff_2_LIN:2/nfet_06v0:M41:
Property 0.18u)'nrd in circuit2 has no matching property in circuit1
nfet_06v0:1452 vs. GRADIENT_NAV2:_core/GRADIENT2:3/OPAM_LIN:8/sub_diff_2_LIN:2/nfet_06v0:M41:
Property 0.18u)'ps in circuit2 has no matching property in circuit1
nfet_06v0:1533 vs. GRADIENT_NAV2:_core/GRADIENT2:4/OPAM_LIN:8/sub_diff_2_LIN:2/nfet_06v0:M41:
Property W'nrs in circuit2 has no matching property in circuit1
nfet_06v0:1533 vs. GRADIENT_NAV2:_core/GRADIENT2:4/OPAM_LIN:8/sub_diff_2_LIN:2/nfet_06v0:M41:
Property 0.18u)'nrd in circuit2 has no matching property in circuit1
nfet_06v0:1533 vs. GRADIENT_NAV2:_core/GRADIENT2:4/OPAM_LIN:8/sub_diff_2_LIN:2/nfet_06v0:M41:
Property 0.18u)'ps in circuit2 has no matching property in circuit1
nfet_06v0:701 vs. GRADIENT_NAV2:_core/GRADIENT2:1/OPAM_LIN:2/sub_diff_2_LIN:2/nfet_06v0:M41:
Property W'nrs in circuit2 has no matching property in circuit1
nfet_06v0:701 vs. GRADIENT_NAV2:_core/GRADIENT2:1/OPAM_LIN:2/sub_diff_2_LIN:2/nfet_06v0:M41:
Property 0.18u)'nrd in circuit2 has no matching property in circuit1
nfet_06v0:701 vs. GRADIENT_NAV2:_core/GRADIENT2:1/OPAM_LIN:2/sub_diff_2_LIN:2/nfet_06v0:M41:
Property 0.18u)'ps in circuit2 has no matching property in circuit1
nfet_06v0:716 vs. GRADIENT_NAV2:_core/GRADIENT2:2/OPAM_LIN:2/sub_diff_2_LIN:2/nfet_06v0:M41:
Property W'nrs in circuit2 has no matching property in circuit1
nfet_06v0:716 vs. GRADIENT_NAV2:_core/GRADIENT2:2/OPAM_LIN:2/sub_diff_2_LIN:2/nfet_06v0:M41:
Property 0.18u)'nrd in circuit2 has no matching property in circuit1
nfet_06v0:716 vs. GRADIENT_NAV2:_core/GRADIENT2:2/OPAM_LIN:2/sub_diff_2_LIN:2/nfet_06v0:M41:
Property 0.18u)'ps in circuit2 has no matching property in circuit1
nfet_06v0:812 vs. GRADIENT_NAV2:_core/GRADIENT2:3/OPAM_LIN:2/sub_diff_2_LIN:2/nfet_06v0:M41:
Property W'nrs in circuit2 has no matching property in circuit1
nfet_06v0:812 vs. GRADIENT_NAV2:_core/GRADIENT2:3/OPAM_LIN:2/sub_diff_2_LIN:2/nfet_06v0:M41:
Property 0.18u)'nrd in circuit2 has no matching property in circuit1
nfet_06v0:812 vs. GRADIENT_NAV2:_core/GRADIENT2:3/OPAM_LIN:2/sub_diff_2_LIN:2/nfet_06v0:M41:
Property 0.18u)'ps in circuit2 has no matching property in circuit1
nfet_06v0:1019 vs. GRADIENT_NAV2:_core/GRADIENT2:4/OPAM_LIN:2/sub_diff_2_LIN:2/nfet_06v0:M41:
Property W'nrs in circuit2 has no matching property in circuit1
nfet_06v0:1019 vs. GRADIENT_NAV2:_core/GRADIENT2:4/OPAM_LIN:2/sub_diff_2_LIN:2/nfet_06v0:M41:
Property 0.18u)'nrd in circuit2 has no matching property in circuit1
nfet_06v0:1019 vs. GRADIENT_NAV2:_core/GRADIENT2:4/OPAM_LIN:2/sub_diff_2_LIN:2/nfet_06v0:M41:
Property 0.18u)'ps in circuit2 has no matching property in circuit1
nfet_06v0:1468 vs. GRADIENT_NAV2:_core/GRADIENT2:1/OPAM_LIN:1/sub_diff_2_LIN:2/nfet_06v0:M41:
Property W'nrs in circuit2 has no matching property in circuit1
nfet_06v0:1468 vs. GRADIENT_NAV2:_core/GRADIENT2:1/OPAM_LIN:1/sub_diff_2_LIN:2/nfet_06v0:M41:
Property 0.18u)'nrd in circuit2 has no matching property in circuit1
nfet_06v0:1468 vs. GRADIENT_NAV2:_core/GRADIENT2:1/OPAM_LIN:1/sub_diff_2_LIN:2/nfet_06v0:M41:
Property 0.18u)'ps in circuit2 has no matching property in circuit1
nfet_06v0:1559 vs. GRADIENT_NAV2:_core/GRADIENT2:2/OPAM_LIN:1/sub_diff_2_LIN:2/nfet_06v0:M41:
Property W'nrs in circuit2 has no matching property in circuit1
nfet_06v0:1559 vs. GRADIENT_NAV2:_core/GRADIENT2:2/OPAM_LIN:1/sub_diff_2_LIN:2/nfet_06v0:M41:
Property 0.18u)'nrd in circuit2 has no matching property in circuit1
nfet_06v0:1559 vs. GRADIENT_NAV2:_core/GRADIENT2:2/OPAM_LIN:1/sub_diff_2_LIN:2/nfet_06v0:M41:
Property 0.18u)'ps in circuit2 has no matching property in circuit1
nfet_06v0:252 vs. GRADIENT_NAV2:_core/GRADIENT2:3/OPAM_LIN:1/sub_diff_2_LIN:2/nfet_06v0:M41:
Property W'nrs in circuit2 has no matching property in circuit1
nfet_06v0:252 vs. GRADIENT_NAV2:_core/GRADIENT2:3/OPAM_LIN:1/sub_diff_2_LIN:2/nfet_06v0:M41:
Property 0.18u)'nrd in circuit2 has no matching property in circuit1
nfet_06v0:252 vs. GRADIENT_NAV2:_core/GRADIENT2:3/OPAM_LIN:1/sub_diff_2_LIN:2/nfet_06v0:M41:
Property 0.18u)'ps in circuit2 has no matching property in circuit1
nfet_06v0:676 vs. GRADIENT_NAV2:_core/GRADIENT2:4/OPAM_LIN:1/sub_diff_2_LIN:2/nfet_06v0:M41:
Property W'nrs in circuit2 has no matching property in circuit1
nfet_06v0:676 vs. GRADIENT_NAV2:_core/GRADIENT2:4/OPAM_LIN:1/sub_diff_2_LIN:2/nfet_06v0:M41:
Property 0.18u)'nrd in circuit2 has no matching property in circuit1
nfet_06v0:676 vs. GRADIENT_NAV2:_core/GRADIENT2:4/OPAM_LIN:1/sub_diff_2_LIN:2/nfet_06v0:M41:
Property 0.18u)'ps in circuit2 has no matching property in circuit1
nfet_06v0:1663 vs. GRADIENT_NAV2:_core/GRADIENT2:2/COMP:4/sub_diff:2/nfet_06v0:M42:
Property W'nrs in circuit2 has no matching property in circuit1
nfet_06v0:1663 vs. GRADIENT_NAV2:_core/GRADIENT2:2/COMP:4/sub_diff:2/nfet_06v0:M42:
Property 0.18u)'nrd in circuit2 has no matching property in circuit1
nfet_06v0:1663 vs. GRADIENT_NAV2:_core/GRADIENT2:2/COMP:4/sub_diff:2/nfet_06v0:M42:
Property 0.18u)'ps in circuit2 has no matching property in circuit1
nfet_06v0:1394 vs. GRADIENT_NAV2:_core/GRADIENT2:1/COMP:4/sub_diff:2/nfet_06v0:M42:
Property W'nrs in circuit2 has no matching property in circuit1
nfet_06v0:1394 vs. GRADIENT_NAV2:_core/GRADIENT2:1/COMP:4/sub_diff:2/nfet_06v0:M42:
Property 0.18u)'nrd in circuit2 has no matching property in circuit1
nfet_06v0:1394 vs. GRADIENT_NAV2:_core/GRADIENT2:1/COMP:4/sub_diff:2/nfet_06v0:M42:
Property 0.18u)'ps in circuit2 has no matching property in circuit1
nfet_06v0:1074 vs. GRADIENT_NAV2:_core/GRADIENT2:4/COMP:4/sub_diff:2/nfet_06v0:M42:
Property W'nrs in circuit2 has no matching property in circuit1
nfet_06v0:1074 vs. GRADIENT_NAV2:_core/GRADIENT2:4/COMP:4/sub_diff:2/nfet_06v0:M42:
Property 0.18u)'nrd in circuit2 has no matching property in circuit1
nfet_06v0:1074 vs. GRADIENT_NAV2:_core/GRADIENT2:4/COMP:4/sub_diff:2/nfet_06v0:M42:
Property 0.18u)'ps in circuit2 has no matching property in circuit1
nfet_06v0:795 vs. GRADIENT_NAV2:_core/GRADIENT2:3/COMP:4/sub_diff:2/nfet_06v0:M42:
Property W'nrs in circuit2 has no matching property in circuit1
nfet_06v0:795 vs. GRADIENT_NAV2:_core/GRADIENT2:3/COMP:4/sub_diff:2/nfet_06v0:M42:
Property 0.18u)'nrd in circuit2 has no matching property in circuit1
nfet_06v0:795 vs. GRADIENT_NAV2:_core/GRADIENT2:3/COMP:4/sub_diff:2/nfet_06v0:M42:
Property 0.18u)'ps in circuit2 has no matching property in circuit1
nfet_06v0:967 vs. GRADIENT_NAV2:_core/GRADIENT2:2/COMP:5/sub_diff:2/nfet_06v0:M42:
Property W'nrs in circuit2 has no matching property in circuit1
nfet_06v0:967 vs. GRADIENT_NAV2:_core/GRADIENT2:2/COMP:5/sub_diff:2/nfet_06v0:M42:
Property 0.18u)'nrd in circuit2 has no matching property in circuit1
nfet_06v0:967 vs. GRADIENT_NAV2:_core/GRADIENT2:2/COMP:5/sub_diff:2/nfet_06v0:M42:
Property 0.18u)'ps in circuit2 has no matching property in circuit1
nfet_06v0:683 vs. GRADIENT_NAV2:_core/GRADIENT2:1/COMP:5/sub_diff:2/nfet_06v0:M42:
Property W'nrs in circuit2 has no matching property in circuit1
nfet_06v0:683 vs. GRADIENT_NAV2:_core/GRADIENT2:1/COMP:5/sub_diff:2/nfet_06v0:M42:
Property 0.18u)'nrd in circuit2 has no matching property in circuit1
nfet_06v0:683 vs. GRADIENT_NAV2:_core/GRADIENT2:1/COMP:5/sub_diff:2/nfet_06v0:M42:
Property 0.18u)'ps in circuit2 has no matching property in circuit1
nfet_06v0:339 vs. GRADIENT_NAV2:_core/GRADIENT2:4/COMP:5/sub_diff:2/nfet_06v0:M42:
Property W'nrs in circuit2 has no matching property in circuit1
nfet_06v0:339 vs. GRADIENT_NAV2:_core/GRADIENT2:4/COMP:5/sub_diff:2/nfet_06v0:M42:
Property 0.18u)'nrd in circuit2 has no matching property in circuit1
nfet_06v0:339 vs. GRADIENT_NAV2:_core/GRADIENT2:4/COMP:5/sub_diff:2/nfet_06v0:M42:
Property 0.18u)'ps in circuit2 has no matching property in circuit1
nfet_06v0:75 vs. GRADIENT_NAV2:_core/GRADIENT2:3/COMP:5/sub_diff:2/nfet_06v0:M42:
Property W'nrs in circuit2 has no matching property in circuit1
nfet_06v0:75 vs. GRADIENT_NAV2:_core/GRADIENT2:3/COMP:5/sub_diff:2/nfet_06v0:M42:
Property 0.18u)'nrd in circuit2 has no matching property in circuit1
nfet_06v0:75 vs. GRADIENT_NAV2:_core/GRADIENT2:3/COMP:5/sub_diff:2/nfet_06v0:M42:
Property 0.18u)'ps in circuit2 has no matching property in circuit1
nfet_06v0:898 vs. GRADIENT_NAV2:_core/GRADIENT2:2/COMP:6/sub_diff:2/nfet_06v0:M42:
Property W'nrs in circuit2 has no matching property in circuit1
nfet_06v0:898 vs. GRADIENT_NAV2:_core/GRADIENT2:2/COMP:6/sub_diff:2/nfet_06v0:M42:
Property 0.18u)'nrd in circuit2 has no matching property in circuit1
nfet_06v0:898 vs. GRADIENT_NAV2:_core/GRADIENT2:2/COMP:6/sub_diff:2/nfet_06v0:M42:
Property 0.18u)'ps in circuit2 has no matching property in circuit1
nfet_06v0:627 vs. GRADIENT_NAV2:_core/GRADIENT2:1/COMP:6/sub_diff:2/nfet_06v0:M42:
Property W'nrs in circuit2 has no matching property in circuit1
nfet_06v0:627 vs. GRADIENT_NAV2:_core/GRADIENT2:1/COMP:6/sub_diff:2/nfet_06v0:M42:
Property 0.18u)'nrd in circuit2 has no matching property in circuit1
nfet_06v0:627 vs. GRADIENT_NAV2:_core/GRADIENT2:1/COMP:6/sub_diff:2/nfet_06v0:M42:
Property 0.18u)'ps in circuit2 has no matching property in circuit1
nfet_06v0:273 vs. GRADIENT_NAV2:_core/GRADIENT2:4/COMP:6/sub_diff:2/nfet_06v0:M42:
Property W'nrs in circuit2 has no matching property in circuit1
nfet_06v0:273 vs. GRADIENT_NAV2:_core/GRADIENT2:4/COMP:6/sub_diff:2/nfet_06v0:M42:
Property 0.18u)'nrd in circuit2 has no matching property in circuit1
nfet_06v0:273 vs. GRADIENT_NAV2:_core/GRADIENT2:4/COMP:6/sub_diff:2/nfet_06v0:M42:
Property 0.18u)'ps in circuit2 has no matching property in circuit1
nfet_06v0:7 vs. GRADIENT_NAV2:_core/GRADIENT2:3/COMP:6/sub_diff:2/nfet_06v0:M42:
Property W'nrs in circuit2 has no matching property in circuit1
nfet_06v0:7 vs. GRADIENT_NAV2:_core/GRADIENT2:3/COMP:6/sub_diff:2/nfet_06v0:M42:
Property 0.18u)'nrd in circuit2 has no matching property in circuit1
nfet_06v0:7 vs. GRADIENT_NAV2:_core/GRADIENT2:3/COMP:6/sub_diff:2/nfet_06v0:M42:
Property 0.18u)'ps in circuit2 has no matching property in circuit1
nfet_06v0:1674 vs. GRADIENT_NAV2:_core/GRADIENT2:4/OPAM_LIN:8/sub_diff_2_LIN:2/nfet_06v0:M42:
Property W'nrs in circuit2 has no matching property in circuit1
nfet_06v0:1674 vs. GRADIENT_NAV2:_core/GRADIENT2:4/OPAM_LIN:8/sub_diff_2_LIN:2/nfet_06v0:M42:
Property 0.18u)'nrd in circuit2 has no matching property in circuit1
nfet_06v0:1674 vs. GRADIENT_NAV2:_core/GRADIENT2:4/OPAM_LIN:8/sub_diff_2_LIN:2/nfet_06v0:M42:
Property 0.18u)'ps in circuit2 has no matching property in circuit1
nfet_06v0:1584 vs. GRADIENT_NAV2:_core/GRADIENT2:3/OPAM_LIN:8/sub_diff_2_LIN:2/nfet_06v0:M42:
Property W'nrs in circuit2 has no matching property in circuit1
nfet_06v0:1584 vs. GRADIENT_NAV2:_core/GRADIENT2:3/OPAM_LIN:8/sub_diff_2_LIN:2/nfet_06v0:M42:
Property 0.18u)'nrd in circuit2 has no matching property in circuit1
nfet_06v0:1584 vs. GRADIENT_NAV2:_core/GRADIENT2:3/OPAM_LIN:8/sub_diff_2_LIN:2/nfet_06v0:M42:
Property 0.18u)'ps in circuit2 has no matching property in circuit1
nfet_06v0:1163 vs. GRADIENT_NAV2:_core/GRADIENT2:1/OPAM_LIN:8/sub_diff_2_LIN:2/nfet_06v0:M42:
Property W'nrs in circuit2 has no matching property in circuit1
nfet_06v0:1163 vs. GRADIENT_NAV2:_core/GRADIENT2:1/OPAM_LIN:8/sub_diff_2_LIN:2/nfet_06v0:M42:
Property 0.18u)'nrd in circuit2 has no matching property in circuit1
nfet_06v0:1163 vs. GRADIENT_NAV2:_core/GRADIENT2:1/OPAM_LIN:8/sub_diff_2_LIN:2/nfet_06v0:M42:
Property 0.18u)'ps in circuit2 has no matching property in circuit1
nfet_06v0:1 vs. GRADIENT_NAV2:_core/GRADIENT2:2/OPAM_LIN:8/sub_diff_2_LIN:2/nfet_06v0:M42:
Property W'nrs in circuit2 has no matching property in circuit1
nfet_06v0:1 vs. GRADIENT_NAV2:_core/GRADIENT2:2/OPAM_LIN:8/sub_diff_2_LIN:2/nfet_06v0:M42:
Property 0.18u)'nrd in circuit2 has no matching property in circuit1
nfet_06v0:1 vs. GRADIENT_NAV2:_core/GRADIENT2:2/OPAM_LIN:8/sub_diff_2_LIN:2/nfet_06v0:M42:
Property 0.18u)'ps in circuit2 has no matching property in circuit1
nfet_06v0:1700 vs. GRADIENT_NAV2:_core/GRADIENT2:2/OPAM_LIN:1/sub_diff_2_LIN:2/nfet_06v0:M42:
Property W'nrs in circuit2 has no matching property in circuit1
nfet_06v0:1700 vs. GRADIENT_NAV2:_core/GRADIENT2:2/OPAM_LIN:1/sub_diff_2_LIN:2/nfet_06v0:M42:
Property 0.18u)'nrd in circuit2 has no matching property in circuit1
nfet_06v0:1700 vs. GRADIENT_NAV2:_core/GRADIENT2:2/OPAM_LIN:1/sub_diff_2_LIN:2/nfet_06v0:M42:
Property 0.18u)'ps in circuit2 has no matching property in circuit1
nfet_06v0:1599 vs. GRADIENT_NAV2:_core/GRADIENT2:1/OPAM_LIN:1/sub_diff_2_LIN:2/nfet_06v0:M42:
Property W'nrs in circuit2 has no matching property in circuit1
nfet_06v0:1599 vs. GRADIENT_NAV2:_core/GRADIENT2:1/OPAM_LIN:1/sub_diff_2_LIN:2/nfet_06v0:M42:
Property 0.18u)'nrd in circuit2 has no matching property in circuit1
nfet_06v0:1599 vs. GRADIENT_NAV2:_core/GRADIENT2:1/OPAM_LIN:1/sub_diff_2_LIN:2/nfet_06v0:M42:
Property 0.18u)'ps in circuit2 has no matching property in circuit1
nfet_06v0:753 vs. GRADIENT_NAV2:_core/GRADIENT2:4/OPAM_LIN:1/sub_diff_2_LIN:2/nfet_06v0:M42:
Property W'nrs in circuit2 has no matching property in circuit1
nfet_06v0:753 vs. GRADIENT_NAV2:_core/GRADIENT2:4/OPAM_LIN:1/sub_diff_2_LIN:2/nfet_06v0:M42:
Property 0.18u)'nrd in circuit2 has no matching property in circuit1
nfet_06v0:753 vs. GRADIENT_NAV2:_core/GRADIENT2:4/OPAM_LIN:1/sub_diff_2_LIN:2/nfet_06v0:M42:
Property 0.18u)'ps in circuit2 has no matching property in circuit1
nfet_06v0:394 vs. GRADIENT_NAV2:_core/GRADIENT2:3/OPAM_LIN:1/sub_diff_2_LIN:2/nfet_06v0:M42:
Property W'nrs in circuit2 has no matching property in circuit1
nfet_06v0:394 vs. GRADIENT_NAV2:_core/GRADIENT2:3/OPAM_LIN:1/sub_diff_2_LIN:2/nfet_06v0:M42:
Property 0.18u)'nrd in circuit2 has no matching property in circuit1
nfet_06v0:394 vs. GRADIENT_NAV2:_core/GRADIENT2:3/OPAM_LIN:1/sub_diff_2_LIN:2/nfet_06v0:M42:
Property 0.18u)'ps in circuit2 has no matching property in circuit1
nfet_06v0:1138 vs. GRADIENT_NAV2:_core/GRADIENT2:4/OPAM_LIN:2/sub_diff_2_LIN:2/nfet_06v0:M42:
Property W'nrs in circuit2 has no matching property in circuit1
nfet_06v0:1138 vs. GRADIENT_NAV2:_core/GRADIENT2:4/OPAM_LIN:2/sub_diff_2_LIN:2/nfet_06v0:M42:
Property 0.18u)'nrd in circuit2 has no matching property in circuit1
nfet_06v0:1138 vs. GRADIENT_NAV2:_core/GRADIENT2:4/OPAM_LIN:2/sub_diff_2_LIN:2/nfet_06v0:M42:
Property 0.18u)'ps in circuit2 has no matching property in circuit1
nfet_06v0:949 vs. GRADIENT_NAV2:_core/GRADIENT2:3/OPAM_LIN:2/sub_diff_2_LIN:2/nfet_06v0:M42:
Property W'nrs in circuit2 has no matching property in circuit1
nfet_06v0:949 vs. GRADIENT_NAV2:_core/GRADIENT2:3/OPAM_LIN:2/sub_diff_2_LIN:2/nfet_06v0:M42:
Property 0.18u)'nrd in circuit2 has no matching property in circuit1
nfet_06v0:949 vs. GRADIENT_NAV2:_core/GRADIENT2:3/OPAM_LIN:2/sub_diff_2_LIN:2/nfet_06v0:M42:
Property 0.18u)'ps in circuit2 has no matching property in circuit1
nfet_06v0:851 vs. GRADIENT_NAV2:_core/GRADIENT2:2/OPAM_LIN:2/sub_diff_2_LIN:2/nfet_06v0:M42:
Property W'nrs in circuit2 has no matching property in circuit1
nfet_06v0:851 vs. GRADIENT_NAV2:_core/GRADIENT2:2/OPAM_LIN:2/sub_diff_2_LIN:2/nfet_06v0:M42:
Property 0.18u)'nrd in circuit2 has no matching property in circuit1
nfet_06v0:851 vs. GRADIENT_NAV2:_core/GRADIENT2:2/OPAM_LIN:2/sub_diff_2_LIN:2/nfet_06v0:M42:
Property 0.18u)'ps in circuit2 has no matching property in circuit1
nfet_06v0:774 vs. GRADIENT_NAV2:_core/GRADIENT2:1/OPAM_LIN:2/sub_diff_2_LIN:2/nfet_06v0:M42:
Property W'nrs in circuit2 has no matching property in circuit1
nfet_06v0:774 vs. GRADIENT_NAV2:_core/GRADIENT2:1/OPAM_LIN:2/sub_diff_2_LIN:2/nfet_06v0:M42:
Property 0.18u)'nrd in circuit2 has no matching property in circuit1
nfet_06v0:774 vs. GRADIENT_NAV2:_core/GRADIENT2:1/OPAM_LIN:2/sub_diff_2_LIN:2/nfet_06v0:M42:
Property 0.18u)'ps in circuit2 has no matching property in circuit1
nfet_06v0:406 vs. GRADIENT_NAV2:_core/GRADIENT2:1/OPAM_LIN:8/sub_diff_2_LIN:2/nfet_06v0:M44:
Property W'nrs in circuit2 has no matching property in circuit1
nfet_06v0:406 vs. GRADIENT_NAV2:_core/GRADIENT2:1/OPAM_LIN:8/sub_diff_2_LIN:2/nfet_06v0:M44:
Property 0.18u)'nrd in circuit2 has no matching property in circuit1
nfet_06v0:406 vs. GRADIENT_NAV2:_core/GRADIENT2:1/OPAM_LIN:8/sub_diff_2_LIN:2/nfet_06v0:M44:
Property 0.18u)'ps in circuit2 has no matching property in circuit1
nfet_06v0:1274 vs. GRADIENT_NAV2:_core/GRADIENT2:2/OPAM_LIN:8/sub_diff_2_LIN:2/nfet_06v0:M44:
Property W'nrs in circuit2 has no matching property in circuit1
nfet_06v0:1274 vs. GRADIENT_NAV2:_core/GRADIENT2:2/OPAM_LIN:8/sub_diff_2_LIN:2/nfet_06v0:M44:
Property 0.18u)'nrd in circuit2 has no matching property in circuit1
nfet_06v0:1274 vs. GRADIENT_NAV2:_core/GRADIENT2:2/OPAM_LIN:8/sub_diff_2_LIN:2/nfet_06v0:M44:
Property 0.18u)'ps in circuit2 has no matching property in circuit1
nfet_06v0:843 vs. GRADIENT_NAV2:_core/GRADIENT2:3/OPAM_LIN:8/sub_diff_2_LIN:2/nfet_06v0:M44:
Property W'nrs in circuit2 has no matching property in circuit1
nfet_06v0:843 vs. GRADIENT_NAV2:_core/GRADIENT2:3/OPAM_LIN:8/sub_diff_2_LIN:2/nfet_06v0:M44:
Property 0.18u)'nrd in circuit2 has no matching property in circuit1
nfet_06v0:843 vs. GRADIENT_NAV2:_core/GRADIENT2:3/OPAM_LIN:8/sub_diff_2_LIN:2/nfet_06v0:M44:
Property 0.18u)'ps in circuit2 has no matching property in circuit1
nfet_06v0:934 vs. GRADIENT_NAV2:_core/GRADIENT2:4/OPAM_LIN:8/sub_diff_2_LIN:2/nfet_06v0:M44:
Property W'nrs in circuit2 has no matching property in circuit1
nfet_06v0:934 vs. GRADIENT_NAV2:_core/GRADIENT2:4/OPAM_LIN:8/sub_diff_2_LIN:2/nfet_06v0:M44:
Property 0.18u)'nrd in circuit2 has no matching property in circuit1
nfet_06v0:934 vs. GRADIENT_NAV2:_core/GRADIENT2:4/OPAM_LIN:8/sub_diff_2_LIN:2/nfet_06v0:M44:
Property 0.18u)'ps in circuit2 has no matching property in circuit1
nfet_06v0:65 vs. GRADIENT_NAV2:_core/GRADIENT2:1/OPAM_LIN:2/sub_diff_2_LIN:2/nfet_06v0:M44:
Property W'nrs in circuit2 has no matching property in circuit1
nfet_06v0:65 vs. GRADIENT_NAV2:_core/GRADIENT2:1/OPAM_LIN:2/sub_diff_2_LIN:2/nfet_06v0:M44:
Property 0.18u)'nrd in circuit2 has no matching property in circuit1
nfet_06v0:65 vs. GRADIENT_NAV2:_core/GRADIENT2:1/OPAM_LIN:2/sub_diff_2_LIN:2/nfet_06v0:M44:
Property 0.18u)'ps in circuit2 has no matching property in circuit1
nfet_06v0:84 vs. GRADIENT_NAV2:_core/GRADIENT2:2/OPAM_LIN:2/sub_diff_2_LIN:2/nfet_06v0:M44:
Property W'nrs in circuit2 has no matching property in circuit1
nfet_06v0:84 vs. GRADIENT_NAV2:_core/GRADIENT2:2/OPAM_LIN:2/sub_diff_2_LIN:2/nfet_06v0:M44:
Property 0.18u)'nrd in circuit2 has no matching property in circuit1
nfet_06v0:84 vs. GRADIENT_NAV2:_core/GRADIENT2:2/OPAM_LIN:2/sub_diff_2_LIN:2/nfet_06v0:M44:
Property 0.18u)'ps in circuit2 has no matching property in circuit1
nfet_06v0:161 vs. GRADIENT_NAV2:_core/GRADIENT2:3/OPAM_LIN:2/sub_diff_2_LIN:2/nfet_06v0:M44:
Property W'nrs in circuit2 has no matching property in circuit1
nfet_06v0:161 vs. GRADIENT_NAV2:_core/GRADIENT2:3/OPAM_LIN:2/sub_diff_2_LIN:2/nfet_06v0:M44:
Property 0.18u)'nrd in circuit2 has no matching property in circuit1
nfet_06v0:161 vs. GRADIENT_NAV2:_core/GRADIENT2:3/OPAM_LIN:2/sub_diff_2_LIN:2/nfet_06v0:M44:
Property 0.18u)'ps in circuit2 has no matching property in circuit1
nfet_06v0:380 vs. GRADIENT_NAV2:_core/GRADIENT2:4/OPAM_LIN:2/sub_diff_2_LIN:2/nfet_06v0:M44:
Property W'nrs in circuit2 has no matching property in circuit1
nfet_06v0:380 vs. GRADIENT_NAV2:_core/GRADIENT2:4/OPAM_LIN:2/sub_diff_2_LIN:2/nfet_06v0:M44:
Property 0.18u)'nrd in circuit2 has no matching property in circuit1
nfet_06v0:380 vs. GRADIENT_NAV2:_core/GRADIENT2:4/OPAM_LIN:2/sub_diff_2_LIN:2/nfet_06v0:M44:
Property 0.18u)'ps in circuit2 has no matching property in circuit1
nfet_06v0:861 vs. GRADIENT_NAV2:_core/GRADIENT2:1/OPAM_LIN:1/sub_diff_2_LIN:2/nfet_06v0:M44:
Property W'nrs in circuit2 has no matching property in circuit1
nfet_06v0:861 vs. GRADIENT_NAV2:_core/GRADIENT2:1/OPAM_LIN:1/sub_diff_2_LIN:2/nfet_06v0:M44:
Property 0.18u)'nrd in circuit2 has no matching property in circuit1
nfet_06v0:861 vs. GRADIENT_NAV2:_core/GRADIENT2:1/OPAM_LIN:1/sub_diff_2_LIN:2/nfet_06v0:M44:
Property 0.18u)'ps in circuit2 has no matching property in circuit1
nfet_06v0:959 vs. GRADIENT_NAV2:_core/GRADIENT2:2/OPAM_LIN:1/sub_diff_2_LIN:2/nfet_06v0:M44:
Property W'nrs in circuit2 has no matching property in circuit1
nfet_06v0:959 vs. GRADIENT_NAV2:_core/GRADIENT2:2/OPAM_LIN:1/sub_diff_2_LIN:2/nfet_06v0:M44:
Property 0.18u)'nrd in circuit2 has no matching property in circuit1
nfet_06v0:959 vs. GRADIENT_NAV2:_core/GRADIENT2:2/OPAM_LIN:1/sub_diff_2_LIN:2/nfet_06v0:M44:
Property 0.18u)'ps in circuit2 has no matching property in circuit1
nfet_06v0:1616 vs. GRADIENT_NAV2:_core/GRADIENT2:3/OPAM_LIN:1/sub_diff_2_LIN:2/nfet_06v0:M44:
Property W'nrs in circuit2 has no matching property in circuit1
nfet_06v0:1616 vs. GRADIENT_NAV2:_core/GRADIENT2:3/OPAM_LIN:1/sub_diff_2_LIN:2/nfet_06v0:M44:
Property 0.18u)'nrd in circuit2 has no matching property in circuit1
nfet_06v0:1616 vs. GRADIENT_NAV2:_core/GRADIENT2:3/OPAM_LIN:1/sub_diff_2_LIN:2/nfet_06v0:M44:
Property 0.18u)'ps in circuit2 has no matching property in circuit1
nfet_06v0:48 vs. GRADIENT_NAV2:_core/GRADIENT2:4/OPAM_LIN:1/sub_diff_2_LIN:2/nfet_06v0:M44:
Property W'nrs in circuit2 has no matching property in circuit1
nfet_06v0:48 vs. GRADIENT_NAV2:_core/GRADIENT2:4/OPAM_LIN:1/sub_diff_2_LIN:2/nfet_06v0:M44:
Property 0.18u)'nrd in circuit2 has no matching property in circuit1
nfet_06v0:48 vs. GRADIENT_NAV2:_core/GRADIENT2:4/OPAM_LIN:1/sub_diff_2_LIN:2/nfet_06v0:M44:
Property 0.18u)'ps in circuit2 has no matching property in circuit1

Subcircuit pins:
Circuit 1: B26_A                           |Circuit 2: B26_A                           
-------------------------------------------|-------------------------------------------
VDD                                        |VDD                                        
XN_OUT                                     |XN_OUT                                     
YN_OUT                                     |YN_OUT                                     
ZN_OUT                                     |ZN_OUT                                     
S1P                                        |S1P                                        
S2P                                        |S2P                                        
S3P                                        |S3P                                        
S4P                                        |S4P                                        
S1N                                        |S1N                                        
S2N                                        |S2N                                        
S3N                                        |S3N                                        
S4N                                        |S4N                                        
Z                                          |Z                                          
Y                                          |Y                                          
X                                          |X                                          
ZP_OUT                                     |ZP_OUT                                     
XP_OUT                                     |XP_OUT                                     
YP_OUT                                     |YP_OUT                                     
VSS                                        |VSS                                        
XN_IN                                      |XN_IN                                      
XP_IN                                      |XP_IN                                      
YN_IN                                      |YN_IN                                      
YP_IN                                      |YP_IN                                      
ZN_IN                                      |(no matching pin)                          
ZP_IN                                      |(no matching pin)                          
---------------------------------------------------------------------------------------
Cell pin lists are equivalent.
Device classes B26_A and B26_A are equivalent.

Final result: Circuits match uniquely.
Property errors were found.

The following cells had property errors:
 B26_A
